step,pos_red1,health_red1,action_red1,pos_red2,health_red2,action_red2,pos_red3,health_red3,action_red3,pos_red4,health_red4,action_red4,pos_red5,health_red5,action_red5,pos_blue1,health_blue1,action_blue1,pos_blue2,health_blue2,action_blue2,pos_blue3,health_blue3,action_blue3
0,[0. 0. 0.],20.0000,6.0000,[ 0. 50.  0.],20.0000,0.0000,[  0. -50.   0.],20.0000,6.0000,[  0. 100.   0.],20.0000,0.0000,[   0. -100.    0.],20.0000,6.0000,[ 85.128395  -13.306715    3.8284893],20.0000,7.0000,[79.60268   48.254642   4.5562744],20.0000,6.0000,[118.98208  -12.307205   5.701462],20.0000,4.0000
1,[1. 0. 0.],20.0000,6.0000,[ 1. 50.  0.],20.0000,6.0000,[  1. -50.   0.],20.0000,5.0000,[  1. 100.   0.],20.0000,6.0000,[   1. -100.    0.],20.0000,6.0000,[ 84.51847  -13.7954     4.103765],20.0000,7.0000,[79.4753   47.483574  4.739792],20.0000,6.0000,[119.63503  -12.736609   5.701462],20.0000,4.0000
2,[ 2.091554   -0.05060113  0.24676664],20.0000,6.0000,[ 2.091554   50.089653    0.07297001],20.0000,6.0000,[  2.091554   -50.04763      0.15500799],20.0000,5.0000,[2.0915539e+00 1.0008965e+02 7.2970010e-02],20.0000,0.0000,[   2.091554   -100.0506        0.24676664],20.0000,5.0000,[ 84.055664  -14.322648    4.4679337],20.0000,6.0000,[79.44382   46.785267   4.9865584],20.0000,6.0000,[120.21754  -13.119686   5.701462],20.0000,4.0000
3,[3.1759493 0.1131807 0.5058002],20.0000,0.0000,[ 3.1760414  50.226154    0.30138004],20.0000,0.0000,[  3.1822443  -49.95734      0.29594848],20.0000,5.0000,[  3.1747413 100.24394     6.0340133],20.0000,6.0000,[  3.1752234  -99.883934     0.41404155],20.0000,5.0000,[ 83.74375   -14.91797     4.7481966],20.0000,6.0000,[79.51855  46.12783   5.245592],20.0000,5.0000,[120.76323  -13.478549   5.701462],20.0000,4.0000
4,[4.1963663  0.52371174 0.19972153],20.0000,6.0000,[4.2143512e+00 5.0563179e+01 1.9597065e-02],20.0000,6.0000,[  4.2561464  -49.736736     0.42408577],20.0000,5.0000,[  4.2654014 100.10373     6.129248 ],20.0000,0.0000,[  4.225388   -99.56049      0.54166234],20.0000,5.0000,[ 83.572754 -15.551548   4.970589],20.0000,6.0000,[79.70798   45.511513   5.3983064],20.0000,5.0000,[121.28714  -13.823091   5.701462],20.0000,4.0000
5,[5.2753673  0.69508827 0.24468105],20.0000,6.0000,[ 5.304333   50.654026    0.11286999],20.0000,0.0000,[  5.2991486  -49.39421      0.53964096],20.0000,5.0000,[  5.3595514 100.036285    5.8346753],20.0000,6.0000,[  5.2298365 -99.112656    0.6460323],20.0000,5.0000,[ 83.53576  -16.192976   5.153301],20.0000,5.0000,[79.974625 44.94055   5.497756],20.0000,5.0000,[121.7974   -14.158659   5.701462],20.0000,4.0000
6,[6.348294  0.9039002 0.4401446],20.0000,0.0000,[ 6.3827844 50.83128    6.074509 ],20.0000,6.0000,[  6.2997975  -48.94055      0.64456636],20.0000,5.0000,[ 6.4066057 99.69484    5.9460273],20.0000,0.0000,[  6.1822805 -98.56277     0.7386902],20.0000,5.0000,[ 83.61961  -16.81702    5.228135],20.0000,5.0000,[80.29512   44.41231    5.5766864],20.0000,5.0000,[122.29884   -14.4884205   5.701462 ],20.0000,4.0000
7,[7.3706675  1.2949659  0.13250037],20.0000,6.0000,[ 7.474733 50.718838  6.164375],20.0000,0.0000,[  7.2493916 -48.387196    0.7421026],20.0000,0.0000,[ 7.4718227 99.43394    5.664579 ],20.0000,6.0000,[  7.0781646  -97.925354     0.82725996],20.0000,5.0000,[ 83.7712    -17.41296     5.2748055],20.0000,5.0000,[80.65722  43.92284   5.653547],20.0000,5.0000,[122.79446  -14.814352   5.701462],20.0000,4.0000
8,[8.453678   1.4314792  0.20171024],20.0000,0.0000,[ 8.569348 50.679577  5.859432],20.0000,6.0000,[  8.130983   -47.733524     0.37670335],20.0000,6.0000,[ 8.446227  98.92054    5.7813487],20.0000,0.0000,[  7.91235    -97.20954      0.91566926],20.0000,0.0000,[ 83.96659  -17.985483   5.330977],20.0000,5.0000,[81.05601 43.47076  5.73507],20.0000,5.0000,[123.28618  -15.137726   5.701462],20.0000,4.0000
9,[9.525008  1.6408355 6.143355 ],20.0000,6.0000,[ 9.622393 50.35941   5.964194],20.0000,6.0000,[  9.151937   -47.347        0.41835958],20.0000,6.0000,[ 9.4538145 98.487724   5.502056 ],20.0000,6.0000,[  8.666952   -96.41279      0.54649717],20.0000,6.0000,[ 84.201706 -18.536669   5.403653],20.0000,5.0000,[81.489426 43.057262  5.821756],20.0000,5.0000,[123.77528  -15.459379   5.701462],20.0000,4.0000
10,[10.61463    1.5506706  6.220703 ],20.0000,6.0000,[10.685997  50.099194   6.2279844],20.0000,0.0000,[ 10.1613865  -46.930614     0.61680794],20.0000,6.0000,[10.33145   97.82256    5.6189804],20.0000,6.0000,[  9.606989  -95.85779     0.5878195],20.0000,6.0000,[ 84.47837  -19.064804   5.48851 ],20.0000,5.0000,[81.95569   42.684933   5.9120092],20.0000,4.0000,[124.26262  -15.779867   5.701462],20.0000,4.0000
11,[11.706214    1.5170482   0.15894261],20.0000,0.0000,[11.777452 50.067303  5.965429],20.0000,6.0000,[ 11.095836  -46.361324    0.8658475],20.0000,0.0000,[11.244329  97.21788    5.8895836],20.0000,0.0000,[ 10.530797   -95.27568      0.78628695],20.0000,6.0000,[ 84.798195  -19.566168    5.5798855],20.0000,5.0000,[82.4534   42.35955   5.912376],20.0000,4.0000,[124.74875  -16.099564   5.701462],20.0000,4.0000
12,[12.784633   1.6859117  6.1534657],20.0000,6.0000,[12.838851  49.80072    6.0652843],20.0000,0.0000,[ 11.8868885 -45.60119     0.5681689],20.0000,6.0000,[12.262683 96.82398   5.62893 ],20.0000,6.0000,[ 11.354729 -94.55583    1.035564],20.0000,0.0000,[ 85.16105   -20.03638     5.6737857],20.0000,5.0000,[82.95771  42.05373   5.881421],20.0000,5.0000,[125.23406  -16.418722   5.701462],20.0000,4.0000
13,[13.874047   1.59862    6.2440367],20.0000,6.0000,[13.91764   49.623676   5.7488117],20.0000,6.0000,[ 12.823678  -45.040047    0.6283197],20.0000,6.0000,[13.175364 96.22037   5.729081],20.0000,6.0000,[ 12.004998  -93.67239     0.7384356],20.0000,6.0000,[ 85.56514  -20.47112    5.768067],20.0000,5.0000,[83.45874   41.74928    5.9390755],20.0000,4.0000,[125.71882  -16.737514   5.701462],20.0000,4.0000
14,[14.965739    1.5807946   0.18491198],20.0000,6.0000,[14.917991  49.170776   5.8412814],20.0000,6.0000,[ 13.734478   -44.436592     0.83183444],20.0000,0.0000,[14.125131  95.680824   5.9626417],20.0000,0.0000,[ 12.832684  -92.96011     0.7992836],20.0000,6.0000,[ 86.007515 -20.866465   5.861877],20.0000,5.0000,[83.975655 41.473263  5.945372],20.0000,4.0000,[126.20319  -17.056057   5.701462],20.0000,4.0000
15,[16.044395    1.7509489   0.44604927],20.0000,0.0000,[15.936681  48.771584   6.0894885],20.0000,0.0000,[ 14.525098   -43.680267     0.52882445],20.0000,6.0000,[15.16067   95.33565    5.6786304],20.0000,6.0000,[ 13.627185  -92.21015     1.0031475],20.0000,0.0000,[ 86.484474  -21.21899     5.9550657],20.0000,4.0000,[84.49712   41.209484   5.9321485],20.0000,4.0000,[126.68731  -17.374428   5.701462],20.0000,4.0000
16,[17.061302    2.1546113   0.16192599],20.0000,6.0000,[17.012283 48.584225  5.81853 ],20.0000,6.0000,[ 15.469387   -43.13271      0.60157394],20.0000,0.0000,[16.09042   94.76105    5.7705445],20.0000,6.0000,[ 14.277003  -91.32993     0.7003396],20.0000,6.0000,[ 86.99285  -21.522943   5.956017],20.0000,4.0000,[85.018745  40.94951    5.9143686],20.0000,4.0000,[127.17125  -17.692682   5.701462],20.0000,4.0000
17,[18.13988     2.3226159   0.23971325],20.0000,6.0000,[18.022026  48.162754   5.9155283],20.0000,6.0000,[ 16.372885 -42.520157   0.261476],20.0000,6.0000,[17.054293 94.248116  5.995399],20.0000,0.0000,[ 15.11384  -90.629074   0.773256],20.0000,6.0000,[ 87.508026  -21.806793    5.9247007],20.0000,4.0000,[85.53916  40.689754  5.898083],20.0000,4.0000,[127.65507  -18.010857   5.701462],20.0000,4.0000
18,[19.207212   2.55317    0.4517461],20.0000,0.0000,[19.055376 47.80869   6.147742],20.0000,0.0000,[ 17.410477   -42.174984     0.33942872],20.0000,6.0000,[18.097363 93.92617   5.70633 ],20.0000,6.0000,[ 15.911739   -89.883804     0.98377717],20.0000,0.0000,[ 88.02143   -22.086653    5.8900666],20.0000,4.0000,[86.058235  40.429134   5.8848853],20.0000,5.0000,[128.1388   -18.328976   5.701462],20.0000,4.0000
19,[20.216032    2.9745135   0.15422668],20.0000,6.0000,[20.136806  47.66038    5.8633637],20.0000,6.0000,[ 18.427551   -41.777        0.56178325],20.0000,0.0000,[19.037529  93.369644   5.7960896],20.0000,6.0000,[ 16.562918  -89.005974    0.6865142],20.0000,6.0000,[ 88.53125   -22.36851     5.8621397],20.0000,4.0000,[86.57507  40.164818  5.966382],20.0000,4.0000,[128.62248  -18.647058   5.701462],20.0000,4.0000
20,[21.293718    3.1480503   0.23259248],20.0000,6.0000,[21.156471 47.26677   5.955205],20.0000,6.0000,[ 19.352604  -41.197544    0.2737521],20.0000,6.0000,[20.010649  92.87481    6.0180845],20.0000,0.0000,[ 17.400679  -88.30615     0.7664019],20.0000,6.0000,[ 89.03793  -22.653349   5.84187 ],20.0000,5.0000,[87.10756   39.930923   5.9919853],20.0000,4.0000,[129.10611  -18.965117   5.701462],20.0000,4.0000
21,[22.359585   3.384008   0.4453837],20.0000,0.0000,[22.198269  46.939926   6.1801467],20.0000,0.0000,[ 20.388453   -40.848816     0.36458102],20.0000,6.0000,[21.059124  92.5706     5.7272387],20.0000,6.0000,[ 18.195553   -87.557945     0.97999156],20.0000,0.0000,[ 89.54114   -22.943243    5.9193025],20.0000,4.0000,[87.64585  39.71084   5.994525],20.0000,4.0000,[129.58972  -19.283155   5.701462],20.0000,4.0000
22,[23.365835    3.8098779   0.14957692],20.0000,6.0000,[23.282766  46.815407   5.8911605],20.0000,6.0000,[ 21.398994  -40.435333    0.5890517],20.0000,0.0000,[22.00793   92.02937    5.8158655],20.0000,6.0000,[ 18.841597   -86.67692      0.68471766],20.0000,6.0000,[ 90.06103   -23.204391    5.9427004],20.0000,4.0000,[88.186     39.496574   5.9882956],20.0000,4.0000,[130.07332  -19.601183   5.701462],20.0000,4.0000
23,[24.442877   3.9879534  0.2315244],20.0000,6.0000,[24.309313 46.441425  5.980975],20.0000,6.0000,[ 22.313454  -39.839176    0.2999046],20.0000,6.0000,[22.988686  91.549995   6.0364304],20.0000,0.0000,[ 19.675512   -85.97236      0.76758146],20.0000,6.0000,[ 90.5872    -23.452396    5.9437757],20.0000,4.0000,[88.72643  39.284378  5.979684],20.0000,4.0000,[130.5569   -19.919203   5.701462],20.0000,4.0000
24,[25.507074    4.230916    0.44625732],20.0000,0.0000,[25.356888  46.134155   6.2030506],20.0000,0.0000,[ 23.342524   -39.472195     0.38967308],20.0000,6.0000,[24.041668 91.261505  5.744723],20.0000,6.0000,[ 20.464699   -85.21823      0.98289543],20.0000,0.0000,[ 91.11536  -23.694927   5.936555],20.0000,4.0000,[89.26662   39.07265    5.9713163],20.0000,4.0000,[131.04047  -20.237217   5.701462],20.0000,4.0000
25,[26.509733    4.6643934   0.15160261],20.0000,6.0000,[26.443443  46.028175   5.9122567],20.0000,6.0000,[ 24.345238   -39.040462     0.61173093],20.0000,0.0000,[24.998182 90.734245  5.832658],20.0000,0.0000,[ 21.10303   -84.3319      0.6885276],20.0000,6.0000,[ 91.64379  -23.935577   5.927289],20.0000,4.0000,[89.80642   38.86082    5.9640403],20.0000,4.0000,[131.52403  -20.555227   5.701462],20.0000,4.0000
26,[27.585495   4.850659   0.2354995],20.0000,0.0000,[27.47569   45.67089    6.0009217],20.0000,6.0000,[ 25.249557  -38.428875    0.3209318],20.0000,6.0000,[25.993477 90.28512   5.501865],20.0000,6.0000,[ 21.931017  -83.62023     0.7729317],20.0000,0.0000,[ 92.17192   -24.175863    5.9184995],20.0000,4.0000,[90.34589   38.648758   5.9579635],20.0000,4.0000,[132.0076   -20.873234   5.701462],20.0000,4.0000
27,[28.643341   5.1202645  6.184161 ],20.0000,6.0000,[28.527946 45.380306  6.221533],20.0000,0.0000,[ 26.272383   -38.045452     0.40959653],20.0000,0.0000,[26.836159 89.58467   5.584802],20.0000,6.0000,[ 22.700655   -82.846        0.43879056],20.0000,6.0000,[ 92.69962  -24.416307   5.910953],20.0000,4.0000,[90.885086  38.43649    5.9529395],20.0000,4.0000,[132.49117  -21.19124    5.701462],20.0000,4.0000
28,[29.737892   5.096357   6.2646966],20.0000,6.0000,[29.616043 45.290665  5.929853],20.0000,6.0000,[ 27.260967   -37.58155      0.07965688],20.0000,6.0000,[27.710636  88.92866    5.8192735],20.0000,0.0000,[ 23.652374  -82.30464     0.5195487],20.0000,6.0000,[ 93.226944  -24.657013    5.9047003],20.0000,4.0000,[91.42409   38.224087   5.9487715],20.0000,4.0000,[132.97472  -21.509245   5.701462],20.0000,4.0000
29,[30.83021     5.1275887   0.21078147],20.0000,0.0000,[30.653307  44.94859    6.0178123],20.0000,6.0000,[ 28.341228   -37.3966       0.16318831],20.0000,6.0000,[28.693289 88.45316   5.539957],20.0000,6.0000,[ 24.573875  -81.71722     0.7493625],20.0000,0.0000,[ 93.753975 -24.897936   5.899559],20.0000,4.0000,[91.96295  38.01162   5.945279],20.0000,4.0000,[133.45828  -21.827248   5.701462],20.0000,4.0000
30,[31.895786   5.3644624  6.2110248],20.0000,6.0000,[31.709621 44.67324   6.237598],20.0000,0.0000,[ 29.408302   -37.158665     0.39877683],20.0000,0.0000,[29.544106  87.765816   5.6339307],20.0000,6.0000,[ 25.36664    -80.96682      0.46681035],20.0000,6.0000,[ 94.28079  -25.139002   5.895309],20.0000,4.0000,[92.50173  37.799133  5.942319],20.0000,4.0000,[133.94183  -22.14525    5.701462],20.0000,4.0000
31,[3.2989189e+01 5.3506703e+00 2.0473754e-02],20.0000,0.0000,[32.798912  44.598804   5.9454384],20.0000,6.0000,[ 30.4082     -36.720562     0.12020849],20.0000,6.0000,[30.43582  87.13519   5.863231],20.0000,0.0000,[ 26.311865   -80.41696      0.55958664],20.0000,6.0000,[ 94.807465  -25.380136    5.8917575],20.0000,4.0000,[93.04045   37.586674   5.9397807],20.0000,4.0000,[134.42538  -22.463253   5.701462],20.0000,4.0000
32,[34.079464  5.424223  5.980637],20.0000,6.0000,[33.840736  44.271095   6.0329566],20.0000,6.0000,[ 31.48343    -36.519764     0.21446006],20.0000,6.0000,[31.430937  86.68659    5.5772204],20.0000,6.0000,[ 27.218979  -79.80887     0.7873224],20.0000,0.0000,[ 95.33404   -25.621286    5.8887534],20.0000,4.0000,[93.57913  37.374264  5.937581],20.0000,4.0000,[134.90895  -22.781256   5.701462],20.0000,4.0000
33,[35.155304   5.2074866  6.0693707],20.0000,6.0000,[34.900696 44.010197  6.252256],20.0000,0.0000,[ 32.542023  -36.25094     0.4440875],20.0000,0.0000,[32.29647   86.01933    5.6684704],20.0000,6.0000,[ 27.9937     -79.03989      0.50033426],20.0000,6.0000,[ 95.86056  -25.862413   5.886181],20.0000,4.0000,[94.1178    37.161922   5.9356565],20.0000,4.0000,[135.3925   -23.099258   5.701462],20.0000,4.0000
34,[3.6237144e+01 5.0456138e+00 3.0202517e-02],20.0000,0.0000,[35.990917 43.950317  5.959821],20.0000,6.0000,[ 33.529194   -35.78511      0.15827432],20.0000,6.0000,[33.20219   85.40962    5.8926272],20.0000,0.0000,[ 28.926575  -78.47074     0.5911794],20.0000,6.0000,[ 96.38704  -26.103493   5.883954],20.0000,4.0000,[94.656456  36.949657   5.9339595],20.0000,4.0000,[135.87605  -23.417261   5.701462],20.0000,4.0000
35,[37.327553   5.1000457  6.0401473],20.0000,6.0000,[37.03696  43.636486  6.047063],20.0000,6.0000,[ 34.598576   -35.559635     0.24960122],20.0000,6.0000,[34.206272  84.981255   5.6031504],20.0000,6.0000,[ 29.820202  -77.8435      0.8147573],20.0000,0.0000,[ 96.913506  -26.344503    5.8820076],20.0000,4.0000,[95.19512  36.73748   5.932452],20.0000,4.0000,[136.3596   -23.735262   5.701462],20.0000,4.0000
36,[38.405      4.9098516  6.1363606],20.0000,6.0000,[38.100258 43.389584  6.266067],20.0000,0.0000,[ 35.65024   -35.266228    0.4738666],20.0000,0.0000,[35.083485  84.33007    5.6926866],20.0000,6.0000,[ 30.580042   -77.05969      0.52491325],20.0000,6.0000,[ 97.43997   -26.585436    5.8802924],20.0000,4.0000,[95.733795  36.525394   5.9311047],20.0000,4.0000,[136.84315  -24.053265   5.701462],20.0000,4.0000
37,[39.490715    4.7901073   0.08479498],20.0000,0.0000,[39.19119   43.34389    5.9734697],20.0000,6.0000,[ 36.627735   -34.780247     0.18445845],20.0000,6.0000,[35.99987   83.736755   5.9143972],20.0000,0.0000,[ 31.502474   -76.4744       0.61422575],20.0000,6.0000,[ 97.96644  -26.826283   5.87877 ],20.0000,4.0000,[96.272484 36.3134    5.929894],20.0000,4.0000,[137.32672  -24.371267   5.701462],20.0000,4.0000
38,[40.57846    4.8812275  6.083308 ],20.0000,6.0000,[40.24119  43.04365   6.060537],20.0000,0.0000,[ 37.69243    -34.53534      0.27403513],20.0000,6.0000,[37.010983 83.32502   5.623379],20.0000,6.0000,[ 32.385002  -75.831825    0.8356468],20.0000,0.0000,[ 98.49293   -27.06704     5.8774095],20.0000,4.0000,[96.81119  36.101498  5.9288  ],20.0000,4.0000,[137.81027  -24.689268   5.701462],20.0000,4.0000
39,[41.659374   4.7192526  6.175052 ],20.0000,6.0000,[41.31152   42.827877   5.7288084],20.0000,6.0000,[ 38.73851    -34.223064     0.49579892],20.0000,0.0000,[37.898205 82.687874  5.711878],20.0000,6.0000,[ 33.132156  -75.0358      0.5444524],20.0000,6.0000,[ 99.01943  -27.307707   5.876188],20.0000,4.0000,[97.34991   35.889687   5.9278083],20.0000,4.0000,[138.29382  -25.00727    5.701462],20.0000,4.0000
40,[42.74735     4.6272254   0.11669797],20.0000,0.0000,[42.288795  42.332745   5.8111095],20.0000,6.0000,[ 39.70787    -33.720867     0.20481336],20.0000,6.0000,[38.823635  82.10887    5.9322886],20.0000,0.0000,[ 34.045273  -74.436386    0.6328139],20.0000,0.0000,[ 99.54595  -27.548283   5.875085],20.0000,4.0000,[97.88866  35.677967  5.926905],20.0000,5.0000,[138.77737  -25.325272   5.701462],20.0000,4.0000
41,[43.83293    4.7418985  6.1108303],20.0000,6.0000,[43.287327 41.888016  6.044324],20.0000,0.0000,[ 40.768368  -33.45918     0.2933362],20.0000,0.0000,[39.84078  81.71209   5.640491],20.0000,6.0000,[ 34.907322  -73.76609     0.3025112],20.0000,6.0000,[100.0725    -27.788767    5.8740845],20.0000,4.0000,[98.426384 35.46355   6.017839],20.0000,4.0000,[139.26094  -25.643274   5.701462],20.0000,5.0000
42,[44.916275  4.600434  6.200609],20.0000,6.0000,[44.351017 41.6426    5.764153],20.0000,6.0000,[ 41.804245 -33.11361    6.24641 ],20.0000,6.0000,[40.737034  81.08789    5.7283463],20.0000,6.0000,[ 35.920277   -73.34787      0.38578853],20.0000,6.0000,[100.59908  -28.029161   5.873174],20.0000,4.0000,[98.97667   35.281555   6.0506034],20.0000,4.0000,[139.74286   -25.963758    5.7932205],20.0000,5.0000
43,[46.00562     4.5286503   0.13945314],20.0000,0.0000,[45.332882  41.160786   5.8578086],20.0000,6.0000,[ 42.898663   -33.05585      0.04663527],20.0000,6.0000,[41.6706    80.522156   5.9480157],20.0000,0.0000,[ 36.90874   -72.88084     0.6209049],20.0000,6.0000,[101.12569   -28.269468    5.8723426],20.0000,4.0000,[99.53157   35.113293   6.0605326],20.0000,4.0000,[140.24197   -26.257746    5.9185977],20.0000,4.0000
44,[47.089184  4.661785  6.131816],20.0000,6.0000,[46.34206   40.743233   6.0867205],20.0000,0.0000,[ 43.98618    -32.943928     0.28200024],20.0000,0.0000,[42.693176 80.13945   5.65579 ],20.0000,6.0000,[ 37.798176   -72.24807      0.89257365],20.0000,0.0000,[101.65232   -28.509691    5.8715806],20.0000,4.0000,[100.08823    34.951023    6.0611525],20.0000,4.0000,[140.76518  -26.509947   5.961936],20.0000,4.0000
45,[48.174454   4.5378065  6.22046  ],20.0000,0.0000,[47.411755 40.525826  5.800472],20.0000,6.0000,[ 4.5030369e+01 -3.2625504e+01  3.2830806e-03],20.0000,6.0000,[43.59783   79.5276     5.7432427],20.0000,6.0000,[ 38.52249   -71.429886    0.6137919],20.0000,6.0000,[102.17898 -28.74983   5.87088],20.0000,4.0000,[100.645485   34.791306    6.0582576],20.0000,4.0000,[141.29741   -26.743555    5.9726872],20.0000,4.0000
46,[49.26585    4.501072   5.8904943],20.0000,6.0000,[48.403336  40.066372   5.8916264],20.0000,6.0000,[ 46.121685   -32.55166      0.09747928],20.0000,6.0000,[44.538963  78.97456    5.9624715],20.0000,0.0000,[ 39.409023   -70.79298      0.69979125],20.0000,6.0000,[102.705666  -28.98989     5.8702345],20.0000,4.0000,[101.20288   34.632614   6.054331],20.0000,4.0000,[141.8329    -26.968933    5.9702277],20.0000,4.0000
47,[50.311947   4.1742125  5.974007 ],20.0000,6.0000,[49.4214    39.6719     6.1156487],20.0000,0.0000,[ 47.204426  -32.408333    0.3270427],20.0000,0.0000,[45.566555 78.60546   5.669998],20.0000,6.0000,[ 40.252914  -70.1005      0.9155093],20.0000,0.0000,[103.23238   -29.22987     5.8696384],20.0000,4.0000,[101.760254   34.474316    6.0503864],20.0000,4.0000,[142.36932  -27.191032   5.963233],20.0000,4.0000
48,[51.370415   3.9005325  6.2095604],20.0000,0.0000,[50.49531  39.47594   5.826086],20.0000,6.0000,[ 4.8239265e+01 -3.2061047e+01  4.1191012e-02],20.0000,6.0000,[46.479183 78.00563   5.757199],20.0000,6.0000,[ 40.955917  -69.26411     0.6207345],20.0000,6.0000,[103.759125 -29.469774   5.869086],20.0000,4.0000,[102.31754    34.316154    6.0467844],20.0000,4.0000,[142.90578  -27.412075   5.955457],20.0000,4.0000
49,[52.460148   3.8356414  5.930969 ],20.0000,6.0000,[51.49468   39.034607   5.9155717],20.0000,6.0000,[ 49.327667 -31.962105   0.132503],20.0000,6.0000,[47.42748   77.46499    5.9761605],20.0000,0.0000,[ 41.83421   -68.61575     0.7032873],20.0000,6.0000,[104.2859    -29.709606    5.8685737],20.0000,4.0000,[102.87476  34.15805   6.04361],20.0000,4.0000,[143.44196  -27.632952   5.948325],20.0000,4.0000
50,[53.508972  3.525145  6.025212],20.0000,6.0000,[52.519474 38.65834   6.137216],20.0000,0.0000,[ 50.406418   -31.793627     0.35674745],20.0000,0.0000,[48.459785 77.10922   5.683539],20.0000,6.0000,[ 42.671238 -67.91509    0.918322],20.0000,0.0000,[104.8127   -29.949368   5.868097],20.0000,4.0000,[103.431915  33.999992   6.040844],20.0000,4.0000,[143.97784  -27.853949   5.942217],20.0000,4.0000
51,[54.573936   3.2827885  6.2548294],20.0000,0.0000,[53.59655   38.480053   5.8461576],20.0000,6.0000,[ 51.43402    -31.425236     0.06732603],20.0000,6.0000,[49.380066 76.52124   5.770581],20.0000,6.0000,[ 43.36658    -67.07268      0.62379634],20.0000,6.0000,[105.33952  -30.189062   5.867653],20.0000,4.0000,[103.98903   33.84198    6.038435],20.0000,4.0000,[144.51347   -28.075108    5.9371066],20.0000,4.0000
52,[55.66495    3.248354   5.9690104],20.0000,6.0000,[54.60256   38.054546   5.9346247],20.0000,6.0000,[ 52.520042   -31.306467     0.15689494],20.0000,0.0000,[50.33523  75.992836  5.989378],20.0000,0.0000,[ 44.239582  -66.417046    0.7078668],20.0000,0.0000,[105.86637   -30.428692    5.8672385],20.0000,4.0000,[104.546104   33.684032    6.0363283],20.0000,4.0000,[145.0489   -28.296389   5.932844],20.0000,4.0000
53,[56.71979    2.9624767  6.0603347],20.0000,6.0000,[55.632996 37.69418   6.154999],20.0000,0.0000,[ 53.592667 -31.10101    6.111282],20.0000,6.0000,[51.372005  75.65026    5.6966667],20.0000,6.0000,[ 45.05861   -65.69529     0.3734671],20.0000,6.0000,[106.39325   -30.668259    5.8668513],20.0000,4.0000,[105.103165  33.52616    6.034476],20.0000,4.0000,[145.5842   -28.517735   5.929267],20.0000,4.0000
54,[5.7789772e+01 2.7451520e+00 1.4115737e-03],20.0000,0.0000,[56.712643  37.531757   5.8631797],20.0000,6.0000,[ 54.68545   -31.187971    6.1956215],20.0000,6.0000,[52.29969   75.07406    5.7836084],20.0000,6.0000,[ 46.04397    -65.218056     0.45407185],20.0000,6.0000,[106.92014  -30.907764   5.866489],20.0000,4.0000,[105.66021   33.368366   6.032836],20.0000,4.0000,[146.1194    -28.739098    5.9262347],20.0000,4.0000
55,[58.881344   2.7330573  5.995187 ],20.0000,6.0000,[57.724586  37.12083    5.9510155],20.0000,6.0000,[ 55.778362   -31.22033      0.14947087],20.0000,0.0000,[53.261486 74.55783   6.002303],20.0000,0.0000,[ 47.002224 -64.69279    0.683511],20.0000,0.0000,[107.44707   -31.147213    5.8661494],20.0000,4.0000,[106.217255  33.210663   6.031376],20.0000,4.0000,[146.65454  -28.96044    5.923637],20.0000,4.0000
56,[59.940853   2.4666145  6.084762 ],20.0000,6.0000,[58.760017  36.775158   6.1706634],20.0000,0.0000,[ 56.855255  -31.041262    6.1550403],20.0000,6.0000,[54.302513  74.228386   5.7095366],20.0000,6.0000,[ 47.84295   -63.996544    0.4006902],20.0000,6.0000,[107.974014  -31.386604    5.8658304],20.0000,4.0000,[106.7743    33.05305    6.030068],20.0000,4.0000,[147.18965  -29.181734   5.921388],20.0000,4.0000
57,[6.1014442e+01 2.2686269e+00 2.3339028e-02],20.0000,0.0000,[59.841846 36.627636  5.878425],20.0000,6.0000,[ 57.946976  -31.110012    6.2496457],20.0000,6.0000,[55.237392 73.66394   5.796416],20.0000,6.0000,[ 48.82259   -63.510696    0.4933684],20.0000,6.0000,[108.50098  -31.625942   5.865531],20.0000,4.0000,[107.33135   32.895535   6.028891],20.0000,4.0000,[147.72473   -29.402962    5.9194236],20.0000,4.0000
58,[62.10615    2.2746718  6.0155377],20.0000,6.0000,[60.859253 36.23059   5.965866],20.0000,6.0000,[ 59.03919    -31.108599     0.19648589],20.0000,0.0000,[56.205616  73.159874   6.0150466],20.0000,0.0000,[ 49.768093   -62.964222     0.72096246],20.0000,0.0000,[109.02797   -31.865229    5.8652487],20.0000,4.0000,[107.88841   32.73811    6.027827],20.0000,4.0000,[148.25981   -29.624111    5.9176927],20.0000,4.0000
59,[63.16956    2.02508    6.1040597],20.0000,6.0000,[61.89925  35.89895   6.185082],20.0000,0.0000,[ 60.110325 -30.898436   6.194095],20.0000,6.0000,[57.2507    72.84353    5.7222457],20.0000,6.0000,[ 50.592247   -62.248474     0.43388355],20.0000,6.0000,[109.55498  -32.104465   5.864983],20.0000,4.0000,[108.44549  32.58078   6.02686],20.0000,4.0000,[148.79489  -29.845177   5.916157],20.0000,4.0000
60,[6.4246048e+01 1.8438362e+00 4.1314043e-02],20.0000,0.0000,[62.98297   35.765785   5.8926015],20.0000,6.0000,[ 6.1202396e+01 -3.0941261e+01  2.3271167e-03],20.0000,6.0000,[58.192593 72.29087   5.809085],20.0000,6.0000,[ 51.560936   -61.742706     0.52468884],20.0000,6.0000,[110.08201   -32.34365     5.8647323],20.0000,4.0000,[109.00257   32.42354    6.025979],20.0000,4.0000,[149.32999   -30.066153    5.9147854],20.0000,4.0000
61,[65.337616   1.8660451  6.0327187],20.0000,6.0000,[64.00549  35.382202  5.979794],20.0000,6.0000,[ 62.293888   -30.913868     0.22671899],20.0000,0.0000,[59.167057  71.79898    6.0276756],20.0000,0.0000,[ 52.494343   -61.176357     0.74820954],20.0000,0.0000,[110.609055  -32.582794    5.8644958],20.0000,4.0000,[109.55967    32.26639     6.0251737],20.0000,4.0000,[149.86508   -30.287037    5.9135537],20.0000,4.0000
62,[66.40442    1.6319033  6.1205883],20.0000,6.0000,[65.049736 35.06422   6.198748],20.0000,0.0000,[ 63.360516  -30.681534    6.2205763],20.0000,6.0000,[60.216026  71.49574    5.7348533],20.0000,6.0000,[ 53.304707   -60.4449       0.45832923],20.0000,6.0000,[111.13612   -32.82189     5.8642726],20.0000,4.0000,[110.11678    32.10933     6.0244346],20.0000,4.0000,[150.4002   -30.507828   5.912442],20.0000,4.0000
63,[6.7483353e+01 1.4660555e+00 5.7089210e-02],20.0000,0.0000,[66.13511  34.94509   5.906122],20.0000,6.0000,[ 6.4452789e+01 -3.0704226e+01  2.7014004e-02],20.0000,6.0000,[61.164753  70.95492    5.8216677],20.0000,6.0000,[ 54.264088  -59.922382    0.5476189],20.0000,6.0000,[111.66321   -33.060947    5.8640614],20.0000,4.0000,[110.67391    31.952353    6.0237546],20.0000,4.0000,[150.93536   -30.728529    5.9114347],20.0000,4.0000
64,[68.574554   1.5033722  6.048058 ],20.0000,6.0000,[67.162476  34.57475    5.9931593],20.0000,6.0000,[ 65.543465   -30.657036     0.24883878],20.0000,0.0000,[62.14529   70.47525    6.0402336],20.0000,0.0000,[ 55.18747   -59.340042    0.7690107],20.0000,0.0000,[112.19031  -33.29996    5.863861],20.0000,4.0000,[111.23106   31.79546    6.023127],20.0000,4.0000,[151.47052  -30.949139   5.910518],20.0000,4.0000
65,[69.64441    1.2838732  6.1355205],20.0000,6.0000,[68.21072   34.27021    6.2119513],20.0000,0.0000,[ 66.60614  -30.406895   6.241076],20.0000,6.0000,[63.197968  70.18513    5.7473974],20.0000,6.0000,[ 55.986027  -58.59559     0.4777986],20.0000,6.0000,[112.71743  -33.538933   5.863672],20.0000,4.0000,[111.788216   31.638647    6.0225472],20.0000,4.0000,[152.00572  -31.169659   5.909681],20.0000,4.0000
66,[70.72548     1.1326662   0.07157416],20.0000,0.0000,[69.29753   34.164932   5.9192376],20.0000,6.0000,[ 6.7698441e+01 -3.0412222e+01  4.6441622e-02],20.0000,6.0000,[64.153366 69.65619   5.834196],20.0000,6.0000,[ 56.93707  -58.058384   0.566146],20.0000,0.0000,[113.24456  -33.77787    5.863492],20.0000,4.0000,[112.3454    31.481913   6.02201 ],20.0000,4.0000,[152.54094   -31.390093    5.9089136],20.0000,4.0000
67,[71.816124   1.1844826  6.0622916],20.0000,6.0000,[70.32952   33.807705   6.0061765],20.0000,6.0000,[ 68.788185  -30.347998    0.2669156],20.0000,0.0000,[65.13982   69.18879    6.0527463],20.0000,0.0000,[ 57.841885  -57.44705     0.2358269],20.0000,6.0000,[113.77171   -34.01677     5.8633213],20.0000,4.0000,[112.90259    31.325254    6.0215106],20.0000,4.0000,[153.07617  -31.610443   5.908209],20.0000,4.0000
68,[72.88875    0.9791495  6.149498 ],20.0000,6.0000,[71.381546 33.5165    6.224868],20.0000,0.0000,[ 69.8471    -30.082087    6.2583404],20.0000,6.0000,[66.19602  68.91182   5.759902],20.0000,6.0000,[ 58.880466   -57.097298     0.31909278],20.0000,0.0000,[114.29888   -34.255634    5.8631597],20.0000,4.0000,[113.45979   31.168667   6.021046],20.0000,4.0000,[153.61145   -31.830711    5.9075594],20.0000,4.0000
69,[73.9717      0.8421442   0.08528037],20.0000,0.0000,[72.46961  33.424957  5.9321  ],20.0000,6.0000,[ 7.0939255e+01 -3.0071554e+01  6.3043073e-02],20.0000,6.0000,[67.15794   68.39483    5.8466907],20.0000,6.0000,[ 5.9892273e+01 -5.6680279e+01  3.6357727e-03],20.0000,6.0000,[114.82606  -34.49446    5.863006],20.0000,4.0000,[114.01702   31.01215    6.020613],20.0000,4.0000,[154.14674   -32.050903    5.9069595],20.0000,4.0000
70,[75.0616     0.9080942  6.0758476],20.0000,6.0000,[73.50602   33.080788   6.0189767],20.0000,6.0000,[ 72.02794    -29.991741     0.28274924],20.0000,0.0000,[68.15014  67.93976   6.065231],20.0000,0.0000,[ 60.98333    -56.542023     0.10162065],20.0000,6.0000,[115.35326   -34.73326     5.8628597],20.0000,4.0000,[114.57426   30.8557     6.020209],20.0000,4.0000,[154.68205  -32.271015   5.906404],20.0000,4.0000
71,[76.13677     0.71664417  6.1628933 ],20.0000,6.0000,[74.56162   32.802856   6.2376056],20.0000,0.0000,[ 73.08311   -29.711159    6.2737293],20.0000,6.0000,[69.20972  67.675964  5.772381],20.0000,6.0000,[ 62.060783   -56.348232     0.35922888],20.0000,0.0000,[115.88046   -34.972027    5.8627205],20.0000,4.0000,[115.13151    30.699316    6.0198307],20.0000,4.0000,[155.21739  -32.491055   5.905889],20.0000,4.0000
72,[77.22139     0.5935806   0.09850871],20.0000,0.0000,[75.65076   32.724987   5.9448037],20.0000,6.0000,[ 74.17495    -29.685652     0.07801784],20.0000,6.0000,[70.178     67.171      5.8591638],20.0000,6.0000,[ 63.07295    -55.938633     0.09387723],20.0000,6.0000,[116.407684  -35.210762    5.8625884],20.0000,4.0000,[115.68878   30.542994   6.019477],20.0000,4.0000,[155.75276 -32.71102   5.90541],20.0000,4.0000
73,[78.31037     0.67343634  6.088985  ],20.0000,6.0000,[76.6914   32.393856  6.031642],20.0000,6.0000,[ 75.26244   -29.59107     0.2972691],20.0000,0.0000,[71.17579   66.72832    6.0776973],20.0000,0.0000,[ 64.15234    -55.75827      0.19289348],20.0000,6.0000,[116.93492   -35.44947     5.8624625],20.0000,4.0000,[116.24606    30.386732    6.0191445],20.0000,4.0000,[156.28815   -32.93092     5.9049635],20.0000,4.0000
74,[79.38788     0.49570316  6.175929  ],20.0000,6.0000,[77.750404  32.129185   6.2502313],20.0000,0.0000,[ 7.6313812e+01 -2.9296465e+01  4.8079095e-03],20.0000,6.0000,[72.23857   66.47773    5.7848444],20.0000,6.0000,[ 65.21547   -55.507103    0.4266804],20.0000,0.0000,[117.462166  -35.68815     5.8623424],20.0000,4.0000,[116.80336    30.230528    6.0188327],20.0000,4.0000,[156.82356  -33.150753   5.904547],20.0000,4.0000
75,[80.473976    0.38642725  0.11144086],20.0000,0.0000,[78.84043   32.06495    5.9574084],20.0000,6.0000,[ 77.40519    -29.256517     0.09202137],20.0000,6.0000,[73.213066 65.984856  5.871623],20.0000,6.0000,[ 66.20909    -55.055214     0.14309168],20.0000,6.0000,[117.989426 -35.9268     5.862228],20.0000,4.0000,[117.360664  30.07438    6.01854 ],20.0000,4.0000,[157.359     -33.37052     5.9041576],20.0000,4.0000
76,[81.56187     0.48004213  6.101861  ],20.0000,6.0000,[79.88513   31.746864   6.0442224],20.0000,6.0000,[ 78.49133   -29.14766     0.3109966],20.0000,0.0000,[74.21628   65.554634   6.0901527],20.0000,0.0000,[ 67.28136    -54.84311      0.23518676],20.0000,6.0000,[118.51669   -36.165424    5.8621187],20.0000,4.0000,[117.91799   29.918285   6.018264],20.0000,4.0000,[157.89445  -33.590225   5.903794],20.0000,4.0000
77,[82.641525   0.3159309  6.188741 ],20.0000,6.0000,[80.94736  31.495447  6.262787],20.0000,0.0000,[ 7.9538818e+01 -2.8839437e+01  1.8382821e-02],20.0000,6.0000,[75.2821    65.31729    5.7972975],20.0000,6.0000,[ 68.33661    -54.56266      0.46042445],20.0000,0.0000,[119.043976  -36.404026    5.8620143],20.0000,4.0000,[118.47533    29.762243    6.0180035],20.0000,5.0000,[158.42993   -33.809875    5.9034524],20.0000,4.0000
78,[83.72891     0.22035183  0.12418833],20.0000,0.0000,[82.0381    31.44483    5.9699507],20.0000,6.0000,[ 80.62956    -28.78538      0.10543273],20.0000,6.0000,[76.26265  64.83658   5.884074],20.0000,6.0000,[ 69.31973   -54.08822     0.1716169],20.0000,6.0000,[119.571266  -36.6426      5.8619146],20.0000,4.0000,[119.03189    29.603382    6.1095166],20.0000,4.0000,[158.96544  -34.029465   5.903132],20.0000,4.0000
79,[84.815544    0.32762802  6.1145735 ],20.0000,6.0000,[83.08669  31.139809  6.056749],20.0000,6.0000,[ 81.71421    -28.662552     0.32423806],20.0000,0.0000,[77.27114  64.41887   6.102601],20.0000,0.0000,[ 70.387215   -53.855465     0.26152653],20.0000,6.0000,[120.098564  -36.881153    5.8618197],20.0000,4.0000,[119.59748   29.47798    6.142857],20.0000,4.0000,[159.50096   -34.249       5.9028306],20.0000,4.0000
80,[85.89717     0.17708726  6.2014136 ],20.0000,6.0000,[84.15197   30.901665   6.2752986],20.0000,0.0000,[ 8.2757683e+01 -2.8340977e+01  3.1531528e-02],20.0000,6.0000,[78.33983  64.19481   5.809745],20.0000,6.0000,[ 71.43679   -53.555073    0.4837268],20.0000,0.0000,[120.62588  -37.119686   5.861729],20.0000,4.0000,[120.166214   29.36641     6.1537223],20.0000,4.0000,[160.0365    -34.468483    5.9025474],20.0000,4.0000
81,[86.98567    0.0951525  0.1368202],20.0000,0.0000,[85.24327  30.864649  5.982454],20.0000,6.0000,[ 83.84764    -28.273022     0.11847854],20.0000,6.0000,[79.32629   63.72633    5.8965197],20.0000,6.0000,[ 72.411644  -53.063667    0.1930089],20.0000,6.0000,[121.1532    -37.358192    5.8616424],20.0000,4.0000,[120.7361    29.260824   6.155427],20.0000,4.0000,[160.57205   -34.687916    5.9022803],20.0000,4.0000
82,[88.07088     0.21602134  6.1271834 ],20.0000,6.0000,[86.29558   30.572721   6.0692425],20.0000,6.0000,[ 84.93064    -28.136423     0.33717838],20.0000,0.0000,[80.3399   63.3212    6.115045],20.0000,0.0000,[ 73.47498    -52.813625     0.28172943],20.0000,6.0000,[121.68053   -37.596684    5.8615594],20.0000,4.0000,[121.30637    29.157814    6.1535745],20.0000,4.0000,[161.10762  -34.9073     5.902029],20.0000,4.0000
83,[8.9154305e+01 7.9025999e-02 6.2139988e+00],20.0000,6.0000,[8.7363739e+01 3.0347872e+01 4.5966981e-03],20.0000,0.0000,[ 8.5969971e+01 -2.7801678e+01  4.4414714e-02],20.0000,6.0000,[81.41129  63.11045   5.822188],20.0000,6.0000,[ 74.519554  -52.496506    0.5024075],20.0000,0.0000,[122.20787   -37.83515     5.8614798],20.0000,4.0000,[121.87673   29.055883   6.150556],20.0000,4.0000,[161.64322  -35.126637   5.901791],20.0000,4.0000
84,[9.0243744e+01 1.0706014e-02 1.4937955e-01],20.0000,0.0000,[88.455414 30.324451  5.994932],20.0000,6.0000,[ 87.05897    -27.719961     0.13129695],20.0000,6.0000,[82.403496 62.65428   5.908962],20.0000,6.0000,[ 75.48693    -51.990383     0.21076727],20.0000,6.0000,[122.735214 -38.0736     5.861404],20.0000,4.0000,[122.44707    28.954397    6.1473618],20.0000,4.0000,[162.17883  -35.34593    5.901567],20.0000,4.0000
85,[91.327354    0.14511621  6.1397295 ],20.0000,6.0000,[89.51128   30.045652   6.0817146],20.0000,6.0000,[ 88.14016    -27.569721     0.34993097],20.0000,0.0000,[83.422066 62.261787  6.127486],20.0000,0.0000,[ 76.54635   -51.72473     0.2987606],20.0000,6.0000,[123.262566  -38.31203     5.8613315],20.0000,4.0000,[123.01735    28.853104    6.1443644],20.0000,4.0000,[162.71446  -35.565174   5.901355],20.0000,4.0000
86,[9.2412407e+01 2.1657037e-02 6.2265286e+00],20.0000,6.0000,[9.0582153e+01 2.9834122e+01 1.7062847e-02],20.0000,0.0000,[ 8.917521e+01 -2.722194e+01  5.713180e-02],20.0000,6.0000,[84.496     62.06438    5.8346286],20.0000,6.0000,[ 77.58618   -51.392498    0.5185853],20.0000,0.0000,[123.78993  -38.55044    5.861262],20.0000,4.0000,[123.587585   28.751905    6.1416736],20.0000,4.0000,[163.2501    -35.78438     5.9011536],20.0000,4.0000
87,[ 9.3502609e+01 -3.3064146e-02  1.6189332e-01],20.0000,0.0000,[91.674034  29.824291   6.0073953],20.0000,6.0000,[ 90.26309    -27.126554     0.14397326],20.0000,0.0000,[85.493805 61.620586  5.921402],20.0000,6.0000,[ 78.54641    -50.87284      0.22644798],20.0000,6.0000,[124.31731  -38.788837   5.861195],20.0000,4.0000,[124.15777   28.65078    6.139296],20.0000,4.0000,[163.78577   -36.003548    5.9009633],20.0000,4.0000
88,[94.584465    0.11484616  6.1522346 ],20.0000,6.0000,[92.733284 29.558659  6.094174],20.0000,6.0000,[ 91.33975   -26.945116    6.0951996],20.0000,6.0000,[86.51718  61.240795  6.139926],20.0000,0.0000,[ 79.60199    -50.59257      0.31398752],20.0000,0.0000,[124.84468  -39.027218   5.861131],20.0000,4.0000,[124.72792    28.549725    6.1372023],20.0000,4.0000,[164.32143  -36.222675   5.900783],20.0000,4.0000
89,[9.5670967e+01 4.9230745e-03 6.2390237e+00],20.0000,6.0000,[9.3806717e+01 2.9360472e+01 2.9517999e-02],20.0000,0.0000,[ 92.42941  -27.057947   6.177346],20.0000,6.0000,[87.59348  61.05676   5.847068],20.0000,6.0000,[ 80.631645  -50.22918     6.2659435],20.0000,6.0000,[125.37206   -39.26558     5.8610697],20.0000,4.0000,[125.29804    28.448746    6.1353545],20.0000,4.0000,[164.85712  -36.441765   5.900612],20.0000,4.0000
90,[ 9.6761772e+01 -3.6207538e-02  1.7437845e-01],20.0000,0.0000,[94.898636  29.36423    6.0198483],20.0000,6.0000,[ 93.520935   -27.116087     0.12705962],20.0000,0.0000,[88.59673   60.625412   5.9338408],20.0000,6.0000,[ 8.1724678e+01 -5.0153103e+01  6.5396577e-02],20.0000,6.0000,[125.89946  -39.503925   5.861011],20.0000,4.0000,[125.86815   28.34785    6.133716],20.0000,4.0000,[165.39282   -36.660816    5.9004498],20.0000,4.0000
91,[97.841705    0.12516713  6.1647143 ],20.0000,6.0000,[95.961105  29.111797   6.1066246],20.0000,6.0000,[ 94.60205   -26.964977    6.1298575],20.0000,6.0000,[89.62475   60.258373   6.1523643],20.0000,0.0000,[ 82.810036   -50.022903     0.29928568],20.0000,0.0000,[126.42686   -39.74226     5.8609548],20.0000,4.0000,[126.43824   28.247044   6.132256],20.0000,4.0000,[165.92854   -36.879837    5.9002953],20.0000,4.0000
92,[9.8929489e+01 2.8785065e-02 6.2514973e+00],20.0000,6.0000,[9.7036919e+01 2.8926983e+01 4.1966230e-02],20.0000,0.0000,[ 95.69125   -27.064056    6.2234325],20.0000,6.0000,[90.703255 60.087738  5.859506],20.0000,6.0000,[ 8.3848976e+01 -4.9687798e+01  1.9575372e-02],20.0000,6.0000,[126.95426  -39.980576   5.860901],20.0000,4.0000,[127.00832   28.146328   6.130948],20.0000,4.0000,[166.46426   -37.098824    5.9001484],20.0000,4.0000
93,[1.0002071e+02 1.2408694e-03 1.8684556e-01],20.0000,0.0000,[98.12871  28.944324  6.032295],20.0000,6.0000,[ 96.783005  -27.093384    0.1690579],20.0000,0.0000,[91.71179   59.6689     5.9462786],20.0000,6.0000,[ 84.938965   -49.59724      0.11340211],20.0000,6.0000,[127.481674  -40.21888     5.8608494],20.0000,4.0000,[127.57841    28.045706    6.1297703],20.0000,4.0000,[167.        -37.317776    5.9000087],20.0000,4.0000
94,[101.09856      0.17604688   6.177178  ],20.0000,6.0000,[99.19424   28.70513    6.1190696],20.0000,6.0000,[ 97.859764  -26.914217    6.1659317],20.0000,6.0000,[92.74429  59.31468   6.164802],20.0000,0.0000,[ 86.01938    -49.43746      0.34252557],20.0000,0.0000,[128.0091    -40.457172    5.8607993],20.0000,4.0000,[128.1485     27.945179    6.1287055],20.0000,4.0000,[167.53575  -37.536697   5.899876],20.0000,4.0000
95,[1.0218746e+02 9.3213111e-02 6.2639570e+00],20.0000,6.0000,[1.0027227e+02 2.8533712e+01 5.4410096e-02],20.0000,0.0000,[ 98.95004   -26.989073    6.2570615],20.0000,6.0000,[93.824844  59.15747    5.8719435],20.0000,6.0000,[ 8.7048904e+01 -4.9074734e+01  5.6406830e-02],20.0000,6.0000,[128.53651   -40.69545     5.8607516],20.0000,4.0000,[128.71858    27.844746    6.1277385],20.0000,4.0000,[168.07152   -37.755592    5.8997498],20.0000,4.0000
96,[1.03278946e+02 7.92529732e-02 1.99301302e-01],20.0000,0.0000,[101.363754   28.564634    6.0447383],20.0000,6.0000,[100.04185    -26.993778     0.19786215],20.0000,0.0000,[94.83851  58.751205  5.958716],20.0000,6.0000,[ 88.135704   -48.95972      0.14761391],20.0000,6.0000,[129.06393  -40.933716   5.860706],20.0000,4.0000,[129.28867    27.744406    6.1268573],20.0000,4.0000,[168.6073   -37.974457   5.899629],20.0000,4.0000
97,[104.35453     0.2674582   6.1896315],20.0000,6.0000,[102.432175   28.338713    6.1315117],20.0000,6.0000,[101.1149   -26.793144   6.191462],20.0000,6.0000,[95.875336 58.409855  6.177239],20.0000,0.0000,[ 89.21184  -48.775337   0.37171 ],20.0000,0.0000,[129.59137  -41.17197    5.860662],20.0000,4.0000,[129.85875    27.644156    6.1260514],20.0000,4.0000,[169.14308  -38.193295   5.899514],20.0000,4.0000
98,[105.444374     0.19818074   6.2764077 ],20.0000,6.0000,[1.0351226e+02 2.8180717e+01 6.6851221e-02],20.0000,0.0000,[102.20598  -26.84834    6.280934],20.0000,6.0000,[96.957756  58.266094   5.8843803],20.0000,6.0000,[ 9.0233925e+01 -4.8391903e+01  8.2194634e-02],20.0000,6.0000,[130.11882 -41.41021   5.86062],20.0000,4.0000,[130.42885   27.543995   6.125312],20.0000,4.0000,[169.67888   -38.412106    5.8994045],20.0000,4.0000
99,[106.53595      0.19780265   0.21174991],20.0000,0.0000,[104.60328    28.225214    6.0571785],20.0000,6.0000,[103.29757    -26.833673     0.21937497],20.0000,0.0000,[97.976395 57.872467  5.971153],20.0000,6.0000,[ 91.318085   -48.25726      0.17170797],20.0000,6.0000,[130.64626  -41.64844    5.860579],20.0000,4.0000,[130.99896    27.44392     6.1246314],20.0000,4.0000,[170.21468 -38.63089   5.8993 ],20.0000,4.0000
100,[107.60911      0.39937478   6.202079  ],20.0000,6.0000,[105.67442   28.012598   6.143952],20.0000,6.0000,[104.36726  -26.615429   6.211491],20.0000,6.0000,[99.01739  57.544037  6.189676],20.0000,0.0000,[ 92.39063    -48.053722     0.39338902],20.0000,0.0000,[131.1737    -41.88666     5.8605404],20.0000,4.0000,[131.56908   27.343931   6.124004],20.0000,4.0000,[170.7505  -38.84965   5.8992 ],20.0000,4.0000
101,[1.0869973e+02 3.4366131e-01 5.6682979e-03],20.0000,6.0000,[1.06756386e+02 2.78680477e+01 7.92906135e-02],20.0000,0.0000,[ 1.0545889e+02 -2.6653486e+01  1.6764421e-02],20.0000,6.0000,[100.10151   57.41375    5.896817],20.0000,6.0000,[ 93.406334   -47.653442     0.10235288],20.0000,6.0000,[131.70116   -42.12487     5.8605027],20.0000,4.0000,[132.13919    27.244022    6.1234236],20.0000,4.0000,[171.28632   -39.068386    5.8991046],20.0000,4.0000
102,[109.79123      0.3568627    0.22419402],20.0000,0.0000,[107.84676    27.926111    6.0696177],20.0000,6.0000,[106.55007    -26.621979     0.23712859],20.0000,0.0000,[101.12497    57.03282     5.9835896],20.0000,6.0000,[ 94.48805    -47.50177      0.19083722],20.0000,6.0000,[132.22862  -42.36307    5.860467],20.0000,4.0000,[132.70932   27.144194   6.122886],20.0000,4.0000,[171.82216   -39.2871      5.8990135],20.0000,4.0000
103,[110.86179     0.5717686   6.214522 ],20.0000,6.0000,[108.92048    27.726833    6.1563907],20.0000,6.0000,[107.61651  -26.388014   6.228489],20.0000,6.0000,[102.16997    56.71736     6.2021127],20.0000,0.0000,[ 95.55727    -47.28166      0.41123167],20.0000,0.0000,[132.75607  -42.60126    5.860432],20.0000,4.0000,[133.27945    27.04444     6.1223865],20.0000,4.0000,[172.358     -39.505795    5.8989267],20.0000,4.0000
104,[1.11953026e+02 5.29625833e-01 1.81105658e-02],20.0000,6.0000,[1.1000415e+02 2.7595751e+01 9.1728918e-02],20.0000,0.0000,[ 1.0870847e+02 -2.6410339e+01  3.3134200e-02],20.0000,0.0000,[103.25562   56.600567   5.909254],20.0000,6.0000,[ 96.56702    -46.86642      0.11942441],20.0000,6.0000,[133.28354   -42.839443    5.8603992],20.0000,4.0000,[133.8496    26.944761   6.121922],20.0000,4.0000,[172.89384   -39.724464    5.8988433],20.0000,4.0000
105,[113.04427     0.556403    0.2366353],20.0000,0.0000,[111.09373   27.66737    6.082056],20.0000,6.0000,[109.79848   -26.345509    5.9854097],20.0000,6.0000,[104.28374    56.2324      5.9960265],20.0000,0.0000,[ 97.64633    -46.699165     0.20727092],20.0000,0.0000,[133.81102  -43.077614   5.860367],20.0000,4.0000,[134.41975   26.845152   6.121489],20.0000,4.0000,[173.4297    -39.943115    5.8987637],20.0000,4.0000
106,[114.11208      0.78460807   6.226963  ],20.0000,6.0000,[112.16983    27.481462    6.1688285],20.0000,0.0000,[110.8701   -26.574173   6.068267],20.0000,6.0000,[105.33763    55.94706     5.6639977],20.0000,6.0000,[ 98.7086   -46.446404   6.159564],20.0000,6.0000,[134.33849   -43.315777    5.8603363],20.0000,4.0000,[134.98991    26.745613    6.1210847],20.0000,4.0000,[173.96558   -40.161747    5.8986874],20.0000,4.0000
107,[1.1520376e+02 7.5604135e-01 3.0550681e-02],20.0000,0.0000,[113.25709   27.381584   5.8368  ],20.0000,6.0000,[ 1.1194926e+02 -2.6748724e+01  1.9397613e-02],20.0000,0.0000,[106.28027   55.388947   5.746098],20.0000,6.0000,[ 99.80365   -46.485874    6.2424335],20.0000,6.0000,[134.86597   -43.553932    5.8603067],20.0000,4.0000,[135.56007    26.64614     6.1207066],20.0000,4.0000,[174.50145   -40.38036     5.8986144],20.0000,4.0000
108,[116.294044    0.8142134   5.981708 ],20.0000,6.0000,[114.281654   26.993866    5.9189005],20.0000,6.0000,[113.04033  -26.71325    6.023162],20.0000,6.0000,[107.247475  54.879745   5.978901],20.0000,0.0000,[100.89672    -46.470745     0.19358784],20.0000,0.0000,[135.39345  -43.79208    5.860278],20.0000,4.0000,[136.13026    26.54673     6.1203523],20.0000,4.0000,[175.03734  -40.598953   5.898545],20.0000,4.0000
109,[117.36386     0.5785105   6.0638094],20.0000,6.0000,[115.322014  26.658552   6.151704],20.0000,0.0000,[114.11306   -26.926706    6.1170964],20.0000,6.0000,[108.29272    54.56491     5.6984477],20.0000,6.0000,[101.96513  -46.246693   6.197368],20.0000,6.0000,[135.92093  -44.03022    5.860251],20.0000,4.0000,[136.70044   26.447382   6.12002 ],20.0000,4.0000,[175.57323  -40.817528   5.898478],20.0000,4.0000
110,[1.18441734e+02 3.96941900e-01 1.34282866e-02],20.0000,0.0000,[116.40582   26.528131   5.871251],20.0000,6.0000,[ 1.1519566e+02 -2.7070948e+01  6.3164905e-02],20.0000,0.0000,[109.240654   54.019394    5.7919984],20.0000,6.0000,[ 1.03058624e+02 -4.62709694e+01  8.12303927e-03],20.0000,6.0000,[136.44843   -44.268353    5.8602247],20.0000,4.0000,[137.27063   26.348093   6.119708],20.0000,4.0000,[176.10912   -41.036087    5.8984137],20.0000,4.0000
111,[119.53301     0.4243947   6.0161614],20.0000,6.0000,[117.43343   26.153732   5.964802],20.0000,6.0000,[116.285286  -27.005993    6.0603113],20.0000,6.0000,[110.22007    53.53616     6.0207777],20.0000,0.0000,[104.14984    -46.225365     0.23738411],20.0000,0.0000,[136.9759    -44.506477    5.8601995],20.0000,4.0000,[137.84084   26.248861   6.119415],20.0000,4.0000,[176.64502  -41.25463    5.898352],20.0000,4.0000
112,[120.60392      0.20231031   6.109712  ],20.0000,6.0000,[118.48135    25.846102    6.1935816],20.0000,0.0000,[117.36172  -27.194885   6.15155 ],20.0000,6.0000,[111.27306   53.24856    5.734447],20.0000,6.0000,[105.211716  -45.972507    6.2345347],20.0000,6.0000,[137.5034    -44.744595    5.8601747],20.0000,4.0000,[138.41104    26.149685    6.1191387],20.0000,4.0000,[177.18092   -41.473156    5.8982935],20.0000,4.0000
113,[1.2168528e+02 4.9229406e-02 5.5306919e-02],20.0000,0.0000,[119.568115  25.743845   5.907251],20.0000,6.0000,[ 1.1844700e+02 -2.7314150e+01  9.2505366e-02],20.0000,0.0000,[112.23209   52.72456    5.825569],20.0000,6.0000,[ 1.0630459e+02 -4.5971943e+01  4.2589739e-02],20.0000,6.0000,[138.0309    -44.982704    5.8601513],20.0000,4.0000,[138.98126    26.05056     6.1188784],20.0000,4.0000,[177.71684  -41.69167    5.898237],20.0000,4.0000
114,[1.22775421e+02 1.04977384e-01 6.05216217e+00],20.0000,6.0000,[120.60296   25.392546   5.998373],20.0000,6.0000,[119.53517   -27.227148    6.0862036],20.0000,6.0000,[113.22184   52.263638   6.049544],20.0000,0.0000,[107.39412    -45.901268     0.26673305],20.0000,0.0000,[138.5584   -45.22081    5.860129],20.0000,4.0000,[139.55148   25.951487   6.118633],20.0000,4.0000,[178.25276  -41.910168   5.898183],20.0000,4.0000
115,[ 1.2385014e+02 -9.3203388e-02  6.1432838e+00],20.0000,6.0000,[121.65723    25.108673    6.2223477],20.0000,0.0000,[120.61447  -27.396399   6.175734],20.0000,6.0000,[114.28044    51.99707     5.7599516],20.0000,6.0000,[108.45073   -45.626945    6.2604327],20.0000,6.0000,[139.0859   -45.458908   5.860107],20.0000,4.0000,[140.12172   25.85246    6.118401],20.0000,4.0000,[178.78868  -42.12865    5.898131],20.0000,4.0000
116,[ 1.2493435e+02 -2.2186159e-01  8.4073551e-02],20.0000,0.0000,[122.74589    25.028093    5.9327555],20.0000,6.0000,[ 1.21701591e+02 -2.74962101e+01  1.14251636e-01],20.0000,0.0000,[115.24841    51.490578    5.8494186],20.0000,6.0000,[ 1.0954303e+02 -4.5606533e+01  6.6778734e-02],20.0000,6.0000,[139.6134   -45.697      5.860086],20.0000,4.0000,[140.69196   25.753483   6.118182],20.0000,4.0000,[179.32462   -42.347122    5.8980813],20.0000,4.0000
117,[126.02325     -0.14438662   6.0776668 ],20.0000,6.0000,[123.78654   24.695585   6.022223],20.0000,6.0000,[122.78826   -27.391224    6.1064143],20.0000,6.0000,[116.24607    51.04733     6.0710397],20.0000,0.0000,[110.631      -45.516376     0.28848296],20.0000,0.0000,[140.14091  -45.935085   5.860066],20.0000,4.0000,[141.26219    25.65455     6.1179748],20.0000,4.0000,[179.86055  -42.56558    5.898033],20.0000,4.0000
118,[127.101      -0.3231357   6.167134 ],20.0000,6.0000,[124.84555   24.430481   6.243844],20.0000,0.0000,[123.8699   -27.543404   6.194909],20.0000,6.0000,[117.30898   50.79815    5.779967],20.0000,6.0000,[111.683014  -45.2246      6.2806463],20.0000,6.0000,[140.66843   -46.173164    5.8600464],20.0000,4.0000,[141.83244    25.555662    6.1177783],20.0000,4.0000,[180.3965    -42.78402     5.8979874],20.0000,4.0000
119,[ 1.28187195e+02 -4.32535678e-01  1.05569765e-01],20.0000,0.0000,[125.93548   24.367777   5.952771],20.0000,6.0000,[124.95839    -27.62634      0.13213022],20.0000,0.0000,[118.28462    50.30699     5.8684235],20.0000,6.0000,[ 1.12774666e+02 -4.51869698e+01  8.59561786e-02],20.0000,6.0000,[141.19594  -46.41124    5.860028],20.0000,4.0000,[142.4027    25.456816   6.117593],20.0000,4.0000,[180.93243  -43.002453   5.897943],20.0000,4.0000
120,[129.27475     -0.33719245   6.0976825 ],20.0000,6.0000,[126.98103    24.051687    6.0412273],20.0000,6.0000,[126.04345   -27.505318    6.1235156],20.0000,6.0000,[119.28894   49.879208   6.088784],20.0000,0.0000,[113.86104   -45.07996     0.3063635],20.0000,0.0000,[141.72346   -46.64931     5.8600097],20.0000,4.0000,[142.97296    25.35801     6.1174164],20.0000,4.0000,[181.4684   -43.22087    5.897901],20.0000,4.0000
121,[130.355      -0.4989841   6.1861386],20.0000,6.0000,[128.04396    23.802965    6.2615886],20.0000,0.0000,[127.12708   -27.64184     6.2113686],20.0000,6.0000,[120.35547    49.645668    5.7969575],20.0000,6.0000,[ 1.1490870e+02 -4.4772667e+01  1.4563784e-02],20.0000,6.0000,[142.25098   -46.887375    5.8599925],20.0000,4.0000,[143.54323   25.259241   6.117249],20.0000,4.0000,[182.00435 -43.43928   5.89786],20.0000,4.0000
122,[ 1.3144269e+02 -5.9160942e-01  1.2331447e-01],20.0000,0.0000,[129.13475   23.756289   5.969762],20.0000,6.0000,[128.21661    -27.709257     0.14784989],20.0000,0.0000,[121.33799    49.168655    5.8847866],20.0000,6.0000,[ 1.1599959e+02 -4.4719269e+01  1.0241705e-01],20.0000,6.0000,[142.7785   -47.12544    5.859976],20.0000,4.0000,[144.11351    25.160511    6.1170897],20.0000,4.0000,[182.54031  -43.65768    5.897821],20.0000,4.0000
123,[132.52881    -0.4802792   6.114673 ],20.0000,6.0000,[130.18466    23.455318    6.0575905],20.0000,6.0000,[129.29994  -27.573246   6.138808],20.0000,6.0000,[122.34827   48.75519    6.104427],20.0000,0.0000,[117.084305   -44.59679      0.32208428],20.0000,0.0000,[143.30602   -47.36349     5.8599596],20.0000,4.0000,[144.68379   25.061817   6.116939],20.0000,4.0000,[183.07628   -43.87607     5.8977838],20.0000,4.0000
124,[133.61116     -0.62648326   6.2025023 ],20.0000,6.0000,[131.25098    23.221725    6.2772307],20.0000,0.0000,[130.38528  -27.694933   6.226259],20.0000,6.0000,[123.41795    48.53637     5.8121843],20.0000,6.0000,[ 1.18127655e+02 -4.42750397e+01  2.98571326e-02],20.0000,6.0000,[143.83354  -47.601543   5.859944],20.0000,4.0000,[145.25407    24.963158    6.1167955],20.0000,4.0000,[183.61224   -44.094444    5.8977475],20.0000,4.0000
125,[134.70004     -0.7036463    0.13895689],20.0000,0.0000,[132.34236   23.190088   5.984988],20.0000,6.0000,[131.4756     -27.747597     0.16230166],20.0000,0.0000,[124.40684    48.07283     5.8996205],20.0000,6.0000,[ 1.1921766e+02 -4.4206734e+01  1.1730891e-01],20.0000,6.0000,[144.36107  -47.83959    5.859929],20.0000,4.0000,[145.82436    24.864532    6.1166587],20.0000,4.0000,[184.14821   -44.312813    5.8977127],20.0000,4.0000
126,[135.78456    -0.5773509   6.1298995],20.0000,6.0000,[133.39622   22.903488   6.072425],20.0000,6.0000,[132.55707   -27.597212    6.1530128],20.0000,6.0000,[125.42259   47.673058   6.118832],20.0000,0.0000,[120.300606   -44.069588     0.33653674],20.0000,0.0000,[144.8886   -48.077633   5.859915],20.0000,4.0000,[146.39465    24.765938    6.1165285],20.0000,4.0000,[184.68419   -44.53117     5.8976793],20.0000,4.0000
127,[136.86876    -0.7087653   6.217336 ],20.0000,6.0000,[1.3446559e+02 2.2684324e+01 8.4510557e-03],20.0000,0.0000,[133.64389   -27.704552    6.2402124],20.0000,0.0000,[126.49512   47.468426   5.826349],20.0000,6.0000,[ 1.2133962e+02 -4.3734001e+01  4.4062499e-02],20.0000,6.0000,[145.41612   -48.31567     5.8599005],20.0000,4.0000,[146.96495    24.667376    6.1164045],20.0000,4.0000,[185.22017   -44.74952     5.8976474],20.0000,4.0000
128,[137.95856     -0.7712102    0.15336247],20.0000,0.0000,[135.55733   22.667156   5.999153],20.0000,6.0000,[134.73557  -27.725098   5.908621],20.0000,6.0000,[127.49      47.017982   5.913539],20.0000,6.0000,[122.42859    -43.65131      0.13126224],20.0000,0.0000,[145.94366  -48.553703   5.859887],20.0000,4.0000,[147.53526    24.568842    6.1162868],20.0000,4.0000,[185.75615   -44.967857    5.8976164],20.0000,4.0000
129,[139.04134    -0.6305458   6.1440644],20.0000,6.0000,[136.61484    22.394487    6.0863433],20.0000,6.0000,[135.78578   -28.037092    5.9910145],20.0000,6.0000,[128.5109   46.63155   6.13249],20.0000,0.0000,[123.5073    -43.482296    6.0828567],20.0000,6.0000,[146.47119   -48.791737    5.8598742],20.0000,4.0000,[148.10558   24.470337   6.116174],20.0000,5.0000,[186.29214  -45.186188   5.897587],20.0000,4.0000
130,[140.12714     -0.74764764   6.2312546 ],20.0000,6.0000,[1.3768698e+02 2.2189348e+01 2.2108817e-02],20.0000,0.0000,[136.84785   -28.295702    6.2244153],20.0000,0.0000,[129.586     46.440815   5.839863],20.0000,6.0000,[124.5957    -43.607506    6.1652503],20.0000,6.0000,[146.99873  -49.029762   5.859862],20.0000,4.0000,[148.67538   24.368929   6.207825],20.0000,4.0000,[186.82812  -45.404514   5.897558],20.0000,4.0000
131,[141.21767     -0.79581356   0.16702025],20.0000,0.0000,[138.77887   22.186312   6.012667],20.0000,6.0000,[137.93831  -28.346432   5.944372],20.0000,6.0000,[130.5866    46.003254   5.926898],20.0000,6.0000,[ 1.2568653e+02 -4.3678085e+01  1.1546582e-01],20.0000,0.0000,[147.52626  -49.267784   5.85985 ],20.0000,4.0000,[149.2507     24.301687    6.2413163],20.0000,4.0000,[187.36412  -45.62283    5.897531],20.0000,4.0000
132,[142.29854     -0.64114535   6.1575785 ],20.0000,6.0000,[139.8398     21.927317    6.0997024],20.0000,0.0000,[138.99069   -28.64431     6.0380754],20.0000,6.0000,[131.61237    45.62997     6.1456885],20.0000,0.0000,[126.76927   -43.53901     6.1186085],20.0000,6.0000,[148.0538    -49.505806    5.8598385],20.0000,4.0000,[149.82773    24.24841     6.2524757],20.0000,4.0000,[187.90012   -45.841137    5.8975043],20.0000,4.0000
133,[143.38574    -0.744223    6.2446136],20.0000,0.0000,[140.91772    21.753504    5.7679405],20.0000,6.0000,[140.0584    -28.874054    6.2670465],20.0000,0.0000,[132.68982    45.452957    5.8529735],20.0000,6.0000,[127.85735   -43.64994     6.2123113],20.0000,6.0000,[148.58134  -49.743824   5.859827],20.0000,4.0000,[150.4053     24.20114     6.2545433],20.0000,4.0000,[188.43611  -46.059437   5.897479],20.0000,4.0000
134,[144.47748    -0.7605558   5.9128523],20.0000,6.0000,[141.91357    21.296898    5.8502192],20.0000,0.0000,[141.14975  -28.896004   5.980834],20.0000,6.0000,[133.69589    45.028175    5.9399114],20.0000,6.0000,[128.94873    -43.691113     0.15809715],20.0000,0.0000,[149.10889   -49.981834    5.8598166],20.0000,4.0000,[150.983      24.15645     6.2530518],20.0000,4.0000,[188.97212   -46.27773     5.8974547],20.0000,4.0000
135,[145.52884   -1.068569   5.995131],20.0000,0.0000,[142.93619    20.907675    5.5328364],20.0000,6.0000,[142.20769  -29.170063   6.072004],20.0000,6.0000,[134.72632    44.667942    6.1586018],20.0000,0.0000,[130.02736   -43.52354     6.1550703],20.0000,6.0000,[149.63643  -50.21985    5.859806],20.0000,4.0000,[151.5607     24.112854    6.2503557],20.0000,5.0000,[189.50812  -46.496017   5.897431],20.0000,4.0000
136,[146.59692    -1.3060436   5.6777477],20.0000,6.0000,[143.82498    20.260296    5.6294637],20.0000,6.0000,[ 1.4328000e+02 -2.9375439e+01  1.2861430e-02],20.0000,0.0000,[135.80594    44.50455     5.8658333],20.0000,6.0000,[131.11678   -43.61005     6.2462397],20.0000,0.0000,[150.16397  -50.457855   5.859796],20.0000,4.0000,[1.5213824e+02 2.4066748e+01 5.6006879e-02],20.0000,4.0000,[190.04413   -46.714294    5.8974085],20.0000,4.0000
137,[147.56989    -1.8182918   5.774375 ],20.0000,6.0000,[144.74173   19.662058   5.88565 ],20.0000,6.0000,[144.37164  -29.375492   6.006498],20.0000,6.0000,[136.81728    44.092503    5.9527097],20.0000,6.0000,[132.20914  -43.6086     5.919731],20.0000,6.0000,[150.69151   -50.695858    5.8597865],20.0000,4.0000,[1.5271854e+02 2.4055616e+01 8.6670987e-02],20.0000,5.0000,[190.58014   -46.93257     5.8973866],20.0000,4.0000
138,[148.56342    -2.2778752   6.030562 ],20.0000,6.0000,[145.75183   19.248207   6.170146],20.0000,6.0000,[145.434     -29.63031     6.0959907],20.0000,6.0000,[137.85216    43.74528     6.1713376],20.0000,6.0000,[133.2672    -43.89722     6.0057273],20.0000,6.0000,[151.21906   -50.93386     5.8597775],20.0000,3.0000,[153.29938     24.056616     0.18556255],20.0000,4.0000,[191.11615   -47.150837    5.8973656],20.0000,4.0000
139,[ 1.4962270e+02 -2.5415254e+00  3.1872049e-02],20.0000,6.0000,[146.82965     19.065462     0.16277581],20.0000,6.0000,[ 1.4650969e+02 -2.9816544e+01  3.4460336e-02],20.0000,0.0000,[138.93175     43.57774      0.14590201],20.0000,0.0000,[134.33528  -44.132023   6.245522],20.0000,0.0000,[151.74783   -51.16915     5.7680097],20.0000,4.0000,[153.88025     24.099155     0.21596874],20.0000,4.0000,[191.65218   -47.3691      5.8973455],20.0000,4.0000
140,[150.7156      -2.5667136    0.30768728],20.0000,0.0000,[147.9264     19.122839    0.4273072],20.0000,0.0000,[147.60127   -29.798628    6.0265937],20.0000,6.0000,[140.02435    43.650436    6.1414933],20.0000,6.0000,[135.42677  -44.154343   5.969675],20.0000,6.0000,[152.26196   -51.435738    5.7343802],20.0000,4.0000,[154.45943     24.159948     0.21804118],20.0000,5.0000,[192.18819  -47.587353   5.897326],20.0000,4.0000
141,[ 1.5178717e+02 -2.3345666e+00  2.1666765e-02],20.0000,6.0000,[1.4898088e+02 1.9441086e+01 1.1582898e-01],20.0000,6.0000,[148.66731   -30.036669    6.1150656],20.0000,6.0000,[141.10258   43.479668   6.213981],20.0000,6.0000,[136.48758   -44.421688    6.0649347],20.0000,0.0000,[152.76974   -51.714718    5.7229095],20.0000,4.0000,[155.03778    24.225018    0.3012724],20.0000,4.0000,[192.72421  -47.805603   5.897307],20.0000,4.0000
142,[ 1.5287910e+02 -2.3402333e+00  8.7884605e-02],20.0000,6.0000,[150.07117     19.515219     0.15232342],20.0000,6.0000,[ 1.4974570e+02 -3.0206242e+01  5.2260127e-02],20.0000,0.0000,[1.4218900e+02 4.3367702e+01 1.4034329e-01],20.0000,6.0000,[137.56557  -44.60244    5.745096],20.0000,6.0000,[153.27466  -51.998913   5.720442],20.0000,4.0000,[155.61197     24.32756      0.32341072],20.0000,4.0000,[193.26022  -48.02385    5.897289],20.0000,4.0000
143,[153.97055     -2.291047     0.29381892],20.0000,0.0000,[151.15933     19.620548     0.34335756],20.0000,6.0000,[150.83696   -30.172249    6.0436296],20.0000,6.0000,[143.28171     43.43627      0.39158565],20.0000,0.0000,[138.5632    -45.06078     5.8359127],20.0000,0.0000,[153.77827   -52.285313    5.7215276],20.0000,4.0000,[156.1826     24.44619     0.3203772],20.0000,5.0000,[193.79625   -48.24209     5.8972716],20.0000,4.0000
144,[155.03712    -2.0469565   6.274772 ],20.0000,6.0000,[152.22142     19.892252     0.58403313],20.0000,0.0000,[151.90623   -30.394873    6.1314683],20.0000,0.0000,[1.4433545e+02 4.3744324e+01 9.1588005e-02],20.0000,6.0000,[139.587     -45.45029     5.5320168],20.0000,6.0000,[154.28128  -52.572624   5.723855],20.0000,4.0000,[156.75204    24.56774     0.4004753],20.0000,4.0000,[194.33228  -48.460323   5.897255],20.0000,4.0000
145,[ 1.5612860e+02 -2.0601935e+00  6.4446911e-02],20.0000,6.0000,[153.20241     20.387661     0.27482328],20.0000,6.0000,[152.98958   -30.531458    5.8005676],20.0000,6.0000,[145.4257     43.80857     0.1475393],20.0000,6.0000,[140.4814    -46.091827    5.6373477],20.0000,0.0000,[154.78398  -52.86031    5.726462],20.0000,4.0000,[157.31377    24.725428    0.4208974],20.0000,4.0000,[194.8683    -48.678555    5.8972387],20.0000,4.0000
146,[157.21948     -2.0144012    0.27492476],20.0000,6.0000,[154.26393     20.645136     0.32316664],20.0000,0.0000,[154.00095   -30.95316     5.8834314],20.0000,0.0000,[146.5128      43.919132     0.34884608],20.0000,0.0000,[141.41595  -46.66541    5.351003],20.0000,6.0000,[155.28653  -53.148148   5.728974],20.0000,4.0000,[157.87044     24.898373     0.41682145],20.0000,5.0000,[195.40433  -48.89678    5.897223],20.0000,4.0000
147,[158.2902      -1.7896004    0.52813184],20.0000,0.0000,[155.3101     20.958529    6.2535877],20.0000,6.0000,[155.03658  -31.306625   5.567208],20.0000,6.0000,[1.4756505e+02 4.4219574e+01 4.4497438e-02],20.0000,6.0000,[142.18443   -47.454372    5.4657893],20.0000,0.0000,[155.78896   -53.436066    5.7312665],20.0000,4.0000,[158.42569     25.07384      0.49630335],20.0000,5.0000,[195.94037  -49.115      5.897208],20.0000,4.0000
148,[159.28822    -1.3341185   0.23214  ],20.0000,6.0000,[1.5640244e+02 2.0968630e+01 4.1619468e-02],20.0000,0.0000,[155.9478   -31.922266   5.664657],20.0000,6.0000,[1.4865575e+02 4.4263004e+01 1.1611911e-01],20.0000,6.0000,[143.00824   -48.17824     5.1857686],20.0000,6.0000,[156.2913    -53.724037    5.7333174],20.0000,4.0000,[158.97124     25.28177      0.60816634],20.0000,5.0000,[196.4764    -49.333218    5.8971934],20.0000,4.0000
149,[160.35767     -1.1133742    0.29293603],20.0000,0.0000,[157.49153    21.050625    5.9888945],20.0000,6.0000,[156.88535  -32.48744    5.921713],20.0000,0.0000,[149.74289     44.364304     0.32611367],20.0000,0.0000,[143.63588   -49.08317     5.3026786],20.0000,6.0000,[156.79358   -54.012062    5.7351418],20.0000,4.0000,[159.49995    25.535261    0.7274752],20.0000,5.0000,[197.01244   -49.55143     5.8971796],20.0000,4.0000
150,[161.41125    -0.8264737   6.2292995],20.0000,6.0000,[158.56638    20.833746    6.0717893],20.0000,0.0000,[157.91609  -32.847736   5.65609 ],20.0000,6.0000,[1.507952e+02 4.465992e+01 2.853547e-02],20.0000,6.0000,[144.31563  -49.94164    5.573555],20.0000,0.0000,[157.29578  -54.30014    5.736766],20.0000,4.0000,[160.00467     25.838734     0.84333503],20.0000,5.0000,[197.54846   -49.769638    5.8971663],20.0000,4.0000
151,[ 1.6250369e+02 -8.3961576e-01  1.9665437e-02],20.0000,0.0000,[159.65118   20.686516   5.758992],20.0000,6.0000,[158.84593  -33.424812   5.755019],20.0000,6.0000,[1.5188603e+02 4.4700478e+01 1.0804410e-01],20.0000,6.0000,[145.16124   -50.632412    5.3130903],20.0000,6.0000,[157.79791   -54.58828     5.7382154],20.0000,4.0000,[160.47862    26.191652    0.9519753],20.0000,5.0000,[198.0845    -49.987843    5.8971534],20.0000,4.0000
152,[163.59427    -0.7791805   5.968422 ],20.0000,6.0000,[160.66507    20.259338    5.8593206],20.0000,6.0000,[159.81026  -33.938023   5.988763],20.0000,0.0000,[152.97263     44.80526      0.32144284],20.0000,6.0000,[145.84137  -51.4896     5.413313],20.0000,0.0000,[158.29999  -54.87649    5.739516],20.0000,4.0000,[160.91623    26.590517    1.0535122],20.0000,5.0000,[198.62054  -50.206043   5.897141],20.0000,4.0000
153,[164.665     -1.016384   6.052063],20.0000,0.0000,[161.69505   19.888033   6.119587],20.0000,6.0000,[160.85489   -34.25462     5.7051597],20.0000,6.0000,[154.02856     45.089157     0.57661194],20.0000,0.0000,[146.5903    -52.28587     5.0963798],20.0000,0.0000,[158.802     -55.16477     5.7406874],20.0000,4.0000,[161.31332    27.030449    1.1498426],20.0000,5.0000,[199.15659  -50.42424    5.897129],20.0000,4.0000
154,[165.74693    -1.1839206   5.7402673],20.0000,6.0000,[1.6277373e+02 1.9720543e+01 1.2295059e-01],20.0000,0.0000,[161.80026   -34.80325     5.7972507],20.0000,0.0000,[154.99911     45.59895      0.28404492],20.0000,6.0000,[147.12569   -53.246834    4.6378036],20.0000,0.0000,[159.30396  -55.453117   5.741747],20.0000,4.0000,[161.66682    27.506289    1.2431506],20.0000,5.0000,[199.69263  -50.642437   5.897117],20.0000,4.0000
155,[166.75294    -1.6294943   5.841214 ],20.0000,0.0000,[163.86217   19.812935   6.132008],20.0000,6.0000,[162.78632  -35.27355    5.471936],20.0000,6.0000,[156.05437     45.879356     0.34920457],20.0000,6.0000,[147.27629  -54.352684   4.180935],20.0000,6.0000,[159.80583   -55.741543    5.7427096],20.0000,4.0000,[161.97423    28.01307     1.3351204],20.0000,5.0000,[200.22867  -50.860626   5.897106],20.0000,4.0000
156,[167.78378    -2.0030372   5.5514784],20.0000,6.0000,[164.94376    19.66481     6.2212176],20.0000,0.0000,[163.6167    -35.990314    5.5587616],20.0000,6.0000,[157.09512    46.21143     0.5551167],20.0000,0.0000,[146.95363   -55.4292      4.3447385],20.0000,6.0000,[160.30768  -56.03004    5.743587],20.0000,4.0000,[162.23335    28.546045    1.4267492],20.0000,5.0000,[200.76472  -51.078815   5.897095],20.0000,4.0000
157,[168.69397    -2.6231768   5.6649237],20.0000,6.0000,[166.0338    19.606585   5.888021],20.0000,6.0000,[164.47931   -36.66265     5.7998133],20.0000,0.0000,[158.06117     46.724792     0.25341773],20.0000,6.0000,[146.68822   -56.496693    4.7306366],20.0000,6.0000,[160.80945   -56.31861     5.7443895],20.0000,4.0000,[162.44226    29.100548    1.5184847],20.0000,5.0000,[201.30077   -51.296997    5.8970847],20.0000,4.0000
158,[169.63452    -3.1840687   5.9349804],20.0000,0.0000,[167.07143  19.25879   5.96842],20.0000,6.0000,[165.45493   -37.15259     5.5247455],20.0000,6.0000,[159.11844     46.996227     0.32720217],20.0000,6.0000,[146.72148   -57.58782     5.0722694],20.0000,6.0000,[161.31117   -56.607254    5.7451262],20.0000,4.0000,[162.59926    29.67187     1.6104455],20.0000,5.0000,[201.8368    -51.51518     5.8970747],20.0000,4.0000
159,[170.67014    -3.5301497   5.674747 ],20.0000,6.0000,[168.12383    18.965334    6.1956325],20.0000,6.0000,[166.29779 -37.85005   5.62029],20.0000,6.0000,[160.15948     47.325203     0.53806937],20.0000,0.0000,[147.0395   -58.634426   5.362354],20.0000,6.0000,[161.81285  -56.895966   5.745804],20.0000,4.0000,[162.70302    30.25519     1.7026007],20.0000,5.0000,[202.37286  -51.733356   5.897065],20.0000,4.0000
160,[171.61012   -4.090456   5.775177],20.0000,6.0000,[169.2101    18.857346   0.178403],20.0000,6.0000,[167.1825    -38.490646    5.8512826],20.0000,0.0000,[161.1251      47.837196     0.24100983],20.0000,6.0000,[147.59366  -59.5843     5.627531],20.0000,6.0000,[162.31448  -57.18475    5.746429],20.0000,4.0000,[162.75262    30.845577    1.7948786],20.0000,5.0000,[202.9089   -51.951534   5.897056],20.0000,4.0000
161,[172.58412    -4.5849786   6.0091767],20.0000,0.0000,[170.2979      18.975782     0.44812426],20.0000,6.0000,[168.173    -38.949326   5.566263],20.0000,6.0000,[162.18251     48.10826      0.32114407],20.0000,6.0000,[148.35284  -60.387653   5.860412],20.0000,0.0000,[162.81606  -57.4736     5.747007],20.0000,4.0000,[162.7476     31.438025    1.8872162],20.0000,5.0000,[203.44496  -52.169704   5.897047],20.0000,4.0000
162,[173.63475   -4.881062   5.725446],20.0000,6.0000,[171.33934    19.328777    0.7063874],20.0000,6.0000,[169.03223  -39.624805   5.657885],20.0000,6.0000,[163.22198    48.44163     0.5348603],20.0000,6.0000,[149.27718  -60.99358    5.509625],20.0000,6.0000,[163.3176   -57.762512   5.747543],20.0000,4.0000,[162.688      32.027493    1.9795731],20.0000,5.0000,[203.98102   -52.387875    5.8970385],20.0000,4.0000
163,[174.59062   -5.411112   5.817463],20.0000,0.0000,[172.28125     19.906567     0.93774754],20.0000,6.0000,[169.9322   -40.243027   5.882556],20.0000,0.0000,[164.1933     48.94367     0.7902095],20.0000,0.0000,[150.0181   -61.79719    5.519217],20.0000,6.0000,[163.81909   -58.05149     5.7480407],20.0000,4.0000,[162.57431    32.608955    2.0719297],20.0000,5.0000,[204.51706  -52.606045   5.89703 ],20.0000,4.0000
164,[175.58566    -5.8620014   5.4919167],20.0000,6.0000,[173.07988    20.674437    1.1384957],20.0000,0.0000,[170.93233  -40.68053    5.593403],20.0000,6.0000,[165.03311     49.6482       0.49797797],20.0000,6.0000,[150.76494  -62.595493   5.698989],20.0000,0.0000,[164.32054   -58.340534    5.7485037],20.0000,4.0000,[162.40747   33.177456   2.164279],20.0000,5.0000,[205.05312  -52.824207   5.897022],20.0000,4.0000
165,[176.42981    -6.5624146   5.578553 ],20.0000,0.0000,[173.69566    21.592457    0.7674251],20.0000,6.0000,[171.80371  -41.33955    5.683126],20.0000,6.0000,[166.00453    50.14672     0.5635918],20.0000,6.0000,[151.6312    -63.264473    5.3860316],20.0000,6.0000,[164.82196  -58.629635   5.748935],20.0000,4.0000,[162.18893    33.728157    2.2566214],20.0000,5.0000,[205.58917  -53.04237    5.897014],20.0000,4.0000
166,[177.3169     -7.2042284   5.2687483],20.0000,6.0000,[174.51762   22.312595   0.771375],20.0000,6.0000,[172.71478  -41.941      5.905082],20.0000,0.0000,[166.95059    50.692936    0.7697313],20.0000,0.0000,[152.30809   -64.12083     5.4544578],20.0000,6.0000,[165.32333  -58.918793   5.749338],20.0000,4.0000,[161.92055    34.25636     2.3489587],20.0000,5.0000,[206.12523   -53.260532    5.8970065],20.0000,4.0000
167,[178.01088    -8.058058    5.3704824],20.0000,0.0000,[175.33826    23.03442     0.9500877],20.0000,0.0000,[173.72224   -42.361572    5.6142144],20.0000,6.0000,[167.78496    51.40047     0.4681731],20.0000,6.0000,[153.02753   -64.9421      5.6633115],20.0000,0.0000,[165.82468   -59.208008    5.7497153],20.0000,4.0000,[161.6046     34.75756     2.4412935],20.0000,5.0000,[206.66129   -53.47869     5.8969994],20.0000,4.0000
168,[178.76013    -8.858529    5.0811257],20.0000,6.0000,[176.03464    23.878376    0.6380669],20.0000,6.0000,[174.60391   -43.00642     5.7028255],20.0000,0.0000,[168.76001    51.89115     0.5420869],20.0000,0.0000,[153.88332   -65.622025    5.3654733],20.0000,6.0000,[166.32599  -59.497276   5.750068],20.0000,5.0000,[161.24377    35.227497    2.5336273],20.0000,5.0000,[207.19734  -53.696846   5.896992],20.0000,4.0000
169,[179.29031   -9.823874   5.194643],20.0000,0.0000,[176.9125      24.527084     0.70833474],20.0000,0.0000,[175.53409 -43.5785    5.37282],20.0000,6.0000,[169.69768     52.449963     0.20245405],20.0000,6.0000,[154.55464   -66.48279     5.4451303],20.0000,6.0000,[166.82574   -59.789154    5.8421583],20.0000,4.0000,[160.84116   35.662163   2.625961],20.0000,5.0000,[207.7334    -53.915       5.8969855],20.0000,4.0000
170,[179.8903   -10.741856   4.914093],20.0000,6.0000,[177.74411    25.234152    0.3674164],20.0000,6.0000,[176.28128   -44.38027     5.4563046],20.0000,6.0000,[170.75362     52.734356     0.28060836],20.0000,0.0000,[155.27563   -67.30244     5.6586304],20.0000,6.0000,[167.3422    -60.05086     5.8760724],20.0000,4.0000,[160.40019    36.057858    2.7182949],20.0000,5.0000,[208.26947   -54.133152    5.8969793],20.0000,4.0000
171,[180.25237   -11.781962    5.0309496],20.0000,6.0000,[178.73854     25.68931      0.44535023],20.0000,0.0000,[177.06555   -45.141953    5.6918063],20.0000,0.0000,[171.78717   53.08978    6.235959],20.0000,6.0000,[156.1239   -67.99234    5.913878],20.0000,6.0000,[167.86487  -60.300392   5.888127],20.0000,4.0000,[159.9246    36.411205   2.810629],20.0000,5.0000,[208.80553  -54.351303   5.896973],20.0000,4.0000
172,[180.67694  -12.79132    5.301966],20.0000,0.0000,[1.79699326e+02 2.62104321e+01 1.17807165e-01],20.0000,6.0000,[177.98032   -45.737717    5.4131804],20.0000,6.0000,[1.7288309e+02 5.3156479e+01 4.1306268e-02],20.0000,0.0000,[157.09886   -68.49744     6.1720457],20.0000,0.0000,[168.39003   -60.544712    5.8913574],20.0000,5.0000,[159.41847    36.719196    2.9029634],20.0000,5.0000,[209.34158  -54.56945    5.896967],20.0000,4.0000
173,[181.30634  -13.683557   5.041609],20.0000,6.0000,[180.7693     26.457136    0.2066755],20.0000,0.0000,[178.73795   -46.52666     5.5074105],20.0000,6.0000,[173.9699     53.29403     6.0200863],20.0000,6.0000,[158.16766   -68.762024    5.8598475],20.0000,6.0000,[168.9151   -60.789505   5.982822],20.0000,5.0000,[158.88611    36.97921     2.9952977],20.0000,4.0000,[209.87764  -54.787598   5.896961],20.0000,4.0000
174,[181.73175   -14.691712    5.1418734],20.0000,6.0000,[181.81851    26.77224     6.1859937],20.0000,6.0000,[179.54332   -47.26439     5.7370133],20.0000,6.0000,[175.06091    53.147625    6.1256495],20.0000,0.0000,[159.14218   -69.25633     5.8979373],20.0000,6.0000,[169.45436  -61.004536   6.106326],20.0000,5.0000,[158.33159    37.186092    2.9958735],20.0000,4.0000,[210.41371   -55.005745    5.8969555],20.0000,4.0000
175,[182.2236   -15.667037   5.375529],20.0000,6.0000,[1.8291876e+02 2.6808296e+01 8.7054875e-03],20.0000,0.0000,[180.465    -47.849598   6.001737],20.0000,0.0000,[176.15541    53.079998    5.8398714],20.0000,6.0000,[160.13133  -69.72174    6.090002],20.0000,6.0000,[170.01164   -61.175934    6.2374563],20.0000,5.0000,[157.77394    37.37215     2.9644468],20.0000,4.0000,[210.94977   -55.22389     5.8969502],20.0000,4.0000
176,[182.88052  -16.538992   5.642119],20.0000,0.0000,[184.00935   26.922815   6.006386],20.0000,6.0000,[181.49512   -48.21668     5.7197866],20.0000,6.0000,[177.20448    52.74455     5.9550114],20.0000,0.0000,[ 1.6118324e+02 -7.0030190e+01  4.8157997e-02],20.0000,0.0000,[ 1.7058553e+02 -6.1295498e+01  8.1843399e-02],20.0000,5.0000,[157.21867    37.55468     2.9298203],20.0000,4.0000,[211.48584  -55.442028   5.896945],20.0000,4.0000
177,[183.71655  -17.243793   5.360894],20.0000,6.0000,[185.09952    26.765894    6.1216373],20.0000,0.0000,[182.41678   -48.801533    5.8006716],20.0000,6.0000,[178.27185    52.492786    5.6752462],20.0000,6.0000,[162.27965  -70.104576   6.022702],20.0000,6.0000,[171.17134    -61.357952     0.20074302],20.0000,5.0000,[156.66652    37.739853    2.9019334],20.0000,4.0000,[212.0219    -55.660168    5.8969398],20.0000,4.0000
178,[184.37497   -18.114408    5.4424586],20.0000,6.0000,[186.19386    26.694628    5.8419147],20.0000,0.0000,[183.37234  -49.32971    6.014045],20.0000,0.0000,[179.25125    51.989197    5.7922487],20.0000,0.0000,[163.32407   -70.42439     6.0714803],20.0000,6.0000,[171.76256   -61.36092     0.3098842],20.0000,5.0000,[156.11684    37.92853     2.8817027],20.0000,4.0000,[212.55797  -55.878307   5.896935],20.0000,4.0000
179,[185.08543  -18.943438   5.656104],20.0000,0.0000,[187.25084   26.376595   5.408367],20.0000,0.0000,[184.40942  -49.675      5.717545],20.0000,6.0000,[180.26324    51.56692     5.5125957],20.0000,0.0000,[164.38016  -70.705376   6.269464],20.0000,0.0000,[172.35223    -61.304665     0.41087455],20.0000,5.0000,[155.56888    38.11994     2.8674052],20.0000,4.0000,[213.09402  -56.096447   5.89693 ],20.0000,4.0000
180,[185.9363    -19.629513    5.3597956],20.0000,6.0000,[188.13708    25.69465     4.9723015],20.0000,6.0000,[185.33585   -50.252316    5.7973256],20.0000,6.0000,[181.16005   50.92363    5.078652],20.0000,6.0000,[165.47052  -70.79891    5.963619],20.0000,6.0000,[172.93405    -61.191097     0.50644386],20.0000,5.0000,[155.02202    38.31314     2.8571796],20.0000,4.0000,[213.6301    -56.314583    5.8969254],20.0000,4.0000
181,[186.60242  -20.494299   5.439843],20.0000,6.0000,[188.67474   24.708136   5.149332],20.0000,0.0000,[186.29486   -50.773823    6.0108013],20.0000,6.0000,[181.76082   49.984966   5.192591],20.0000,0.0000,[166.50502  -71.14725    6.034434],20.0000,6.0000,[173.50249   -61.022728    0.5991493],20.0000,5.0000,[154.47585    38.50743     2.8496435],20.0000,4.0000,[214.16615  -56.532715   5.896921],20.0000,4.0000
182,[187.31873  -21.318047   5.653455],20.0000,0.0000,[189.2727    23.782682   4.987694],20.0000,0.0000,[187.3288   -51.12968    6.265968],20.0000,0.0000,[182.39653    49.085342    4.9695034],20.0000,0.0000,[167.55664   -71.44092     6.2441163],20.0000,6.0000,[174.05263   -60.802082    0.6907605],20.0000,5.0000,[153.9301    38.70234    2.843887],20.0000,4.0000,[214.70222  -56.75085    5.896917],20.0000,4.0000
183,[188.17366   -21.998283    5.3581495],20.0000,6.0000,[189.72942   22.777426   4.610201],20.0000,6.0000,[188.41843   -51.250492    5.9733124],20.0000,6.0000,[182.84743    48.075245    4.5726786],20.0000,0.0000,[168.64442    -71.5587       0.21376647],20.0000,0.0000,[174.57993   -60.531612    0.7822279],20.0000,5.0000,[153.38463    38.897587    2.8393369],20.0000,4.0000,[215.2383   -56.968983   5.896913],20.0000,4.0000
184,[188.84488   -22.859255    5.4408956],20.0000,6.0000,[189.82826    21.670012    4.7372236],20.0000,0.0000,[189.44984   -51.6088      6.0383315],20.0000,6.0000,[182.93489    46.96065     4.1540275],20.0000,6.0000,[169.7345    -71.43474     6.2005873],20.0000,6.0000,[175.08005   -60.213825    0.8739203],20.0000,5.0000,[152.83932    39.092995    2.8356328],20.0000,4.0000,[215.77437  -57.18711    5.896909],20.0000,4.0000
185,[189.56732   -23.677534    5.6561275],20.0000,6.0000,[189.99425    20.582245    4.5072403],20.0000,6.0000,[190.49812  -51.916283   6.244172],20.0000,0.0000,[182.57777   45.896706   4.333236],20.0000,0.0000,[170.81972   -71.55625     6.2609982],20.0000,6.0000,[175.54878    -59.851437     0.96589196],20.0000,5.0000,[152.29413    39.288467    2.8325453],20.0000,4.0000,[216.31042   -57.405243    5.8969054],20.0000,4.0000
186,[190.41734   -24.364775    5.9122715],20.0000,0.0000,[189.9256    19.481596   4.65375 ],20.0000,0.0000,[191.586     -52.03177     5.9424276],20.0000,6.0000,[182.311      44.827995    4.1668878],20.0000,0.0000,[171.90994    -71.628075     0.18135637],20.0000,0.0000,[175.9822   -59.447475   1.058073],20.0000,5.0000,[151.74901    39.48394     2.8299236],20.0000,4.0000,[216.8465    -57.62337     5.8969016],20.0000,4.0000
187,[191.39966   -24.850428    5.6216373],20.0000,6.0000,[189.96623   18.385778   4.390827],20.0000,0.0000,[192.614    -52.398804   6.016169],20.0000,6.0000,[181.88635    43.80886     3.7865086],20.0000,0.0000,[172.99721  -71.50537    6.161444],20.0000,6.0000,[176.37654   -59.005325    1.1503737],20.0000,5.0000,[151.20393    39.679375    2.8276644],20.0000,4.0000,[217.38257   -57.8415      5.8968983],20.0000,4.0000
188,[192.24666   -25.53935     5.6895075],20.0000,6.0000,[189.77217    17.299902    3.9612694],20.0000,6.0000,[193.66077   -52.709114    6.2270193],20.0000,0.0000,[181.15207    42.9692      3.3620636],20.0000,6.0000,[174.0802   -71.64185    6.234033],20.0000,6.0000,[176.72849   -58.528713    1.2427258],20.0000,5.0000,[150.65887    39.87475     2.8256953],20.0000,4.0000,[217.91864   -58.059624    5.8968945],20.0000,4.0000
189,[193.12817   -26.184458    5.8967757],20.0000,0.0000,[189.18883   16.351175   4.073434],20.0000,0.0000,[194.7475   -52.825554   5.929949],20.0000,6.0000,[180.14314    42.479645    3.5289695],20.0000,0.0000,[ 1.7516924e+02 -7.1719856e+01  1.6123328e-01],20.0000,0.0000,[177.03499  -58.021683   1.33509 ],20.0000,5.0000,[150.11383    40.070045    2.8239622],20.0000,4.0000,[218.45471   -58.27775     5.8968916],20.0000,4.0000
190,[194.11247  -26.661617   5.595934],20.0000,6.0000,[188.65584   15.387329   3.846509],20.0000,0.0000,[195.7754    -53.19302     6.0100684],20.0000,6.0000,[179.18887    41.929058    3.3547382],20.0000,0.0000,[176.25566  -71.60022    6.147065],20.0000,6.0000,[177.29343  -57.488544   1.427449],20.0000,5.0000,[149.56879    40.26526     2.8224254],20.0000,4.0000,[218.99078   -58.495872    5.8968883],20.0000,4.0000
191,[194.95557   -27.354937    5.6705317],20.0000,6.0000,[187.94063    14.543458    3.4478626],20.0000,6.0000,[196.8233    -53.498825    6.2237773],20.0000,0.0000,[178.15768    41.533424    2.9728622],20.0000,6.0000,[177.33849   -71.73844     6.2268333],20.0000,6.0000,[177.5016    -56.93385     1.5197984],20.0000,5.0000,[149.02374    40.46038     2.8210535],20.0000,4.0000,[219.52686  -58.713997   5.896885],20.0000,4.0000
192,[195.83592   -28.000647    5.8817244],20.0000,0.0000,[186.96758    14.000262    3.5794692],20.0000,0.0000,[197.91025   -53.60892     5.9285703],20.0000,6.0000,[177.04572   41.505943   3.100495],20.0000,0.0000,[ 1.7842760e+02 -7.1812408e+01  1.5717629e-01],20.0000,0.0000,[177.65775   -56.362316    1.6121399],20.0000,5.0000,[148.47868    40.65541     2.8198216],20.0000,4.0000,[220.06293  -58.93212    5.896882],20.0000,4.0000
193,[196.81946   -28.477194    5.5848737],20.0000,6.0000,[186.04008    13.406941    3.3624294],20.0000,6.0000,[198.94035  -53.970436   6.011541],20.0000,6.0000,[175.94934    41.41091     2.8728418],20.0000,6.0000,[179.5129    -71.68697     6.1450524],20.0000,6.0000,[177.76053   -55.77882     1.7044765],20.0000,5.0000,[147.93361    40.85035     2.8187099],20.0000,4.0000,[220.599    -59.15024    5.896879],20.0000,4.0000
194,[197.66292   -29.170155    5.6652875],20.0000,6.0000,[185.0095     13.014364    3.5154715],20.0000,0.0000,[199.99052   -54.2682      6.2269254],20.0000,0.0000,[174.85524   41.54923    3.020598],20.0000,0.0000,[180.59654   -71.81928     6.2278595],20.0000,6.0000,[177.80907   -55.188335    1.7968107],20.0000,5.0000,[147.3885     41.045197    2.8177025],20.0000,4.0000,[221.13507   -59.368362    5.8968763],20.0000,4.0000
195,[198.54616   -29.811646    5.8791513],20.0000,0.0000,[184.03114    12.519383    3.2549105],20.0000,6.0000,[201.07814   -54.368843    5.9325905],20.0000,6.0000,[173.75903    41.57714     2.7581882],20.0000,6.0000,[ 1.8168613e+02 -7.1885132e+01  1.5995075e-01],20.0000,0.0000,[177.80296   -54.595886    1.8891442],20.0000,5.0000,[146.8434     41.23995     2.8167856],20.0000,4.0000,[221.67114  -59.586483   5.896874],20.0000,4.0000
196,[199.5322   -30.281988   5.584031],20.0000,6.0000,[182.96239   12.257173   3.375969],20.0000,0.0000,[202.11142   -54.72154     6.0170536],20.0000,0.0000,[172.694      41.854736    2.8792357],20.0000,0.0000,[182.77007  -71.75049    6.148751],20.0000,6.0000,[177.74225   -54.006527    1.9814777],20.0000,5.0000,[146.29826    41.434612    2.8159485],20.0000,4.0000,[222.20721  -59.804604   5.896871],20.0000,4.0000
197,[200.37994  -30.969854   5.667144],20.0000,6.0000,[181.92383    11.906688    3.0940778],20.0000,6.0000,[203.16902   -54.992184    5.6829586],20.0000,6.0000,[171.61372    42.04073     2.5980673],20.0000,6.0000,[183.8549    -71.87368     6.2331233],20.0000,0.0000,[177.62746   -53.425278    2.0738115],20.0000,5.0000,[145.75313    41.629192    2.8151813],20.0000,4.0000,[222.74329   -60.02272     5.8968687],20.0000,4.0000
198,[201.26814   -31.60439     5.8826227],20.0000,0.0000,[180.82677    11.816548    3.2080543],20.0000,0.0000,[204.1183   -55.53784    5.763744],20.0000,6.0000,[170.60573   42.483192   2.712567],20.0000,0.0000,[184.94592   -71.91157     5.8989577],20.0000,6.0000,[177.45956   -52.857086    2.1661458],20.0000,5.0000,[145.20795    41.82368     2.8144765],20.0000,4.0000,[223.27936   -60.240837    5.8968663],20.0000,4.0000
199,[202.25809   -32.065926    5.5883317],20.0000,6.0000,[179.74445   11.641389   2.925097],20.0000,6.0000,[205.09193   -56.034096    5.9936233],20.0000,0.0000,[169.57024    42.84354     2.4300454],20.0000,6.0000,[185.99      -72.24131     5.9797015],20.0000,6.0000,[177.23999  -52.306797   2.25848 ],20.0000,4.0000,[144.66275   42.01809    2.813827],20.0000,4.0000,[223.81543  -60.458954   5.896864],20.0000,4.0000
200,[203.11188  -32.746437   5.672874],20.0000,6.0000,[178.64728    11.734472    3.0401034],20.0000,0.0000,[206.14075  -56.336704   5.711118],20.0000,6.0000,[168.649      43.446674    2.5452328],20.0000,6.0000,[187.04732  -72.51758    6.209481],20.0000,0.0000,[176.96832   -51.780983    2.2590559],20.0000,5.0000,[144.11754   42.212418   2.813227],20.0000,4.0000,[224.3515   -60.67707    5.896862],20.0000,4.0000
201,[204.00606  -33.372482   5.889393],20.0000,0.0000,[177.55078   11.741257   2.759013],20.0000,6.0000,[207.09407  -56.8724     5.803911],20.0000,6.0000,[167.6973     43.98818     2.8147666],20.0000,0.0000,[188.13658   -72.588646    5.9269037],20.0000,6.0000,[176.68265   -51.266598    2.3193877],20.0000,5.0000,[143.57231    42.40667     2.8126717],20.0000,4.0000,[224.88757   -60.895187    5.8968596],20.0000,4.0000
202,[205.00053  -33.82384    5.595549],20.0000,6.0000,[176.48387    12.013885    2.8751009],20.0000,0.0000,[208.07826   -57.345703    6.0316715],20.0000,0.0000,[166.65486    44.313084    2.5537791],20.0000,6.0000,[189.18248  -72.90789    6.019671],20.0000,6.0000,[176.366    -50.770805   2.410075],20.0000,4.0000,[143.02705    42.600845    2.8121562],20.0000,4.0000,[225.42365   -61.113304    5.8968577],20.0000,4.0000
203,[205.86124   -34.495724    5.6809196],20.0000,6.0000,[175.40332    12.200546    2.5947382],20.0000,6.0000,[209.13394  -57.623283   5.744699],20.0000,6.0000,[165.704      44.85457     2.6538644],20.0000,0.0000,[190.24515   -73.15959     6.2473936],20.0000,0.0000,[176.0077    -50.303562    2.4199426],20.0000,4.0000,[142.48178   42.79495    2.811677],20.0000,4.0000,[225.95973  -61.331417   5.896856],20.0000,4.0000
204,[206.76195   -35.112328    5.8981304],20.0000,0.0000,[174.3954     12.644047    2.7110722],20.0000,0.0000,[210.09764   -58.138523    5.8355513],20.0000,6.0000,[164.71207    45.31399     2.3369277],20.0000,6.0000,[191.33578   -73.20483     5.9603972],20.0000,6.0000,[175.63531  -49.850677   2.399204],20.0000,5.0000,[141.93648    42.98898     2.8112307],20.0000,4.0000,[226.4958   -61.54953    5.896854],20.0000,4.0000
205,[207.76126   -35.552723    5.6046014],20.0000,6.0000,[173.3599     13.004743    2.4307513],20.0000,6.0000,[211.0915   -58.590466   6.059139],20.0000,0.0000,[163.86972    46.018272    2.4289377],20.0000,6.0000,[192.3874   -73.501915   6.051239],20.0000,6.0000,[175.26305   -49.40035     2.4640846],20.0000,4.0000,[141.39116    43.182945    2.8108144],20.0000,4.0000,[227.03188  -61.767643   5.896852],20.0000,4.0000
206,[208.6293    -36.215176    5.6904883],20.0000,6.0000,[172.43796    13.606905    2.5470524],20.0000,6.0000,[212.15242  -58.847683   5.769301],20.0000,6.0000,[162.99532    46.675846    2.6764832],20.0000,6.0000,[193.45496   -73.73072     6.2748117],20.0000,0.0000,[174.8646    -48.972347    2.4743478],20.0000,4.0000,[140.84583   43.376846   2.810425],20.0000,4.0000,[227.56795  -61.985756   5.89685 ],20.0000,4.0000
207,[209.53687  -36.821674   5.908162],20.0000,0.0000,[171.48524    14.146655    2.8172219],20.0000,0.0000,[213.12474   -59.345722    5.8586173],20.0000,6.0000,[162.01746    47.160942    2.9556885],20.0000,0.0000,[194.54634   -73.75497     5.9849644],20.0000,6.0000,[174.45667   -48.554928    2.4632418],20.0000,4.0000,[140.30048   43.570686   2.810061],20.0000,4.0000,[228.10402  -62.20387    5.896848],20.0000,4.0000
208,[210.5411    -37.250557    5.6148624],20.0000,6.0000,[170.44208   14.469137   2.556415],20.0000,6.0000,[214.12619   -59.780308    6.0800433],20.0000,0.0000,[160.95303   47.406975   2.679248],20.0000,6.0000,[195.6027    -74.033424    6.0742745],20.0000,6.0000,[174.04665   -48.141376    2.4464698],20.0000,5.0000,[139.7551     43.76446     2.8097196],20.0000,4.0000,[228.6401   -62.42198    5.896847],20.0000,4.0000
209,[211.41673   -37.903027    5.7010765],20.0000,6.0000,[169.48987    15.008257    2.6565301],20.0000,6.0000,[215.19121  -60.020393   5.788852],20.0000,6.0000,[159.96974    47.881126    2.7671545],20.0000,0.0000,[ 1.9667393e+02 -7.4243668e+01  1.2507681e-02],20.0000,0.0000,[173.6392    -47.726303    2.5223448],20.0000,4.0000,[139.2097     43.958183    2.8093991],20.0000,4.0000,[229.17618  -62.64009    5.896845],20.0000,4.0000
210,[212.33128   -38.498936    5.9190555],20.0000,0.0000,[168.50511   15.480937   2.8901  ],20.0000,0.0000,[216.17096  -60.50324    5.877216],20.0000,0.0000,[158.95105    48.2733      2.4333062],20.0000,6.0000,[197.76566  -74.25032    6.004497],20.0000,6.0000,[173.20726  -47.335213   2.542843],20.0000,4.0000,[138.66429   44.151848   2.809098],20.0000,5.0000,[229.71225   -62.858204    5.8968434],20.0000,4.0000
211,[213.3405   -38.915916   5.625911],20.0000,6.0000,[167.44821   15.753794   2.606104],20.0000,6.0000,[217.18591  -60.906113   5.546916],20.0000,6.0000,[158.072      48.924984    2.5134454],20.0000,6.0000,[198.82605   -74.51235     6.0928574],20.0000,0.0000,[172.76566   -46.955563    2.5405385],20.0000,4.0000,[138.11984    44.348267    2.9005733],20.0000,4.0000,[230.24834  -63.076313   5.896842],20.0000,4.0000
212,[214.22379  -39.558      5.712332],20.0000,6.0000,[166.481      16.262815    2.6980245],20.0000,6.0000,[218.06018   -61.566902    5.6301956],20.0000,0.0000,[157.16202   49.52953    2.740064],20.0000,6.0000,[199.90369  -74.688736   5.762553],20.0000,6.0000,[172.321    -46.580654   2.530303],20.0000,4.0000,[137.56409    44.511917    2.9338732],20.0000,4.0000,[230.78441   -63.294422    5.8968406],20.0000,4.0000
213,[215.14539   -40.14297     5.9305086],20.0000,0.0000,[165.48401    16.707966    2.9228928],20.0000,0.0000,[218.97491   -62.167667    5.3147635],20.0000,6.0000,[156.16254    49.96852     3.0055935],20.0000,0.0000,[200.8991    -75.14716     5.8458295],20.0000,0.0000,[171.87595   -46.20727     2.5187304],20.0000,4.0000,[137.00424    44.661957    2.9446654],20.0000,4.0000,[231.32048  -63.51253    5.896839],20.0000,4.0000
214,[216.15953  -40.547768   5.637467],20.0000,6.0000,[164.4212    16.957115   2.633833],20.0000,6.0000,[219.70407  -62.990997   5.412766],20.0000,0.0000,[155.08911   50.17532    2.724585],20.0000,6.0000,[201.92119   -75.5383      5.5303917],20.0000,6.0000,[171.43143  -45.83408    2.508316],20.0000,5.0000,[136.44286    44.806084    2.9462824],20.0000,4.0000,[231.85657   -63.73064     5.8968377],20.0000,4.0000
215,[217.0505   -41.17917    5.724017],20.0000,0.0000,[163.44484   17.447378   2.723598],20.0000,6.0000,[220.48505  -63.760292   5.11984 ],20.0000,6.0000,[154.08974    50.614357    2.8077717],20.0000,0.0000,[202.8096    -76.18656     5.6283903],20.0000,0.0000,[170.98936   -45.45826     2.5914233],20.0000,4.0000,[135.88089    44.947666    2.9443433],20.0000,4.0000,[232.39264   -63.94875     5.8968363],20.0000,4.0000
216,[217.98857  -41.737827   5.391769],20.0000,6.0000,[162.43987    17.87382     2.9455998],20.0000,0.0000,[221.05174   -64.70459     5.2316885],20.0000,0.0000,[153.059      50.973633    2.4715834],20.0000,6.0000,[203.7371    -76.77094     5.3354607],20.0000,6.0000,[170.52483   -45.1087      2.6179245],20.0000,4.0000,[135.31879   45.08818    2.941248],20.0000,4.0000,[232.92871   -64.166855    5.8968353],20.0000,4.0000
217,[218.74593  -42.52926    5.473724],20.0000,6.0000,[161.3729     18.104881    2.6547587],20.0000,6.0000,[221.68538  -65.599686   4.950264],20.0000,6.0000,[152.16086    51.597748    2.5507596],20.0000,6.0000,[204.4927   -77.57213    5.447307],20.0000,0.0000,[170.05133   -44.77133     2.6210961],20.0000,4.0000,[134.75667    45.228256    2.9379892],20.0000,5.0000,[233.4648   -64.384964   5.896834],20.0000,4.0000
218,[219.54015   -43.280212    5.7062235],20.0000,0.0000,[160.38896   18.579288   2.743389],20.0000,6.0000,[222.08505   -66.62596     5.0669227],20.0000,6.0000,[151.23256    52.173325    2.7744925],20.0000,6.0000,[205.30318   -78.310936    5.1658816],20.0000,6.0000,[169.57458   -44.439262    2.6153188],20.0000,4.0000,[134.19519    45.371048    3.0266976],20.0000,4.0000,[234.00087  -64.60307    5.896833],20.0000,5.0000
219,[220.4618    -43.865173    5.4255614],20.0000,6.0000,[159.37744    18.989775    2.9639575],20.0000,0.0000,[222.54587   -67.61932     5.3380227],20.0000,6.0000,[150.22034    52.582253    3.0378692],20.0000,0.0000,[205.91318 -79.22793   5.28254],20.0000,6.0000,[169.09702   -44.10919     2.6070206],20.0000,4.0000,[133.62517   45.479946   3.057418],20.0000,4.0000,[234.53583   -64.82394     5.9885902],20.0000,4.0000
220,[221.22745   -44.64615     5.5190344],20.0000,6.0000,[158.30704    19.204844    2.6722527],20.0000,6.0000,[223.19266   -68.49866     5.6283183],20.0000,6.0000,[149.14122    52.75838     2.7558627],20.0000,6.0000,[206.57584   -80.0997      5.5536394],20.0000,6.0000,[168.61954  -43.779675   2.598863],20.0000,4.0000,[133.0523     45.574093    3.0647142],20.0000,4.0000,[235.08337   -65.01262     6.0222073],20.0000,4.0000
221,[222.0402    -45.37566     5.7477145],20.0000,6.0000,[157.31639    19.664768    2.7601895],20.0000,6.0000,[224.0209    -69.2123      5.9056015],20.0000,6.0000,[148.12976    53.16882     2.8376372],20.0000,6.0000,[207.3958    -80.82029     5.8439355],20.0000,6.0000,[168.14241   -43.45017     2.5917263],20.0000,4.0000,[132.4786     45.661884    3.0625956],20.0000,4.0000,[235.63553   -65.18814     6.0336475],20.0000,5.0000
222,[222.96745  -45.952034   6.011874],20.0000,6.0000,[156.29909    20.060629    2.9799507],20.0000,0.0000,[224.9903    -69.728874    6.1701093],20.0000,6.0000,[147.09491   53.516743   3.051392],20.0000,0.0000,[208.35754   -81.34021     6.1212187],20.0000,6.0000,[167.66563   -43.12053     2.5857427],20.0000,4.0000,[131.9048    45.74715    3.057242],20.0000,5.0000,[236.18877   -65.36086     6.1278343],20.0000,4.0000
223,[223.9962    -46.326797    6.2801914],20.0000,6.0000,[155.22575   20.26077    2.687777],20.0000,6.0000,[ 2.2605611e+02 -7.0017334e+01  1.2517729e-01],20.0000,6.0000,[146.01276    53.66997     2.7552583],20.0000,6.0000,[ 2.0941501e+02 -8.1637421e+01  1.0254146e-01],20.0000,6.0000,[167.18916   -42.790764    2.5807831],20.0000,5.0000,[131.33138    45.834538    3.1430538],20.0000,4.0000,[236.75311  -65.497856   6.159865],20.0000,4.0000
224,[225.08734    -46.469803     0.25195673],20.0000,6.0000,[154.22893    20.706982    2.7752812],20.0000,6.0000,[227.1626    -70.067604    0.3314729],20.0000,6.0000,[144.99763   54.071377   2.835649],20.0000,6.0000,[210.51785    -81.69117      0.34079462],20.0000,6.0000,[166.71448  -42.4584     2.668419],20.0000,4.0000,[130.75255    45.8871      3.1709464],20.0000,4.0000,[237.32126   -65.61909     6.1666436],20.0000,4.0000
225,[226.18816    -46.367588     0.47883576],20.0000,6.0000,[153.20633    21.088938    2.9945655],20.0000,0.0000,[228.25746    -69.89467      0.51372755],20.0000,6.0000,[143.96039    54.411583    3.0494437],20.0000,0.0000,[211.60948   -81.50354     0.5470903],20.0000,6.0000,[166.21985   -42.15457     2.6984258],20.0000,4.0000,[130.17245    45.92431     3.1750257],20.0000,4.0000,[237.89056  -65.73355    6.163355],20.0000,4.0000
226,[227.24477   -46.033833    0.6758862],20.0000,6.0000,[152.13039    21.274744    2.7021227],20.0000,6.0000,[229.30139    -69.52354      0.68536276],20.0000,0.0000,[142.87766    54.557396    2.7542486],20.0000,6.0000,[212.642      -81.10036      0.72934496],20.0000,6.0000,[165.71735  -41.863556   2.705041],20.0000,4.0000,[129.59236   45.955128   3.169865],20.0000,4.0000,[238.46002  -65.84541    6.156763],20.0000,4.0000
227,[228.21649   -45.500786    0.8535373],20.0000,0.0000,[151.12776    21.707676    2.7893555],20.0000,6.0000,[230.25275   -68.96264     0.3054731],20.0000,6.0000,[141.85999   54.952583   2.837179],20.0000,6.0000,[213.58234   -80.51447     0.9009802],20.0000,0.0000,[165.21185   -41.578186    2.7023087],20.0000,5.0000,[129.01257    45.983696    3.1619809],20.0000,5.0000,[239.02931   -65.95649     6.1497507],20.0000,4.0000
228,[229.06248    -44.790253     0.47379988],20.0000,6.0000,[150.10023    22.076134    3.0083508],20.0000,6.0000,[231.30768    -68.67848      0.31204313],20.0000,6.0000,[140.82018    55.284733    3.0525322],20.0000,0.0000,[214.39166   -79.76302     0.5210905],20.0000,6.0000,[164.70668   -41.292408    2.7882075],20.0000,4.0000,[128.43306    46.01473     3.2458534],20.0000,4.0000,[239.59834   -66.06749     6.1433797],20.0000,4.0000
229,[230.05559   -44.334713    0.4786074],20.0000,6.0000,[149.02432    22.26562     3.2663002],20.0000,0.0000,[232.3618     -68.39076      0.49304312],20.0000,6.0000,[139.73647    55.421127    2.7581818],20.0000,6.0000,[215.36137    -79.25974      0.52766055],20.0000,6.0000,[164.1837    -41.03784     2.8152277],20.0000,4.0000,[127.85157    46.010777    3.2723472],20.0000,4.0000,[240.16716  -66.17862    6.137914],20.0000,4.0000
230,[231.04787    -43.87706      0.65862805],20.0000,6.0000,[147.93054    22.215172    2.9789815],20.0000,6.0000,[233.3659     -67.95332      0.73332703],20.0000,0.0000,[138.71536   55.80764    2.842614],20.0000,6.0000,[216.32953    -78.75315      0.70866054],20.0000,6.0000,[163.65404   -40.797543    2.8179474],20.0000,5.0000,[127.27038    45.991463    3.2751713],20.0000,5.0000,[240.7358    -66.2899      6.1333137],20.0000,4.0000
231,[231.96649  -43.28057    0.898409],20.0000,0.0000,[146.85602    22.407831    3.0518906],20.0000,6.0000,[234.25627    -67.31084      0.42858204],20.0000,6.0000,[137.67249    56.130005    3.0590463],20.0000,6.0000,[217.2168     -78.111015     0.94894445],20.0000,0.0000,[163.12312   -40.560455    2.9031835],20.0000,4.0000,[126.68947    45.96886     3.3607264],20.0000,4.0000,[241.30428   -66.40129     6.1294475],20.0000,4.0000
232,[232.73944   -42.500706    0.5933066],20.0000,6.0000,[145.77208    22.541534    3.2616417],20.0000,0.0000,[235.2638    -66.88934     0.4827142],20.0000,6.0000,[136.58905    56.273205    3.3157198],20.0000,0.0000,[217.9491     -77.29291      0.64419943],20.0000,6.0000,[162.57684   -40.35757     2.9274049],20.0000,4.0000,[126.10991    45.908825    3.3852837],20.0000,4.0000,[241.87267   -66.51273     6.1261783],20.0000,4.0000
233,[233.66428   -41.919823    0.6471778],20.0000,6.0000,[144.68039    22.477047    2.9624739],20.0000,6.0000,[236.2537     -66.42669      0.68342525],20.0000,0.0000,[135.4979     56.175694    3.0262575],20.0000,0.0000,[218.8431    -76.66561     0.6983316],20.0000,6.0000,[162.0253    -40.17028     2.9263978],20.0000,5.0000,[125.532524   45.83248     3.3846116],20.0000,4.0000,[242.44098   -66.62418     6.1233873],20.0000,4.0000
234,[234.56512    -41.301403     0.84777224],20.0000,0.0000,[143.60596    22.669594    3.0388381],20.0000,6.0000,[237.14844    -65.79679      0.37905914],20.0000,6.0000,[134.41396    56.304356    2.5453343],20.0000,6.0000,[219.71109    -76.001884     0.89904267],20.0000,0.0000,[161.4731    -39.986286    3.0081491],20.0000,5.0000,[124.9567     45.749977    3.3748841],20.0000,5.0000,[243.00925   -66.7356      6.1209817],20.0000,4.0000
235,[235.34479    -40.533623     0.54335666],20.0000,6.0000,[142.52216    22.800926    3.2507465],20.0000,0.0000,[238.16418    -65.39707      0.45093915],20.0000,6.0000,[133.45087    56.829075    2.5958097],20.0000,6.0000,[220.45036    -75.19514      0.59467655],20.0000,6.0000,[160.90952   -39.834625    3.1214643],20.0000,4.0000,[124.38114    45.66876     3.4550889],20.0000,4.0000,[243.57745  -66.84697    6.118888],20.0000,4.0000
236,[236.28148    -39.973164     0.61521256],20.0000,0.0000,[141.43141    22.733831    2.9543695],20.0000,6.0000,[239.15744   -64.94369     0.6610506],20.0000,0.0000,[132.47922   57.332005   2.822677],20.0000,6.0000,[221.35706    -74.58736      0.66655654],20.0000,6.0000,[160.3327    -39.732895    3.1500015],20.0000,5.0000,[123.81041   45.552563   3.477991],20.0000,4.0000,[244.14566  -66.958275   6.11705 ],20.0000,4.0000
237,[237.17693    -39.348896     0.27476302],20.0000,6.0000,[140.35648    22.923992    3.0354576],20.0000,6.0000,[240.05382    -64.31823      0.36356997],20.0000,6.0000,[131.43947    57.664463    3.0960941],20.0000,6.0000,[222.2303     -73.93196      0.87666804],20.0000,0.0000,[159.75325   -39.650745    3.2353222],20.0000,4.0000,[123.243195  45.4213     3.477218],20.0000,5.0000,[244.71384   -67.069496    6.1154246],20.0000,4.0000
238,[238.20998   -38.990482    0.3525812],20.0000,0.0000,[139.2721     23.049297    3.2496903],20.0000,6.0000,[241.07054   -63.92093     0.4432247],20.0000,6.0000,[130.35162    57.770535    3.3691106],20.0000,0.0000,[222.97212   -73.12921     0.5791874],20.0000,6.0000,[159.1683    -39.611984    3.2504609],20.0000,5.0000,[122.677025   45.287205    3.5597122],20.0000,4.0000,[245.282     -67.180626    6.1139774],20.0000,3.0000
239,[ 2.3921571e+02 -3.8562809e+01  2.4187706e-02],20.0000,6.0000,[138.1803    22.992521   3.505325],20.0000,0.0000,[242.06207   -63.46428     0.6566983],20.0000,0.0000,[129.26572    57.62139     3.0832324],20.0000,6.0000,[223.8803    -72.523575    0.6588421],20.0000,6.0000,[158.58354   -39.588562    3.3295405],20.0000,5.0000,[122.119354   45.11697     3.5820277],20.0000,4.0000,[245.85066   -67.288734    6.0209227],20.0000,3.0000
240,[ 2.40304108e+02 -3.84189796e+01  1.12302266e-01],20.0000,0.0000,[137.12477    22.697144    3.2136486],20.0000,6.0000,[242.95477    -62.83443      0.36135966],20.0000,6.0000,[128.17758   57.711723   3.151065],20.0000,6.0000,[224.75116    -71.865364     0.87231565],20.0000,0.0000,[157.99727   -39.603523    3.4343295],20.0000,5.0000,[121.56702    44.931393    3.5795267],20.0000,5.0000,[246.41263   -67.4276      5.8944545],20.0000,3.0000
241,[241.37848   -38.205215    6.0905056],20.0000,6.0000,[136.03424   22.643599   3.280029],20.0000,6.0000,[243.96945   -62.43165     0.4441226],20.0000,0.0000,[127.085655   57.74614     3.3579128],20.0000,6.0000,[225.48843   -71.05911     0.5769771],20.0000,6.0000,[157.41243  -39.66862    3.545028],20.0000,5.0000,[121.01614    44.743065    3.6601849],20.0000,4.0000,[246.96344   -67.609726    5.7578034],20.0000,3.0000
242,[242.47704  -38.27475    6.195726],20.0000,0.0000,[134.9472     22.535553    3.4865525],20.0000,0.0000,[ 2.4494986e+02 -6.1951607e+01  1.0881913e-01],20.0000,6.0000,[125.9999     57.60125     3.6069038],20.0000,0.0000,[226.39345    -70.44856      0.65974003],20.0000,6.0000,[156.83447  -39.78883    3.653035],20.0000,5.0000,[120.47724    44.519722    3.6810446],20.0000,5.0000,[247.49857   -67.840614    5.6213226],20.0000,3.0000
243,[243.57358  -38.26567    5.909677],20.0000,6.0000,[133.89557    22.23427     3.1852348],20.0000,6.0000,[ 2.4602608e+02 -6.1751854e+01  1.8892424e-01],20.0000,0.0000,[124.96967   57.220467   3.303935],20.0000,0.0000,[227.25937    -69.783966     0.87498844],20.0000,6.0000,[156.26964   -39.96494     3.7557442],20.0000,5.0000,[119.94363   44.284332   3.769085],20.0000,4.0000,[248.0121   -68.12316    5.491426],20.0000,3.0000
244,[244.6435    -38.52713     6.0247087],20.0000,0.0000,[132.80498    22.188425    3.2593732],20.0000,6.0000,[247.08559  -61.48084    6.149737],20.0000,6.0000,[123.8892    57.064014   2.806287],20.0000,6.0000,[228.00331   -68.983116    1.1311414],20.0000,6.0000,[155.72386   -40.195225    3.8535628],20.0000,4.0000,[119.42691    44.011024    3.7899842],20.0000,4.0000,[248.4972    -68.45752     5.3715854],20.0000,4.0000
245,[245.72581   -38.703926    5.7449045],20.0000,6.0000,[131.71834    22.082626    3.4703825],20.0000,0.0000,[248.18433  -61.500298   6.242643],20.0000,6.0000,[122.826965   57.33288     2.8521287],20.0000,6.0000,[228.57137  -68.04404    1.391083],20.0000,6.0000,[155.20425   -40.47896     3.8562636],20.0000,5.0000,[118.91952    43.722355    3.7834458],20.0000,5.0000,[248.94504   -68.84266     5.3539534],20.0000,3.0000
246,[246.7379    -39.138103    5.8619075],20.0000,0.0000,[130.66754   21.782064   3.173413],20.0000,6.0000,[ 2.4927821e+02 -6.1464954e+01  2.1138403e-01],20.0000,0.0000,[121.761604   57.579918    3.0727625],20.0000,6.0000,[228.9232    -66.998535    1.6321415],20.0000,0.0000,[154.69696  -40.777378   3.91701 ],20.0000,5.0000,[118.41446    43.43137     3.8599532],20.0000,4.0000,[249.37589   -69.24322     5.2843685],20.0000,3.0000
247,[247.77684   -39.488903    5.5822697],20.0000,6.0000,[129.5769     21.736214    3.2536664],20.0000,6.0000,[250.34      -61.210453    6.2262826],20.0000,6.0000,[120.67222    57.648933    3.3421357],20.0000,6.0000,[229.02258   -65.89882     1.2931759],20.0000,6.0000,[154.20927   -41.10663     4.0074277],20.0000,5.0000,[117.92779    43.108738    3.8776524],20.0000,4.0000,[249.77905  -69.671974   5.190118],20.0000,3.0000
248,[248.70476  -40.081825   5.698889],20.0000,0.0000,[128.4909    21.625599   3.467445],20.0000,6.0000,[ 2.5143420e+02 -6.1194977e+01  4.1140340e-02],20.0000,0.0000,[119.59069    57.48977     3.6137555],20.0000,6.0000,[229.3762    -64.86458     1.3103268],20.0000,6.0000,[153.74904  -41.474934   4.108621],20.0000,4.0000,[117.45056   42.773506   3.871433],20.0000,5.0000,[250.14563  -70.1339     5.087885],20.0000,4.0000
249,[249.67276   -40.596928    5.4186645],20.0000,6.0000,[127.43664   21.335821   3.722829],20.0000,6.0000,[252.52235   -61.08994     6.0069895],20.0000,6.0000,[118.564156  57.09986    3.877333],20.0000,0.0000,[229.716    -63.82549    1.493133],20.0000,0.0000,[153.32558  -41.88593    4.119301],20.0000,5.0000,[116.975334   42.43669     3.9493895],20.0000,4.0000,[250.46616   -70.62964     5.0774307],20.0000,3.0000
250,[250.49161   -41.333168    5.5349617],20.0000,0.0000,[126.45923    20.835602    3.9812162],20.0000,0.0000,[253.60521  -61.27234    6.099211],20.0000,0.0000,[117.6569     56.47559     3.5663166],20.0000,6.0000,[229.8822    -62.74357     1.1808532],20.0000,6.0000,[152.91748  -42.308796   4.187574],20.0000,4.0000,[116.521255   42.070137    3.9685593],20.0000,5.0000,[250.76881   -71.133545    5.0097704],20.0000,3.0000
251,[251.36256  -41.99936    5.254535],20.0000,6.0000,[125.62309    20.119272    3.6693313],20.0000,6.0000,[254.69531   -61.380836    5.7968187],20.0000,6.0000,[116.64103   56.0729     3.603698],20.0000,6.0000,[230.30319   -61.736443    1.2489144],20.0000,0.0000,[152.53995  -42.758972   4.191013],20.0000,5.0000,[116.075516   41.693806    4.0554376],20.0000,5.0000,[251.03838  -71.65625    4.915105],20.0000,4.0000
252,[252.05013   -42.85948     5.3707705],20.0000,0.0000,[124.65476    19.61297     3.7076945],20.0000,6.0000,[255.72667   -61.76549     5.9029503],20.0000,0.0000,[115.63694    55.640503    3.7952075],20.0000,6.0000,[230.6562   -60.703514   0.907026],20.0000,6.0000,[152.17331   -43.215797    4.2625723],20.0000,5.0000,[115.6542    41.287865   4.167377],20.0000,4.0000,[251.26123   -72.201294    4.9034996],20.0000,4.0000
253,[252.8005   -43.659054   5.09034 ],20.0000,6.0000,[123.70156    19.077768    3.8998861],20.0000,6.0000,[256.77905  -62.07351    5.617172],20.0000,6.0000,[114.70866    55.057343    4.0361247],20.0000,6.0000,[231.27829   -59.8043      0.9844196],20.0000,0.0000,[151.83519   -43.695225    4.3634357],20.0000,4.0000,[115.27035   40.843773   4.192051],20.0000,5.0000,[251.46391   -72.751564    4.9236593],20.0000,3.0000
254,[253.33826   -44.619987    5.2065883],20.0000,0.0000,[122.8398     18.400269    4.1412773],20.0000,0.0000,[257.728    -62.63258    5.732162],20.0000,0.0000,[113.91211   54.296993   4.277622],20.0000,0.0000,[231.83765   -58.865433    0.6556879],20.0000,6.0000,[151.54002  -44.203693   4.38059 ],20.0000,4.0000,[114.90258   40.38748    4.272944],20.0000,4.0000,[251.66412  -73.30053    4.858738],20.0000,3.0000
255,[253.94786  -45.53145    4.926178],20.0000,6.0000,[122.14283    17.55064     3.8326547],20.0000,6.0000,[258.71326  -63.11413    5.452192],20.0000,6.0000,[113.30905    53.37354     3.9471538],20.0000,6.0000,[232.63142    -58.10705      0.74361455],20.0000,0.0000,[151.26463  -44.72095    4.364666],20.0000,5.0000,[114.56911    39.90474     4.2846527],20.0000,5.0000,[251.83466   -73.8604      4.7568593],20.0000,4.0000
256,[254.32133   -46.567345    5.0424366],20.0000,0.0000,[121.276184   16.885796    3.8814356],20.0000,6.0000,[259.55695   -63.821922    5.5690866],20.0000,0.0000,[112.5141     52.62358     3.9721546],20.0000,0.0000,[233.37267   -57.300526    0.4384167],20.0000,6.0000,[150.99263   -45.237957    4.4322066],20.0000,4.0000,[114.24853   39.414833   4.361255],20.0000,5.0000,[251.95717   -74.434265    4.7360506],20.0000,4.0000
257,[254.7738    -47.566166    4.7620325],20.0000,6.0000,[120.43439    16.188902    4.0794196],20.0000,6.0000,[260.45038  -64.4577     5.289369],20.0000,6.0000,[111.746796   51.846077    3.6080182],20.0000,6.0000,[234.30069   -56.708553    0.5435173],20.0000,0.0000,[150.7521    -45.770977    4.4436193],20.0000,4.0000,[113.95969    38.90428     4.4645896],20.0000,4.0000,[252.0585   -75.01078    4.747936],20.0000,3.0000
258,[254.97299   -48.64917     4.8782935],20.0000,0.0000,[119.71096   15.365836   4.324125],20.0000,0.0000,[261.1676   -65.29329    5.405959],20.0000,0.0000,[110.78953    51.320087    3.6752555],20.0000,6.0000,[235.18074   -56.05436     0.2573791],20.0000,6.0000,[150.5254   -46.308834   4.432932],20.0000,5.0000,[113.71717   38.368656   4.482746],20.0000,5.0000,[252.15614   -75.58642     4.6772895],20.0000,3.0000
259,[255.25616   -49.708504    4.5978894],20.0000,6.0000,[119.18237   14.402712   4.018138],20.0000,6.0000,[261.94565   -66.06596     5.1257267],20.0000,6.0000,[109.85835    50.750275    3.8878968],20.0000,6.0000,[236.19893    -55.634384     0.37237713],20.0000,0.0000,[150.30042   -46.84638     4.5079975],20.0000,5.0000,[113.49274   37.82677    4.558874],20.0000,5.0000,[252.22124   -76.167816    4.5722446],20.0000,4.0000
260,[255.2757  -50.8095    4.71415],20.0000,0.0000,[118.45394    13.588828    4.0688877],20.0000,6.0000,[262.517    -67.00729    5.242026],20.0000,6.0000,[109.0327    50.03539    4.144761],20.0000,6.0000,[ 2.3717720e+02 -5.5138752e+01  9.2563249e-02],20.0000,6.0000,[150.10559   -47.397045    4.6173177],20.0000,4.0000,[113.30478    37.270218    4.6595564],20.0000,5.0000,[252.23576   -76.75434     4.5498013],20.0000,4.0000
261,[255.38196   -51.900867    4.4337454],20.0000,6.0000,[117.75712    12.747002    4.2677555],20.0000,6.0000,[263.1431    -67.90561     5.5121574],20.0000,0.0000,[108.36535   49.16634    4.409344],20.0000,6.0000,[ 2.3825058e+02 -5.4892403e+01  2.0956734e-01],20.0000,0.0000,[149.95891  -47.96443    4.643359],20.0000,4.0000,[113.16446   36.69808    4.766588],20.0000,4.0000,[252.22849   -77.33963     4.5608506],20.0000,4.0000
262,[255.22133   -52.990257    4.5500054],20.0000,0.0000,[117.200745   11.802972    4.5128217],20.0000,0.0000,[263.9446    -68.64707     5.2513247],20.0000,6.0000,[107.8997    48.16827    4.659596],20.0000,0.0000,[239.29646  -54.562885   6.213121],20.0000,0.0000,[149.83406   -48.53593     4.6352315],20.0000,5.0000,[113.08089    36.113945    4.7801075],20.0000,5.0000,[252.2145    -77.92295     4.5815988],20.0000,3.0000
263,[255.14781   -54.084316    4.2696004],20.0000,6.0000,[116.862236   10.757782    4.2070007],20.0000,6.0000,[264.5705  -69.54463   5.35143],20.0000,0.0000,[107.68143    47.086727    4.3307886],20.0000,6.0000,[240.39676  -54.47657    5.779192],20.0000,0.0000,[149.71378   -49.107105    4.7082357],20.0000,4.0000,[113.017784   35.529587    4.8495345],20.0000,4.0000,[252.20322   -78.5052      4.5099854],20.0000,4.0000
264,[254.81133   -55.132812    4.3858604],20.0000,0.0000,[116.29955     9.821619    4.2578173],20.0000,6.0000,[265.26874   -70.385704    5.0344405],20.0000,6.0000,[107.22296   46.094543   4.354304],20.0000,6.0000,[241.46974   -54.791286    5.3425894],20.0000,0.0000,[149.62936  -49.68551    4.722734],20.0000,4.0000,[112.99614   34.942364   4.8532  ],20.0000,5.0000,[252.15805   -79.08675     4.4927607],20.0000,4.0000
265,[254.56003   -56.200157    4.1054554],20.0000,6.0000,[115.77321    8.863915   4.456707],20.0000,0.0000,[265.7267    -71.383606    5.1263995],20.0000,6.0000,[106.78281   45.093777   4.539664],20.0000,6.0000,[242.34238   -55.505856    4.9686613],20.0000,0.0000,[149.56038   -50.265003    4.7138095],20.0000,5.0000,[112.9874     34.356594    4.9246154],20.0000,5.0000,[252.09839  -79.66641    4.497712],20.0000,4.0000
266,[254.05672   -57.179573    4.2217155],20.0000,6.0000,[115.42128     7.8276806   4.151222 ],20.0000,6.0000,[266.23367  -72.35313    5.373872],20.0000,0.0000,[106.49591    44.03579     4.7785177],20.0000,6.0000,[242.89214  -56.490204   4.649134],20.0000,6.0000,[149.49348   -50.843845    4.7898006],20.0000,4.0000,[113.01511    33.77053     5.0252576],20.0000,4.0000,[252.03366  -80.24465    4.509899],20.0000,4.0000
267,[253.61865  -58.1831     4.491863],20.0000,6.0000,[114.83556     6.9065633   4.222178 ],20.0000,6.0000,[266.9222   -73.20043    5.102483],20.0000,6.0000,[106.42402    42.937084    5.0197306],20.0000,6.0000,[243.0724    -57.595364    4.8904405],20.0000,0.0000,[149.46246   -51.42674     4.8077602],20.0000,4.0000,[113.09455    33.187954    5.0422096],20.0000,4.0000,[251.96802   -80.82199     4.5227737],20.0000,4.0000
268,[253.38866  -59.250187   4.781602],20.0000,0.0000,[114.29894    5.955676   4.431911],20.0000,0.0000,[267.4071    -74.18128     5.1993265],20.0000,6.0000,[106.58733   41.843704   5.240314],20.0000,6.0000,[243.39188   -58.64696     4.7325697],20.0000,6.0000,[149.447     -52.00961     4.8020725],20.0000,4.0000,[113.19497   32.610607   5.026126],20.0000,5.0000,[251.90292   -81.39881     4.5340095],20.0000,4.0000
269,[253.4203   -60.342163   4.508161],20.0000,6.0000,[113.941635    4.9226646   4.134208 ],20.0000,6.0000,[267.95398  -75.12684    5.431413],20.0000,0.0000,[106.97399   40.805588   5.435826],20.0000,6.0000,[243.547    -59.735607   4.894704],20.0000,0.0000,[149.43697  -52.591595   4.788788],20.0000,5.0000,[113.297874  32.03555    5.093565],20.0000,4.0000,[251.83868  -81.97531    4.543168],20.0000,4.0000
270,[253.21304   -61.41396     4.5971003],20.0000,6.0000,[113.3528      4.0035095   4.213603 ],20.0000,6.0000,[268.67218   -75.94885     5.1469693],20.0000,6.0000,[107.55357    39.86115     5.6142735],20.0000,6.0000,[243.82951   -60.79347     4.6229987],20.0000,0.0000,[149.42494   -53.17296     4.8666964],20.0000,4.0000,[113.43541   31.46717    5.104925],20.0000,4.0000,[251.77518  -82.55159    4.550484],20.0000,4.0000
271,[253.07729   -62.497086    4.8141813],20.0000,0.0000,[112.81907     3.0512543   4.4269476],20.0000,0.0000,[269.18262   -76.91532     5.2387886],20.0000,6.0000,[108.2934    39.03689    5.786275],20.0000,6.0000,[243.87854   -61.89379     4.1838875],20.0000,6.0000,[149.44772  -53.755123   4.888255],20.0000,4.0000,[113.58682    30.903471    5.0942116],20.0000,4.0000,[251.71222   -83.12772     4.5563397],20.0000,4.0000
272,[253.14372   -63.58753     4.5200486],20.0000,6.0000,[112.46701     2.0169852   4.131535 ],20.0000,6.0000,[269.75363   -77.845985    5.4637036],20.0000,0.0000,[109.16486   38.3541     5.958489],20.0000,6.0000,[243.51486   -62.945446    4.2870116],20.0000,0.0000,[149.48569 -54.33619   4.88657],20.0000,4.0000,[113.74215    30.342176    5.0775075],20.0000,4.0000,[251.6496   -83.70374    4.561085],20.0000,4.0000
273,[252.95367 -64.66258   4.60344],20.0000,0.0000,[111.88281     1.0947495   4.214182 ],20.0000,6.0000,[270.4897   -78.652115   5.174701],20.0000,6.0000,[110.14095    37.83229     6.1329927],20.0000,6.0000,[243.19806  -64.000275   4.052674],20.0000,0.0000,[149.52936  -54.916145   4.876695],20.0000,4.0000,[113.89733    29.781904    5.0615697],20.0000,4.0000,[251.5872   -84.27966    4.564992],20.0000,4.0000
274,[252.84787 -65.74907   4.26845],20.0000,6.0000,[111.356026     0.13870811   4.429355  ],20.0000,0.0000,[271.01822  -79.60832    5.264507],20.0000,0.0000,[1.1119286e+02 3.7488255e+01 2.6178254e-02],20.0000,6.0000,[242.67203  -64.97367    3.651832],20.0000,6.0000,[149.5745  -55.49531   4.86532],20.0000,4.0000,[114.05119    29.22201     5.0484066],20.0000,4.0000,[251.5249    -84.85551     4.5682607],20.0000,4.0000
275,[252.45335  -66.77016    4.348683],20.0000,6.0000,[111.01269    -0.8982189   4.1349206],20.0000,6.0000,[271.62158  -80.51868    4.936019],20.0000,6.0000,[112.28883     37.333904     0.20338733],20.0000,0.0000,[241.82991   -65.704025    3.7841513],20.0000,0.0000,[149.61945   -56.073967    4.8550105],20.0000,4.0000,[114.20372    28.662249    5.0380726],20.0000,4.0000,[251.46265   -85.43129     4.5710363],20.0000,4.0000
276,[252.11162  -67.80804    4.577113],20.0000,0.0000,[110.43609    -1.8253366   4.219206 ],20.0000,0.0000,[271.9631    -81.56043     5.0205793],20.0000,0.0000,[113.39131    37.392334    6.1133304],20.0000,6.0000,[241.0427   -66.473885   3.568691],20.0000,6.0000,[149.66377  -56.652287   4.846413],20.0000,4.0000,[114.3552     28.102547    5.0300384],20.0000,4.0000,[251.40039   -86.007       4.5734234],20.0000,4.0000
277,[251.9719    -68.89063     4.2935567],20.0000,6.0000,[109.93384    -2.7946181   3.8849735],20.0000,6.0000,[272.372     -82.57578     4.7074447],20.0000,6.0000,[114.45927    37.16181     6.1231093],20.0000,6.0000,[240.11433   -67.069176    3.7224774],20.0000,0.0000,[149.70749  -57.230377   4.839441],20.0000,4.0000,[114.505974  27.54289    5.023733],20.0000,4.0000,[251.33809   -86.58267     4.5754986],20.0000,4.0000
278,[251.58655   -69.913925    4.3859677],20.0000,6.0000,[109.18807    -3.5962496   3.9656777],20.0000,0.0000,[272.50278   -83.66799     4.8070135],20.0000,6.0000,[1.1552877e+02 3.6937687e+01 2.2074847e-02],20.0000,0.0000,[239.25848   -67.75451     3.4621384],20.0000,6.0000,[149.75076   -57.8083      4.8338013],20.0000,4.0000,[114.65629   26.983286   5.018696],20.0000,4.0000,[251.27573  -87.158295   4.57732 ],20.0000,4.0000
279,[251.26747   -70.95831     4.6131616],20.0000,6.0000,[108.49803    -4.4449143   3.6448095],20.0000,6.0000,[272.6899   -84.74669    5.066197],20.0000,0.0000,[116.62167   36.888607   5.995128],20.0000,6.0000,[238.26648   -68.23081     3.5831738],20.0000,6.0000,[149.79373   -58.3861      4.8291984],20.0000,4.0000,[114.806335   26.423737    5.0145893],20.0000,3.0000,[251.2133    -87.73388     4.5789313],20.0000,4.0000
280,[251.13458   -72.04203     4.8763757],20.0000,0.0000,[107.6039     -5.0841355   3.738869 ],20.0000,0.0000,[273.0943   -85.76096    4.801601],20.0000,6.0000,[117.66814    36.578125    6.0666785],20.0000,0.0000,[237.31458   -68.771225    3.8517148],20.0000,6.0000,[149.8365    -58.9638      4.8253894],20.0000,4.0000,[114.95907    25.86513     4.9194193],20.0000,3.0000,[251.15079   -88.30943     4.5803666],20.0000,4.0000
281,[251.24431  -73.13027    4.593622],20.0000,6.0000,[106.75672    -5.779468    3.4416242],20.0000,6.0000,[273.26968   -86.84119     4.9008546],20.0000,0.0000,[118.73358   36.340794   5.726256],20.0000,6.0000,[236.49062   -69.48719     4.1392846],20.0000,0.0000,[149.8792   -59.54142    4.822191],20.0000,4.0000,[115.08101   25.299366   4.791351],20.0000,3.0000,[251.0882   -88.88495    4.581652],20.0000,4.0000
282,[251.11064   -74.213615    4.6734133],20.0000,0.0000,[105.75681    -6.2406707   3.5512574],20.0000,0.0000,[273.53366  -87.90206    4.584198],20.0000,6.0000,[119.696396  35.821976   5.80438 ],20.0000,0.0000,[235.8597    -70.37914     3.8650405],20.0000,6.0000,[149.92186  -60.11897    4.819469],20.0000,4.0000,[115.15897   24.724977   4.65373 ],20.0000,4.0000,[251.0255    -89.460434    4.5828104],20.0000,4.0000
283,[251.05965   -75.30401     4.3357735],20.0000,6.0000,[104.79769    -6.7724257   3.2684608],20.0000,6.0000,[273.51306  -88.99999    4.676673],20.0000,0.0000,[120.69152   35.36978    5.477172],20.0000,6.0000,[235.0498    -71.11108     3.9532177],20.0000,0.0000,[149.96452   -60.696465    4.8171234],20.0000,4.0000,[115.18386    24.14377     4.6074314],20.0000,4.0000,[250.96272  -90.0359     4.583858],20.0000,4.0000
284,[250.71637   -76.34207     4.4141154],20.0000,0.0000,[103.73349    -7.0561795   3.3847039],20.0000,0.0000,[273.56683   -90.09416     4.3744316],20.0000,6.0000,[121.53369    34.665108    5.5662932],20.0000,6.0000,[234.30275  -71.90696    3.619323],20.0000,6.0000,[150.00725  -61.273914   4.815081],20.0000,4.0000,[115.18548   23.56165    4.597827],20.0000,3.0000,[250.89986   -90.611336    4.5848103],20.0000,4.0000
285,[250.4455    -77.400764    4.0853376],20.0000,6.0000,[102.6994     -7.4212103   3.1052403],20.0000,6.0000,[273.3389   -91.17106    4.480612],20.0000,6.0000,[122.40621   34.00487    5.813319],20.0000,0.0000,[233.36803  -72.475685   3.699361],20.0000,6.0000,[150.05003   -61.85132     4.8132863],20.0000,4.0000,[115.1802    22.979689   4.511134],20.0000,3.0000,[250.8369    -91.186745    4.5856786],20.0000,4.0000
286,[249.89894  -78.352715   4.172938],20.0000,6.0000,[101.60327    -7.527167    3.2221768],20.0000,0.0000,[273.17255  -92.25334    4.745394],20.0000,0.0000,[123.39037    33.532112    5.5422792],20.0000,6.0000,[232.46538   -73.091064    3.9254336],20.0000,6.0000,[150.09288   -62.428688    4.8116975],20.0000,4.0000,[115.138885   22.397448    4.3959565],20.0000,4.0000,[250.77385  -91.76214    4.586473],20.0000,4.0000
287,[249.4011   -79.32688    4.417624],20.0000,0.0000,[100.523674   -7.7192106   2.9423127],20.0000,6.0000,[273.23685  -93.34336    4.483202],20.0000,6.0000,[124.24744    32.85183     5.6393585],20.0000,0.0000,[231.68217   -73.85151     4.1905384],20.0000,6.0000,[150.13582   -63.006023    4.8102813],20.0000,4.0000,[115.04524    21.819126    4.3669767],20.0000,4.0000,[250.71072  -92.33752    4.587202],20.0000,4.0000
288,[249.10582  -80.37799    4.145172],20.0000,6.0000,[99.42498   -7.645449   3.0587873],20.0000,0.0000,[273.06506  -94.42415    4.583145],20.0000,6.0000,[125.15617    32.244198    5.3213143],20.0000,6.0000,[231.07045   -74.7589      4.4598937],20.0000,0.0000,[150.17885  -63.58333    4.809012],20.0000,4.0000,[114.92908    21.24585     4.3735642],20.0000,3.0000,[250.6475   -92.91287    4.587873],20.0000,4.0000
289,[248.5832    -81.33929     4.2417383],20.0000,6.0000,[98.328545  -7.6590953  2.778457 ],20.0000,6.0000,[272.96643   -95.51206     4.8172083],20.0000,0.0000,[125.87846   31.417131   5.413189],20.0000,6.0000,[230.68509   -75.78677     4.1670337],20.0000,6.0000,[150.22195   -64.160614    4.8078675],20.0000,4.0000,[114.80836    20.674755    4.2998414],20.0000,3.0000,[250.58421   -93.48821     4.5884924],20.0000,4.0000
290,[248.12488   -82.33081     4.4738092],20.0000,0.0000,[97.256615  -7.407048   2.8947153],20.0000,0.0000,[273.08044   -96.59764     4.5336323],20.0000,6.0000,[126.63944   30.631006   5.661029],20.0000,0.0000,[230.08739   -76.70089     4.2253776],20.0000,6.0000,[150.26517  -64.73787    4.806832],20.0000,4.0000,[114.65434   20.110413   4.193348],20.0000,3.0000,[250.52083   -94.063545    4.5890656],20.0000,4.0000
291,[247.86615  -83.39126    4.189414],20.0000,6.0000,[96.17267   -7.2414365  2.6142788],20.0000,6.0000,[272.94217  -97.681885   4.625717],20.0000,0.0000,[127.53998   30.013714   5.389937],20.0000,6.0000,[229.53067  -77.641235   4.427375],20.0000,0.0000,[150.30846 -65.31511   4.80589],20.0000,3.0000,[114.453545   19.55859     4.0785594],20.0000,4.0000,[250.45737   -94.638855    4.5895963],20.0000,4.0000
292,[247.36975  -84.36504    4.281258],20.0000,0.0000,[95.156334  -6.8176136  2.7305162],20.0000,0.0000,[272.89188  -98.77318    4.300318],20.0000,6.0000,[128.28326   29.210754   5.486902],20.0000,0.0000,[229.14821   -78.66662     4.1229086],20.0000,6.0000,[150.35481   -65.89205     4.7132726],20.0000,3.0000,[114.19865   19.02768    4.058035],20.0000,4.0000,[250.39384 -95.21415   4.59009],20.0000,4.0000
293,[246.95367   -85.375145    3.9556813],20.0000,6.0000,[94.11403   -6.477071   2.4500937],20.0000,6.0000,[272.554     -99.816765    4.3870683],20.0000,6.0000,[129.08876   28.471743   5.168567],20.0000,6.0000,[228.53622  -79.570496   4.194012],20.0000,0.0000,[150.36972  -66.47079    4.587159],20.0000,3.0000,[113.92302    18.509699    4.0750175],20.0000,3.0000,[250.33023  -95.78944    4.590549],20.0000,4.0000
294,[246.28294  -86.24308    4.042338],20.0000,6.0000,[93.18062   -5.892842   2.5663466],20.0000,0.0000,[ 272.26956   -100.8728       4.6279955],20.0000,0.0000,[129.67642   27.544218   5.260222],20.0000,0.0000,[227.98807   -80.51447     3.8532226],20.0000,6.0000,[150.33992   -67.05035     4.4508324],20.0000,3.0000,[113.64522   17.99526    4.009669],20.0000,3.0000,[250.26656  -96.364716   4.590977],20.0000,5.0000
295,[245.65828   -87.14079     4.2831492],20.0000,0.0000,[92.20798   -5.3865366  2.2859395],20.0000,0.0000,[ 272.19702   -101.96211      4.3528485],20.0000,6.0000,[130.32373    26.66048     4.9572253],20.0000,6.0000,[227.20285   -81.27536     3.9308414],20.0000,6.0000,[150.2587    -67.62773     4.3149247],20.0000,3.0000,[113.33903    17.496162    3.9083798],20.0000,3.0000,[250.19986   -96.93961     4.6831355],20.0000,4.0000
296,[245.22171   -88.141426    4.0079346],20.0000,6.0000,[91.369125  -4.669321   1.8516476],20.0000,6.0000,[ 271.88165  -103.00968     4.448364],20.0000,6.0000,[130.72592   25.63586    5.063037],20.0000,0.0000,[226.459    -82.07499    4.152586],20.0000,0.0000,[150.1217   -68.1979     4.185847],20.0000,3.0000,[112.99243    17.02176     3.7966692],20.0000,4.0000,[250.1675   -97.51766    4.717108],20.0000,4.0000
297,[244.57066   -89.02064     4.1034265],20.0000,6.0000,[90.850586  -3.6828432  1.9654691],20.0000,0.0000,[ 271.6349    -104.073715     4.6793275],20.0000,0.0000,[131.19904   24.646627   4.777034],20.0000,6.0000,[225.87642   -82.998085    3.8641264],20.0000,6.0000,[149.92712   -68.75422     4.0669017],20.0000,3.0000,[112.60031    16.58219     3.7778878],20.0000,3.0000,[250.14876  -98.09651    4.729247],20.0000,5.0000
298,[243.97864  -89.93854    4.334368],20.0000,0.0000,[90.29401   -2.7322197  1.7423794],20.0000,6.0000,[ 271.59683  -105.164604    4.394292],20.0000,6.0000,[131.41595   23.566832   4.891944],20.0000,0.0000,[225.09383   -83.760994    3.9547799],20.0000,6.0000,[149.67616   -69.289734    3.9582875],20.0000,3.0000,[112.194046   16.158117    3.7040558],20.0000,3.0000,[250.1328    -98.675606    4.8243427],20.0000,5.0000
299,[243.57391   -90.95229     4.0493207],20.0000,6.0000,[89.948586  -1.6842557  1.8961339],20.0000,0.0000,[ 271.308    -106.21871     4.485908],20.0000,6.0000,[131.7148     22.511686    4.6119547],20.0000,6.0000,[224.36206  -84.571335   4.178965],20.0000,0.0000,[149.37233   -69.79836     3.8579042],20.0000,3.0000,[111.75966    15.761918    3.6059306],20.0000,3.0000,[250.15112 -99.25594   4.9491 ],20.0000,4.0000
300,[242.94563  -91.84661    4.140933],20.0000,6.0000,[89.499466  -0.6837708  1.6384363],20.0000,6.0000,[ 271.0878   -107.28812     4.710571],20.0000,0.0000,[131.75064   21.410994   4.728856],20.0000,0.0000,[223.79585   -85.50465     3.8896313],20.0000,6.0000,[149.02017   -70.275276    3.7627962],20.0000,3.0000,[111.29212   15.403048   3.500946],20.0000,3.0000,[250.22012   -99.83465     4.9887333],20.0000,4.0000
301,[242.37672  -92.778534   4.36559 ],20.0000,6.0000,[89.28533     0.39577788  1.761229  ],20.0000,0.0000,[ 271.07297  -108.37965     4.421413],20.0000,6.0000,[131.87332   20.321312   4.449156],20.0000,6.0000,[223.02705   -86.28088     3.9792924],20.0000,6.0000,[148.62436   -70.716644    3.6703594],20.0000,4.0000,[110.79211    15.088338    3.3970585],20.0000,3.0000,[ 250.31139  -100.41034     4.993328],20.0000,5.0000
302,[241.97687  -93.79468    4.626981],20.0000,6.0000,[88.98056    1.4486756  1.4804993],20.0000,6.0000,[ 270.80405  -109.43855     4.511133],20.0000,6.0000,[131.7296    19.229551   4.565756],20.0000,0.0000,[222.31001  -87.10409    4.201206],20.0000,6.0000,[148.18773   -71.11657     3.6706247],20.0000,4.0000,[110.263405   14.822405    3.2968736],20.0000,3.0000,[ 250.40862  -100.98464     5.076284],20.0000,5.0000
303,[241.79202   -94.8744      4.8935337],20.0000,0.0000,[88.937515   2.548591   1.5948762],20.0000,0.0000,[ 270.60358   -110.511696     4.7330856],20.0000,6.0000,[131.67331   18.134468   4.285531],20.0000,6.0000,[221.74388 -88.03808   4.46087],20.0000,6.0000,[147.74048   -71.49825     3.7029724],20.0000,3.0000,[109.71116    14.608073    3.2003167],20.0000,3.0000,[ 250.54091  -101.553566    5.188971],20.0000,5.0000
304,[241.86409  -95.9709     4.595043],20.0000,6.0000,[88.808525   3.6373537  1.3120036],20.0000,6.0000,[ 270.58936  -111.603775    4.992768],20.0000,0.0000,[131.35352    17.080767    4.4018326],20.0000,0.0000,[221.3781    -89.0711      4.7260118],20.0000,0.0000,[147.29585   -71.87839     3.6464696],20.0000,4.0000,[109.140884   14.4469385   3.1063042],20.0000,3.0000,[ 250.72131  -102.11175     5.307944],20.0000,4.0000
305,[241.6942    -97.04999     4.6466746],20.0000,0.0000,[88.948044   4.7295723  1.4269689],20.0000,0.0000,[ 270.81522  -112.674644    4.707371],20.0000,6.0000,[131.11926    16.009558    4.1214128],20.0000,6.0000,[221.2628    -90.16432     4.4251904],20.0000,6.0000,[146.83084   -72.23347     3.6408656],20.0000,4.0000,[108.55799   14.339876   3.013686],20.0000,2.0000,[ 250.95721 -102.65101    5.33128],20.0000,5.0000
306,[241.58499  -98.13672    4.294729],20.0000,6.0000,[89.00131    5.8247995  1.1457869],20.0000,6.0000,[ 270.79825   -113.76613      4.7832017],20.0000,6.0000,[130.63162   15.02225    4.237651],20.0000,0.0000,[220.91129  -91.19867    4.474327],20.0000,0.0000,[146.35924   -72.57748     3.6544924],20.0000,4.0000,[107.96735    14.28441     2.8298745],20.0000,2.0000,[ 251.2125   -103.17972     5.407896],20.0000,5.0000
307,[241.17879   -99.150665    4.3656416],20.0000,0.0000,[89.31898    6.8791714  1.2618197],20.0000,0.0000,[ 270.84326  -114.85723     4.994338],20.0000,0.0000,[130.22546   14.003722   3.957223],20.0000,6.0000,[220.61635  -92.25033    4.121148],20.0000,6.0000,[145.88675   -72.91794     3.6724827],20.0000,4.0000,[107.36975    14.316858    2.6181474],20.0000,2.0000,[ 251.50394  -103.69032     5.507354],20.0000,5.0000
308,[ 240.84033  -100.18899     4.029174],20.0000,6.0000,[89.55137     7.9508038   0.98141897],20.0000,6.0000,[ 271.08582  -115.92339     4.696156],20.0000,6.0000,[129.58302    13.109381    4.0734715],20.0000,0.0000,[220.04066  -93.17857    4.191578],20.0000,0.0000,[145.41534   -73.2581      3.6888645],20.0000,4.0000,[106.781906   14.456131    2.4105392],20.0000,2.0000,[ 251.83884  -104.17538     5.612826],20.0000,4.0000
309,[ 240.23074  -101.10026     4.111605],20.0000,6.0000,[90.037315   8.938964   1.0977396],20.0000,6.0000,[ 271.07227   -117.01487      4.7736783],20.0000,6.0000,[129.01585   12.170927   3.793061],20.0000,6.0000,[219.52716   -94.1424      3.8548374],20.0000,6.0000,[144.94534   -73.59899     3.7021008],20.0000,4.0000,[106.22768    14.7049675   2.2174387],20.0000,2.0000,[ 252.22023   -104.62588      5.6250196],20.0000,5.0000
310,[ 239.66707   -102.03725      4.3484807],20.0000,6.0000,[90.45759    9.950077   1.3679677],20.0000,0.0000,[ 271.12158   -118.10545      4.9860873],20.0000,6.0000,[128.2359     11.393596    3.9093196],20.0000,0.0000,[218.76857   -94.93392     3.9371452],20.0000,0.0000,[144.4765   -73.94069    3.712374],20.0000,4.0000,[105.72897    15.053635    2.0366757],20.0000,2.0000,[ 252.61513  -105.0613      5.693498],20.0000,5.0000
311,[ 239.27856   -103.05732      4.6217575],20.0000,6.0000,[90.651184  11.024659   1.1071965],20.0000,6.0000,[ 271.35086  -119.17484     5.240588],20.0000,0.0000,[127.523      10.560441    3.6289153],20.0000,6.0000,[218.06343   -95.771194    3.6233103],20.0000,6.0000,[144.00853   -74.28302     3.7203133],20.0000,4.0000,[105.30207    15.486776    1.8618885],20.0000,2.0000,[ 253.03786  -105.47026     5.788411],20.0000,5.0000
312,[ 239.11385   -104.1384       4.8940377],20.0000,6.0000,[91.07083   12.035225   1.2073241],20.0000,6.0000,[ 271.81033  -120.170525    4.946718],20.0000,6.0000,[126.62651    9.92101    3.745176],20.0000,0.0000,[217.1595    -96.39821     3.7229397],20.0000,0.0000,[143.54112   -74.625755    3.7265282],20.0000,4.0000,[104.95888   15.988121   1.688096],20.0000,3.0000,[ 253.49413  -105.84344     5.891756],20.0000,5.0000
313,[ 239.18771  -105.23464     5.156011],20.0000,6.0000,[91.42057   13.0700445  1.4409031],20.0000,6.0000,[ 272.03604   -121.23886      5.0101395],20.0000,6.0000,[125.78705     9.2155485   3.4647722],20.0000,6.0000,[216.30363   -97.08343     3.4319825],20.0000,6.0000,[143.07411   -74.968735    3.7314901],20.0000,4.0000,[104.7118     16.54176     1.6049343],20.0000,3.0000,[ 253.98384   -106.173874     5.9949684],20.0000,5.0000
314,[ 239.50491  -106.29244     5.392314],20.0000,6.0000,[91.580894  14.149929   1.7074631],20.0000,6.0000,[ 272.3128    -122.29573      5.2151794],20.0000,6.0000,[124.79812     8.731206    3.5810325],20.0000,0.0000,[215.29976   -97.53642     3.5448704],20.0000,0.0000,[142.60735   -75.31184     3.7355359],20.0000,3.0000,[104.53379    17.114765    1.5482067],20.0000,3.0000,[ 254.50363  -106.45673     6.094999],20.0000,5.0000
315,[ 240.04482   -107.25961      5.5973063],20.0000,6.0000,[91.51412  15.242574  1.976781],20.0000,0.0000,[ 272.7584   -123.2964      5.463501],20.0000,0.0000,[123.85466    8.172401   3.300628],20.0000,6.0000,[214.33736   -98.062256    3.2640972],20.0000,6.0000,[142.14238   -75.65745     3.6471407],20.0000,4.0000,[104.4071     17.696524    1.4860799],20.0000,3.0000,[ 255.04857  -106.68891     6.191628],20.0000,4.0000
316,[ 240.76755   -108.100006     5.7790184],20.0000,0.0000,[91.193375  16.292828   1.6823467],20.0000,6.0000,[ 273.41418   -124.17749      5.1602716],20.0000,6.0000,[122.79988    7.856169   3.416888],20.0000,0.0000,[213.27188   -98.341034    3.3809557],20.0000,0.0000,[141.6567    -75.97506     3.6165164],20.0000,4.0000,[104.327354   18.284128    1.4111649],20.0000,3.0000,[ 255.61353   -106.86559      6.1940107],20.0000,5.0000
317,[ 241.64032   -108.77768      5.4000754],20.0000,6.0000,[91.11062   17.381937   1.7384229],20.0000,6.0000,[ 273.85263  -125.17783     5.213108],20.0000,6.0000,[121.77779     7.459045    3.1364832],20.0000,6.0000,[212.23636   -98.70185     3.1015122],20.0000,6.0000,[141.1628    -76.28017     3.6092267],20.0000,4.0000,[104.29618    18.875347    1.3260814],20.0000,3.0000,[ 256.18048   -107.02346      6.2548184],20.0000,4.0000
318,[ 242.29558  -109.65204     5.404195],20.0000,6.0000,[90.98112   18.467094   1.9392407],20.0000,0.0000,[ 274.33118   -126.16026      5.4129176],20.0000,0.0000,[120.68551    7.319424   3.252743],20.0000,0.0000,[211.13985   -98.80346     3.2183068],20.0000,6.0000,[140.66571   -76.57973     3.6113172],20.0000,4.0000,[104.31622   19.466864   1.235226],20.0000,3.0000,[ 256.75607   -107.1429       6.2536354],20.0000,5.0000
319,[ 242.95232   -110.52544      5.5837636],20.0000,6.0000,[90.66234   19.5141     1.6341023],20.0000,6.0000,[ 274.97507   -127.04514      5.1078277],20.0000,6.0000,[119.61227     7.094656    2.9723384],20.0000,6.0000,[210.05814   -98.97341     3.4887938],20.0000,0.0000,[140.16757   -76.87701     3.6166337],20.0000,3.0000,[104.38928   20.054321   1.141939],20.0000,3.0000,[ 2.5733188e+02 -1.0725086e+02  3.9433122e-02],20.0000,5.0000
320,[ 243.72902  -111.29776     5.823265],20.0000,0.0000,[90.60005   20.603895   1.7046963],20.0000,6.0000,[ 275.39038  -128.05461     5.178975],20.0000,6.0000,[118.51185     7.1354      3.0885983],20.0000,0.0000,[209.04083   -99.369995    3.2280912],20.0000,6.0000,[139.6706    -77.1761      3.5307875],20.0000,4.0000,[104.51589    20.632807    1.0481155],20.0000,3.0000,[ 2.5791394e+02 -1.0732385e+02  1.3919972e-01],20.0000,4.0000
321,[ 244.65422  -111.88913     5.517917],20.0000,6.0000,[90.48079  21.689241  1.91425 ],20.0000,0.0000,[ 275.85846  -129.04103     5.388781],20.0000,6.0000,[117.416306    7.0890303   2.8081934],20.0000,6.0000,[207.95996   -99.540474    3.3282285],20.0000,6.0000,[139.15536   -77.445045    3.5028667],20.0000,4.0000,[104.69549    21.197264    0.9545706],20.0000,3.0000,[ 2.5850140e+02 -1.0734573e+02  1.5603842e-01],20.0000,4.0000
322,[ 245.41678   -112.67096      5.5715837],20.0000,6.0000,[90.16805   22.736654   1.6163744],20.0000,6.0000,[ 276.48312   -129.93933      5.6416583],20.0000,6.0000,[116.33734     7.3090434   2.9244535],20.0000,0.0000,[206.89496   -99.78326     3.5617855],20.0000,0.0000,[138.63312   -77.70027     3.4987595],20.0000,3.0000,[104.92665    21.742744    0.8614982],20.0000,4.0000,[ 2.5908737e+02 -1.0734624e+02  1.4013782e-01],20.0000,5.0000
323,[ 246.21088   -113.421555     5.7720833],20.0000,6.0000,[90.10978   23.826685   1.6954993],20.0000,6.0000,[ 277.2811    -130.69505      5.8958616],20.0000,6.0000,[115.24894     7.4423194   2.6440487],20.0000,6.0000,[ 205.89783   -100.22734      3.2777748],20.0000,6.0000,[138.10947   -77.952385    3.4121373],20.0000,4.0000,[105.209595   22.262585    0.8605768],20.0000,4.0000,[ 2.5967151e+02 -1.0734392e+02  2.0780548e-01],20.0000,5.0000
324,[ 247.11673   -114.037865     6.0181756],20.0000,6.0000,[89.987656  24.91147    1.9087074],20.0000,0.0000,[ 278.22858   -131.26233      6.1288114],20.0000,6.0000,[114.22043     7.8356876   2.7603087],20.0000,6.0000,[ 204.82394   -100.43074      3.3696895],20.0000,0.0000,[137.56941   -78.1707      3.3867896],20.0000,4.0000,[105.50869     22.768692     0.89188516],20.0000,4.0000,[ 260.25568    -107.30922       0.31109864],20.0000,4.0000
325,[ 248.13315   -114.46016      6.2638664],20.0000,6.0000,[89.670204  25.956903   1.6132125],20.0000,6.0000,[ 2.7927835e+02 -1.3161530e+02  4.9787503e-02],20.0000,6.0000,[113.17507     8.161577    3.0304558],20.0000,0.0000,[ 203.77052  -100.72004     3.043994],20.0000,6.0000,[137.02359  -78.37355    3.386797],20.0000,4.0000,[105.808365    23.270544     0.92650276],20.0000,4.0000,[ 260.83627   -107.22423      0.3325606],20.0000,4.0000
326,[ 2.4922115e+02 -1.1465546e+02  2.0418440e-01],20.0000,6.0000,[89.60665   27.046741   1.6957254],20.0000,6.0000,[ 2.8037808e+02 -1.3175267e+02  2.3190939e-01],20.0000,6.0000,[112.08728    8.255991   2.769643],20.0000,6.0000,[ 202.67368   -100.72092      3.1305234],20.0000,0.0000,[136.47618   -78.57015     3.3960104],20.0000,3.0000,[106.10397    23.772337    0.9544162],20.0000,4.0000,[ 261.41196   -107.11821      0.3209521],20.0000,4.0000
327,[ 250.32837   -114.619316     0.4011145],20.0000,6.0000,[89.476845  28.130568   1.9108133],20.0000,0.0000,[ 281.48392   -131.68602      0.4041494],20.0000,6.0000,[111.04256     8.581394    2.8697572],20.0000,6.0000,[ 201.58124   -100.79428      2.8205543],20.0000,6.0000,[135.92957   -78.767685    3.3154485],20.0000,4.0000,[106.3954      24.27514      0.97467667],20.0000,4.0000,[ 261.9846    -107.006096     0.2999228],20.0000,5.0000
328,[ 251.40793   -114.36915      0.5798376],20.0000,6.0000,[89.150894  29.173101   1.6163372],20.0000,6.0000,[ 282.56055    -131.42744       0.57535815],20.0000,6.0000,[109.98007    8.834975   3.103329],20.0000,0.0000,[ 200.5018    -100.58109      2.9221845],20.0000,0.0000,[135.3708    -78.93199     3.2923214],20.0000,4.0000,[106.68375    24.778887    0.9889976],20.0000,4.0000,[ 262.5566     -106.896935      0.37142125],20.0000,4.0000
329,[ 252.42415   -113.928474     0.7515997],20.0000,6.0000,[89.07847   30.262486   1.7005494],20.0000,0.0000,[ 283.57614    -130.98737       0.74894065],20.0000,6.0000,[108.889366    8.87799     2.8193347],20.0000,6.0000,[ 199.41397   -100.44421      2.6327343],20.0000,6.0000,[134.8081    -79.0813      3.2929292],20.0000,4.0000,[106.970085    25.28327      0.99923974],20.0000,4.0000,[ 263.12225    -106.75453       0.38861573],20.0000,4.0000
330,[ 253.34787   -113.31823      0.9235238],20.0000,6.0000,[88.9211   31.342758  1.366261],20.0000,6.0000,[ 284.5     -130.37798    0.92486],20.0000,6.0000,[107.83634    9.1708     2.911256],20.0000,6.0000,[ 198.3893    -100.04043      2.7462099],20.0000,6.0000,[134.24452   -79.224655    3.3020754],20.0000,4.0000,[107.25519    25.78802     1.0067873],20.0000,4.0000,[ 263.6836     -106.598175      0.38366947],20.0000,4.0000
331,[ 254.15219   -112.5579       1.0978624],20.0000,6.0000,[89.05935   32.42887    1.4469324],20.0000,0.0000,[ 285.30304   -129.61638      1.1019872],20.0000,6.0000,[106.76772     9.394883    3.1361253],20.0000,0.0000,[197.34807   -99.701225    3.0161922],20.0000,0.0000,[133.68115   -79.366234    3.3129885],20.0000,4.0000,[107.53956    26.292955    1.0125515],20.0000,4.0000,[ 264.2427    -106.43709      0.3714989],20.0000,4.0000
332,[ 254.81206   -111.669395     1.2741882],20.0000,6.0000,[89.124886  33.52069    1.1259848],20.0000,6.0000,[ 285.95966   -128.72537      1.2793763],20.0000,6.0000,[105.67626     9.413475    2.8470662],20.0000,6.0000,[196.26158  -99.592476   2.755901],20.0000,6.0000,[133.11829   -79.507706    3.3230171],20.0000,3.0000,[107.823494   26.79797     1.0171075],20.0000,4.0000,[ 264.80075    -106.27524       0.35864118],20.0000,4.0000
333,[ 255.30606   -110.67898      1.4514133],20.0000,6.0000,[89.4784    34.5614     1.2199838],20.0000,0.0000,[ 286.449     -127.73255      1.4565893],20.0000,6.0000,[104.61826     9.686013    2.9368317],20.0000,6.0000,[195.22107  -99.253624   2.856308],20.0000,6.0000,[132.55646   -79.65253     3.2396865],20.0000,4.0000,[108.10719    27.302996    1.0208156],20.0000,4.0000,[ 265.3584     -106.11401       0.34741876],20.0000,4.0000
334,[ 255.61804   -109.61703      1.6287516],20.0000,6.0000,[89.76106   35.620308   0.9226684],20.0000,6.0000,[ 286.75577   -126.66903      1.6335645],20.0000,6.0000,[103.54581     9.890121    3.1588342],20.0000,0.0000,[194.1619   -98.98644    3.090288],20.0000,0.0000,[131.98587 -79.76386   3.21306],20.0000,4.0000,[108.39078    27.807997    1.0239061],20.0000,3.0000,[ 265.91586   -105.95368      0.3382695],20.0000,4.0000
335,[ 255.73799   -108.51668      1.8058887],20.0000,6.0000,[90.30439   36.57808    1.0322636],20.0000,0.0000,[ 286.87048   -125.56811      1.8103937],20.0000,6.0000,[102.454094    9.890151    2.8679936],20.0000,6.0000,[193.07182   -98.9297      2.8065472],20.0000,6.0000,[131.41254   -79.8603      3.2097979],20.0000,4.0000,[108.67176    28.314499    0.9347716],20.0000,3.0000,[ 266.47324    -105.79411       0.33096042],20.0000,4.0000
336,[ 255.66225   -107.41239      1.9828153],20.0000,6.0000,[90.77345    37.569363    0.74944186],20.0000,6.0000,[ 286.78973   -124.46419      1.9871768],20.0000,6.0000,[101.39205   10.145591   2.956624],20.0000,0.0000,[192.02249 -98.62384   2.89856],20.0000,6.0000,[130.83861   -79.95053     3.2155097],20.0000,4.0000,[108.980774    28.805752     0.81180185],20.0000,3.0000,[ 267.03058   -105.6351       0.3251092],20.0000,4.0000
337,[ 255.39331   -106.338684     2.1596282],20.0000,6.0000,[91.47253   38.42045    0.8656767],20.0000,0.0000,[ 286.51608   -123.39168      2.1639686],20.0000,6.0000,[100.31329   10.315189   2.626641],20.0000,6.0000,[190.95673   -98.38653     3.1235614],20.0000,6.0000,[130.2648    -80.0386      3.2237616],20.0000,4.0000,[109.32954    29.272629    0.6803422],20.0000,3.0000,[ 267.58783    -105.476456      0.32036734],20.0000,4.0000
338,[ 254.93968   -105.32903      2.3364131],20.0000,0.0000,[92.09975   39.319996   0.5862118],20.0000,6.0000,[ 286.05804   -122.384026     2.3407834],20.0000,0.0000,[99.31489   10.767226   2.7101414],20.0000,0.0000,[189.86589   -98.336655    3.3851385],20.0000,0.0000,[129.6913   -80.12619    3.231888],20.0000,4.0000,[109.721985    29.707678     0.55197114],20.0000,4.0000,[ 268.14505    -105.31803       0.31646287],20.0000,4.0000
339,[ 254.30269   -104.42728      1.9626604],20.0000,6.0000,[92.92844   40.04525    0.7031496],20.0000,6.0000,[ 285.4171    -121.48507      1.9670628],20.0000,6.0000,[98.29026   11.151793   2.3951209],20.0000,6.0000,[188.78874   -98.52821     3.1012566],20.0000,6.0000,[129.11813   -80.21393     3.2390037],20.0000,4.0000,[110.15926    30.101324    0.5238642],20.0000,3.0000,[ 268.7022     -105.15973       0.31319588],20.0000,4.0000
340,[ 253.92892  -103.40064     1.972186],20.0000,6.0000,[93.70503   40.8172     0.9738397],20.0000,0.0000,[ 285.03882   -120.46009      1.9766035],20.0000,0.0000,[97.39752   11.794162   2.4934077],20.0000,0.0000,[187.6984    -98.4766      3.1793325],20.0000,6.0000,[128.54523  -80.30193    3.244973],20.0000,4.0000,[110.610985   30.476353    0.4448968],20.0000,4.0000,[ 269.25928   -105.00147      0.3104218],20.0000,4.0000
341,[ 253.54915   -102.37604      2.1542444],20.0000,0.0000,[94.29645   41.735043   0.7132423],20.0000,6.0000,[ 284.63815   -119.44421      1.6081156],20.0000,6.0000,[96.46608   12.372265   2.2007709],20.0000,6.0000,[186.60652   -98.488754    3.3914924],20.0000,0.0000,[127.97253   -80.39018     3.2499228],20.0000,4.0000,[111.08996     30.816544     0.43636632],20.0000,3.0000,[ 269.8163     -104.843216      0.30803588],20.0000,4.0000
342,[ 253.00882   -101.42478      1.8440999],20.0000,6.0000,[95.071884  42.507076   0.8134143],20.0000,0.0000,[ 284.54895   -118.355225     1.6762267],20.0000,0.0000,[95.704926  13.168186   2.3127606],20.0000,0.0000,[185.5338    -98.699615    3.0940635],20.0000,6.0000,[127.39998   -80.47859     3.2540388],20.0000,3.0000,[111.57591    31.143839    0.3627647],20.0000,3.0000,[ 270.3733     -104.68494       0.30596128],20.0000,5.0000
343,[ 252.71451   -100.37366      1.9156744],20.0000,0.0000,[95.77908    43.34063     0.49643853],20.0000,6.0000,[ 284.3918    -117.27421      1.3404124],20.0000,6.0000,[94.88926   13.90126    2.0314162],20.0000,6.0000,[184.44318   -98.65392     3.1725452],20.0000,0.0000,[126.82788   -80.570045    3.1657343],20.0000,4.0000,[112.082535    31.439993     0.26148668],20.0000,4.0000,[ 270.93112    -104.52944       0.39589918],20.0000,5.0000
344,[252.34816   -99.34541     1.5752618],20.0000,6.0000,[96.68241   43.964756   0.5883916],20.0000,6.0000,[ 284.53455   -116.18651      1.4243766],20.0000,0.0000,[94.272766  14.813895   2.1480958],20.0000,0.0000,[183.3522    -98.68967     2.8348384],20.0000,6.0000,[126.250336 -80.62708    3.135199],20.0000,4.0000,[112.61462    31.690477    0.2446063],20.0000,3.0000,[ 271.48053   -104.34317      0.5195306],20.0000,5.0000
345,[252.27472   -98.25417     1.6533921],20.0000,0.0000,[97.54928    44.63223     0.83584493],20.0000,0.0000,[ 284.60754   -115.09392      1.1142125],20.0000,6.0000,[93.58895   15.671184   1.8686402],20.0000,6.0000,[182.28972   -98.42916     2.9138255],20.0000,6.0000,[125.67131   -80.66922     3.1280181],20.0000,4.0000,[113.15302     31.923244     0.16924559],20.0000,4.0000,[ 272.01547  -104.112785    0.651789],20.0000,6.0000
346,[252.12769   -97.17106     1.3262028],20.0000,6.0000,[98.264305  45.457306   0.5644427],20.0000,6.0000,[ 284.96338   -114.052574     1.2164124],20.0000,6.0000,[93.1295    16.671968   1.9854714],20.0000,0.0000,[181.2168    -98.22392     3.1386554],20.0000,0.0000,[125.09202   -80.704956    3.1302161],20.0000,4.0000,[113.70705     32.117027     0.16068815],20.0000,3.0000,[ 272.53156   -103.83507      0.8729175],20.0000,6.0000
347,[252.2758    -96.08299     1.4153388],20.0000,6.0000,[99.14618    46.104977    0.66128176],20.0000,0.0000,[ 285.26138  -112.99896     1.478498],20.0000,6.0000,[92.59415   17.628939   1.7054613],20.0000,0.0000,[180.12524   -98.2227      2.8524318],20.0000,6.0000,[124.512856 -80.7382     3.135626],20.0000,4.0000,[1.1426413e+02 3.2297298e+01 8.5787326e-02],20.0000,4.0000,[ 273.0059    -103.47754      1.1125053],20.0000,5.0000
348,[252.37013   -94.9929      1.6623858],20.0000,0.0000,[99.97159    46.821655    0.34281164],20.0000,6.0000,[ 285.35135   -111.91107      1.7658962],20.0000,0.0000,[92.28608   18.688725   1.2713063],20.0000,6.0000,[179.06206  -97.96843    2.943911],20.0000,6.0000,[123.93391   -80.77061     3.1416123],20.0000,4.0000,[1.1483282e+02 3.2439087e+01 7.4932039e-02],20.0000,3.0000,[ 273.4097    -103.0314       1.2467449],20.0000,5.0000
349,[252.24632   -93.90812     1.3913579],20.0000,6.0000,[100.95969     47.300484     0.43438414],20.0000,6.0000,[ 285.1807    -110.83213      1.4920092],20.0000,6.0000,[92.39339   19.797995   1.3851292],20.0000,0.0000,[177.98607 -97.78247   3.16954],20.0000,6.0000,[123.355156 -80.80287    3.14717 ],20.0000,4.0000,[115.40356   32.567547   6.280373],20.0000,4.0000,[ 273.74585   -102.53378      1.3312551],20.0000,5.0000
350,[252.36583   -92.820435    1.4884417],20.0000,0.0000,[101.91856    47.827347    0.6818456],20.0000,0.0000,[ 285.2502    -109.742676     1.5812905],20.0000,0.0000,[92.44919   20.898155   1.1619873],20.0000,6.0000,[176.89417   -97.7852      3.4317179],20.0000,0.0000,[122.77658   -80.835205    3.1520143],20.0000,4.0000,[115.98255   32.656384   6.267306],20.0000,4.0000,[ 274.02567   -102.00637      1.4020402],20.0000,5.0000
351,[252.39633   -91.727684    1.1704009],20.0000,6.0000,[102.75153    48.533157    0.4105412],20.0000,6.0000,[ 285.22943   -108.65128      1.2481165],20.0000,6.0000,[92.73499  21.96392   1.315711],20.0000,0.0000,[175.8277    -98.02866     3.1483238],20.0000,6.0000,[122.198135 -80.86763    3.156145],20.0000,4.0000,[116.56252   32.72843    6.279714],20.0000,3.0000,[ 274.25638   -101.45859      1.4761405],20.0000,5.0000
352,[252.71184   -90.67593     1.2622774],20.0000,0.0000,[103.72219    49.038162    0.5074319],20.0000,0.0000,[ 285.5012    -107.591194     1.3285182],20.0000,6.0000,[92.908066  23.046844   1.0579998],20.0000,6.0000,[174.73613 -98.02991   3.22719],20.0000,6.0000,[121.6198   -80.90012    3.159654],20.0000,4.0000,[117.14152    32.79844     6.2070827],20.0000,4.0000,[ 274.4393    -100.8946       1.5576694],20.0000,5.0000
353,[252.95511    -89.60781      0.95956707],20.0000,6.0000,[104.64762     49.620003     0.18903926],20.0000,6.0000,[ 285.71768   -106.52031      1.5557172],20.0000,0.0000,[93.32101   24.067019   1.1807907],20.0000,0.0000,[173.6462    -98.095535    3.4397016],20.0000,0.0000,[121.04154   -80.93265     3.1626477],20.0000,4.0000,[117.72458    32.833008    6.1915393],20.0000,4.0000,[ 274.57275   -100.31756      1.6452678],20.0000,5.0000
354,[253.46527   -88.63243     1.0655435],20.0000,0.0000,[105.69738     49.941936     0.28066465],20.0000,6.0000,[ 285.72894   -105.4288       1.2711098],20.0000,6.0000,[93.64354   25.114614   0.9000639],20.0000,6.0000,[172.58519   -98.35887     3.1425428],20.0000,6.0000,[120.463356  -80.965164    3.1652222],20.0000,4.0000,[118.30755    32.852375    6.1990213],20.0000,4.0000,[274.6545    -99.731094    1.7364388],20.0000,5.0000
355,[253.90213   -87.626656    0.7796666],20.0000,6.0000,[106.7256     50.315823    0.5281911],20.0000,0.0000,[ 285.9918    -104.367546     1.3631328],20.0000,6.0000,[94.21073   26.057993   1.0144433],20.0000,0.0000,[171.49364   -98.36689     3.2213907],20.0000,6.0000,[119.88521   -80.99764     3.1674552],20.0000,4.0000,[118.88956   32.86667    6.213522],20.0000,3.0000,[274.6828    -99.13959     1.8291932],20.0000,5.0000
356,[254.57524   -86.75491     0.8946257],20.0000,6.0000,[107.65677     50.885853     0.25692302],20.0000,6.0000,[ 286.1864    -103.29303      1.5896592],20.0000,6.0000,[94.69992   27.039185   0.7315731],20.0000,6.0000,[170.40434  -98.43877    3.434409],20.0000,0.0000,[119.307106  -81.03007     3.1694086],20.0000,4.0000,[119.47087    32.883236    6.1363587],20.0000,4.0000,[274.65668   -98.54787     1.9223578],20.0000,5.0000
357,[255.1899    -85.84861     1.1652048],20.0000,0.0000,[108.69327    51.2364      0.3538264],20.0000,6.0000,[ 286.1919    -102.20118      1.8524294],20.0000,0.0000,[95.41555   27.876015   0.8465395],20.0000,0.0000,[169.34529  -98.70753    3.138744],20.0000,6.0000,[118.729034  -81.062416    3.1711307],20.0000,4.0000,[120.053246   32.865177    6.1152115],20.0000,4.0000,[274.57605   -97.96099     2.0154035],20.0000,5.0000
358,[255.59517   -84.8347      0.9049811],20.0000,6.0000,[109.702995   51.65308     0.5859954],20.0000,0.0000,[ 285.95615   -101.133064     1.5694096],20.0000,6.0000,[96.06069   28.762665   0.5653579],20.0000,6.0000,[168.2537   -98.72064    3.220914],20.0000,6.0000,[118.150986  -81.09468     3.1726596],20.0000,4.0000,[120.63463   32.83202    6.117155],20.0000,4.0000,[274.4415    -97.384026    2.1081862],20.0000,5.0000
359,[256.20874   -83.92863     1.0053616],20.0000,6.0000,[110.612946   52.255974    0.3016034],20.0000,6.0000,[ 285.96277   -100.04152      1.6488177],20.0000,6.0000,[96.90453    29.470156    0.68139094],20.0000,0.0000,[167.16501   -98.79999     3.4357822],20.0000,0.0000,[117.57296   -81.12686     3.1740253],20.0000,4.0000,[121.21494   32.793213   6.127192],20.0000,4.0000,[274.25418  -96.82194    2.200739],20.0000,5.0000
360,[256.75858   -82.984764    1.2392277],20.0000,0.0000,[111.638535   52.633873    0.3934414],20.0000,0.0000,[285.9045    -98.95119     1.8615652],20.0000,6.0000,[97.68654    30.238844    0.40099007],20.0000,6.0000,[166.1084   -99.07705    3.141196],20.0000,6.0000,[116.99495   -81.15894     3.1752517],20.0000,4.0000,[121.79448    32.752983    6.1386623],20.0000,3.0000,[274.01575   -96.27953     2.2931442],20.0000,5.0000
361,[257.1148    -81.95297     0.9554043],20.0000,6.0000,[1.12629814e+02 5.30929909e+01 6.78319931e-02],20.0000,6.0000,[285.66537   -97.88338     2.1151378],20.0000,0.0000,[98.63478    30.798687    0.51731056],20.0000,0.0000,[165.01685   -99.09869     3.2252116],20.0000,6.0000,[116.41695  -81.19094    3.176359],20.0000,4.0000,[122.373924  32.71589    6.057268],20.0000,4.0000,[273.72827  -95.76146    2.385477],20.0000,5.0000
362,[257.6992   -81.02933    1.047386],20.0000,6.0000,[113.71153    53.274822    0.1544607],20.0000,6.0000,[285.19568   -96.891716    1.8184031],20.0000,6.0000,[99.53188    31.429237    0.23698685],20.0000,6.0000,[163.92892   -99.18771     3.4413276],20.0000,0.0000,[115.83896   -81.22284     3.1773627],20.0000,3.0000,[122.951294  32.644207   6.032392],20.0000,4.0000,[273.39426   -95.272095    2.4777858],20.0000,5.0000
363,[258.22226   -80.070915    1.2723377],20.0000,0.0000,[114.779655    53.50979      0.39522555],20.0000,0.0000,[284.95978   -95.82546     1.8779539],20.0000,6.0000,[100.55884     31.826666     0.35328934],20.0000,6.0000,[162.8752    -99.47496     3.1473186],20.0000,6.0000,[115.261086  -81.25762     3.0865173],20.0000,4.0000,[123.52651    32.55747     6.0308714],20.0000,4.0000,[273.01654   -94.81563     2.5700943],20.0000,5.0000
364,[258.55515   -79.03129     0.9833303],20.0000,6.0000,[115.77957     53.948        0.11998194],20.0000,6.0000,[284.67587   -94.77037     2.0810356],20.0000,0.0000,[101.55305    32.28549     0.6234619],20.0000,0.0000,[161.78381  -99.50708    3.232377],20.0000,6.0000,[114.68146   -81.25766     3.0538359],20.0000,4.0000,[124.10029    32.4648      6.0380826],20.0000,4.0000,[272.59836  -94.39592    2.662411],20.0000,5.0000
365,[259.1215    -78.096985    1.0731246],20.0000,6.0000,[116.8545      54.15142      0.21546265],20.0000,6.0000,[284.20908   -93.78075     1.7776438],20.0000,6.0000,[102.423584    32.944557     0.36265668],20.0000,6.0000,[160.69685   -99.60713     3.4493177],20.0000,0.0000,[114.101746 -81.24319    3.044027],20.0000,4.0000,[124.67323    32.370316    6.0474906],20.0000,4.0000,[272.14328  -94.01656    2.754736],20.0000,5.0000
366,[259.62646   -77.12909     1.2951652],20.0000,0.0000,[117.912384   54.423313    0.4463939],20.0000,0.0000,[283.9891    -92.71158     1.8499703],20.0000,6.0000,[103.41699    33.403347    0.4627723],20.0000,6.0000,[159.64636   -99.9056      3.1556597],20.0000,6.0000,[113.52226   -81.22245     3.0435417],20.0000,4.0000,[125.24571    32.275677    6.0564466],20.0000,4.0000,[271.65512   -93.68078     2.8470666],20.0000,5.0000
367,[259.9416    -76.08385     1.0043479],20.0000,6.0000,[118.89784     54.892754     0.16134046],20.0000,6.0000,[283.71207   -91.65548     2.0602489],20.0000,6.0000,[104.37543    33.927338    0.6963426],20.0000,0.0000,[158.55531  -99.94932    3.241348],20.0000,6.0000,[112.943016 -81.19911    3.046562],20.0000,4.0000,[125.81792   32.181423   6.064139],20.0000,4.0000,[271.13812   -93.391426    2.9394007],20.0000,5.0000
368,[260.49268   -75.140724    1.0929956],20.0000,6.0000,[119.96633    55.12271     0.2529502],20.0000,0.0000,[283.26456   -90.657104    2.3133817],20.0000,6.0000,[105.21367     34.62651      0.41234666],20.0000,6.0000,[ 157.46951   -100.06124      3.4588408],20.0000,0.0000,[112.36396  -81.17476    3.050596],20.0000,4.0000,[126.389946  32.087612   6.070507],20.0000,3.0000,[270.59662  -93.15098    3.031736],20.0000,5.0000
369,[260.98224   -74.16501     1.3135853],20.0000,0.0000,[121.0123    55.437843   6.210238],20.0000,6.0000,[282.62027   -89.76681     2.5678968],20.0000,6.0000,[106.19138    35.115047    0.5042675],20.0000,0.0000,[ 156.4225    -100.37151      3.1654508],20.0000,6.0000,[111.785065  -81.15005     3.0546272],20.0000,4.0000,[126.96249   31.997065   5.983978],20.0000,4.0000,[270.03525   -92.96149     3.1240711],20.0000,5.0000
370,[261.28165   -73.11508     1.0218928],20.0000,6.0000,[1.2210879e+02 5.5465576e+01 1.3483429e-02],20.0000,0.0000,[281.79416  -89.03406    2.801219],20.0000,0.0000,[107.125984    35.680653     0.17858383],20.0000,6.0000,[ 155.33197   -100.42753      3.2515397],20.0000,6.0000,[111.20628  -81.125244   3.058298],20.0000,4.0000,[127.52962    31.872179    5.9548235],20.0000,4.0000,[269.45883   -92.82456     3.2164063],20.0000,5.0000
371,[261.81882   -72.16409     1.1098406],20.0000,0.0000,[123.1991    55.56563    5.986585],20.0000,6.0000,[280.8218    -88.50993     2.4551373],20.0000,6.0000,[108.18104     35.98062      0.26512226],20.0000,0.0000,[ 154.24751   -100.55188      3.4694004],20.0000,0.0000,[110.627594  -81.10042     3.0615273],20.0000,4.0000,[128.09348    31.73257     5.9490814],20.0000,4.0000,[268.87222  -92.74136    3.308741],20.0000,5.0000
372,[262.27826    -71.173515     0.77906215],20.0000,6.0000,[124.283394  55.378826   6.088149],20.0000,6.0000,[280.01318   -87.77454     2.4686048],20.0000,6.0000,[109.21205   36.34912    6.238353],20.0000,6.0000,[ 153.20424   -100.87435      3.1761956],20.0000,6.0000,[110.04898   -81.07557     3.0643365],20.0000,4.0000,[128.65552    31.586857    5.9526134],20.0000,4.0000,[268.28043   -92.71261     3.4010758],20.0000,5.0000
373,[262.9874     -70.33815      0.86200976],20.0000,6.0000,[1.2537079e+02 5.5250969e+01 6.6010587e-02],20.0000,0.0000,[279.19687   -87.04742     2.6500785],20.0000,6.0000,[1.1030871e+02 3.6438389e+01 5.6806434e-02],20.0000,6.0000,[ 152.11441  -100.943115    3.262537],20.0000,6.0000,[109.47043 -81.05069   3.06678],20.0000,4.0000,[129.21663    31.43893     5.9591327],20.0000,4.0000,[267.68854   -92.73854     3.4934103],20.0000,4.0000
374,[263.65247   -69.47053     1.0965004],20.0000,0.0000,[126.4581    55.351078   6.085457],20.0000,6.0000,[278.281     -86.445435    2.8881943],20.0000,6.0000,[111.393654    36.585556     0.31791636],20.0000,0.0000,[ 151.0315    -101.08025      3.4806376],20.0000,0.0000,[108.89192   -81.02577     3.0689147],20.0000,4.0000,[129.77728    31.290438    5.9659758],20.0000,4.0000,[267.10254   -92.82173     3.4939861],20.0000,4.0000
375,[264.13812  -68.49285    0.817197],20.0000,6.0000,[127.54381   55.213608   6.184971],20.0000,6.0000,[277.26004   -86.033905    3.1301377],20.0000,0.0000,[1.1242171e+02 3.6953526e+01 5.4204058e-02],20.0000,6.0000,[ 149.99216   -101.41516      3.1875563],20.0000,6.0000,[108.31346   -81.000786    3.0707905],20.0000,4.0000,[130.33768   31.141987   5.972171],20.0000,3.0000,[266.52377   -92.924706    3.4625592],20.0000,5.0000
376,[264.83423   -67.6492      0.9111752],20.0000,0.0000,[128.63428     55.149048     0.13577922],20.0000,0.0000,[276.17035   -85.86519     2.8014517],20.0000,6.0000,[113.5074      37.09103      0.15372597],20.0000,0.0000,[ 148.90321  -101.49696     3.274057],20.0000,0.0000,[107.73503   -80.97573     3.0724494],20.0000,3.0000,[130.89885    30.996574    5.8857255],20.0000,4.0000,[265.94785   -93.026825    3.5196915],20.0000,4.0000
377,[265.45996    -66.753136     0.58992976],20.0000,6.0000,[129.71577    55.29689     6.1354284],20.0000,6.0000,[275.1591    -85.45083     2.8280447],20.0000,6.0000,[114.57682    37.317966    6.1203547],20.0000,6.0000,[ 147.82437   -101.664795     2.9417598],20.0000,6.0000,[107.15643   -80.95355     2.9821675],20.0000,4.0000,[131.45132    30.817429    5.8567405],20.0000,4.0000,[265.37833  -93.16079    3.525625],20.0000,5.0000
378,[266.30243    -66.0494       0.67986584],20.0000,0.0000,[130.80382   55.19251    6.227535],20.0000,6.0000,[274.1392    -85.057304    3.0151904],20.0000,6.0000,[115.67336   37.259293   6.212843],20.0000,6.0000,[ 146.73633   -101.53806      3.0236826],20.0000,0.0000,[106.579414  -80.89658     2.9499965],20.0000,4.0000,[131.99908    30.623903    5.8512325],20.0000,4.0000,[264.81207   -93.30422     3.6039195],20.0000,4.0000
379,[267.09427   -65.29263     0.3749095],20.0000,0.0000,[131.89517     55.15851      0.16956967],20.0000,0.0000,[273.0689    -84.820724    3.2550166],20.0000,0.0000,[116.76748     37.257298     0.17794286],20.0000,0.0000,[ 145.64357  -101.48374     2.705563],20.0000,6.0000,[106.00376   -80.82499     2.9408875],20.0000,4.0000,[132.54443    30.424475    5.8550005],20.0000,4.0000,[264.25583  -93.48565    3.619249],20.0000,4.0000
380,[268.05182   -64.74503     6.2122746],20.0000,0.0000,[132.97307    55.33103     6.1639314],20.0000,6.0000,[271.97012   -84.81909     2.9463584],20.0000,6.0000,[117.837685  37.473385   6.190224],20.0000,6.0000,[ 144.59848   -101.14221      2.8016598],20.0000,6.0000,[105.429    -80.74713    2.941157],20.0000,4.0000,[133.08862   30.222954   5.861721],20.0000,4.0000,[263.706    -93.6824     3.609387],20.0000,5.0000
381,[269.15787   -64.579636    5.7708535],20.0000,0.0000,[134.06245    55.24781     6.2538314],20.0000,6.0000,[270.90692   -84.56878     2.9957128],20.0000,6.0000,[1.1893156e+02 3.7447468e+01 4.0579555e-03],20.0000,6.0000,[ 143.54196  -100.855804    3.057273],20.0000,0.0000,[104.85477   -80.666725    2.9448724],20.0000,4.0000,[133.63231    30.02094     5.8687196],20.0000,4.0000,[263.15787  -93.88091    3.684058],20.0000,4.0000
382,[270.24924 -64.86584   5.39678],20.0000,0.0000,[135.15408     55.234524     0.19283111],20.0000,0.0000,[269.83456   -84.3584      3.1940346],20.0000,6.0000,[120.022934    37.49294      0.23629147],20.0000,0.0000,[ 142.45201   -100.79095      2.7909262],20.0000,6.0000,[104.280846  -80.58538     2.9494908],20.0000,4.0000,[134.17577    29.819017    5.8750305],20.0000,4.0000,[262.62216   -94.11326     3.7009144],20.0000,5.0000
383,[271.1585   -65.532745   5.079048],20.0000,0.0000,[136.22894   55.425648   6.185289],20.0000,6.0000,[268.73947  -84.319725   3.438961],20.0000,6.0000,[121.084366   37.747593    6.2351103],20.0000,6.0000,[ 141.40001   -100.48943      2.8896208],20.0000,6.0000,[103.70713   -80.50375     2.9539902],20.0000,4.0000,[134.71909   29.61733    5.880429],20.0000,4.0000,[262.09186   -94.356865    3.7860794],20.0000,4.0000
384,[271.79938  -66.4559     4.770852],20.0000,6.0000,[137.3193     55.36017     6.2740026],20.0000,0.0000,[267.65417  -84.50357    3.683735],20.0000,6.0000,[1.2217736e+02 3.7751266e+01 4.3770105e-02],20.0000,6.0000,[ 140.33229   -100.25859      3.1232388],20.0000,0.0000,[103.133545  -80.4221      2.9580286],20.0000,4.0000,[135.26234    29.415865    5.8849688],20.0000,3.0000,[261.5789    -94.63762     3.8051507],20.0000,4.0000
385,[272.10446   -67.53146     4.9989233],20.0000,0.0000,[138.41112    55.382156    5.9441204],20.0000,6.0000,[266.62906   -84.91722     3.9064877],20.0000,6.0000,[123.26672     37.825188     0.26871705],20.0000,0.0000,[ 139.24092   -100.2387       2.8395886],20.0000,6.0000,[102.56006  -80.34046    2.961545],20.0000,4.0000,[135.80669    29.217297    5.7970266],20.0000,4.0000,[261.07538 -94.93324   3.79738],20.0000,5.0000
386,[272.536    -68.54226    4.829213],20.0000,6.0000,[139.4733     55.11204     6.0276914],20.0000,0.0000,[265.71057   -85.53662     4.1029606],20.0000,6.0000,[124.322365   38.10313     6.2629194],20.0000,6.0000,[138.18181   -99.96848     2.9316676],20.0000,6.0000,[101.98666   -80.25885     2.9645808],20.0000,4.0000,[136.33905   28.98601    5.766791],20.0000,4.0000,[260.57416   -95.23086     3.8731213],20.0000,4.0000
387,[272.7982    -69.610535    4.9877324],20.0000,0.0000,[140.54947    54.91295     5.7128005],20.0000,6.0000,[264.92905   -86.32227     4.2815285],20.0000,0.0000,[1.2541464e+02 3.8127602e+01 6.9550171e-02],20.0000,0.0000,[137.10863   -99.76726     3.1568997],20.0000,0.0000,[101.41332   -80.17723     2.9672046],20.0000,4.0000,[136.86543   28.740948   5.759941],20.0000,4.0000,[260.0916    -95.55971     3.8904154],20.0000,4.0000
388,[273.1803    -70.63686     4.7163405],20.0000,6.0000,[141.541      54.436993    5.8111773],20.0000,6.0000,[264.3185    -87.24297     3.9027588],20.0000,6.0000,[126.50103   38.23966    6.024262],20.0000,6.0000,[136.01703   -99.77218     2.8680909],20.0000,6.0000,[100.84005   -80.09559     2.9694846],20.0000,4.0000,[137.38892    28.490187    5.7624564],20.0000,3.0000,[259.61862   -95.900925    3.8839712],20.0000,4.0000
389,[273.3158   -71.72789    4.828805],20.0000,0.0000,[142.55125   54.01525    6.069183],20.0000,0.0000,[263.49518   -87.96123     3.9079876],20.0000,6.0000,[127.58232    38.058792    6.1088324],20.0000,0.0000,[134.95334   -99.52264     2.9580007],20.0000,6.0000,[100.26682   -80.01389     2.9714797],20.0000,4.0000,[137.91255   28.239902   5.676377],20.0000,4.0000,[259.14966   -96.245834    3.8700516],20.0000,4.0000
390,[273.53796  -72.800896   4.53931 ],20.0000,6.0000,[143.6238    53.81051    5.804024],20.0000,6.0000,[262.67346   -88.68158     4.0881495],20.0000,0.0000,[128.6715     37.94989     5.7957144],20.0000,6.0000,[133.8767    -99.34185     3.1802018],20.0000,0.0000,[ 99.69364   -79.93214     2.9732378],20.0000,4.0000,[138.42079    27.957144    5.6492195],20.0000,4.0000,[258.6819    -96.59089     3.8557515],20.0000,4.0000
391,[273.48917   -73.900475    4.6499095],20.0000,0.0000,[144.62857   53.376846   5.903102],20.0000,6.0000,[261.97635   -89.52469     3.7773838],20.0000,6.0000,[129.69969    37.558926    5.8952947],20.0000,6.0000,[132.78525   -99.36564     2.8894846],20.0000,6.0000,[ 99.1205    -79.8503      2.9747972],20.0000,4.0000,[138.92119    27.66071     5.6463747],20.0000,4.0000,[258.21423   -96.934975    3.8434935],20.0000,4.0000
392,[273.52393  -74.99634    4.365284],20.0000,6.0000,[145.65807    53.011547    6.1369185],20.0000,0.0000,[261.0981    -90.17289     3.8488853],20.0000,0.0000,[130.74207   37.224167   6.154489],20.0000,0.0000,[131.71786   -99.133484    2.9782057],20.0000,0.0000,[ 98.54739   -79.76839     2.9761891],20.0000,4.0000,[139.4179     27.35901     5.6527934],20.0000,4.0000,[257.74637   -97.27798     3.8336437],20.0000,5.0000
393,[273.28925   -76.07223     4.4799514],20.0000,0.0000,[146.73799   52.852615   5.853339],20.0000,6.0000,[260.26678   -90.88027     3.5084555],20.0000,6.0000,[131.82817    37.11176     5.8898983],20.0000,6.0000,[130.63564   -98.98755     2.6483326],20.0000,6.0000,[ 97.97433   -79.686386    2.9774382],20.0000,4.0000,[139.91306   27.055758   5.661732],20.0000,3.0000,[257.27634   -97.61782     3.9176273],20.0000,4.0000
394,[273.13977   -77.15856     4.1990695],20.0000,6.0000,[147.75401    52.44957     5.9454365],20.0000,0.0000,[259.27258   -91.33613     3.5866055],20.0000,6.0000,[132.86646    36.76592     5.9891534],20.0000,0.0000,[129.62752   -98.557526    2.7319102],20.0000,6.0000,[ 97.40129   -79.604294    2.9785647],20.0000,4.0000,[140.40941    26.75485     5.5786567],20.0000,4.0000,[256.82645   -97.98567     3.9449658],20.0000,5.0000
395,[272.73062  -78.180954   4.315394],20.0000,6.0000,[148.79869    52.13        5.6201224],20.0000,6.0000,[258.3044    -91.841774    3.8100762],20.0000,6.0000,[133.92871    36.507526    5.6724977],20.0000,6.0000,[128.60179   -98.17918     2.9675834],20.0000,0.0000,[ 96.828285  -79.52212     2.9795854],20.0000,4.0000,[140.88776    26.423992    5.5527225],20.0000,4.0000,[256.38406   -98.36306     4.0407786],20.0000,4.0000
396,[272.38858   -79.22117     4.5858216],20.0000,0.0000,[149.72578   51.543686   5.706946],20.0000,6.0000,[257.4367   -92.50429    4.073477],20.0000,0.0000,[134.89174    35.979847    5.7649727],20.0000,6.0000,[127.52403   -98.00551     2.6890712],20.0000,6.0000,[ 96.2553    -79.43985     2.9805138],20.0000,4.0000,[141.35721   26.08066    5.550381],20.0000,4.0000,[255.96855   -98.77209     4.0685487],20.0000,4.0000
397,[272.27753  -80.30739    4.325185],20.0000,6.0000,[150.6782    51.00607    5.947994],20.0000,0.0000,[256.73523   -93.34297     3.7915251],20.0000,0.0000,[135.8771     35.504284    6.0132833],20.0000,0.0000,[126.511536  -97.59161     2.7833436],20.0000,6.0000,[ 95.68234   -79.35749     2.9813612],20.0000,4.0000,[141.82259   25.732613   5.556973],20.0000,3.0000,[255.56627   -99.19378     4.0681286],20.0000,5.0000
398,[271.9363   -81.34706    4.425363],20.0000,6.0000,[151.71547    50.66554     5.6729236],20.0000,6.0000,[255.8774   -94.0182     3.322898],20.0000,6.0000,[136.93535   35.235664   5.742401],20.0000,6.0000,[125.476166 -97.24392    3.012995],20.0000,0.0000,[ 95.10941   -79.27505     2.9821372],20.0000,4.0000,[142.28831   25.385462   5.474182],20.0000,4.0000,[255.16727  -99.617905   4.149329],20.0000,5.0000
399,[271.66666   -82.40559     4.6589823],20.0000,0.0000,[152.65207    50.100155    5.7684674],20.0000,0.0000,[254.82603   -94.33663     3.3768523],20.0000,6.0000,[137.91014   34.73867    5.839429],20.0000,6.0000,[124.394066  -97.10052     2.7271962],20.0000,6.0000,[ 94.5365    -79.19251     2.9828498],20.0000,4.0000,[142.73286    25.00969     5.4494257],20.0000,4.0000,[ 254.79303   -100.06608      4.2618127],20.0000,5.0000
400,[271.60718  -83.495514   4.375011],20.0000,6.0000,[153.63042   49.612713   5.448907],20.0000,6.0000,[253.78455   -94.67449     3.6128602],20.0000,0.0000,[138.9136    34.307114   6.071673],20.0000,0.0000,[123.37311   -96.71056     2.8185287],20.0000,6.0000,[ 93.96361   -79.1099      2.9835064],20.0000,4.0000,[143.16707    24.6222      5.4486675],20.0000,3.0000,[ 254.456    -100.545944    4.381234],20.0000,5.0000
401,[271.2985  -84.544     4.46694],20.0000,6.0000,[154.45103   48.883327   5.539888],20.0000,0.0000,[252.82773  -95.201      3.342272],20.0000,6.0000,[139.98064   34.07708    5.787312],20.0000,6.0000,[122.33023   -96.387314    3.0428019],20.0000,0.0000,[ 93.39073   -79.02721     2.9841127],20.0000,4.0000,[143.59892   24.23251    5.364998],20.0000,4.0000,[ 254.16447   -101.05772      4.4969893],20.0000,5.0000
402,[271.05832   -85.60911     4.6918173],20.0000,6.0000,[155.31677   48.212208   5.236179],20.0000,6.0000,[251.77524   -95.50291     3.4409342],20.0000,6.0000,[140.96747    33.607155    5.8791595],20.0000,0.0000,[121.24534   -96.266106    2.7533987],20.0000,6.0000,[ 92.81788  -78.944435   2.984674],20.0000,4.0000,[144.00583    23.815079    5.3418865],20.0000,3.0000,[ 253.92404   -101.59755      4.6054597],20.0000,4.0000
403,[271.0054    -86.69981     4.9533153],20.0000,0.0000,[155.98534   47.337822   5.341613],20.0000,0.0000,[250.74661   -95.8714      3.6772168],20.0000,0.0000,[141.98843    33.218517    5.5535574],20.0000,6.0000,[120.21779   -95.895035    2.8429782],20.0000,6.0000,[ 92.24504   -78.86158     2.9851947],20.0000,4.0000,[144.40305    23.388405    5.2520223],20.0000,4.0000,[ 253.74075  -102.15995     4.615086],20.0000,5.0000
404,[271.19394  -87.777504   4.669377],20.0000,6.0000,[156.71219    46.516785    5.0553436],20.0000,6.0000,[249.81035   -96.43259     3.3956516],20.0000,6.0000,[142.87416  32.57148   5.64019],20.0000,0.0000,[119.16938   -95.59067     3.0647457],20.0000,0.0000,[ 91.67222   -78.778656    2.9856784],20.0000,3.0000,[144.76964   22.933357   5.229835],20.0000,4.0000,[ 253.5783    -102.72559      4.6796794],20.0000,5.0000
405,[271.13928   -88.867714    4.7473702],20.0000,6.0000,[157.21742    45.53814     5.1701584],20.0000,6.0000,[248.76917   -96.76594     3.4884324],20.0000,0.0000,[143.7991     31.98556     5.3304086],20.0000,6.0000,[118.08254   -95.48751     2.7737625],20.0000,6.0000,[ 91.098946  -78.6986      2.8943703],20.0000,4.0000,[145.12149   22.467697   5.235412],20.0000,3.0000,[ 253.4526    -103.30054      4.7716126],20.0000,5.0000
406,[271.1483   -89.95962    4.959493],20.0000,0.0000,[157.7786     44.59778     5.4406977],20.0000,0.0000,[247.75885  -97.18193    3.164357],20.0000,6.0000,[144.54442    31.176132    5.4321632],20.0000,6.0000,[117.04942  -95.13282    2.862287],20.0000,6.0000,[ 90.530914  -78.584236    2.8612418],20.0000,4.0000,[145.47017   22.000677   5.158255],20.0000,3.0000,[ 253.37447   -103.88493      4.8730917],20.0000,5.0000
407,[271.35605  -91.03296    4.662037],20.0000,6.0000,[158.52582  43.80159   5.18048],20.0000,6.0000,[246.6701    -97.31773     3.2521076],20.0000,6.0000,[145.32819   30.411621   5.69338 ],20.0000,0.0000,[115.99646   -94.84483     3.0827296],20.0000,0.0000,[ 89.96562   -78.45582     2.8507452],20.0000,4.0000,[145.792      21.513046    5.0484233],20.0000,4.0000,[ 253.3498    -104.475235     4.9753027],20.0000,4.0000
408,[271.3072    -92.12343     4.7404823],20.0000,6.0000,[159.0872    42.862286   5.280868],20.0000,6.0000,[245.5929    -97.50738     3.4945576],20.0000,6.0000,[146.251      29.827925    5.4297166],20.0000,6.0000,[114.90814   -94.757774    2.7909503],20.0000,6.0000,[ 89.40174   -78.321396    2.8494787],20.0000,4.0000,[146.07077   20.99738    5.022563],20.0000,4.0000,[ 253.38396  -105.06539     4.983144],20.0000,4.0000
409,[271.32193   -93.215004    4.9533105],20.0000,0.0000,[159.7098     41.964737    5.5147486],20.0000,6.0000,[244.56956  -97.887215   3.770901],20.0000,6.0000,[147.0277    29.056961   5.529253],20.0000,6.0000,[113.870094  -94.41812     2.8788218],20.0000,6.0000,[ 88.83857   -78.18446     2.8517585],20.0000,4.0000,[146.32916   20.472445   5.031121],20.0000,3.0000,[ 253.44032   -105.650375     4.9561725],20.0000,4.0000
410,[271.53473   -94.28673     4.6575265],20.0000,6.0000,[160.48158    41.192604    5.7814875],20.0000,0.0000,[243.6492   -98.47762    4.044122],20.0000,0.0000,[147.85266    28.340889    5.7632537],20.0000,0.0000,[112.813156  -94.14521     3.0985098],20.0000,0.0000,[ 88.275764  -78.04653     2.8551536],20.0000,4.0000,[146.58304    19.946777    4.9585285],20.0000,3.0000,[ 253.50041   -106.23181      4.9236608],20.0000,4.0000
411,[271.49054   -95.3775      4.7395096],20.0000,6.0000,[161.40755   40.611      5.500333],20.0000,6.0000,[242.8894    -99.26851     3.7562778],20.0000,6.0000,[148.8       27.79865    5.479718],20.0000,6.0000,[111.723694  -94.07322     2.8062942],20.0000,6.0000,[ 87.71317  -77.908226   2.858662],20.0000,4.0000,[146.80675    19.406248    4.8525605],20.0000,3.0000,[ 253.55766  -106.81144     4.896512],20.0000,5.0000
412,[271.5125   -96.46886    4.954264],20.0000,6.0000,[162.18071  39.84048   5.58199],20.0000,0.0000,[241.97977  -99.87266    3.820669],20.0000,6.0000,[149.59875    27.052511    5.5718246],20.0000,0.0000,[110.68115   -93.74783     2.8937573],20.0000,6.0000,[ 87.15071   -77.76979     2.8619144],20.0000,4.0000,[146.98598   18.847055   4.737981],20.0000,4.0000,[ 253.60817   -107.39073      4.9681616],20.0000,4.0000
413,[271.71625  -97.542885   5.210172],20.0000,0.0000,[163.01117    39.132065    5.2451205],20.0000,6.0000,[ 241.10025  -100.520905    4.025716],20.0000,6.0000,[150.45468   26.373642   5.246491],20.0000,6.0000,[109.62062   -93.48928     3.1129975],20.0000,0.0000,[ 86.58833  -77.63132    2.864811],20.0000,4.0000,[147.10971   18.271284   4.717509],20.0000,3.0000,[ 253.69102  -107.96728     4.987499],20.0000,4.0000
414,[272.15137  -98.548744   4.919047],20.0000,6.0000,[163.62166    38.224854    5.3238797],20.0000,0.0000,[ 240.33562   -101.30554      4.2735386],20.0000,0.0000,[151.10376    25.489355    5.3332953],20.0000,0.0000,[108.530266  -93.43177     2.8205302],20.0000,6.0000,[ 86.02603   -77.492805    2.8673544],20.0000,4.0000,[147.21214   17.693052   4.642719],20.0000,3.0000,[ 253.7878    -108.54132      4.9853187],20.0000,4.0000
415,[272.3517    -99.622025    4.9862065],20.0000,6.0000,[164.29271   37.362232   4.995946],20.0000,6.0000,[ 239.76004  -102.241196    3.969365],20.0000,6.0000,[151.8087    24.651537   5.023757],20.0000,6.0000,[107.48354   -93.12021     2.9077373],20.0000,6.0000,[ 85.4638    -77.354256    2.8695838],20.0000,4.0000,[147.27518    17.108498    4.5441775],20.0000,4.0000,[ 253.88971  -109.11379     4.975635],20.0000,4.0000
416,[ 272.60617   -100.68434      5.1931195],20.0000,0.0000,[164.71089   36.347137   5.084207],20.0000,6.0000,[ 238.99303  -103.0188      4.021177],20.0000,6.0000,[152.27502   23.65493    5.125663],20.0000,6.0000,[106.41972   -92.875595    3.1267056],20.0000,0.0000,[ 84.90161   -77.21566     2.8715434],20.0000,4.0000,[147.2854    16.519728   4.530832],20.0000,3.0000,[ 253.99286   -109.68539      4.9646487],20.0000,4.0000
417,[ 273.0475    -101.685265     4.8920493],20.0000,6.0000,[165.17656   35.35712    5.329841],20.0000,0.0000,[ 238.25688  -103.82647     4.220483],20.0000,6.0000,[152.79166   22.689589   5.387012],20.0000,0.0000,[105.32869  -92.83223    2.834088],20.0000,6.0000,[ 84.339485  -77.077       2.8732746],20.0000,4.0000,[147.27713   15.932826   4.458609],20.0000,3.0000,[ 254.0958    -110.25652      4.9547157],20.0000,4.0000
418,[ 273.24115   -102.7595       4.9664245],20.0000,6.0000,[165.82753    34.48061     5.0579524],20.0000,6.0000,[ 237.65646  -104.743126    4.465689],20.0000,6.0000,[153.49547   21.854763   5.123407],20.0000,6.0000,[104.27805  -92.534225   2.921134],20.0000,6.0000,[ 83.777405 -76.93827    2.874813],20.0000,4.0000,[147.2304    15.347053   4.360327],20.0000,3.0000,[ 254.1981    -110.8274       4.9464226],20.0000,4.0000
419,[ 273.49387  -103.821625    5.177528],20.0000,0.0000,[166.26881    33.47934     5.1547217],20.0000,0.0000,[ 237.25172  -105.76683     4.710436],20.0000,6.0000,[154.00354    20.885475    5.2229605],20.0000,0.0000,[103.211174 -92.303314   3.139935],20.0000,0.0000,[ 83.21536   -76.79946     2.8761876],20.0000,3.0000,[147.13432    14.765779    4.2545877],20.0000,4.0000,[ 254.29985  -111.39811     4.939679],20.0000,4.0000
420,[ 273.93472 -104.82169    4.88062],20.0000,6.0000,[166.78954   32.518173   4.836412],20.0000,6.0000,[ 237.07483 -106.85804    4.93303],20.0000,0.0000,[154.58974   19.962698   4.906414],20.0000,6.0000,[102.11967   -92.27387     2.8472264],20.0000,6.0000,[ 82.652596  -76.66343     2.7856634],20.0000,4.0000,[146.98175    14.1957655   4.241662 ],20.0000,3.0000,[ 254.40115  -111.968704    4.934208],20.0000,4.0000
421,[ 274.12866   -105.89594      4.9609547],20.0000,6.0000,[167.04285    31.449749    4.9281425],20.0000,0.0000,[ 237.1465   -107.96064     4.578792],20.0000,6.0000,[154.9178     18.914736    4.9989023],20.0000,6.0000,[101.06534   -91.98928     2.9341707],20.0000,6.0000,[ 82.09827   -76.49364     2.7532763],20.0000,4.0000,[146.8105     13.6335335   4.1724524],20.0000,3.0000,[ 254.50215   -112.539215     4.9297285],20.0000,4.0000
422,[ 274.38617   -106.95674      5.1747766],20.0000,0.0000,[167.36682   30.403292   4.625282],20.0000,6.0000,[ 236.94638   -109.03511      4.5889378],20.0000,6.0000,[155.29814   17.88885    5.247183],20.0000,0.0000,[ 99.99561  -91.77195    3.152868],20.0000,0.0000,[ 81.54816   -76.30984     2.7438798],20.0000,4.0000,[146.60266   13.083365   4.077052],20.0000,3.0000,[ 254.603    -113.109634    4.926012],20.0000,4.0000
423,[ 274.83286  -107.953735    4.879633],20.0000,6.0000,[167.41322    29.303534    4.7311797],20.0000,0.0000,[ 236.75423   -110.11119      4.7693977],20.0000,6.0000,[155.87445   16.961548   4.976275],20.0000,6.0000,[ 98.90381  -91.75631    2.860103],20.0000,6.0000,[ 81.00012   -76.12009     2.7438436],20.0000,4.0000,[146.34909    12.5512705   3.9734318],20.0000,4.0000,[ 254.70374  -113.67999     4.922884],20.0000,4.0000
424,[ 275.03326   -109.02689      4.9627075],20.0000,6.0000,[167.53825   28.214136   4.445249],20.0000,6.0000,[ 236.71967   -111.20649      5.0075994],20.0000,6.0000,[156.23228    15.927535    5.0732927],20.0000,0.0000,[ 97.84598   -91.485054    2.9469836],20.0000,6.0000,[ 80.4531    -75.927925    2.7472787],20.0000,4.0000,[146.04477    12.045593    3.9618464],20.0000,3.0000,[ 254.80446   -114.25028      4.9202166],20.0000,5.0000
425,[ 275.299     -110.08562      5.1781607],20.0000,6.0000,[167.39163    27.12257     4.5601892],20.0000,0.0000,[ 236.90207  -112.29193     5.250183],20.0000,6.0000,[156.6728    14.927092   4.754973],20.0000,6.0000,[ 96.7736    -91.28122     3.1656158],20.0000,0.0000,[ 79.90658   -75.734886    2.7516637],20.0000,4.0000,[145.725      11.552431    3.8934042],20.0000,3.0000,[ 254.90228   -114.82113      5.0096736],20.0000,5.0000
426,[ 275.7384    -111.08646      5.4344096],20.0000,0.0000,[167.33052    26.027626    4.2802124],20.0000,6.0000,[ 237.31224   -113.31825      5.4728703],20.0000,0.0000,[156.83812    13.841592    4.8466263],20.0000,0.0000,[ 95.68169   -91.2793      2.8728158],20.0000,6.0000,[ 79.3603    -75.541595    2.7559774],20.0000,4.0000,[145.37363    11.080836    3.7983313],20.0000,4.0000,[ 255.03159   -115.38682      5.1328998],20.0000,5.0000
427,[ 276.38785   -111.96901      5.1440043],20.0000,6.0000,[167.00592    24.975275    4.3971148],20.0000,0.0000,[ 237.94098   -114.22671      5.1195517],20.0000,6.0000,[157.07567    12.77221     4.5436196],20.0000,6.0000,[ 94.62053   -91.021355    2.9596562],20.0000,6.0000,[ 78.814156 -75.348274   2.759871],20.0000,3.0000,[144.98157    10.641483    3.7865565],20.0000,3.0000,[ 255.2064   -115.94262     5.264658],20.0000,5.0000
428,[ 276.82376   -112.97         5.2122107],20.0000,6.0000,[166.767     23.905054   4.117411],20.0000,6.0000,[ 238.3227   -115.250824    5.130431],20.0000,6.0000,[157.03212    11.672343    4.6494236],20.0000,0.0000,[ 93.545685 -90.830986   3.178248],20.0000,0.0000,[ 78.267006 -75.15773    2.671516],20.0000,4.0000,[144.57768   10.215651   3.714908],20.0000,4.0000,[ 255.4329    -116.48286      5.3933935],20.0000,5.0000
429,[ 277.3107    -113.9478       5.4196467],20.0000,0.0000,[166.27553    22.919632    4.2340083],20.0000,0.0000,[ 238.71266   -116.272        5.3112097],20.0000,6.0000,[157.06773    10.576378    4.3634133],20.0000,6.0000,[ 92.45383   -90.84273     2.8854263],20.0000,6.0000,[ 77.731384 -74.93426    2.641003],20.0000,4.0000,[144.14488     9.819011    3.7084496],20.0000,3.0000,[ 255.71304   -117.000755     5.5136414],20.0000,5.0000
430,[ 277.96613   -114.823524     5.1189146],20.0000,6.0000,[165.86566   21.90259    3.953781],20.0000,6.0000,[ 239.24782  -117.228294    5.549507],20.0000,0.0000,[156.83237    9.500451   4.47832 ],20.0000,0.0000,[ 91.389534  -90.59808     2.9722414],20.0000,6.0000,[ 77.20153   -74.69693     2.6338859],20.0000,4.0000,[143.70444     9.433171    3.6346529],20.0000,3.0000,[ 256.04535   -117.48952      5.6239862],20.0000,5.0000
431,[ 278.39694   -115.82647      5.1936207],20.0000,6.0000,[165.22011    21.010498    4.0700817],20.0000,0.0000,[ 239.97581  -118.05095     5.241535],20.0000,6.0000,[156.68192     8.414171    4.1983294],20.0000,6.0000,[ 90.312386  -90.421165    3.1908076],20.0000,0.0000,[ 76.674484  -74.45384     2.6361592],20.0000,4.0000,[143.23978     9.075195    3.5324852],20.0000,4.0000,[ 256.42575   -117.94347      5.7258406],20.0000,5.0000
432,[ 278.88278   -116.80418      5.4048557],20.0000,0.0000,[164.64973    20.074       3.7896612],20.0000,6.0000,[ 240.49417   -119.01232      5.2923465],20.0000,6.0000,[156.27234     7.3918924   4.3152304],20.0000,6.0000,[ 89.22076  -90.44654    2.897972],20.0000,6.0000,[ 76.148735  -74.20861     2.6416378],20.0000,3.0000,[142.74405     8.759148    3.5146475],20.0000,4.0000,[ 256.84912 -118.35835    5.82191],20.0000,5.0000
433,[ 279.53796   -117.678925     5.1080337],20.0000,6.0000,[163.86713    19.299345    3.9058995],20.0000,0.0000,[ 241.04945   -119.953476     5.4914474],20.0000,0.0000,[155.93025     6.351695    4.5860825],20.0000,0.0000,[ 88.153496  -90.215195    2.9847713],20.0000,6.0000,[ 75.62214   -73.96537     2.5559218],20.0000,4.0000,[142.2386      8.4626665   3.5302331],20.0000,3.0000,[ 257.31018   -118.73105      5.9148364],20.0000,5.0000
434,[ 279.96936  -118.68167     5.188486],20.0000,6.0000,[163.15137    18.468643    3.6254716],20.0000,6.0000,[ 241.76123  -120.78466     5.186273],20.0000,6.0000,[155.81946     5.2654457   4.325603 ],20.0000,6.0000,[ 87.07423   -90.051735    3.2033215],20.0000,0.0000,[ 75.11022  -73.69012    2.528099],20.0000,4.0000,[141.73317     8.169695    3.4625573],20.0000,4.0000,[ 257.804     -119.05896      6.0065036],20.0000,5.0000
435,[ 280.45975   -119.65693      5.4023705],20.0000,0.0000,[162.25267    17.832308    3.7417204],20.0000,0.0000,[ 242.25485   -121.75823      5.2576227],20.0000,6.0000,[155.4786      4.225651    4.4258204],20.0000,6.0000,[ 85.983     -90.09072     2.9104774],20.0000,6.0000,[ 74.60573   -73.40135     2.5240839],20.0000,4.0000,[141.21043     7.9075537   3.4511175],20.0000,4.0000,[ 258.32587  -119.33975     6.097953],20.0000,5.0000
436,[ 281.12003  -120.52729     5.107262],20.0000,6.0000,[161.41078   17.129751   3.46131 ],20.0000,6.0000,[ 242.7994   -122.7046      5.467523],20.0000,6.0000,[155.2094      3.1670222   4.6594353],20.0000,0.0000,[ 84.91294   -89.8727      2.9972665],20.0000,6.0000,[ 74.10474  -73.107254   2.529299],20.0000,4.0000,[140.68227     7.6590676   3.4618208],20.0000,3.0000,[ 258.8713   -119.5713      6.189608],20.0000,5.0000
437,[ 281.55765   -121.527466     5.1903934],20.0000,6.0000,[160.42018    16.648834    3.5775685],20.0000,0.0000,[ 243.49307   -123.5507       5.7204847],20.0000,6.0000,[155.15034    2.077067   4.375452],20.0000,6.0000,[ 83.83172   -89.7227      3.2158067],20.0000,0.0000,[ 73.605255 -72.81146    2.537225],20.0000,3.0000,[140.15436     7.412313    3.3867815],20.0000,4.0000,[ 259.43567   -119.75171      6.2815475],20.0000,5.0000
438,[ 282.05566  -122.49881     5.405885],20.0000,6.0000,[159.4748     16.0933      3.2971644],20.0000,6.0000,[ 244.34824   -124.240974     5.9748354],20.0000,6.0000,[154.8421      1.0284597   4.4673758],20.0000,0.0000,[ 82.74106   -89.775276    2.9229572],20.0000,6.0000,[ 73.10465  -72.51789    2.453383],20.0000,4.0000,[139.61139     7.198041    3.3692434],20.0000,4.0000,[ 2.6001422e+02 -1.1987943e+02  9.0523057e-02],20.0000,5.0000
439,[ 282.70975   -123.37452      5.6621523],20.0000,0.0000,[158.41891   15.780722   3.413425],20.0000,0.0000,[ 245.33757  -124.73157     6.207978],20.0000,6.0000,[ 1.5461964e+02 -4.1074958e-02  4.1416898e+00],20.0000,6.0000,[ 81.668365  -89.5706      3.0097399],20.0000,6.0000,[ 72.621666  -72.19403     2.4269102],20.0000,4.0000,[139.06355     6.998398    3.3751078],20.0000,4.0000,[ 2.6060205e+02 -1.1995334e+02  1.8281397e-01],20.0000,5.0000
440,[ 283.54175  -124.08757     5.371785],20.0000,6.0000,[157.39546   15.387139   3.133021],20.0000,6.0000,[ 2.4641196e+02 -1.2500037e+02  1.2911956e-01],20.0000,0.0000,[154.12065    -1.0178633   4.2282257],20.0000,6.0000,[ 80.58536   -89.434074    3.2282739],20.0000,0.0000,[ 72.14741  -71.85753    2.424104],20.0000,3.0000,[138.51488     6.8041124   3.3884497],20.0000,4.0000,[ 261.19418    -119.97277       0.27516297],20.0000,4.0000
441,[ 284.1925    -124.96422      5.4400487],20.0000,6.0000,[156.3027     15.2513      3.2492814],20.0000,0.0000,[ 247.51685  -125.03247     6.043963],20.0000,6.0000,[153.67244    -2.0154383   4.468817 ],20.0000,0.0000,[ 79.495445 -89.50022    2.935421],20.0000,6.0000,[ 71.675186  -71.51844     2.3385632],20.0000,4.0000,[137.9667      6.6109843   3.4023044],20.0000,4.0000,[ 261.78482    -119.93467       0.27576858],20.0000,4.0000
442,[ 284.88776  -125.806725    5.647513],20.0000,0.0000,[155.22868    15.030249    2.9688768],20.0000,6.0000,[ 248.56477   -125.34252      6.0488415],20.0000,6.0000,[153.42793    -3.0794306   4.1934614],20.0000,6.0000,[ 78.42028   -89.30892     3.0221996],20.0000,6.0000,[ 71.22473  -71.148865   2.314016],20.0000,4.0000,[137.41934    6.417466   3.414256],20.0000,4.0000,[ 2.6236975e+02 -1.1987629e+02  2.4436827e-01],20.0000,5.0000
443,[ 285.7241   -126.51172     5.346799],20.0000,6.0000,[154.12842   15.074801   3.085137],20.0000,0.0000,[ 249.61368   -125.64966      6.2277985],20.0000,0.0000,[152.95015    -4.0635886   4.2889   ],20.0000,6.0000,[ 77.33566   -89.18588     3.2407296],20.0000,0.0000,[ 70.78508   -70.766884    2.3146968],20.0000,3.0000,[136.87271     6.2232084   3.4239056],20.0000,4.0000,[ 262.95184    -119.818535      0.30151707],20.0000,5.0000
444,[ 286.37036  -127.39139     5.421523],20.0000,6.0000,[153.03271   15.032225   2.804732],20.0000,6.0000,[ 250.69934  -125.78618     5.915707],20.0000,6.0000,[152.53746    -5.0748916   4.5197887],20.0000,0.0000,[ 76.24665   -89.265594    2.9478745],20.0000,6.0000,[ 70.347946  -70.38264     2.2326717],20.0000,4.0000,[136.32664     6.0282936   3.431551 ],20.0000,4.0000,[ 263.53082    -119.73138       0.39921737],20.0000,4.0000
445,[ 287.06458  -128.23402     5.632766],20.0000,0.0000,[151.95453   15.255971   2.920992],20.0000,6.0000,[ 251.7172    -126.18045      5.9857597],20.0000,6.0000,[152.32652    -6.145871    4.2347107],20.0000,6.0000,[ 75.1692    -89.08768     3.0346508],20.0000,6.0000,[ 69.93538   -69.970406    2.2109234],20.0000,4.0000,[135.78098     5.8329077   3.43763  ],20.0000,4.0000,[ 264.10187   -119.59604      0.4180178],20.0000,4.0000
446,[ 287.90045   -128.93811      5.3359485],20.0000,6.0000,[150.8705     15.410414    3.1911392],20.0000,0.0000,[ 252.7543   -126.521614    6.195303],20.0000,0.0000,[151.87383    -7.1406584   4.3263116],20.0000,0.0000,[ 74.08313   -88.97815     3.2531781],20.0000,0.0000,[ 69.53475   -69.54716     2.2139993],20.0000,3.0000,[135.2356      5.6372232   3.44253  ],20.0000,4.0000,[ 264.66632    -119.44111       0.40522528],20.0000,4.0000
447,[ 288.5473    -129.81744      5.4164076],20.0000,6.0000,[149.78162    15.329573    2.9303265],20.0000,6.0000,[ 253.8369    -126.67136      5.8979506],20.0000,6.0000,[151.50291   -8.168174   4.000402],20.0000,6.0000,[ 72.99519  -89.071396   2.960322],20.0000,6.0000,[ 69.136696  -69.12224     2.1338153],20.0000,4.0000,[134.6904      5.4413714   3.4465473],20.0000,4.0000,[ 265.22733    -119.280846      0.38379687],20.0000,5.0000
448,[ 289.24536   -130.65666      5.6302953],20.0000,0.0000,[148.69827    15.483635    3.0304406],20.0000,6.0000,[ 254.85287  -127.070595    5.978283],20.0000,6.0000,[150.87119    -9.064819    4.0868244],20.0000,0.0000,[ 71.9156    -88.906906    3.0470965],20.0000,6.0000,[ 68.7656    -68.67207     2.1132822],20.0000,4.0000,[134.14532     5.245444    3.4498978],20.0000,4.0000,[ 265.78806    -119.12379       0.45525637],20.0000,5.0000
449,[ 290.08524  -131.3553      5.335189],20.0000,6.0000,[147.60892    15.563959    3.2640123],20.0000,0.0000,[ 255.89081   -127.4087       6.1921387],20.0000,0.0000,[150.30118   -9.999633   3.776728],20.0000,6.0000,[ 70.82826   -88.81089     3.2656224],20.0000,0.0000,[ 68.40736   -68.21226     2.1172457],20.0000,3.0000,[133.60034     5.0495024   3.4527357],20.0000,4.0000,[ 266.34094    -118.9369        0.56429857],20.0000,4.0000
450,[ 290.73755  -132.23073     5.418324],20.0000,6.0000,[146.52538   15.431915   2.980018],20.0000,6.0000,[ 256.9738    -127.552315     5.8970356],20.0000,6.0000,[149.50452   -10.75853     3.8782835],20.0000,0.0000,[ 69.74157  -88.91767    2.972765],20.0000,6.0000,[ 68.05172   -67.751175    2.0376718],20.0000,4.0000,[133.0554      4.853587    3.4551716],20.0000,4.0000,[ 266.87762   -118.70267      0.5914286],20.0000,4.0000
451,[ 291.44217   -133.0644       5.6338177],20.0000,0.0000,[145.43907    15.552478    3.0719395],20.0000,0.0000,[ 257.99225   -127.94551      5.9802113],20.0000,6.0000,[148.7653    -11.568271    3.5887713],20.0000,6.0000,[ 68.66002   -88.76662     3.0595388],20.0000,0.0000,[ 67.72524   -67.267624    2.0175052],20.0000,3.0000,[132.5105      4.6577253   3.4572861],20.0000,4.0000,[ 267.40436   -118.44889      0.5848211],20.0000,5.0000
452,[ 292.288    -133.75546     5.339534],20.0000,6.0000,[144.34712    15.584913    2.7462568],20.0000,6.0000,[ 259.03275   -128.27548      6.1957355],20.0000,0.0000,[147.84447  -12.172451   3.702221],20.0000,0.0000,[ 67.57011   -88.70191     2.7275116],20.0000,6.0000,[ 67.409744  -66.77703     1.9299529],20.0000,4.0000,[131.9656      4.461934    3.4591398],20.0000,4.0000,[ 267.92807    -118.19156       0.65914494],20.0000,4.0000
453,[ 292.94797   -134.62523      5.4240885],20.0000,0.0000,[143.29826   15.90582    2.832796],20.0000,6.0000,[ 260.11673   -128.40947      5.9014664],20.0000,6.0000,[146.97629  -12.842488   3.42164 ],20.0000,6.0000,[ 66.53355   -88.347496    2.8096132],20.0000,6.0000,[ 67.12917   -66.264175    1.9093623],20.0000,4.0000,[131.42073     4.266224    3.4607778],20.0000,4.0000,[ 268.4353     -117.9013        0.67452383],20.0000,4.0000
454,[ 293.674    -135.4405      5.090065],20.0000,6.0000,[142.23778    16.173117    3.0733943],20.0000,6.0000,[ 261.1387    -128.79375      5.9860487],20.0000,6.0000,[145.9677    -13.284841    3.5384922],20.0000,6.0000,[ 65.4829    -88.04596     3.0424185],20.0000,0.0000,[ 66.86481   -65.74368     1.9161097],20.0000,3.0000,[130.87584     4.070601    3.4622352],20.0000,4.0000,[ 268.93384   -117.598045     0.6662013],20.0000,5.0000
455,[ 294.15662   -136.42336      5.1708937],20.0000,6.0000,[141.14867    16.246014    3.3485944],20.0000,0.0000,[ 262.18228   -129.11374      6.2025995],20.0000,6.0000,[144.99467   -13.78712     3.8095148],20.0000,0.0000,[ 64.39545   -87.950615    2.7619667],20.0000,6.0000,[ 66.60362   -65.22258     1.8397329],20.0000,4.0000,[130.33095     3.8750694   3.46354  ],20.0000,4.0000,[ 269.43054   -117.29342      0.7425692],20.0000,5.0000
456,[ 294.68698   -137.37885      5.4008756],20.0000,0.0000,[140.07066    16.06808     3.0708995],20.0000,0.0000,[ 2.6326605e+02 -1.2925439e+02  1.7613533e-01],20.0000,6.0000,[144.15443   -14.484415    3.5491621],20.0000,6.0000,[ 63.356277  -87.60961     2.8555179],20.0000,0.0000,[ 66.37519   -64.68521     1.8221034],20.0000,4.0000,[129.78604     3.6796303   3.4647145],20.0000,4.0000,[ 269.91025   -116.960175     0.8524896],20.0000,4.0000
457,[ 295.38794   -138.21567      5.1184435],20.0000,6.0000,[138.97969    16.114908    2.6073947],20.0000,6.0000,[ 264.36008   -129.1719       0.4373347],20.0000,6.0000,[143.18268  -14.987444   3.649429],20.0000,0.0000,[ 62.293934  -87.353096    2.5337462],20.0000,6.0000,[ 66.16157  -64.14254    1.828362],20.0000,3.0000,[129.24112     3.4842842   3.4657764],20.0000,4.0000,[ 270.36053   -116.58509      0.8787792],20.0000,4.0000
458,[ 295.87955   -139.19246      5.2112637],20.0000,0.0000,[137.97246    16.55613     2.6636753],20.0000,6.0000,[ 265.4153    -128.85168      0.6804582],20.0000,6.0000,[142.2575    -15.569707    3.3325346],20.0000,6.0000,[ 61.331963  -86.824486    2.6233358],20.0000,0.0000,[ 65.95047   -63.59966     1.7504263],20.0000,4.0000,[128.69618     3.2890303   3.4667408],20.0000,4.0000,[ 270.7954    -116.19383      0.8707389],20.0000,5.0000
459,[ 296.44724 -140.1262     4.88851],20.0000,6.0000,[136.96103    16.97674     2.9053931],20.0000,6.0000,[ 266.37918    -128.30753       0.89413136],20.0000,6.0000,[141.2083    -15.893307    3.4245317],20.0000,6.0000,[ 60.339024  -86.3622      2.3179393],20.0000,6.0000,[ 65.7734    -63.0436      1.7312657],20.0000,4.0000,[128.15123     3.0938668   3.46762  ],20.0000,4.0000,[ 271.22638    -115.80015       0.94375706],20.0000,4.0000
460,[ 296.7508   -141.1809      4.977432],20.0000,0.0000,[135.89511    17.21277     3.1892333],20.0000,6.0000,[ 267.2124    -127.576706     1.0818307],20.0000,6.0000,[140.18085   -16.269228    3.6720304],20.0000,0.0000,[ 59.493896  -85.65714     2.4224155],20.0000,6.0000,[ 65.6116   -62.483505   1.73615 ],20.0000,3.0000,[127.60625     2.8987925   3.4684238],20.0000,4.0000,[ 271.63242    -115.37965       0.95823973],20.0000,4.0000
461,[ 297.12305  -142.21089     4.671152],20.0000,6.0000,[134.80241    17.210882    3.4659808],20.0000,0.0000,[ 267.8934    -126.7026       1.2556834],20.0000,6.0000,[139.25084  -16.84114    3.400652],20.0000,6.0000,[ 58.615772  -85.00305     2.6859643],20.0000,0.0000,[ 65.45252   -61.9233      1.6571662],20.0000,4.0000,[127.06125     2.7038045   3.4691615],20.0000,4.0000,[ 272.02655   -114.94925      0.9492913],20.0000,4.0000
462,[ 297.2184   -143.30731     4.775107],20.0000,0.0000,[133.73746    16.953176    3.1825135],20.0000,6.0000,[ 268.4092    -125.72266      1.4264044],20.0000,6.0000,[138.21504  -17.193712   3.497499],20.0000,6.0000,[ 57.623093  -84.5482      2.4233067],20.0000,6.0000,[ 65.32872   -61.353107    1.6373299],20.0000,4.0000,[126.516235    2.5089006   3.4698403],20.0000,4.0000,[ 272.4162     -114.51645       0.93350214],20.0000,4.0000
463,[ 297.3907   -144.3902      4.487684],20.0000,6.0000,[132.64583   16.93253    3.252849],20.0000,6.0000,[ 268.74823   -124.668915     1.5990528],20.0000,6.0000,[137.20613   -17.612358    3.7295861],20.0000,0.0000,[ 56.749634 -83.888885   2.523133],20.0000,0.0000,[ 65.22062   -60.780277    1.6417398],20.0000,3.0000,[125.97119     2.3140788   3.4704664],20.0000,4.0000,[ 272.80484   -114.08408      0.9179802],20.0000,4.0000
464,[ 297.2905   -145.487       4.602041],20.0000,0.0000,[131.55627    16.853899    3.4609067],20.0000,0.0000,[ 268.90005   -123.57264      1.7743424],20.0000,6.0000,[136.29733   -18.216982    3.4451425],20.0000,6.0000,[ 55.825264  -83.305214    2.2066543],20.0000,6.0000,[ 65.115326  -60.207554    1.5624417],20.0000,4.0000,[125.426125    2.1193357   3.4710453],20.0000,5.0000,[ 273.19376    -113.65292       0.90497965],20.0000,4.0000
465,[ 297.2754   -146.58356     4.321867],20.0000,6.0000,[130.49721    16.579884    3.1600668],20.0000,6.0000,[ 268.85837   -122.46668      1.9512398],20.0000,6.0000,[135.27245   -18.596794    3.5369616],20.0000,6.0000,[ 55.080692  -82.49809     2.2991264],20.0000,0.0000,[ 65.046165  -59.628204    1.5424238],20.0000,4.0000,[124.88008     1.9274814   3.5633404],20.0000,4.0000,[ 273.58325   -113.22291      0.8946921],20.0000,4.0000
466,[ 296.99503   -147.64857      4.4387774],20.0000,0.0000,[129.4058     16.561787    3.2342587],20.0000,6.0000,[ 268.62302   -121.38519      2.1286402],20.0000,6.0000,[134.27516   -19.0413      3.7618763],20.0000,0.0000,[ 54.28498   -81.745155    1.9967897],20.0000,6.0000,[ 64.99292   -59.047714    1.5467182],20.0000,3.0000,[124.34628     1.7034138   3.5974276],20.0000,4.0000,[ 273.97324    -112.79379       0.88665867],20.0000,4.0000
467,[ 296.801    -148.72784     4.159164],20.0000,6.0000,[128.3168     16.483603    3.4452775],20.0000,0.0000,[ 268.20078   -120.36204      2.3059397],20.0000,6.0000,[133.37976   -19.665726    3.4728732],20.0000,6.0000,[ 53.704674  -80.80981     2.1028965],20.0000,0.0000,[ 64.94249   -58.467583    1.4673494],20.0000,4.0000,[123.817726    1.4667975   3.6097164],20.0000,5.0000,[ 274.36353    -112.36529       0.88033825],20.0000,4.0000
468,[ 296.3511    -149.73294      4.2758236],20.0000,0.0000,[127.25873    16.209772    3.1482785],20.0000,6.0000,[ 267.60483   -119.4293       2.4829848],20.0000,6.0000,[132.3627    -20.064775    3.5626786],20.0000,6.0000,[ 53.06082   -79.922195    1.8170562],20.0000,6.0000,[ 64.92867   -57.88429     1.4472938],20.0000,4.0000,[123.290146    1.2276005   3.7049963],20.0000,5.0000,[ 274.75403    -111.937195      0.87528235],20.0000,4.0000
469,[ 295.98413   -150.76624      3.9956446],20.0000,0.0000,[126.16727    16.191563    3.2284539],20.0000,6.0000,[ 266.85394   -118.61607      2.6598458],20.0000,6.0000,[131.37402   -20.527754    3.7847426],20.0000,0.0000,[ 52.65247  -78.89933    1.932008],20.0000,6.0000,[ 64.930824 -57.301365   1.451566],20.0000,4.0000,[122.77649     0.957075    3.8299513],20.0000,4.0000,[ 275.14465    -111.50937       0.87115914],20.0000,4.0000
470,[ 295.38992   -151.69627      3.5614123],20.0000,0.0000,[125.07881    16.108551    3.4421895],20.0000,6.0000,[ 265.97165   -117.94768      2.8366325],20.0000,0.0000,[130.48935  -21.167423   3.493941],20.0000,6.0000,[ 52.184635 -77.90922    2.202562],20.0000,0.0000,[ 64.9387    -56.71942     1.4639435],20.0000,3.0000,[122.286446    0.6417876   3.8698473],20.0000,4.0000,[ 275.53528    -111.081696      0.86773336],20.0000,4.0000
471,[ 294.49203   -152.3627       3.1246579],20.0000,0.0000,[124.01752    15.845651    3.6975482],20.0000,6.0000,[ 264.9802    -117.46191      2.4628654],20.0000,6.0000,[129.47905  -21.582752   3.582601],20.0000,6.0000,[ 51.517685  -77.04468     1.9423232],20.0000,6.0000,[ 64.94478   -56.138004    1.3855007],20.0000,4.0000,[121.80881      0.30783436   3.87477   ],20.0000,5.0000,[ 275.9259    -110.65411      0.8648396],20.0000,4.0000
472,[ 293.39584   -152.62813      2.7506964],20.0000,6.0000,[123.0277     15.370412    3.9558837],20.0000,0.0000,[ 264.15985   -116.74031      2.4723794],20.0000,6.0000,[128.49791   -22.061323    3.8032057],20.0000,0.0000,[ 51.049515  -76.05561     2.0426981],20.0000,0.0000,[ 64.98582   -55.55687     1.3636589],20.0000,4.0000,[ 1.2133502e+02 -3.0916732e-02  3.9580266e+00],20.0000,4.0000,[ 276.31647    -110.22657       0.86236066],20.0000,4.0000
473,[ 292.28583   -152.45676      2.9817584],20.0000,0.0000,[122.17364    14.675547    3.6439214],20.0000,0.0000,[ 263.3352   -116.02337     2.654433],20.0000,0.0000,[127.62288  -22.714252   3.511522],20.0000,6.0000,[ 50.50052   -75.1103      1.7260085],20.0000,6.0000,[ 65.04207   -54.9773      1.3651733],20.0000,3.0000,[120.8836      -0.40088844   3.9791799 ],20.0000,5.0000,[ 276.707     -109.79904      0.8602117],20.0000,4.0000
474,[ 291.18652  -152.41756     2.835711],20.0000,0.0000,[121.201324   14.178409    3.1316638],20.0000,6.0000,[ 262.40485  -115.44779     2.344287],20.0000,6.0000,[126.61889  -23.144297   3.599478],20.0000,6.0000,[ 50.214336  -74.05025     1.8181518],20.0000,0.0000,[ 65.10111   -54.398415    1.2831872],20.0000,4.0000,[120.441154   -0.7812794   4.0665874],20.0000,5.0000,[ 277.09744   -109.371506     0.8583303],20.0000,4.0000
475,[ 290.09933   -152.23547      2.4552588],20.0000,6.0000,[120.10894    14.1001425   3.1731722],20.0000,6.0000,[ 261.6425    -114.66658      2.4158614],20.0000,0.0000,[125.64478   -23.636972    3.8192601],20.0000,0.0000,[ 49.85776   -73.01447     1.5152816],20.0000,6.0000,[ 65.197     -53.82324     1.2611823],20.0000,4.0000,[120.02368    -1.191355    4.1784177],20.0000,4.0000,[ 277.48782    -108.94395       0.85666937],20.0000,3.0000
476,[ 289.12534   -151.70193      2.5737724],20.0000,0.0000,[119.01993    14.002443    3.3897219],20.0000,6.0000,[ 260.82788   -113.94         2.0754488],20.0000,6.0000,[124.778915  -24.302086    3.5270984],20.0000,6.0000,[ 49.776882  -71.91674     1.6210577],20.0000,6.0000,[ 65.30874  -53.251343   1.263899],20.0000,4.0000,[119.64418    -1.6393168   4.2027426],20.0000,5.0000,[ 277.8759    -108.5144       0.7634339],20.0000,4.0000
477,[ 288.13113   -151.23083      2.3352327],20.0000,6.0000,[117.96272    13.73074     3.6567218],20.0000,6.0000,[ 260.2401   -113.01767     2.153579],20.0000,0.0000,[123.78102   -24.745913    3.6146145],20.0000,6.0000,[ 49.635574  -70.83092     1.8854997],20.0000,0.0000,[ 65.426186  -52.681446    1.2751434],20.0000,3.0000,[119.28094    -2.0993052   4.2832413],20.0000,5.0000,[ 278.28876    -108.10875       0.72858083],20.0000,4.0000
478,[ 287.2615   -150.55243     2.478606],20.0000,0.0000,[116.98273   13.246153   3.927561],20.0000,6.0000,[ 259.59164  -112.137764    1.82639 ],20.0000,6.0000,[122.813736  -25.25183     3.8339114],20.0000,0.0000,[ 49.270794  -69.80173     1.6231636],20.0000,6.0000,[ 65.542015  -52.11173     1.1959573],20.0000,4.0000,[118.949524   -2.5841153   4.3864098],20.0000,5.0000,[ 278.7111     -107.71278       0.71559566],20.0000,4.0000
479,[ 286.33582   -149.96431      2.2153351],20.0000,6.0000,[116.125854  12.559239   4.190522],20.0000,6.0000,[ 259.19977   -111.11195      1.9155263],20.0000,0.0000,[121.95681   -25.92847     3.5414758],20.0000,6.0000,[ 49.13551   -68.71577     1.7230666],20.0000,0.0000,[ 65.692276  -51.548916    1.1736748],20.0000,4.0000,[118.66026    -3.0972574   4.494688 ],20.0000,5.0000,[ 279.13727   -107.320885     0.7112861],20.0000,4.0000
480,[ 285.5662    -149.17728      2.3368325],20.0000,0.0000,[115.439026  11.695033   4.429336],20.0000,6.0000,[ 258.74295   -110.11619      1.6120218],20.0000,6.0000,[120.96493   -26.385494    3.6287158],20.0000,6.0000,[ 48.91039   -67.64598     1.4065696],20.0000,6.0000,[ 65.857254  -50.99052     1.1748871],20.0000,4.0000,[118.419876   -3.6368206   4.600479 ],20.0000,4.0000,[ 279.56503   -106.93074      0.7104659],20.0000,4.0000
481,[ 284.73642   -148.46089      2.0566037],20.0000,6.0000,[114.954506   10.699173    4.6369314],20.0000,6.0000,[ 258.5553    -109.03145      1.7181315],20.0000,0.0000,[120.00441  -26.90411    3.847719],20.0000,0.0000,[ 48.97082   -66.54956     1.4990054],20.0000,6.0000,[ 66.02766   -50.434475    1.1844559],20.0000,3.0000,[118.235275   -4.1984673   4.6098256],20.0000,5.0000,[ 279.99353   -106.5414       0.7110059],20.0000,3.0000
482,[ 284.10034   -147.56236      2.1716645],20.0000,0.0000,[114.680176   9.625245   4.820232],20.0000,6.0000,[ 258.2911    -107.96715      1.4327914],20.0000,6.0000,[119.156334  -27.591852    3.5551205],20.0000,6.0000,[ 48.974552  -65.45545     1.7471595],20.0000,0.0000,[ 66.19663   -49.87841     1.1038848],20.0000,4.0000,[118.07094    -4.763358    4.6750326],20.0000,4.0000,[ 280.4204     -106.15018       0.62026864],20.0000,4.0000
483,[ 283.39813   -146.72034      1.8895398],20.0000,6.0000,[114.60884     8.519591    4.9923277],20.0000,6.0000,[ 258.29572   -106.86575      1.5481074],20.0000,0.0000,[118.17048  -28.061682   3.642187],20.0000,6.0000,[ 48.760242  -64.384895    1.4761695],20.0000,6.0000,[ 66.39939   -49.332497    1.0806221],20.0000,4.0000,[117.94623   -5.33785    4.675892],20.0000,5.0000,[ 280.87073   -105.78493      0.5879404],20.0000,4.0000
484,[ 282.91858   -145.72913      2.0048702],20.0000,0.0000,[114.73174     7.4191575   5.1630297],20.0000,6.0000,[ 258.2148    -105.77209      1.2684063],20.0000,6.0000,[117.21673   -28.59264     3.8610098],20.0000,6.0000,[ 48.78804   -63.291077    1.5731561],20.0000,6.0000,[ 66.6165    -48.79236     1.0810452],20.0000,4.0000,[117.83379    -5.9128785   4.7456384],20.0000,4.0000,[ 281.3304     -105.4311        0.57878816],20.0000,4.0000
485,[ 282.36493   -144.78265      1.7238874],20.0000,6.0000,[115.04203     6.3566794   5.336236 ],20.0000,6.0000,[ 258.4005    -104.686584     1.3854096],20.0000,0.0000,[116.36576   -29.277767    4.1188645],20.0000,0.0000,[ 48.74446   -62.199623    1.8053597],20.0000,0.0000,[ 66.83891   -48.255077    1.0900187],20.0000,3.0000,[117.75965    -6.4944134   4.7537417],20.0000,4.0000,[ 281.7939    -105.08237      0.5790617],20.0000,4.0000
486,[ 282.05487   -143.72603      1.8399702],20.0000,0.0000,[115.53144    5.364045   5.512003],20.0000,6.0000,[ 258.49884   -103.59444      1.1057315],20.0000,6.0000,[115.683624  -30.1343      3.8314176],20.0000,6.0000,[ 48.49167   -61.137745    1.5209767],20.0000,6.0000,[ 67.06002   -47.71766     1.0090387],20.0000,4.0000,[117.70111    -7.0760794   4.7383413],20.0000,4.0000,[ 282.2588    -104.73583      0.5827975],20.0000,4.0000
487,[ 281.6639    -142.70155      1.5595571],20.0000,6.0000,[116.18679     4.4721875   5.6891246],20.0000,6.0000,[ 258.85852   -102.553665     1.2223217],20.0000,0.0000,[114.83118   -30.816277    3.9041302],20.0000,6.0000,[ 48.48992   -60.04475     1.6128163],20.0000,0.0000,[ 67.313866  -47.19359     0.9855194],20.0000,4.0000,[117.6467    -7.656435   4.717619],20.0000,4.0000,[ 282.72412   -104.39019      0.5874398],20.0000,4.0000
488,[ 281.5309    -141.60843      1.6758561],20.0000,0.0000,[116.988815    3.7094345   5.866559 ],20.0000,6.0000,[ 259.1332     -101.4921        0.94207406],20.0000,6.0000,[114.016815  -31.544025    4.1137867],20.0000,0.0000,[ 48.40011   -58.95601     1.2872041],20.0000,6.0000,[ 67.58148   -46.67664     0.9857532],20.0000,4.0000,[117.591805   -8.235478    4.6988955],20.0000,4.0000,[ 283.1895     -104.04488       0.59196085],20.0000,4.0000
489,[ 281.31265  -140.53384     1.395508],20.0000,6.0000,[117.91276     3.0999572   6.043813 ],20.0000,0.0000,[ 259.65778   -100.52392      1.0583622],20.0000,0.0000,[113.346466  -32.40808     3.8145525],20.0000,6.0000,[ 48.601765  -57.877815    1.3738298],20.0000,6.0000,[ 67.85414   -46.163044    0.9945908],20.0000,3.0000,[117.5352    -8.813516   4.683987],20.0000,4.0000,[ 283.65485   -103.6997       0.5960173],20.0000,4.0000
490,[ 281.36002   -139.43369      1.5117986],20.0000,0.0000,[118.9339      2.680157    5.6702566],20.0000,6.0000,[260.10208    -99.52144      0.77793276],20.0000,6.0000,[112.494026  -33.089878    3.8908427],20.0000,0.0000,[ 48.748856  -56.79409     1.6145893],20.0000,0.0000,[ 68.12554   -45.649197    0.9135203],20.0000,4.0000,[117.47698    -9.390844    4.6726055],20.0000,4.0000,[ 284.12006   -103.35456      0.5995483],20.0000,4.0000
491,[ 281.32022   -138.33789      1.2314128],20.0000,6.0000,[119.79986    2.01399    5.679783],20.0000,6.0000,[260.77777   -98.651955    0.8941677],20.0000,0.0000,[111.693596 -33.83204    3.552168],20.0000,6.0000,[ 48.681644  -55.704437    1.3393424],20.0000,6.0000,[ 68.42826   -45.151768    0.8899456],20.0000,4.0000,[117.417564  -9.967686   4.663947],20.0000,4.0000,[ 284.5852    -103.009476     0.6025957],20.0000,3.0000
492,[ 281.5467    -137.26025      1.3476784],20.0000,0.0000,[120.66983     1.3527652   5.8618236],20.0000,0.0000,[261.37994  -97.735565   0.613739],20.0000,6.0000,[110.72037   -34.33113     3.6307678],20.0000,0.0000,[ 48.8607    -54.625175    1.4348217],20.0000,0.0000,[ 68.74403   -44.662746    0.8901393],20.0000,4.0000,[117.35735   -10.544195    4.6572614],20.0000,4.0000,[ 285.0486    -102.66199      0.5134702],20.0000,4.0000
493,[ 281.6865   -136.17267     1.067274],20.0000,6.0000,[121.63598     0.8395438   5.5516562],20.0000,6.0000,[262.18866   -96.988205    0.7299881],20.0000,0.0000,[109.78388  -34.894855   3.303919],20.0000,6.0000,[ 48.951935  -53.53594     1.1151998],20.0000,6.0000,[ 69.0645     -44.17755      0.89894855],20.0000,3.0000,[117.29666   -11.120475    4.6519833],20.0000,4.0000,[ 285.53287    -102.34246       0.48228827],20.0000,4.0000
494,[ 282.086     -135.14653      1.1835325],20.0000,6.0000,[1.2244801e+02 1.1009811e-01 5.6232042e+00],20.0000,6.0000,[262.9325    -96.18254     0.4495783],20.0000,6.0000,[108.726074  -35.189713    3.3932285],20.0000,0.0000,[ 49.32632   -52.503838    1.2061449],20.0000,0.0000,[ 69.38374   -43.691982    0.8178593],20.0000,4.0000,[117.235695 -11.696593   4.647717],20.0000,4.0000,[ 286.02536    -102.035355      0.47439313],20.0000,4.0000
495,[ 282.41812   -134.10315      1.4536778],20.0000,0.0000,[123.29764    -0.5755067   5.833333 ],20.0000,0.0000,[263.85248   -95.5774      0.5658373],20.0000,6.0000,[107.692184  -35.552094    3.0898995],20.0000,6.0000,[ 49.6299    -51.451347    0.9023954],20.0000,6.0000,[ 69.73261   -43.225754    0.7942732],20.0000,4.0000,[117.174576  -12.272596    4.6441936],20.0000,3.0000,[ 286.5211    -101.73376      0.4759018],20.0000,4.0000
496,[ 282.51904   -133.01595      1.1928641],20.0000,6.0000,[124.25761   -1.097761   5.536313],20.0000,6.0000,[264.7275     -94.91917      0.83598536],20.0000,0.0000,[106.59471   -35.638363    3.1960998],20.0000,0.0000,[ 50.195255  -50.50694     1.0078073],20.0000,6.0000,[ 70.09366   -42.769142    0.7944587],20.0000,4.0000,[117.11637   -12.848718    4.5494704],20.0000,3.0000,[ 287.0179     -101.434456      0.48071986],20.0000,4.0000
497,[ 282.8507    -131.97318      1.2929779],20.0000,6.0000,[125.06729    -1.8299245   5.617052 ],20.0000,6.0000,[265.43945   -94.09131     0.5751733],20.0000,6.0000,[105.510506  -35.80276     2.9108207],20.0000,6.0000,[ 50.704594  -49.53763     1.2720739],20.0000,0.0000,[ 70.459015  -42.316784    0.8032621],20.0000,3.0000,[117.02689   -13.420526    4.4217286],20.0000,4.0000,[ 287.51498    -101.13602       0.48623747],20.0000,4.0000
498,[ 283.11063   -130.91223      1.5265496],20.0000,0.0000,[125.91926    -2.512378    5.8311257],20.0000,0.0000,[266.31372    -93.4333       0.67528784],20.0000,6.0000,[104.414276  -35.69616     3.0261576],20.0000,0.0000,[ 50.998734  -48.48607     1.0097002],20.0000,6.0000,[ 70.8232     -41.86394      0.72216904],20.0000,4.0000,[116.89047   -13.983804    4.3760276],20.0000,4.0000,[ 288.01202    -100.83785       0.49143836],20.0000,4.0000
499,[ 283.16016  -129.82181     1.242555],20.0000,6.0000,[126.88202   -3.028606   5.53614 ],20.0000,6.0000,[267.14008    -92.71894      0.90885997],20.0000,0.0000,[103.31782   -35.675392    2.7464602],20.0000,6.0000,[ 51.51325  -47.520203   1.109602],20.0000,6.0000,[ 71.21501   -41.433178    0.6985806],20.0000,4.0000,[116.73524   -14.542634    4.3612304],20.0000,3.0000,[ 288.50888    -100.53974       0.49601477],20.0000,4.0000
500,[ 283.4593    -128.77055      1.3344765],20.0000,0.0000,[127.69644    -3.755659    5.6195064],20.0000,0.0000,[267.812     -91.85869     0.6248657],20.0000,6.0000,[102.25417  -35.389965   2.863461],20.0000,0.0000,[ 51.96098   -46.523796    1.3436787],20.0000,0.0000,[ 71.618034   -41.013153     0.69876444],20.0000,4.0000,[116.574776 -15.10021    4.267327],20.0000,3.0000,[ 289.0056     -100.24163       0.49994376],20.0000,4.0000
501,[ 283.67242  -127.69912     1.008794],20.0000,6.0000,[128.56483    -4.4171586   5.2846093],20.0000,6.0000,[268.66467   -91.17492     0.7167872],20.0000,0.0000,[101.17583  -35.19092    2.583778],20.0000,6.0000,[ 52.206875  -45.4603      1.0601228],20.0000,6.0000,[ 72.02495    -40.59778      0.70756674],20.0000,3.0000,[116.37993  -15.648486   4.145287],20.0000,4.0000,[289.50226   -99.94353     0.5032989],20.0000,4.0000
502,[ 284.16287   -126.718025     1.0953331],20.0000,0.0000,[129.22578   -5.289815   5.364935],20.0000,6.0000,[269.45895    -90.424904     0.39110473],20.0000,6.0000,[100.172844  -34.736374    2.7003653],20.0000,0.0000,[ 52.69088   -44.480274    1.1522161],20.0000,6.0000,[ 72.43073    -40.181805     0.62647283],20.0000,3.0000,[116.13616  -16.179394   4.109611],20.0000,3.0000,[289.9988    -99.64545     0.5061736],20.0000,4.0000
503,[ 284.58655   -125.70842      0.7853794],20.0000,6.0000,[129.92868    -6.1264577   5.593683 ],20.0000,0.0000,[270.42697    -89.90915      0.47764403],20.0000,0.0000,[ 99.14129   -34.364544    2.4201155],20.0000,6.0000,[ 53.110256  -43.47215     1.3773853],20.0000,0.0000,[ 72.86017   -39.788044    0.5111253],20.0000,4.0000,[115.87417   -16.701647    4.0180316],20.0000,4.0000,[290.49533   -99.34741     0.5086539],20.0000,4.0000
504,[ 285.2606     -124.838776      0.88701946],20.0000,0.0000,[130.77597    -6.81468     5.3103642],20.0000,6.0000,[ 2.7135709e+02 -8.9331467e+01  1.6769038e-01],20.0000,6.0000,[ 98.22585  -33.752556   2.536403],20.0000,0.0000,[ 53.331818  -42.40325     1.0885246],20.0000,6.0000,[ 73.32388    -39.431713     0.47953096],20.0000,3.0000,[115.57251  -17.203583   3.998436],20.0000,3.0000,[290.99182    -99.04944      0.51081127],20.0000,4.0000
505,[ 285.87018   -123.92744      0.5975782],20.0000,6.0000,[131.4438     -7.680504    5.4028616],20.0000,0.0000,[ 2.7241025e+02 -8.9012894e+01  2.6933047e-01],20.0000,6.0000,[ 97.26883   -33.21732     2.2559733],20.0000,6.0000,[ 53.796555  -41.41446     1.1784025],20.0000,0.0000,[ 73.79912    -39.091175     0.39091423],20.0000,3.0000,[115.25752   -17.696436    3.9162126],20.0000,3.0000,[291.48828   -98.75153     0.5127028],20.0000,4.0000
506,[ 286.6901    -123.1921       0.7110579],20.0000,6.0000,[132.17818   -8.489685   5.079637],20.0000,6.0000,[273.43973    -88.64019      0.53044116],20.0000,0.0000,[ 96.465675  -32.46399     2.3722086],20.0000,0.0000,[ 54.180237  -40.39191     0.8500054],20.0000,6.0000,[ 74.29848    -38.78395      0.28144914],20.0000,3.0000,[114.90953   -18.1683      3.8095794],20.0000,3.0000,[291.9848    -98.45371     0.5143737],20.0000,4.0000
507,[ 287.4597    -122.41304      0.9810421],20.0000,0.0000,[132.67587   -9.467757   5.168228],20.0000,0.0000,[ 2.7436703e+02 -8.8063660e+01  2.6672924e-01],20.0000,6.0000,[ 95.60899  -31.779545   2.09178 ],20.0000,6.0000,[ 54.823868   -39.504406     0.93462926],20.0000,6.0000,[ 74.82484  -38.520763   0.168769],20.0000,3.0000,[114.520874  -18.610056    3.6978745],20.0000,3.0000,[292.4813    -98.155975    0.5158595],20.0000,4.0000
508,[ 288.04352   -121.4903       0.7207514],20.0000,6.0000,[133.23631  -10.408671   4.861497],20.0000,6.0000,[275.3993     -87.70024      0.36625123],20.0000,6.0000,[ 94.93976  -30.905077   2.208029],20.0000,0.0000,[ 55.42092   -38.588375    1.1721542],20.0000,0.0000,[ 7.5375725e+01 -3.8308308e+01  6.0181811e-02],20.0000,2.0000,[114.09079   -19.014404    3.5893736],20.0000,3.0000,[292.97784    -97.85833      0.51718867],20.0000,4.0000
509,[ 288.81247   -120.71172      0.8211583],20.0000,6.0000,[133.53717   -11.467278    4.9651794],20.0000,0.0000,[276.40317   -87.26949     0.6002467],20.0000,0.0000,[ 94.20645   -30.089825    1.9276193],20.0000,6.0000,[ 55.82887   -37.575775    0.8948565],20.0000,6.0000,[ 75.94582  -38.147354   6.148968],20.0000,2.0000,[113.62233   -19.375801    3.4864736],20.0000,2.0000,[293.4744     -97.56077      0.51838404],20.0000,4.0000
510,[ 289.5257    -119.88436      1.0551379],20.0000,0.0000,[133.91083   -12.498137    4.6775327],20.0000,6.0000,[277.30386    -86.65286      0.31671017],20.0000,6.0000,[ 93.68912   -29.117746    2.0438786],20.0000,0.0000,[ 56.455906   -36.67943      0.98958004],20.0000,0.0000,[ 76.53973   -38.074043    5.9320574],20.0000,2.0000,[113.1214    -19.69322     3.2968655],20.0000,1.0000,[293.971     -97.26329     0.5194642],20.0000,4.0000
511,[ 290.0646   -118.93512     0.771397],20.0000,6.0000,[134.01942  -13.594141   4.791797],20.0000,0.0000,[278.3234    -86.258804    0.4088164],20.0000,6.0000,[ 93.09889   -28.193619    1.7634746],20.0000,6.0000,[ 57.008343  -35.736324    0.6691821],20.0000,6.0000,[ 77.143105  -38.10947     5.7228065],20.0000,3.0000,[112.57374   -19.936882    2.9911397],20.0000,1.0000,[294.46765   -96.965904    0.5204444],20.0000,4.0000
512,[ 290.808     -118.13389      0.8634098],20.0000,6.0000,[134.21143  -14.673866   4.511586],20.0000,6.0000,[279.31436   -85.80034     0.6340358],20.0000,0.0000,[ 92.74736   -27.15007     1.8797354],20.0000,0.0000,[ 57.791824   -34.96732      0.75965714],20.0000,0.0000,[ 77.7305   -38.262234   5.621707],20.0000,3.0000,[111.97135   -20.04922     2.6690912],20.0000,1.0000,[294.96432    -96.66861      0.52133733],20.0000,4.0000
513,[ 291.4975    -117.287254     1.0884111],20.0000,0.0000,[134.13696  -15.772644   4.628494],20.0000,0.0000,[280.2008    -85.16325     0.3452117],20.0000,6.0000,[ 92.31608   -26.141918    1.5993314],20.0000,6.0000,[ 58.520424  -34.14942     0.4553605],20.0000,6.0000,[ 78.287544 -38.48882    5.56041 ],20.0000,3.0000,[111.350815  -19.991642    2.3749475],20.0000,2.0000,[295.46103    -96.37139      0.52215356],20.0000,4.0000
514,[ 292.01483    -116.32599       0.79943615],20.0000,6.0000,[134.14995   -16.86914     4.3488913],20.0000,6.0000,[281.21207   -84.74967     0.4351109],20.0000,6.0000,[ 92.13979   -25.054953    1.7155917],20.0000,0.0000,[ 59.43858    -33.542408     0.56046796],20.0000,6.0000,[ 78.81672   -38.763794    5.4998245],20.0000,3.0000,[110.77067   -19.759703    2.2043898],20.0000,2.0000,[295.95776   -96.07426     0.5229021],20.0000,4.0000
515,[ 292.7424    -115.51094      0.8892487],20.0000,6.0000,[133.8977    -17.941051    4.4655595],20.0000,0.0000,[282.194     -84.27257     0.6572956],20.0000,0.0000,[ 91.87905   -23.989876    1.4351871],20.0000,6.0000,[ 60.31713   -32.88886     0.8245073],20.0000,0.0000,[ 79.31955  -39.079052   5.427692],20.0000,3.0000,[110.26057   -19.416304    2.0717804],20.0000,2.0000,[296.45456   -95.7772      0.5235904],20.0000,4.0000
516,[ 293.41577   -114.65165      1.1113137],20.0000,0.0000,[133.73218  -19.025017   4.185388],20.0000,6.0000,[283.06937    -83.62022      0.36656782],20.0000,6.0000,[ 91.88275   -22.888714    1.5514472],20.0000,0.0000,[ 61.03738    -32.06817      0.56204575],20.0000,6.0000,[ 79.79402   -39.433495    5.3447623],20.0000,4.0000,[109.81912   -18.998196    1.9273101],20.0000,2.0000,[296.9514    -95.48022     0.5242251],20.0000,4.0000
517,[ 293.91663    -113.6816        0.82051164],20.0000,6.0000,[133.30865   -20.041468    4.3017106],20.0000,0.0000,[284.07355    -83.19034      0.45528114],20.0000,6.0000,[ 91.79956   -21.795347    1.2710423],20.0000,6.0000,[ 61.919262   -31.420162     0.66192466],20.0000,0.0000,[ 80.23378   -39.828754    5.3468895],20.0000,4.0000,[109.450516  -18.51789     1.7626073],20.0000,2.0000,[297.44824    -95.18331      0.52481186],20.0000,4.0000
518,[ 294.6308    -112.85507      0.9091705],20.0000,6.0000,[132.96848   -21.083893    4.0212975],20.0000,6.0000,[285.0477     -82.697624     0.67595035],20.0000,0.0000,[ 91.983154  -20.709593    1.3873023],20.0000,0.0000,[ 62.74321    -30.701668     0.34544986],20.0000,6.0000,[ 80.65793  -40.23518    5.378066],20.0000,4.0000,[109.1659    -17.983603    1.5854598],20.0000,2.0000,[297.94513   -94.88648     0.5253554],20.0000,4.0000
519,[ 295.2904    -111.98526      1.1297736],20.0000,0.0000,[132.38461  -22.017517   4.137535],20.0000,0.0000,[285.91315    -82.03208      0.38430488],20.0000,6.0000,[ 92.07974   -19.617327    1.1068976],20.0000,6.0000,[ 63.729748  -30.219423    0.4379111],20.0000,0.0000,[ 81.07834  -40.64091    5.411598],20.0000,4.0000,[108.97721   -17.407558    1.4043312],20.0000,3.0000,[298.44205  -94.589714   0.52586 ],20.0000,4.0000
520,[ 295.77667    -111.00774       0.83808905],20.0000,6.0000,[131.87868   -22.990347    3.8571038],20.0000,6.0000,[286.9108     -81.58752      0.47229367],20.0000,6.0000,[ 92.438286  -18.576166    1.2231574],20.0000,0.0000,[ 64.67902    -29.672667     0.13555141],20.0000,6.0000,[ 81.49968   -41.04278     5.4384894],20.0000,4.0000,[108.89592   -16.80704     1.3156362],20.0000,3.0000,[298.939      -94.293015     0.52632946],20.0000,4.0000
521,[ 296.47858   -110.17092      0.9260439],20.0000,6.0000,[131.15005   -23.815996    3.9733503],20.0000,0.0000,[287.87766   -81.08075     0.6921133],20.0000,0.0000,[ 92.71207   -17.514366    0.9427527],20.0000,6.0000,[ 65.74139    -29.384539     0.24164288],20.0000,6.0000,[ 81.922874  -41.440983    5.4580317],20.0000,4.0000,[108.88814   -16.206896    1.2563571],20.0000,3.0000,[299.436     -93.996376    0.5267669],20.0000,4.0000
522,[ 297.12555   -109.2917       1.1458251],20.0000,0.0000,[130.49193   -24.693058    3.6929379],20.0000,6.0000,[288.73376    -80.403114     0.39997298],20.0000,6.0000,[ 93.23592   -16.54579     1.0590127],20.0000,0.0000,[ 66.78048    -29.039177     0.50634164],20.0000,0.0000,[ 82.3476    -41.836536    5.4718986],20.0000,4.0000,[108.933304  -15.612998    1.1937224],20.0000,3.0000,[299.93304    -93.69981      0.52717525],20.0000,4.0000
523,[ 297.5981    -108.30744      0.8536629],20.0000,6.0000,[129.63818   -25.388536    3.8091958],20.0000,0.0000,[289.7251    -79.94481     0.4875097],20.0000,0.0000,[ 93.67953    -15.542998     0.77860796],20.0000,6.0000,[ 67.721344   -28.48504      0.24411142],20.0000,6.0000,[ 82.773346 -42.230362   5.481863],20.0000,4.0000,[109.02564   -15.027084    1.1191369],20.0000,3.0000,[300.43008  -93.40329    0.527557],20.0000,4.0000
524,[ 298.28836   -107.461075     0.9411783],20.0000,0.0000,[128.84558   -26.14626     3.5287914],20.0000,6.0000,[ 2.9067654e+02 -7.9409111e+01  1.5627711e-01],20.0000,6.0000,[ 94.35462   -14.673046    0.8948679],20.0000,0.0000,[ 68.76163   -28.145298    0.3440437],20.0000,6.0000,[ 83.1997    -42.623123    5.4892406],20.0000,3.0000,[109.16563   -14.45174     1.0345325],20.0000,3.0000,[300.9272    -93.106834    0.5279145],20.0000,4.0000
525,[ 298.90887    -106.562614      0.60992277],20.0000,6.0000,[127.889656  -26.692877    3.6450522],20.0000,0.0000,[ 2.9174002e+02 -7.9145477e+01  2.3891357e-01],20.0000,6.0000,[ 94.95613    -13.756223     0.61446315],20.0000,6.0000,[ 69.77491  -27.737211   0.578103],20.0000,0.0000,[ 83.6285    -43.01316     5.4031386],20.0000,4.0000,[109.35469    -13.890855     0.94404715],20.0000,3.0000,[301.4243     -92.810425     0.52824974],20.0000,4.0000
526,[ 299.7493     -105.859634      0.69254357],20.0000,0.0000,[126.98388   -27.310896    3.3646483],20.0000,6.0000,[292.78662    -78.82986      0.47279853],20.0000,0.0000,[ 95.764305  -13.00828     0.7307231],20.0000,0.0000,[ 70.689186   -27.140894     0.29452685],20.0000,6.0000,[ 84.034035  -43.428814    5.3741345],20.0000,4.0000,[109.593285  -13.349072    0.8509771],20.0000,3.0000,[301.92145   -92.51408     0.5285645],20.0000,4.0000
527,[ 300.54034   -105.10359      0.3758458],20.0000,6.0000,[125.95149   -27.693962    3.4809086],20.0000,0.0000,[ 2.9375211e+02 -7.8320419e+01  1.9308542e-01],20.0000,6.0000,[ 96.507545  -12.20207     0.4503184],20.0000,6.0000,[ 71.71728    -26.769775     0.38661194],20.0000,0.0000,[ 84.4288    -43.854927    5.3684335],20.0000,4.0000,[109.88053    -12.831231     0.75725144],20.0000,3.0000,[302.4186    -92.21778     0.5288604],20.0000,4.0000
528,[ 301.50684    -104.57904       0.47296065],20.0000,0.0000,[124.9569    -28.155664    3.2005043],20.0000,6.0000,[ 2.9481009e+02 -7.8043045e+01  2.8691113e-01],20.0000,6.0000,[ 97.42708   -11.596245    0.5665783],20.0000,0.0000,[ 7.2711525e+01 -2.6317091e+01  6.1213437e-02],20.0000,6.0000,[ 84.818726 -44.285133   5.371961],20.0000,3.0000,[110.214485   -12.34201      0.66373336],20.0000,3.0000,[302.91583    -91.921524     0.52913886],20.0000,4.0000
529,[ 3.0243265e+02 -1.0399210e+02  1.7911401e-01],20.0000,6.0000,[123.87579  -28.36488    3.316764],20.0000,0.0000,[295.8467    -77.69915     0.5160333],20.0000,0.0000,[ 98.29207   -10.922323    0.2861736],20.0000,6.0000,[ 73.79441    -26.142155     0.14796464],20.0000,0.0000,[ 85.209015 -44.71485    5.286702],20.0000,4.0000,[110.59237   -11.885744    0.5706552],20.0000,4.0000,[303.41306   -91.62532     0.5294013],20.0000,5.0000
530,[ 3.0348074e+02 -1.0365405e+02  2.9050687e-01],20.0000,0.0000,[122.81913   -28.65785     3.0363595],20.0000,6.0000,[ 2.9679816e+02 -7.7164131e+01  2.2991377e-01],20.0000,6.0000,[ 99.29824    -10.474901     0.40243354],20.0000,6.0000,[ 74.86138   -25.896324    6.1215262],20.0000,6.0000,[ 85.57284   -45.168777    5.2601542],20.0000,3.0000,[111.01251   -11.468888    0.5697188],20.0000,4.0000,[303.9118     -91.331726     0.62140745],20.0000,5.0000
531,[ 3.04496246e+02 -1.03239944e+02  8.81752558e-03],20.0000,6.0000,[121.71836   -28.687592    3.1526194],20.0000,6.0000,[297.8488     -76.86322      0.32112056],20.0000,6.0000,[100.26871    -9.967793    0.6725807],20.0000,6.0000,[ 75.961    -25.935287   6.223377],20.0000,6.0000,[ 85.92676   -45.63081     5.1660967],20.0000,4.0000,[111.44418   -11.069818    0.6010131],20.0000,3.0000,[304.39413  -91.01122    0.747009],20.0000,4.0000
532,[ 3.0558646e+02 -1.0308368e+02  1.2540333e-01],20.0000,6.0000,[120.62783   -28.786125    3.4227664],20.0000,6.0000,[298.87692   -76.49583     0.5452162],20.0000,0.0000,[101.11694    -9.280724    0.9623198],20.0000,0.0000,[ 77.0557    -25.915266    0.2014916],20.0000,0.0000,[ 86.24757  -46.118263   5.140196],20.0000,4.0000,[111.87352    -10.672541     0.54386306],20.0000,3.0000,[304.84943   -90.65112     0.7908887],20.0000,4.0000
533,[ 306.6585    -102.86049      0.3965108],20.0000,0.0000,[119.581635  -29.097641    3.7125056],20.0000,6.0000,[ 2.9981747e+02 -7.5941696e+01  2.5570056e-01],20.0000,6.0000,[101.776955    -8.410202     0.68887913],20.0000,6.0000,[ 78.11953   -25.669188    6.2210493],20.0000,6.0000,[ 86.552666 -46.615223   5.142486],20.0000,3.0000,[112.32282   -10.297096    0.4461939],20.0000,4.0000,[305.2922     -90.27504      0.80262434],20.0000,5.0000
534,[ 3.0765485e+02 -1.0241382e+02  1.3627622e-01],20.0000,6.0000,[118.62981   -29.635538    3.9896169],20.0000,6.0000,[300.86212    -75.62192      0.34521374],20.0000,6.0000,[102.61042    -7.7051935   0.7778184],20.0000,6.0000,[ 7.921385e+01 -2.565864e+01  3.741115e-02],20.0000,6.0000,[ 86.85414   -47.113663    5.0628276],20.0000,4.0000,[112.80291    -9.959555    0.4274299],20.0000,3.0000,[305.73126   -89.89449     0.8930165],20.0000,5.0000
535,[ 3.08725861e+02 -1.02189476e+02  2.36596316e-01],20.0000,6.0000,[117.8156    -30.372868    4.2540274],20.0000,6.0000,[301.88342    -75.23627      0.56689453],20.0000,0.0000,[103.3953     -6.946541    0.9948995],20.0000,0.0000,[ 80.30305   -25.575174    0.2714147],20.0000,0.0000,[ 87.123764  -47.63131     5.0431576],20.0000,3.0000,[113.29205    -9.637242    0.3484966],20.0000,4.0000,[306.14737   -89.486496    1.0118196],20.0000,5.0000
536,[ 309.77737    -101.89362       0.47031286],20.0000,0.0000,[117.183365  -31.278112    4.4921927],20.0000,0.0000,[ 3.0281476e+02 -7.4666656e+01  2.7585828e-01],20.0000,6.0000,[104.02724    -6.0553975   0.7007667],20.0000,6.0000,[ 81.35462   -25.282463    6.2710643],20.0000,6.0000,[ 87.38154  -48.154713   4.956289],20.0000,4.0000,[113.80367     -9.350587     0.33685124],20.0000,3.0000,[306.5294    -89.04281     1.1360166],20.0000,5.0000
537,[ 3.10750946e+02 -1.01400024e+02  1.86386451e-01],20.0000,6.0000,[116.77885  -32.306133   4.14787 ],20.0000,6.0000,[303.85406   -74.33052     0.3643425],20.0000,6.0000,[104.84934    -5.337066    0.7841578],20.0000,6.0000,[ 8.2446785e+01 -2.5238770e+01  7.9985149e-02],20.0000,6.0000,[ 87.60207   -48.69623     4.9362974],20.0000,3.0000,[114.32108     -9.077023     0.25962162],20.0000,3.0000,[306.86917   -88.56249     1.2555068],20.0000,5.0000
538,[ 3.1181323e+02 -1.0114288e+02  2.7832976e-01],20.0000,6.0000,[116.1465    -33.197704    4.1612277],20.0000,6.0000,[304.86923   -73.92912     0.5847368],20.0000,0.0000,[105.62559     -4.569635     0.99971986],20.0000,0.0000,[ 83.53271    -25.124897     0.30520257],20.0000,0.0000,[ 87.80857   -49.24277     4.8517904],20.0000,4.0000,[114.85612     -8.836891     0.15560631],20.0000,3.0000,[307.16064   -88.048805    1.3666904],20.0000,6.0000
539,[ 312.85568   -100.81812      0.5032217],20.0000,0.0000,[115.52332   -34.09593     4.3424435],20.0000,0.0000,[ 3.0579211e+02 -7.3345802e+01  2.9292953e-01],20.0000,6.0000,[106.24859    -3.672476    0.7054445],20.0000,6.0000,[ 8.4577377e+01 -2.4808214e+01  1.6376914e-02],20.0000,6.0000,[ 87.97581   -49.803722    4.8345556],20.0000,3.0000,[ 1.15411415e+02 -8.64228916e+00  4.51270603e-02],20.0000,4.0000,[307.4029    -87.50793     1.5615376],20.0000,6.0000
540,[ 3.1381799e+02 -1.0030275e+02  2.1417570e-01],20.0000,6.0000,[115.05295  -35.084274   4.029741],20.0000,6.0000,[306.82635    -72.99473      0.38077596],20.0000,6.0000,[107.06422    -2.9466622   0.7899498],20.0000,6.0000,[ 85.668015   -24.743376     0.10627516],20.0000,6.0000,[ 88.1286    -50.368057    4.7526183],20.0000,4.0000,[ 1.1598447e+02 -8.5031614e+00  2.8845791e-02],20.0000,3.0000,[307.56128   -86.93062     1.7779769],20.0000,6.0000
541,[ 3.1487476e+02 -1.0002546e+02  3.0394822e-01],20.0000,6.0000,[114.35969  -35.927433   4.097896],20.0000,6.0000,[307.83566   -72.57893     0.6004356],20.0000,0.0000,[107.833046   -2.1718137   1.0064337],20.0000,0.0000,[ 86.75142   -24.608942    0.3284585],20.0000,0.0000,[ 88.24121  -50.94274    4.737238],20.0000,3.0000,[116.56004    -8.384861    6.2406683],20.0000,3.0000,[307.61322   -86.3283      1.9865388],20.0000,6.0000
542,[315.9108     -99.68136      0.52595955],20.0000,0.0000,[113.70957  -36.80463    4.306618],20.0000,0.0000,[ 3.087505e+02 -7.198290e+01  3.082041e-01],20.0000,6.0000,[108.446785   -1.2684528   0.7125755],20.0000,6.0000,[ 8.7790558e+01 -2.4274246e+01  3.7729923e-02],20.0000,6.0000,[ 88.33943  -51.519226   4.656625],20.0000,3.0000,[117.14271    -8.305081    6.1442113],20.0000,4.0000,[307.54953   -85.723785    2.1788802],20.0000,6.0000
543,[ 3.1686429e+02 -9.9149635e+01  2.3512428e-01],20.0000,6.0000,[113.22643   -37.785095    4.0086575],20.0000,6.0000,[309.77975    -71.617744     0.39565164],20.0000,6.0000,[109.25511     -0.53440315   0.7979157 ],20.0000,6.0000,[ 88.879776   -24.191698     0.12644261],20.0000,6.0000,[ 88.399895  -52.102253    4.5502777],20.0000,4.0000,[117.73096   -8.277433   6.131953],20.0000,3.0000,[307.3735   -85.14116    2.358624],20.0000,6.0000
544,[317.91623    -98.85543      0.32375872],20.0000,6.0000,[112.527504 -38.623592   4.088121],20.0000,6.0000,[310.78336    -71.18834      0.61487484],20.0000,0.0000,[110.01577      0.24847032   1.0150988 ],20.0000,0.0000,[ 89.96082    -24.039982     0.34711108],20.0000,0.0000,[ 88.40745  -52.689926   4.530064],20.0000,4.0000,[118.31783   -8.267956   6.060239],20.0000,4.0000,[307.09506   -84.60049     2.5327895],20.0000,6.0000
545,[318.94666   -98.49502     0.5443323],20.0000,0.0000,[111.87915  -39.50182    4.301521],20.0000,0.0000,[311.6902    -70.5802      0.3223981],20.0000,6.0000,[110.619545    1.1584287   0.7215568],20.0000,6.0000,[ 9.099486e+01 -2.368960e+01  5.546517e-02],20.0000,6.0000,[ 88.39257   -53.275684    4.5443287],20.0000,3.0000,[118.90408   -8.299669   6.053873],20.0000,3.0000,[306.72595   -84.11797     2.7063932],20.0000,5.0000
546,[ 3.1989212e+02 -9.7949028e+01  2.5263038e-01],20.0000,6.0000,[111.40084   -40.484085    4.0061574],20.0000,6.0000,[312.7145     -70.20151      0.40959516],20.0000,6.0000,[111.419846     1.9012932    0.80742365],20.0000,6.0000,[ 92.08262    -23.59104      0.14345358],20.0000,6.0000,[ 88.37429   -53.859604    4.4760303],20.0000,3.0000,[119.48794    -8.344421    5.9802046],20.0000,4.0000,[306.27722   -83.710335    2.7895997],20.0000,5.0000
547,[320.93958    -97.63951      0.34057003],20.0000,6.0000,[110.70616  -41.326244   4.088908],20.0000,6.0000,[313.7124    -69.75898     0.6285532],20.0000,0.0000,[112.17173     2.6926062   1.0250789],20.0000,0.0000,[ 93.16132    -23.423666     0.36327273],20.0000,0.0000,[ 88.323326  -54.442627    4.3726254],20.0000,4.0000,[120.06793    -8.428787    5.9698977],20.0000,4.0000,[305.78854   -83.36221     2.8464284],20.0000,5.0000
548,[321.96466   -97.26429     0.5603341],20.0000,0.0000,[110.06428  -42.209137   4.30415 ],20.0000,0.0000,[314.6113     -69.13914      0.33593005],20.0000,6.0000,[112.76502     3.6093783   0.73177  ],20.0000,6.0000,[ 9.4190392e+01 -2.3058817e+01  7.1132198e-02],20.0000,6.0000,[ 88.222046  -55.020668    4.3512683],20.0000,4.0000,[120.643875  -8.528874   5.984117],20.0000,3.0000,[305.27548   -83.06011     2.9086275],20.0000,5.0000
549,[ 3.2290247e+02 -9.6705154e+01  2.6816213e-01],20.0000,6.0000,[109.59438  -43.195175   4.009749],20.0000,6.0000,[315.63065    -68.74725      0.42296964],20.0000,0.0000,[113.556786    4.36139     0.8179714],20.0000,0.0000,[ 95.27661    -22.945223     0.15866867],20.0000,6.0000,[ 88.099846  -55.593166    4.3630476],20.0000,3.0000,[121.21828    -8.630146    5.9125347],20.0000,4.0000,[304.7422   -82.80081    2.983577],20.0000,5.0000
550,[323.94547    -96.381256     0.35566804],20.0000,6.0000,[108.90671  -44.043194   4.094095],20.0000,6.0000,[ 3.1661542e+02 -6.8275688e+01  9.1212459e-02],20.0000,6.0000,[114.28642      5.1735716    0.48538655],20.0000,6.0000,[ 96.35291   -22.76311     0.3779877],20.0000,0.0000,[ 87.97446   -56.16344     4.2924685],20.0000,4.0000,[121.78632   -8.766202   5.897495],20.0000,4.0000,[304.19028   -82.586525    3.0686698],20.0000,5.0000
551,[324.96536    -95.9921       0.57495403],20.0000,6.0000,[108.273056 -44.931995   4.310461],20.0000,0.0000,[ 3.1769391e+02 -6.8083260e+01  1.7349425e-01],20.0000,6.0000,[115.209496     5.7632236    0.56712097],20.0000,0.0000,[ 9.7377037e+01 -2.2384506e+01  8.5564330e-02],20.0000,6.0000,[ 87.813995  -56.725613    4.2792864],20.0000,3.0000,[122.349884   -8.916612    5.9052134],20.0000,4.0000,[303.6221    -82.420815    3.1595232],20.0000,4.0000
552,[325.90533    -95.435455     0.83306414],20.0000,6.0000,[107.81311  -45.922565   4.016556],20.0000,6.0000,[318.7591    -67.837776    0.4066692],20.0000,0.0000,[116.09043      6.412        0.24860105],20.0000,6.0000,[ 98.46162    -22.256477     0.17281727],20.0000,6.0000,[ 87.64208  -57.283745   4.197175],20.0000,4.0000,[122.91108   -9.071516   5.919811],20.0000,4.0000,[303.04126   -82.30971     3.1610463],20.0000,4.0000
553,[326.71582   -94.69706     1.0965091],20.0000,0.0000,[107.13384  -46.777424   4.10181 ],20.0000,6.0000,[ 3.1975641e+02 -6.7393906e+01  1.2647156e-01],20.0000,6.0000,[117.1161       6.807937     0.34440666],20.0000,6.0000,[ 99.53541    -22.060173     0.39183393],20.0000,6.0000,[ 87.43153  -57.829613   4.180199],20.0000,4.0000,[123.47122   -9.226774   5.934434],20.0000,4.0000,[302.46063   -82.2193      3.1311145],20.0000,4.0000
554,[327.3337     -93.78728      0.79284304],20.0000,6.0000,[106.509445  -47.672756    4.3189178],20.0000,0.0000,[ 3.2083057e+02 -6.7188118e+01  2.2011715e-01],20.0000,0.0000,[118.115845     7.253713     0.59970045],20.0000,0.0000,[100.56134   -21.68474     0.6497948],20.0000,0.0000,[ 87.2054    -58.368088    4.1894464],20.0000,4.0000,[124.030945  -9.381051   5.94683 ],20.0000,4.0000,[301.88278  -82.132164   3.097651],20.0000,4.0000
555,[328.13257   -93.042       0.8390406],20.0000,6.0000,[106.060326  -48.668186    4.0253396],20.0000,6.0000,[321.884     -66.89716     6.1816497],20.0000,0.0000,[119.00164     7.8921413   0.3331909],20.0000,6.0000,[101.482445 -21.09275    0.362492],20.0000,6.0000,[ 86.974754  -58.903152    4.2064047],20.0000,3.0000,[124.59051    -9.534184    5.9567294],20.0000,4.0000,[301.30743   -82.042175    3.0704558],20.0000,4.0000
556,[328.9047   -92.268295   1.034975],20.0000,6.0000,[105.39031   -49.530396    4.1111517],20.0000,6.0000,[322.98346  -66.875046   5.720767],20.0000,6.0000,[120.00759      8.323025     0.43183172],20.0000,0.0000,[102.50877    -20.720753     0.43542498],20.0000,6.0000,[ 86.74673   -59.438457    4.1313376],20.0000,4.0000,[125.149994  -9.686392   5.964516],20.0000,4.0000,[300.7339   -81.94851    3.050583],20.0000,4.0000
557,[329.54788   -91.38073     1.2779794],20.0000,6.0000,[104.77588  -50.432594   4.328757],20.0000,0.0000,[324.0207   -67.27655    5.812464],20.0000,0.0000,[1.2097364e+02 8.8347883e+00 1.1486766e-01],20.0000,6.0000,[103.51368    -20.293013     0.64518774],20.0000,0.0000,[ 86.48707   -59.960327    4.1116595],20.0000,4.0000,[125.70943    -9.837948    5.9706774],20.0000,4.0000,[300.16153   -81.85198     3.0364559],20.0000,4.0000
558,[330.00146   -90.3774      1.5206923],20.0000,6.0000,[104.33815  -51.433033   4.035423],20.0000,6.0000,[325.06064   -67.63974     5.5716124],20.0000,0.0000,[122.04425      9.079037     0.20724602],20.0000,0.0000,[104.42592    -19.689898     0.34602782],20.0000,6.0000,[ 86.21431   -60.475006    4.1147404],20.0000,3.0000,[126.2688     -9.98908     5.9756274],20.0000,4.0000,[299.58997   -81.75355     3.0263062],20.0000,4.0000
559,[330.2316    -89.29601     1.7414958],20.0000,6.0000,[103.677986 -52.302856   4.121589],20.0000,6.0000,[326.007    -68.21375    5.169693],20.0000,6.0000,[123.093346    9.3944645   6.188156 ],20.0000,6.0000,[105.4521     -19.317823     0.42240107],20.0000,0.0000,[ 85.939514  -60.988064    4.0338435],20.0000,4.0000,[126.82812  -10.139958   5.979677],20.0000,4.0000,[299.0189    -81.65396     3.0188015],20.0000,4.0000
560,[330.23273   -88.18817     1.9366751],20.0000,6.0000,[103.07401  -53.2121     4.339524],20.0000,0.0000,[326.6932    -69.092636    5.3034763],20.0000,0.0000,[1.2419345e+02 9.4322891e+00 1.1151937e-02],20.0000,6.0000,[ 1.0644839e+02 -1.8871820e+01  8.3761431e-02],20.0000,6.0000,[ 85.632256  -61.483757    4.0125093],20.0000,4.0000,[127.38738   -10.290696    5.9830494],20.0000,4.0000,[298.44812   -81.5537      3.0130568],20.0000,4.0000
561,[330.02048   -87.10057     2.1147437],20.0000,6.0000,[102.648094  -54.21759     4.0463567],20.0000,6.0000,[327.42184  -69.9182     5.089949],20.0000,0.0000,[125.28397      9.531185     0.27594912],20.0000,0.0000,[107.53031    -18.711464     0.16237733],20.0000,6.0000,[ 85.3117    -61.970436    4.0156913],20.0000,4.0000,[127.94658   -10.441372    5.9859033],20.0000,4.0000,[297.87756   -81.45307     3.0085096],20.0000,4.0000
562,[329.61627   -86.06936     2.2865343],20.0000,6.0000,[101.99821  -55.095146   4.132747],20.0000,6.0000,[327.98682  -70.8684     4.693952],20.0000,0.0000,[1.26326515e+02 9.85584068e+00 1.37666864e-02],20.0000,6.0000,[108.601074  -18.495708    0.3861194],20.0000,0.0000,[ 84.98672   -62.453133    4.0272455],20.0000,3.0000,[128.50572   -10.592038    5.9883513],20.0000,4.0000,[297.30716   -81.35225     3.0048053],20.0000,4.0000
563,[329.03943   -85.12445     2.4586964],20.0000,6.0000,[101.405075 -56.0115     4.350895],20.0000,0.0000,[328.20578   -71.96418     4.2724433],20.0000,0.0000,[1.27416885e+02 9.94910431e+00 1.13714039e-01],20.0000,0.0000,[ 1.09612236e+02 -1.80845757e+01  9.90830585e-02],20.0000,6.0000,[ 84.66335   -62.936302    3.9482496],20.0000,4.0000,[129.0648    -10.742729    5.9904757],20.0000,4.0000,[296.73682   -81.25135     3.0017164],20.0000,4.0000
564,[328.3082    -84.293594    2.6332257],20.0000,6.0000,[100.991264  -57.02201     4.0578384],20.0000,6.0000,[327.99268  -73.070305   3.898041],20.0000,0.0000,[128.49455   10.1328     6.080414],20.0000,6.0000,[110.69272    -17.919094     0.19029574],20.0000,0.0000,[ 84.31081   -63.400043    3.9260736],20.0000,4.0000,[129.62384  -10.893467   5.992337],20.0000,4.0000,[296.1666   -81.15044    2.999093],20.0000,4.0000
565,[327.44363   -83.60264     2.8096352],20.0000,6.0000,[100.35196 -57.90733   4.14437],20.0000,6.0000,[327.39136   -74.02352     3.5722845],20.0000,0.0000,[129.58783   10.030142   6.172847],20.0000,6.0000,[111.75597  -17.667961   6.148045],20.0000,6.0000,[ 83.94633   -63.854126    3.9273543],20.0000,3.0000,[130.18282   -11.044269    5.9939814],20.0000,4.0000,[295.59637   -81.04955     2.9968324],20.0000,4.0000
566,[326.4713   -83.07391    2.986869],20.0000,6.0000,[ 99.76993  -58.830788   4.362655],20.0000,0.0000,[326.51166   -74.723335    3.2596893],20.0000,0.0000,[130.68098      9.984236     0.13780531],20.0000,0.0000,[112.852295  -17.70669     6.2350044],20.0000,6.0000,[ 83.57984   -64.30608     3.8452086],20.0000,4.0000,[130.74174   -11.195143    5.9954443],20.0000,4.0000,[295.0262    -80.94873     2.9948618],20.0000,4.0000
567,[325.42105   -82.72459     3.1641872],20.0000,6.0000,[ 99.36844 -59.84624   4.06967],20.0000,6.0000,[325.45847   -75.111244    2.9374921],20.0000,0.0000,[131.759      10.15711     6.1499934],20.0000,6.0000,[113.94589    -17.690676     0.19324924],20.0000,0.0000,[ 83.18454   -64.73473     3.8231065],20.0000,4.0000,[131.30064   -11.346097    5.9967537],20.0000,4.0000,[294.45605   -80.84798     2.9931278],20.0000,4.0000
568,[324.32562   -82.5658      3.3413038],20.0000,6.0000,[ 98.73995  -60.739285   4.156291],20.0000,6.0000,[324.3367    -75.14539     2.6053364],20.0000,6.0000,[132.85094    10.087156    6.2469773],20.0000,0.0000,[115.01329   -17.461472    6.2016277],20.0000,6.0000,[ 82.77776  -65.151955   3.825756],20.0000,4.0000,[131.85948  -11.497133   5.997932],20.0000,4.0000,[293.88593   -80.747314    2.9915898],20.0000,4.0000
569,[323.21936   -82.60244     3.5182197],20.0000,6.0000,[ 98.16924   -61.669777    4.3746634],20.0000,0.0000,[323.273    -74.798645   2.821108],20.0000,0.0000,[133.94391   10.106437   5.928626],20.0000,6.0000,[ 1.16107216e+02 -1.74769897e+01  1.40870996e-02],20.0000,0.0000,[ 82.367294  -65.56437     3.8369558],20.0000,3.0000,[132.41829  -11.648255   5.998997],20.0000,4.0000,[293.31583  -80.64673    2.990217],20.0000,4.0000
570,[322.1368    -82.83322     3.6950302],20.0000,0.0000,[ 97.780235  -62.690075    4.0817246],20.0000,6.0000,[322.1952   -74.58085    2.651158],20.0000,6.0000,[135.00885     9.839       6.0202622],20.0000,6.0000,[117.19785  -17.404106   5.977819],20.0000,6.0000,[ 81.95826   -65.97751     3.7577422],20.0000,4.0000,[132.97705   -11.799463    5.9999647],20.0000,4.0000,[292.7457    -80.54625     2.9889843],20.0000,4.0000
571,[321.1211    -83.26601     3.3212647],20.0000,6.0000,[ 97.16275   -63.590767    4.1684012],20.0000,6.0000,[321.1668    -74.18935     2.8119667],20.0000,0.0000,[136.08223     9.62718     6.2677884],20.0000,0.0000,[118.274414 -17.619644   6.068866],20.0000,6.0000,[ 81.5242    -66.366005    3.7354443],20.0000,3.0000,[133.53578   -11.950756    6.0008464],20.0000,4.0000,[292.1756    -80.445854    2.9878721],20.0000,4.0000
572,[320.0388    -83.41516     3.3307729],20.0000,6.0000,[ 96.603516  -64.528206    4.3868294],20.0000,0.0000,[320.10483   -73.921364    2.5430684],20.0000,6.0000,[137.17401    9.633427   5.996517],20.0000,6.0000,[ 1.1935673e+02 -1.7779505e+01  3.2599337e-02],20.0000,0.0000,[ 81.08191  -66.7452     3.644888],20.0000,4.0000,[134.09448   -12.102133    6.0016527],20.0000,4.0000,[291.60547  -80.34556    2.986864],20.0000,4.0000
573,[318.95718  -83.57062    3.512823],20.0000,6.0000,[ 96.22712   -65.553215    4.0939198],20.0000,6.0000,[319.12878   -73.41519     2.6567338],20.0000,0.0000,[138.24242    9.39735    6.093419],20.0000,0.0000,[120.44695   -17.72109     6.0441966],20.0000,6.0000,[ 80.6127   -67.09294    3.621592],20.0000,4.0000,[134.65314   -12.253593    6.0023923],20.0000,4.0000,[291.03537  -80.24535    2.985947],20.0000,4.0000
574,[317.90698   -83.88184     3.7532268],20.0000,0.0000,[ 95.62078   -66.46146     4.1806316],20.0000,6.0000,[318.11826   -72.9915      2.3679485],20.0000,6.0000,[139.32547    9.249233   5.775034],20.0000,6.0000,[121.52537   -17.906088    6.1409926],20.0000,0.0000,[ 80.13342   -67.425644    3.6259844],20.0000,3.0000,[135.21178   -12.405135    6.0030727],20.0000,4.0000,[290.46524   -80.14523     2.9851093],20.0000,4.0000
575,[316.94473   -84.41083     3.4481356],20.0000,6.0000,[ 95.073166  -67.40573     4.3990946],20.0000,0.0000,[317.23874  -72.32979    2.478765],20.0000,0.0000,[140.33698    8.822031   5.866663],20.0000,6.0000,[122.614235 -18.002598   5.822534],20.0000,6.0000,[ 79.65278   -67.75504     3.5478554],20.0000,4.0000,[135.77037   -12.556756    6.0037003],20.0000,4.0000,[289.8951    -80.04521     2.9843419],20.0000,4.0000
576,[315.89325   -84.706085    3.5017679],20.0000,0.0000,[ 94.70947  -68.43531    4.106204],20.0000,6.0000,[316.31494   -71.73927     2.1941586],20.0000,6.0000,[141.36531     8.448489    6.1141925],20.0000,0.0000,[123.64486  -18.381325   5.914129],20.0000,0.0000,[ 79.15134   -68.053955    3.5291326],20.0000,3.0000,[136.32895  -12.708454   6.004281],20.0000,4.0000,[289.32498   -79.945274    2.9836366],20.0000,4.0000
577,[314.86038   -85.06065     3.1516714],20.0000,6.0000,[ 94.11442   -69.35098     4.1929383],20.0000,6.0000,[315.55978  -70.93781    2.308783],20.0000,0.0000,[142.4452     8.287637   5.842926],20.0000,6.0000,[124.6962    -18.689037    5.6110764],20.0000,6.0000,[ 78.6436   -68.34151    3.442901],20.0000,4.0000,[136.8875   -12.860227   6.004819],20.0000,5.0000,[288.75485   -79.84543     2.9829867],20.0000,4.0000
578,[313.76935   -85.11589     3.2240188],20.0000,6.0000,[ 93.57853   -70.30196     4.4114237],20.0000,0.0000,[314.74792   -70.200714    2.0278344],20.0000,6.0000,[143.4649     7.890891   5.93983 ],20.0000,6.0000,[125.63865   -19.257706    5.7168603],20.0000,6.0000,[ 78.115715  -68.593025    3.4232922],20.0000,4.0000,[137.4452   -13.01493    6.097077],20.0000,4.0000,[288.1847    -79.74566     2.9823866],20.0000,4.0000
579,[312.68314   -85.22581     3.4394162],20.0000,0.0000,[ 93.22762   -71.33597     4.1185446],20.0000,6.0000,[314.13553   -69.28546     2.1441221],20.0000,6.0000,[144.50656     7.5620365   6.171999 ],20.0000,0.0000,[126.60629   -19.77022     5.9813914],20.0000,0.0000,[ 77.58123   -68.82805     3.4307873],20.0000,3.0000,[138.01129  -13.136202   6.131133],20.0000,5.0000,[287.61453   -79.64597     2.9818308],20.0000,4.0000
580,[311.6351    -85.53126     3.1468909],20.0000,6.0000,[ 92.64396   -72.25895     4.2052927],20.0000,6.0000,[313.47055   -68.41551     2.4145265],20.0000,0.0000,[145.59126     7.4400067   5.887607 ],20.0000,6.0000,[127.65694   -20.0676      5.7191157],20.0000,6.0000,[ 77.04642  -69.05997    3.354919],20.0000,3.0000,[138.5798    -13.247108    6.2351418],20.0000,4.0000,[287.04437   -79.546364    2.9813151],20.0000,4.0000
581,[310.5438    -85.58152     3.2354746],20.0000,6.0000,[ 92.11991  -73.21651    4.423792],20.0000,0.0000,[312.63712   -67.71011     2.1538823],20.0000,6.0000,[146.62018    7.071235   5.979445],20.0000,6.0000,[128.62125   -20.585014    5.8190417],20.0000,6.0000,[ 76.497856  -69.2613      3.2458234],20.0000,4.0000,[139.15579   -13.3183775   6.2714434],20.0000,4.0000,[286.4742   -79.44682    2.980836],20.0000,4.0000
582,[309.45862   -85.70066     3.4566908],20.0000,0.0000,[ 91.78186  -74.25478    4.130921],20.0000,6.0000,[311.97214   -66.8411      2.2540588],20.0000,6.0000,[147.66959     6.7697425   6.2043877],20.0000,0.0000,[129.61632  -21.035711   6.053115],20.0000,0.0000,[ 75.93197   -69.41441     3.2203867],20.0000,4.0000,[139.73393   -13.372551    6.2806892],20.0000,5.0000,[285.90402   -79.34737     2.9803894],20.0000,4.0000
583,[308.41464   -86.02003     3.1654782],20.0000,6.0000,[ 91.209694  -75.18494     4.2176776],20.0000,6.0000,[311.25116  -66.02051    2.487679],20.0000,0.0000,[148.75679     6.671553    5.9154024],20.0000,6.0000,[130.67908   -21.284775    5.7695513],20.0000,6.0000,[ 75.36178   -69.54565     3.2292032],20.0000,3.0000,[ 1.4031256e+02 -1.3422317e+01  8.7550715e-02],20.0000,5.0000,[285.33383   -79.24797     2.9799728],20.0000,4.0000
584,[307.32437   -86.08624     3.2538853],20.0000,6.0000,[ 90.69757  -76.14892    4.436186],20.0000,0.0000,[310.38553  -65.355545   2.203709],20.0000,6.0000,[149.7921     6.32257    6.005218],20.0000,6.0000,[131.65765  -21.7717     5.861641],20.0000,0.0000,[ 74.79194   -69.6724      3.1567538],20.0000,4.0000,[140.89484    -13.437086     0.20687556],20.0000,4.0000,[284.76364   -79.14864     2.9795835],20.0000,4.0000
585,[306.24115   -86.221634    3.4742177],20.0000,0.0000,[ 90.372444 -77.19132    4.143319],20.0000,6.0000,[309.69492   -64.50842     2.2956386],20.0000,6.0000,[150.84682     6.0407887   6.227295 ],20.0000,0.0000,[132.67181  -22.177809   5.536251],20.0000,6.0000,[ 74.2145   -69.763466   3.142608],20.0000,3.0000,[141.4784    -13.399952    0.2402276],20.0000,5.0000,[284.19342   -79.049385    2.9792192],20.0000,4.0000
586,[305.20187   -86.55618     3.1823785],20.0000,6.0000,[ 89.811874  -78.12851     4.2300816],20.0000,0.0000,[308.95184   -63.708405    2.5205169],20.0000,0.0000,[151.93562    5.961184   5.936502],20.0000,6.0000,[133.5464    -22.839874    5.6230083],20.0000,0.0000,[ 73.63583   -69.84215     3.0600026],20.0000,4.0000,[142.06024    -13.342758     0.32964632],20.0000,5.0000,[283.62323   -78.95018     2.9788775],20.0000,4.0000
587,[304.11276   -86.63802     3.2701995],20.0000,6.0000,[ 89.32756   -79.10705     3.8980434],20.0000,6.0000,[308.07147   -63.062965    2.2314634],20.0000,6.0000,[152.97623     5.6290326   6.025168 ],20.0000,6.0000,[134.46126   -23.44146     5.3133945],20.0000,6.0000,[ 73.05202   -69.880455    3.0428202],20.0000,3.0000,[142.63824    -13.244307     0.43938482],20.0000,4.0000,[283.053    -78.85104    2.978557],20.0000,4.0000
588,[303.03162   -86.78875     3.4898322],20.0000,0.0000,[ 88.59722   -79.923546    3.9801373],20.0000,6.0000,[307.36508   -62.229523    2.3212318],20.0000,6.0000,[154.03522     5.364044    6.2457795],20.0000,0.0000,[135.19276   -24.263397    5.4152517],20.0000,0.0000,[ 72.46806  -69.90439    2.960237],20.0000,4.0000,[143.2062     -13.09211      0.46033067],20.0000,5.0000,[282.4828    -78.75196     2.9782557],20.0000,4.0000
589,[301.99698   -87.13759     3.1975853],20.0000,6.0000,[ 87.9101    -80.77363     4.2129273],20.0000,0.0000,[306.60736   -61.443604    2.5432382],20.0000,6.0000,[155.12517     5.300813    5.9541006],20.0000,6.0000,[135.97713   -25.029501    5.1260047],20.0000,6.0000,[ 71.882866  -69.886925    2.9441357],20.0000,4.0000,[143.76729    -12.920873     0.53746057],20.0000,5.0000,[281.91254   -78.65294     2.9779723],20.0000,4.0000
590,[300.90915  -87.234276   3.285018],20.0000,6.0000,[ 87.39852   -81.73796     3.9324648],20.0000,6.0000,[305.7261    -60.798447    2.8029518],20.0000,6.0000,[156.17043     4.9839883   6.04206  ],20.0000,6.0000,[136.5501   -25.970085   5.239571],20.0000,0.0000,[ 71.29962  -69.85207    2.954638],20.0000,3.0000,[144.31631   -12.711628    0.6382465],20.0000,5.0000,[281.3423    -78.55397     2.9777055],20.0000,4.0000
591,[299.83014   -87.39958     3.5042253],20.0000,0.0000,[ 86.679504  -82.56208     4.0260124],20.0000,0.0000,[304.72876   -60.3443      3.0681353],20.0000,0.0000,[157.23311     4.7343345   6.2618465],20.0000,0.0000,[137.19072   -26.860193    4.9590445],20.0000,6.0000,[ 70.71765 -69.81486   2.88093],20.0000,3.0000,[144.84694   -12.455523    0.7450314],20.0000,5.0000,[280.77203   -78.45505     2.9774537],20.0000,4.0000
592,[298.8002    -87.76211     3.2117395],20.0000,6.0000,[ 86.029274  -83.440475    3.7042356],20.0000,6.0000,[303.64972   -60.134457    2.7673795],20.0000,6.0000,[158.32388    4.686331   5.969687],20.0000,6.0000,[137.59912   -27.882982    5.0759053],20.0000,0.0000,[ 70.137405  -69.744606    2.7731266],20.0000,4.0000,[145.35263    -12.150167     0.84998846],20.0000,5.0000,[280.20178  -78.35618    2.977216],20.0000,4.0000
593,[297.71378   -87.87312     3.2989273],20.0000,6.0000,[ 85.16757  -84.120384   3.793822],20.0000,6.0000,[302.6498    -59.69442     2.8165839],20.0000,6.0000,[159.37334     4.3839793   6.0572057],20.0000,6.0000,[138.0853   -28.865902   4.796366],20.0000,6.0000,[ 69.56367   -69.62379     2.7484663],20.0000,4.0000,[145.82751   -11.796992    0.9507068],20.0000,5.0000,[279.63153   -78.257355    2.9769914],20.0000,4.0000
594,[296.63702   -88.05254     3.5178757],20.0000,0.0000,[ 84.34405  -84.84049    4.038973],20.0000,0.0000,[301.63342   -59.292397    3.0139906],20.0000,6.0000,[160.43932    4.148858   6.276505],20.0000,0.0000,[138.32176   -29.94141     4.9130917],20.0000,0.0000,[ 68.99605   -69.481705    2.7577758],20.0000,4.0000,[146.26672   -11.3994665   1.0474585],20.0000,6.0000,[279.06125   -78.15858     2.9767792],20.0000,4.0000
595,[295.61185   -88.42837     3.2252471],20.0000,6.0000,[ 83.68054  -85.70751    3.766394],20.0000,6.0000,[300.5634    -59.05496     3.2576876],20.0000,0.0000,[161.53067    4.115434   5.984071],20.0000,6.0000,[138.64163   -30.990246    4.6329722],20.0000,6.0000,[ 68.43187   -69.33317     2.7773666],20.0000,3.0000,[146.66898   -10.963384    1.2332486],20.0000,6.0000,[278.49097   -78.059845    2.9765782],20.0000,4.0000
596,[294.52695   -88.55339     3.3122807],20.0000,6.0000,[ 82.83911   -86.40688     3.8628433],20.0000,0.0000,[299.4645   -59.05566    2.950263],20.0000,6.0000,[162.58401     3.8270578   6.071312 ],20.0000,6.0000,[138.69974   -32.089874    4.7493176],20.0000,0.0000,[ 67.86813  -69.18721    2.705094],20.0000,3.0000,[147.00494   -10.467939    1.4455109],20.0000,6.0000,[277.9207   -77.96116    2.976388],20.0000,4.0000
597,[293.4526    -88.74663     3.5310695],20.0000,0.0000,[ 82.057976  -87.17157     3.5441117],20.0000,6.0000,[298.40048  -58.808784   2.999613],20.0000,6.0000,[1.6365298e+02 3.6060104e+00 7.1315668e-03],20.0000,0.0000,[138.84425  -33.176834   4.468914],20.0000,0.0000,[ 67.31174   -69.01095     2.5957901],20.0000,4.0000,[147.24957    -9.915429    1.6529536],20.0000,6.0000,[277.3504    -77.86251     2.9762075],20.0000,4.0000
598,[292.4323    -89.1355      3.2383537],20.0000,6.0000,[ 81.10017   -87.70839     3.6355646],20.0000,0.0000,[297.32742   -58.60195     3.1978078],20.0000,0.0000,[164.7447      3.5867832   5.9977193],20.0000,6.0000,[138.73929   -34.275486    4.0346017],20.0000,6.0000,[ 66.77068   -68.7869      2.5686493],20.0000,4.0000,[147.38646    -9.32345     1.8456955],20.0000,6.0000,[276.7801    -77.7639      2.9760363],20.0000,4.0000
599,[291.3491    -89.27431     3.3252907],20.0000,6.0000,[ 80.1828   -88.30707    3.332371],20.0000,6.0000,[296.23315   -58.5847      2.8920014],20.0000,6.0000,[165.80168    3.312092   6.084787],20.0000,6.0000,[138.2299   -35.266716   4.148394],20.0000,0.0000,[ 66.23925   -68.543076    2.5753448],20.0000,4.0000,[147.4103     -8.715404    2.0261898],20.0000,5.0000,[276.2098    -77.66533     2.9758737],20.0000,4.0000
600,[290.27728   -89.48116     3.5439801],20.0000,0.0000,[ 79.13793   -88.65325     3.4380825],20.0000,0.0000,[295.17688   -58.30943     2.9627771],20.0000,6.0000,[1.6687341e+02 3.1048520e+00 2.0425145e-02],20.0000,0.0000,[137.77171   -36.268482    3.9252784],20.0000,6.0000,[ 65.71235   -68.29312     2.5928814],20.0000,3.0000,[147.32085   -8.114787   2.109107],20.0000,5.0000,[275.6395    -77.566795    2.9757195],20.0000,4.0000
601,[289.26196  -89.8829     3.251211],20.0000,6.0000,[ 78.124535  -89.072105    3.1520126],20.0000,6.0000,[294.10733   -58.089863    3.1724403],20.0000,0.0000,[167.9653      3.0995893   6.010914 ],20.0000,6.0000,[137.11249  -37.15334    4.079025],20.0000,0.0000,[ 65.18551  -68.045334   2.519274],20.0000,4.0000,[147.16159   -7.535805   2.163448],20.0000,5.0000,[275.06918   -77.4683      2.9755726],20.0000,4.0000
602,[288.1806    -90.03537     3.3380866],20.0000,6.0000,[ 77.03457   -89.230194    3.2669003],20.0000,0.0000,[293.0145   -58.066093   2.874705],20.0000,6.0000,[169.02568     2.8384178   6.097872 ],20.0000,0.0000,[136.5517   -38.09578    3.821328],20.0000,6.0000,[ 64.673325  -67.76642     2.5009801],20.0000,4.0000,[146.95476    -6.977341    2.2236216],20.0000,5.0000,[274.49887  -77.369835   2.975433],20.0000,4.0000
603,[287.11148   -90.25571     3.5567143],20.0000,0.0000,[ 75.964775  -89.4714      2.9869072],20.0000,6.0000,[291.9592    -57.78704     2.9540734],20.0000,6.0000,[170.10324     2.6623595   5.7660313],20.0000,6.0000,[135.79118   -38.89133     3.9441228],20.0000,0.0000,[ 64.16887   -67.47477     2.5053136],20.0000,3.0000,[146.70581    -6.4391475   2.2975183],20.0000,5.0000,[273.92853 -77.2714    2.9753 ],20.0000,4.0000
604,[286.1013    -90.67016     3.2639115],20.0000,6.0000,[ 74.86376   -89.44752     3.1038115],20.0000,0.0000,[290.88925   -57.570553    3.1674051],20.0000,0.0000,[171.0981      2.2036517   5.848257 ],20.0000,0.0000,[135.10457  -39.745754   3.663396],20.0000,6.0000,[ 63.666092 -67.18134    2.425396],20.0000,4.0000,[146.41434    -5.923878    2.3822558],20.0000,5.0000,[273.35822   -77.173004    2.9751735],20.0000,4.0000
605,[285.02194  -90.83619    3.350749],20.0000,6.0000,[ 73.76903   -89.51093     2.8241167],20.0000,6.0000,[289.79684   -57.552124    2.8719857],20.0000,6.0000,[172.11987     1.8122724   5.530766 ],20.0000,6.0000,[134.22908   -40.41298     3.7777743],20.0000,0.0000,[ 63.181793  -66.85624     2.4047153],20.0000,4.0000,[146.0797     -5.4357734   2.4731042],20.0000,5.0000,[272.78787  -77.07463    2.975053],20.0000,4.0000
606,[283.95566   -91.069916    3.5693376],20.0000,0.0000,[ 72.68666   -89.30823     2.9407203],20.0000,6.0000,[288.74002   -57.2784      2.9546225],20.0000,6.0000,[173.00726     1.1629779   5.627316 ],20.0000,0.0000,[133.41211   -41.144142    3.4949024],20.0000,6.0000,[ 62.70696   -66.51828     2.4083786],20.0000,4.0000,[145.70256    -4.9795103   2.5665019],20.0000,4.0000,[272.21753   -76.97629     2.9749382],20.0000,4.0000
607,[282.9507   -91.49697    3.276514],20.0000,6.0000,[ 71.5998   -89.175186   3.211049],20.0000,0.0000,[287.6686    -57.06967     3.1697896],20.0000,0.0000,[173.93356      0.57686496   5.3328676 ],20.0000,6.0000,[132.43803  -41.65753    3.609868],20.0000,0.0000,[ 62.236233  -66.17613     2.4202669],20.0000,3.0000,[145.28345    -4.5620565   2.5686839],20.0000,4.0000,[271.6472    -76.877975    2.9748285],20.0000,4.0000
608,[281.87354   -91.67649     3.3633273],20.0000,6.0000,[ 70.51274  -89.27764    2.950282],20.0000,6.0000,[286.57635  -57.06035    2.875352],20.0000,6.0000,[174.68683     -0.22645827   5.443958  ],20.0000,0.0000,[131.51105  -42.243244   3.328686],20.0000,0.0000,[ 61.764946  -65.835655    2.3414826],20.0000,4.0000,[144.85262    -4.1622815   2.5386012],20.0000,4.0000,[271.07684   -76.77969     2.9747238],20.0000,4.0000
609,[280.81027   -91.92353     3.5818918],20.0000,0.0000,[ 69.42656   -89.145164    3.0504017],20.0000,0.0000,[285.5172   -56.795338   2.959632],20.0000,6.0000,[175.49481    -0.9679907   5.1620874],20.0000,0.0000,[130.46889  -42.606606   2.894167],20.0000,0.0000,[ 61.314087 -65.46674    2.319428],20.0000,4.0000,[144.4222     -3.7668817   2.5047872],20.0000,4.0000,[270.5065   -76.681435   2.974624],20.0000,4.0000
610,[279.81073  -92.3631     3.289055],20.0000,6.0000,[ 68.33418   -89.10432     2.7334046],20.0000,6.0000,[284.4439    -56.59648     3.1759474],20.0000,0.0000,[176.11746    -1.8795044   4.7280693],20.0000,6.0000,[129.35112   -42.574657    2.4574862],20.0000,6.0000,[ 60.873302  -65.08628     2.3207893],20.0000,3.0000,[143.9955     -3.3705246   2.4772937],20.0000,4.0000,[269.93616   -76.5832      2.9745286],20.0000,4.0000
611,[278.73587  -92.55605    3.375853],20.0000,6.0000,[ 67.285255  -88.77983     2.8253536],20.0000,0.0000,[283.35178   -56.598026    2.8820214],20.0000,6.0000,[176.36015    -2.9673858   4.842901 ],20.0000,0.0000,[128.33698   -42.091095    2.6342757],20.0000,0.0000,[ 60.434704  -64.7039      2.2386966],20.0000,4.0000,[143.57242    -2.9721003   2.4572217],20.0000,4.0000,[269.36578   -76.484985    2.9744375],20.0000,4.0000
612,[277.67578  -92.81633    3.594402],20.0000,0.0000,[ 66.21924   -88.52774     2.5222578],20.0000,6.0000,[282.28998   -56.343452    2.9672363],20.0000,6.0000,[176.64937    -4.03034     4.6208906],20.0000,0.0000,[127.30989   -41.692123    2.4726753],20.0000,0.0000,[ 60.020416  -64.29357     2.2166257],20.0000,4.0000,[143.15196   -2.571941   2.442973],20.0000,4.0000,[268.79544   -76.3868      2.9743505],20.0000,4.0000
613,[276.6818    -93.26833     3.3015573],20.0000,6.0000,[ 65.248245  -88.009384    2.6279092],20.0000,6.0000,[281.2147    -56.155693    3.1843102],20.0000,0.0000,[176.72797    -5.13369     4.2244787],20.0000,0.0000,[126.35046   -41.145668    2.0952528],20.0000,6.0000,[ 59.617958  -63.872177    2.2192962],20.0000,4.0000,[142.73323    -2.1706207   2.4327514],20.0000,4.0000,[268.22507  -76.288635   2.974267],20.0000,4.0000
614,[275.60944   -93.47466     3.3883457],20.0000,6.0000,[ 64.255035  -87.548386    2.8922591],20.0000,0.0000,[280.12274   -56.169067    2.8907158],20.0000,6.0000,[176.4297     -6.211148    3.8058138],20.0000,6.0000,[125.62096  -40.306633   2.222325],20.0000,0.0000,[ 59.220432  -63.447266    2.2305093],20.0000,3.0000,[142.31557    -1.7686039   2.425204 ],20.0000,4.0000,[267.6547    -76.19049     2.9741874],20.0000,4.0000
615,[274.55267   -93.74813     3.6068852],20.0000,0.0000,[ 63.190254 -87.30646    2.629888],20.0000,6.0000,[279.0582    -55.925945    2.9765027],20.0000,6.0000,[175.73094    -7.0893245   3.9848425],20.0000,0.0000,[124.84858   -39.522915    1.9923701],20.0000,6.0000,[ 58.822132 -63.02377    2.151304],20.0000,4.0000,[141.89856    -1.3662009   2.4194329],20.0000,4.0000,[267.08432   -76.09237     2.9741113],20.0000,4.0000
616,[273.5644    -94.21248     3.3140352],20.0000,6.0000,[ 62.20019   -86.84021     2.7297819],20.0000,6.0000,[277.9809    -55.75008     3.1940851],20.0000,0.0000,[175.11536   -8.002764   3.818357],20.0000,0.0000,[124.25867  -38.591175   2.138885],20.0000,0.0000,[ 58.449345  -62.57615     2.1290107],20.0000,4.0000,[141.48193    -0.9636036   2.4148686],20.0000,4.0000,[266.51395   -75.99427     2.9740384],20.0000,4.0000
617,[272.49466   -94.43215     3.4008176],20.0000,6.0000,[ 61.18291   -86.44217     2.9638374],20.0000,0.0000,[276.8892    -55.775864    2.9007397],20.0000,6.0000,[174.36821    -8.815635    3.4379447],20.0000,6.0000,[123.58306   -37.72745     1.8759575],20.0000,6.0000,[ 58.088665  -62.119057    2.1302156],20.0000,4.0000,[141.06554    -0.5609267   2.4111528],20.0000,4.0000,[265.94357   -75.89619     2.9739685],20.0000,4.0000
618,[271.44138  -94.71876    3.619351],20.0000,0.0000,[ 60.108585  -86.249016    2.6802664],20.0000,6.0000,[275.82193   -55.54486     2.9868908],20.0000,6.0000,[173.3861     -9.336981    3.5640717],20.0000,0.0000,[123.1204    -36.72876     1.9969473],20.0000,0.0000,[ 57.733036  -61.658894    2.1397798],20.0000,3.0000,[140.64926     -0.15823795   2.4080558 ],20.0000,4.0000,[265.37317   -75.79813     2.9739015],20.0000,4.0000
619,[270.45898   -95.19537     3.3264978],20.0000,6.0000,[ 59.105892  -85.81392     2.7723544],20.0000,0.0000,[274.74268   -55.38143     3.2048101],20.0000,0.0000,[172.44766   -9.911661   3.334205],20.0000,0.0000,[122.57746   -35.776474    1.7159085],20.0000,6.0000,[ 57.376564 -61.199886   2.059206],20.0000,4.0000,[140.23305      0.24442264   2.405426  ],20.0000,4.0000,[264.8028    -75.70008     2.9738374],20.0000,4.0000
620,[269.39206   -95.428345    3.4132764],20.0000,6.0000,[ 58.07188   -85.46139     2.4469628],20.0000,6.0000,[273.6514    -55.420036    2.9116354],20.0000,6.0000,[171.40982   -10.292484    2.9304466],20.0000,6.0000,[122.27842   -34.717026    1.8305161],20.0000,0.0000,[ 57.047894  -60.71915     2.0359416],20.0000,4.0000,[139.81685     0.6470315   2.4031606],20.0000,4.0000,[264.23242   -75.60205     2.9737759],20.0000,4.0000
621,[268.34244  -95.728035   3.631806],20.0000,0.0000,[ 57.163876  -84.845955    2.5337198],20.0000,6.0000,[272.58145   -55.201595    2.9980159],20.0000,6.0000,[170.29565  -10.282281   3.058112],20.0000,0.0000,[121.89845   -33.68856     1.5480917],20.0000,6.0000,[ 56.73222   -60.23003     2.0363636],20.0000,3.0000,[139.40067     1.0495749   2.401186 ],20.0000,4.0000,[263.66202  -75.504036   2.973717],20.0000,4.0000
622,[267.36603   -96.216835    3.3389506],20.0000,6.0000,[ 56.229008  -84.27838     2.7746572],20.0000,0.0000,[271.50034   -55.050976    3.2161543],20.0000,0.0000,[169.19586   -10.335287    2.8388076],20.0000,6.0000,[121.77848   -32.594       1.6633216],20.0000,6.0000,[ 56.41929   -59.739567    1.9535779],20.0000,4.0000,[138.98445     1.4520448   2.3994486],20.0000,4.0000,[263.0916    -75.406044    2.9736607],20.0000,4.0000
623,[266.3021   -96.463066   3.425727],20.0000,6.0000,[ 55.203106 -83.90502    2.499517],20.0000,6.0000,[270.4096    -55.102665    2.9230926],20.0000,6.0000,[168.10681   -10.160737    2.9914637],20.0000,0.0000,[121.59152   -31.515106    1.9328744],20.0000,0.0000,[ 56.137657  -59.22906     1.9310565],20.0000,4.0000,[138.56819     1.8544374   2.3979082],20.0000,4.0000,[262.52124   -75.30806     2.9736063],20.0000,4.0000
624,[265.2563   -96.775795   3.644254],20.0000,0.0000,[ 54.284992  -83.3101      2.5950348],20.0000,6.0000,[269.33713  -54.89708    3.009618],20.0000,6.0000,[167.01198   -10.100358    2.7312953],20.0000,6.0000,[121.17968   -30.50387     1.6718905],20.0000,6.0000,[ 55.87054   -58.711235    1.9333963],20.0000,4.0000,[138.1519      2.2567506   2.396533 ],20.0000,4.0000,[261.95084   -75.2101      2.9735544],20.0000,4.0000
625,[264.28604   -97.27671     3.3513975],20.0000,6.0000,[ 53.33194  -82.77649    2.826001],20.0000,0.0000,[268.25424  -54.759518   3.227897],20.0000,0.0000,[165.95517   -9.793353   2.852704],20.0000,0.0000,[120.99321   -29.42563     1.7719756],20.0000,6.0000,[ 55.609203  -58.191383    1.9443796],20.0000,3.0000,[137.73557     2.6589842   2.3952985],20.0000,4.0000,[261.38043   -75.112144    2.9735045],20.0000,4.0000
626,[263.22525  -97.536156   3.438172],20.0000,0.0000,[ 52.294907  -82.43583     2.5409667],20.0000,6.0000,[267.16425   -54.82446     2.9349089],20.0000,6.0000,[164.8804     -9.578098    2.5711234],20.0000,6.0000,[120.73479  -28.364313   2.005588],20.0000,0.0000,[ 55.34676   -57.672634    1.8650273],20.0000,4.0000,[137.31918     3.0611389   2.3941846],20.0000,4.0000,[260.81003   -75.014206    2.9734569],20.0000,5.0000
627,[262.18863   -97.87892     3.1061459],20.0000,6.0000,[ 51.36311   -81.86459     2.6325831],20.0000,0.0000,[266.08932   -54.631935    3.0215256],20.0000,6.0000,[163.88492   -9.10829    2.685236],20.0000,0.0000,[120.27605   -27.373835    1.7216314],20.0000,6.0000,[ 55.11563   -57.137936    1.8426489],20.0000,4.0000,[136.90274     3.463216    2.3931751],20.0000,4.0000,[260.2401    -74.91335     3.0651696],20.0000,5.0000
628,[261.09448  -97.93277    3.188248],20.0000,6.0000,[ 50.388805  -81.37053     2.3066947],20.0000,6.0000,[265.00485   -54.5076      3.2398942],20.0000,6.0000,[162.85974    -8.719616    2.4023414],20.0000,6.0000,[120.0568    -26.303068    1.8135682],20.0000,6.0000,[ 54.898808  -56.59756     1.8437967],20.0000,3.0000,[136.48625     3.8652174   2.3922567],20.0000,4.0000,[259.665     -74.84369     3.1904907],20.0000,5.0000
629,[260.00677   -98.04097     3.4210544],20.0000,0.0000,[ 49.576347  -80.63366     2.3931317],20.0000,0.0000,[263.91397   -54.568146    3.4975052],20.0000,0.0000,[161.95558    -8.091163    2.5173588],20.0000,6.0000,[119.76928   -25.249746    2.0384648],20.0000,0.0000,[ 54.684845  -56.05646     1.7615641],20.0000,4.0000,[136.06969    4.267145   2.391418],20.0000,4.0000,[259.08438   -74.81906     3.3254457],20.0000,5.0000
630,[258.96112   -98.35437     3.1406035],20.0000,6.0000,[ 48.71844   -79.953384    2.0830574],20.0000,6.0000,[262.8603    -54.86639     3.2097101],20.0000,6.0000,[161.01933    -7.5233564   2.7868092],20.0000,0.0000,[119.288414  -24.269737    1.7494237],20.0000,6.0000,[ 54.50535   -55.501686    1.7394112],20.0000,4.0000,[135.65309     4.6690016   2.3906496],20.0000,4.0000,[258.5009    -74.846886    3.4588225],20.0000,5.0000
631,[257.86948  -98.421646   3.234155],20.0000,6.0000,[ 48.062897  -79.06972     2.1846273],20.0000,6.0000,[261.7701    -54.923477    3.2818913],20.0000,6.0000,[159.98639    -7.1694646   2.5258038],20.0000,6.0000,[119.04884   -23.203793    1.8391997],20.0000,6.0000,[ 54.34145  -54.942513   1.742027],20.0000,4.0000,[135.23642     5.0707884   2.3899434],20.0000,4.0000,[257.91962   -74.93181     3.5844715],20.0000,5.0000
632,[256.78592   -98.55825     3.4629357],20.0000,6.0000,[ 47.364426 -78.22657    2.44568 ],20.0000,0.0000,[260.6841   -55.039547   3.49129 ],20.0000,6.0000,[159.05101    -6.6016207   2.625888 ],20.0000,6.0000,[118.74176  -22.156164   2.061216],20.0000,0.0000,[ 54.183563  -54.382477    1.7532051],20.0000,3.0000,[134.81972    5.472509   2.389293],20.0000,4.0000,[257.3473    -75.07565     3.6998465],20.0000,5.0000
633,[255.74316   -98.88173     3.7271576],20.0000,0.0000,[ 46.508633 -77.54841    2.181943],20.0000,6.0000,[259.62943   -55.333443    3.7424295],20.0000,0.0000,[158.08112   -6.09914    2.859513],20.0000,0.0000,[118.24424   -21.184404    1.7703841],20.0000,6.0000,[ 54.024345  -53.823334    1.6739784],20.0000,4.0000,[134.40295     5.8741646   2.388692 ],20.0000,4.0000,[256.79086   -75.27728     3.8054984],20.0000,5.0000
634,[254.7962   -99.42882    3.444955],20.0000,6.0000,[ 45.818012 -76.69948    2.281458],20.0000,6.0000,[258.66254   -55.8535      3.4423037],20.0000,6.0000,[157.03302    -5.794217    2.5755665],20.0000,6.0000,[117.98759  -20.12266    1.859021],20.0000,0.0000,[ 53.898876  -53.254482    1.6516736],20.0000,4.0000,[133.98613     6.2757587   2.3881357],20.0000,4.0000,[256.25647   -75.53346     3.9038932],20.0000,5.0000
635,[253.75363  -99.752144   3.525507],20.0000,6.0000,[ 45.073605  -75.899994    2.5154517],20.0000,0.0000,[257.60934  -56.142586   3.498123],20.0000,6.0000,[156.08174    -5.2559986   2.6675072],20.0000,0.0000,[117.646904  -19.08515     1.5290457],20.0000,6.0000,[ 53.788513  -52.68278     1.6528714],20.0000,3.0000,[133.56926     6.677293    2.3876195],20.0000,4.0000,[255.74908   -75.84013     3.9979348],20.0000,5.0000
636,[ 252.73216   -100.137764     3.7387412],20.0000,0.0000,[ 44.189075  -75.26039     2.2319155],20.0000,6.0000,[256.56882   -56.476227    3.6993654],20.0000,6.0000,[155.0906     -4.796583    2.3418584],20.0000,6.0000,[117.59424   -17.990444    1.6125517],20.0000,6.0000,[ 53.681087  -52.110916    1.5706724],20.0000,4.0000,[133.15234     7.078769    2.3871396],20.0000,4.0000,[255.27289  -76.19323    4.089953],20.0000,5.0000
637,[ 251.79713   -100.70392      3.4421353],20.0000,6.0000,[ 43.47392   -74.433784    2.3240218],20.0000,6.0000,[255.59232   -56.97321     3.9455352],20.0000,0.0000,[154.25256    -4.0889163   2.4284227],20.0000,6.0000,[117.48738   -16.902403    1.8480929],20.0000,0.0000,[ 53.61009   -51.532158    1.5485396],20.0000,4.0000,[132.73538     7.4801903   2.3866925],20.0000,4.0000,[254.83162  -76.58892    4.181381],20.0000,5.0000
638,[ 250.7571    -101.03543      3.5217605],20.0000,6.0000,[ 42.707787  -73.65581     2.5492423],20.0000,0.0000,[254.74556   -57.673145    3.6404128],20.0000,6.0000,[153.38275    -3.4259734   2.6690605],20.0000,0.0000,[117.17371   -15.856773    1.5694929],20.0000,6.0000,[ 53.55524   -50.952045    1.5511692],20.0000,3.0000,[132.31837     7.8815584   2.3862755],20.0000,4.0000,[254.42877  -77.023506   4.272896],20.0000,5.0000
639,[ 249.73842   -101.42781      3.7351584],20.0000,0.0000,[ 41.80882   -73.036545    2.2604187],20.0000,6.0000,[253.76839  -58.161137   3.691674],20.0000,6.0000,[152.40201    -2.9463906   2.3937335],20.0000,6.0000,[117.10476   -14.76513     1.6637328],20.0000,6.0000,[ 53.50348   -50.37217     1.4705975],20.0000,4.0000,[131.90132    8.282875   2.385886],20.0000,4.0000,[254.06761   -77.493225    4.3646984],20.0000,5.0000
640,[ 248.80727   -101.99935      3.4397264],20.0000,6.0000,[ 41.07808   -72.22431     2.3503184],20.0000,0.0000,[252.8105   -58.687138   3.890753],20.0000,6.0000,[151.55194    -2.2577436   2.489183 ],20.0000,6.0000,[116.96627   -13.681754    1.8933467],20.0000,0.0000,[ 53.488556  -49.789       1.4497894],20.0000,4.0000,[131.48422     8.684143    2.3855212],20.0000,4.0000,[253.7512    -77.99414     4.4567666],20.0000,5.0000
641,[ 247.76895   -102.336525     3.5222669],20.0000,6.0000,[ 40.28476   -71.47367     2.0219517],20.0000,6.0000,[251.94565   -59.36003     4.1358876],20.0000,0.0000,[150.66064   -1.626352   2.720082],20.0000,0.0000,[116.62357   -12.645386    1.6075253],20.0000,6.0000,[ 53.48973   -49.206135    1.4535416],20.0000,3.0000,[131.06708     9.085363    2.3851793],20.0000,4.0000,[253.48224 -78.52203   4.54901],20.0000,5.0000
642,[ 246.75322   -102.736305     3.7373672],20.0000,0.0000,[ 39.71681   -70.53592     2.1065977],20.0000,0.0000,[251.24617   -60.207233    3.8300757],20.0000,6.0000,[149.66547    -1.1779034   2.43501  ],20.0000,6.0000,[116.529434  -11.556555    1.6988492],20.0000,6.0000,[ 53.493786  -48.62386     1.3738183],20.0000,4.0000,[130.6499      9.486538    2.3848584],20.0000,3.0000,[253.26303   -79.07246     4.6413407],20.0000,5.0000
643,[ 245.82707   -103.3154       3.4428954],20.0000,6.0000,[ 39.089153  -69.63913     1.7936088],20.0000,6.0000,[250.3784    -60.870556    3.8808758],20.0000,0.0000,[148.79935    -0.5112845   2.526613 ],20.0000,0.0000,[116.365715  -10.477071    1.9231101],20.0000,0.0000,[ 53.53468   -48.041862    1.3535595],20.0000,4.0000,[130.23064     9.885509    2.2927983],20.0000,4.0000,[253.0955   -79.64075    4.733703],20.0000,5.0000
644,[ 244.79144   -103.66108      3.5271122],20.0000,6.0000,[ 38.71505   -68.60467     1.8932745],20.0000,0.0000,[249.54851  -61.58045    3.529203],20.0000,6.0000,[1.4788280e+02 8.3099678e-02 2.2007065e+00],20.0000,6.0000,[116.001854   -9.447859    1.6336992],20.0000,6.0000,[ 53.591473  -47.46172     1.3577037],20.0000,4.0000,[129.83572    10.308906    2.2589095],20.0000,4.0000,[252.98108   -80.22207     4.8260674],20.0000,5.0000
645,[ 243.77942   -104.07011      3.7433789],20.0000,0.0000,[ 38.272137 -67.60178    1.602   ],20.0000,6.0000,[248.55402   -62.03244     3.6007605],20.0000,6.0000,[147.15288     0.9018027   2.2871308],20.0000,0.0000,[115.88786    -8.361322    1.7232742],20.0000,6.0000,[ 53.6539   -46.883083   1.370003],20.0000,3.0000,[129.45079    10.741664    2.2468941],20.0000,4.0000,[252.92075   -80.81146     4.9184227],20.0000,5.0000
646,[ 242.85918   -104.658264     3.4494328],20.0000,6.0000,[ 38.091785 -66.515335   1.714641],20.0000,0.0000,[247.58388   -62.533104    3.8155522],20.0000,6.0000,[146.37178     1.6690395   1.9770372],20.0000,6.0000,[115.70475    -7.2850957   1.9450358],20.0000,0.0000,[ 53.714527  -46.30481     1.2915163],20.0000,4.0000,[129.07018    11.178286    2.2437127],20.0000,4.0000,[252.91502  -81.40391    5.010769],20.0000,5.0000
647,[ 241.8269    -105.01409      3.5346093],20.0000,0.0000,[ 37.83052   -65.45023     1.4336526],20.0000,6.0000,[246.7095    -63.187435    4.0732536],20.0000,6.0000,[145.81343     2.6171207   2.078595 ],20.0000,0.0000,[115.32381    -6.2619886   1.6540489],20.0000,6.0000,[ 53.809937  -45.730095    1.2696524],20.0000,4.0000,[128.69145    11.616527    2.2440586],20.0000,4.0000,[252.96396  -81.99437    5.103108],20.0000,5.0000
648,[ 240.82597   -105.44998      3.2010987],20.0000,6.0000,[ 37.834644  -64.3489      1.5504203],20.0000,6.0000,[245.98251   -64.00714     4.3382635],20.0000,0.0000,[145.19254     3.5207882   1.7890844],20.0000,6.0000,[115.19265    -5.177586    1.7425709],20.0000,6.0000,[ 53.92035   -45.158367    1.2711542],20.0000,4.0000,[128.3136     12.055444    2.2457004],20.0000,4.0000,[253.06712  -82.5778     5.195443],20.0000,5.0000
649,[ 239.74158  -105.60263     3.282241],20.0000,0.0000,[ 37.7697    -63.2558      1.8214924],20.0000,0.0000,[245.46432   -64.97636     4.0384345],20.0000,6.0000,[144.81305     4.5546947   1.9025346],20.0000,0.0000,[114.99281   -4.104397   1.96301 ],20.0000,0.0000,[ 54.036324  -44.588455    1.2809196],20.0000,3.0000,[127.93616    12.494643    2.2477105],20.0000,4.0000,[253.22363  -83.14922    5.287777],20.0000,4.0000
650,[ 238.67087   -105.82674      2.9624064],20.0000,6.0000,[ 37.472645  -62.205093    1.5611926],20.0000,6.0000,[244.74948   -65.80239     4.0889215],20.0000,0.0000,[144.35748     5.5522633   1.6219542],20.0000,6.0000,[114.59674    -3.0869796   1.6712289],20.0000,6.0000,[ 54.150826  -44.018665    1.2004734],20.0000,4.0000,[127.55893    12.933968    2.2497177],20.0000,4.0000,[253.43468   -83.70217     5.2883515],20.0000,5.0000
651,[ 237.57364   -105.76009      3.0572426],20.0000,0.0000,[ 37.406445 -61.112854   1.661482],20.0000,0.0000,[244.08136   -66.66642     3.7364395],20.0000,6.0000,[144.1555      6.6349044   1.7388064],20.0000,6.0000,[114.44991    -2.0046947   1.7590988],20.0000,6.0000,[ 54.299915  -43.45571     1.1772834],20.0000,4.0000,[127.18184    13.373355    2.2515879],20.0000,4.0000,[253.66092   -84.24533     5.3486824],20.0000,4.0000
652,[ 236.4776    -105.76692      2.7608964],20.0000,6.0000,[ 37.248913  -60.03112     1.3446108],20.0000,6.0000,[243.19963   -67.311104    3.8071625],20.0000,0.0000,[143.8871     7.696523   2.009829],20.0000,0.0000,[114.23478     -0.93449557   1.9787846 ],20.0000,0.0000,[ 54.463833  -42.89712     1.1777565],20.0000,4.0000,[126.804855  13.812787   2.253286],20.0000,4.0000,[253.9224    -84.77171     5.3476105],20.0000,5.0000
653,[ 235.4102    -105.496254     2.8710065],20.0000,0.0000,[ 37.378113  -58.94077     1.4366219],20.0000,6.0000,[242.36232   -68.012245    3.4705997],20.0000,6.0000,[143.39864     8.67306     1.7494764],20.0000,6.0000,[1.1382464e+02 7.7385381e-02 1.6865680e+00],20.0000,6.0000,[ 54.633293  -42.34086     1.1867641],20.0000,3.0000,[126.42796    14.25226     2.2548141],20.0000,4.0000,[254.19295  -85.29127    5.416877],20.0000,5.0000
654,[ 234.3301    -105.30643      2.5885222],20.0000,6.0000,[ 37.450653 -57.84911    1.684136],20.0000,0.0000,[241.36243   -68.4619      3.5529943],20.0000,6.0000,[143.12923     9.733614    1.8497431],20.0000,0.0000,[113.66301     1.1574982   1.7740302],20.0000,6.0000,[ 54.80143   -41.784588    1.1058059],20.0000,4.0000,[126.05116    14.691774    2.2561877],20.0000,4.0000,[254.49492  -85.794174   5.516893],20.0000,4.0000
655,[ 233.32417   -104.85793      2.7048674],20.0000,0.0000,[ 37.304523  -56.767143    1.4127659],20.0000,6.0000,[240.3878   -68.957664   3.789832],20.0000,6.0000,[142.77206    10.76676     1.5328487],20.0000,6.0000,[113.433395    2.2246695   1.9932692],20.0000,0.0000,[ 55.00344   -41.238434    1.0822995],20.0000,4.0000,[125.67444    15.131333    2.2574246],20.0000,4.0000,[254.84044   -86.26975     5.5339146],20.0000,5.0000
656,[ 232.29051  -104.49167     2.425416],20.0000,6.0000,[ 37.401775  -55.677315    1.5096157],20.0000,6.0000,[239.51767  -69.61672    4.063088],20.0000,0.0000,[142.69496    11.862026    1.6248459],20.0000,0.0000,[113.00984     3.231039    1.7008013],20.0000,6.0000,[ 55.219845  -40.69804     1.0825423],20.0000,4.0000,[125.297806  15.570939   2.258542],20.0000,3.0000,[255.19984  -86.73311    5.609899],20.0000,4.0000
657,[ 231.37149   -103.88495      2.5423355],20.0000,0.0000,[ 37.427727 -54.585304   1.741705],20.0000,0.0000,[238.81915   -70.456894    3.7848098],20.0000,6.0000,[142.54416    12.947017    1.3217926],20.0000,6.0000,[112.833954    4.308886    1.7880075],20.0000,6.0000,[ 55.44159   -40.1605      1.0913862],20.0000,3.0000,[124.91895    16.008707    2.1677969],20.0000,3.0000,[255.59177   -87.16988     5.6190524],20.0000,4.0000
658,[ 230.4112    -103.35557      2.2624435],20.0000,6.0000,[ 37.243084  -53.50948     1.4572623],20.0000,6.0000,[237.95282   -71.12106     3.8714836],20.0000,0.0000,[142.67595    14.039798    1.4274646],20.0000,6.0000,[112.590355    5.3729444   2.0069752],20.0000,0.0000,[ 55.66205   -39.622826    1.0103196],20.0000,4.0000,[124.564156   16.46733     2.0434499],20.0000,3.0000,[255.99481  -87.59394    5.602663],20.0000,5.0000
659,[ 229.60316   -102.60746      2.3789022],20.0000,0.0000,[ 37.31101   -52.4186      1.5490817],20.0000,6.0000,[237.1431    -71.85309     3.5370157],20.0000,6.0000,[142.7462     15.132521    1.6918274],20.0000,0.0000,[112.15378     6.3737574   1.7143574],20.0000,6.0000,[ 55.91528   -39.098465    0.9867474],20.0000,4.0000,[124.24561    16.954473    1.9102192],20.0000,4.0000,[256.39774  -88.01602    5.672305],20.0000,4.0000
660,[ 228.74196   -101.92874      2.0985618],20.0000,6.0000,[ 37.3086    -51.326736    1.7739967],20.0000,0.0000,[236.16473  -72.342926   3.616907],20.0000,0.0000,[142.58632    16.212673    1.4294602],20.0000,6.0000,[111.96398     7.44922     1.8014027],20.0000,6.0000,[ 56.182304  -38.581215    0.9869427],20.0000,3.0000,[123.97425    17.472425    1.8712975],20.0000,3.0000,[256.8258   -88.41369    5.686034],20.0000,4.0000
661,[ 228.06685  -101.05881     2.214817],20.0000,0.0000,[ 37.100426  -50.255146    1.4849939],20.0000,6.0000,[235.22261   -72.897675    3.2923377],20.0000,6.0000,[142.6626    17.304365   1.529355],20.0000,6.0000,[111.70672     8.510053    2.0202034],20.0000,0.0000,[ 56.451897   -38.065678     0.90399456],20.0000,4.0000,[123.72277    18.000393    1.7797849],20.0000,3.0000,[257.26312   -88.799805    5.6774077],20.0000,4.0000
662,[ 227.32805   -100.24853      1.9343802],20.0000,6.0000,[ 37.14759   -49.16362     1.5747995],20.0000,0.0000,[234.16194   -73.18346     3.3833404],20.0000,0.0000,[142.66544    18.39674     1.7634099],20.0000,0.0000,[111.2574      9.505224    1.7274944],20.0000,6.0000,[ 56.75448    -37.56732      0.88136953],20.0000,4.0000,[123.50955    18.546795    1.6696796],20.0000,3.0000,[257.7027    -89.18159     5.6622324],20.0000,5.0000
663,[226.80417   -99.27996     2.0506182],20.0000,0.0000,[ 37.106976  -48.072224    1.2463118],20.0000,6.0000,[233.12497   -73.53741     3.0822012],20.0000,6.0000,[142.45663    19.468136    1.4798383],20.0000,6.0000,[111.05392    10.578168    1.8144386],20.0000,6.0000,[ 57.070656  -37.07792     0.8836344],20.0000,4.0000,[123.34507    19.112066    1.5573343],20.0000,4.0000,[258.14017   -89.564804    5.7390337],20.0000,4.0000
664,[226.20773   -98.35983     1.7701966],20.0000,6.0000,[ 37.358326  -47.005116    1.3308722],20.0000,6.0000,[232.02681  -73.61609    3.189655],20.0000,0.0000,[142.49928    20.560328    1.5719259],20.0000,6.0000,[110.7832     11.635645    2.0331354],20.0000,6.0000,[ 57.391476   -36.592518     0.89456564],20.0000,3.0000,[123.23811    19.692307    1.5411458],20.0000,3.0000,[258.6004    -89.9221      5.7600107],20.0000,4.0000
665,[225.8492  -97.31867   1.88645],20.0000,0.0000,[ 37.555702  -45.92966     1.5682894],20.0000,0.0000,[230.94159   -73.77377     2.9053118],20.0000,6.0000,[142.47148    21.65185     1.7970859],20.0000,6.0000,[110.337296   12.6330185   2.2909222],20.0000,0.0000,[ 57.710804  -36.106716    0.8151804],20.0000,4.0000,[123.15253   20.27385    1.470553],20.0000,3.0000,[259.0695    -90.267166    5.7579813],20.0000,4.0000
666,[225.41116   -96.31344     1.6060432],20.0000,0.0000,[ 37.541424 -44.83807    1.290922],20.0000,6.0000,[229.84596   -73.661095    3.0210018],20.0000,0.0000,[142.25565    22.72227     2.0587714],20.0000,0.0000,[109.68265    13.51077     2.0033803],20.0000,6.0000,[ 58.059555  -35.64014     0.7927829],20.0000,4.0000,[123.10581    20.860216    1.3748351],20.0000,4.0000,[259.54135   -90.607216    5.7479033],20.0000,4.0000
667,[225.20976   -95.22831     1.1717515],20.0000,6.0000,[ 37.77418   -43.769222    1.3856196],20.0000,6.0000,[228.74963   -73.634575    2.7414086],20.0000,6.0000,[141.80885    23.720903    1.7749684],20.0000,6.0000,[109.24019    14.508764    2.0759482],20.0000,6.0000,[ 58.42035  -35.183147   0.793918],20.0000,3.0000,[123.11138    21.449152    1.3631157],20.0000,4.0000,[260.0135    -90.94568     5.7364154],20.0000,4.0000
668,[225.42673  -94.13517    1.285573],20.0000,0.0000,[ 37.937607  -42.689297    1.6157458],20.0000,0.0000,[227.68748  -73.34369    2.858394],20.0000,6.0000,[141.59477    24.79128     1.8531626],20.0000,6.0000,[108.74386    15.481635    2.2855346],20.0000,0.0000,[ 58.7832     -34.72828      0.71167696],20.0000,4.0000,[123.137794   22.035044    1.3835152],20.0000,3.0000,[260.4851   -91.28398    5.726045],20.0000,4.0000
669,[225.59158   -93.046       1.0624832],20.0000,6.0000,[ 37.89143   -41.598717    1.3302289],20.0000,6.0000,[226.61517   -73.12201     3.1291995],20.0000,0.0000,[141.31836    25.84765     2.0653753],20.0000,0.0000,[108.07907    16.349989    1.9862521],20.0000,6.0000,[ 59.175068 -34.296497   0.689519],20.0000,4.0000,[123.16599    22.618748    1.3188764],20.0000,4.0000,[260.95605  -91.62255    5.717416],20.0000,4.0000
670,[225.98184   -92.01389     1.2162377],20.0000,0.0000,[ 38.098465  -40.52559     1.4216685],20.0000,0.0000,[225.52336 -73.13534   2.86867],20.0000,6.0000,[140.85378    26.837275    1.7679863],20.0000,6.0000,[107.63693    17.347992    2.0624876],20.0000,6.0000,[ 59.578518  -33.87606     0.6921314],20.0000,3.0000,[123.22863    23.20024     1.3089646],20.0000,4.0000,[261.42642   -91.96144     5.7104263],20.0000,4.0000
671,[226.2616    -90.953514    0.9585401],20.0000,6.0000,[ 38.218353  -39.439796    1.0955395],20.0000,6.0000,[224.4516    -72.914795    2.9688656],20.0000,6.0000,[140.63376    27.906443    1.8465208],20.0000,6.0000,[107.13893   18.31952    2.274342],20.0000,0.0000,[ 59.983807  -33.45812     0.6115485],20.0000,4.0000,[123.305176   23.778896    1.3204054],20.0000,4.0000,[261.8964    -92.300575    5.7047777],20.0000,4.0000
672,[226.7738    -89.979385    1.0813327],20.0000,0.0000,[ 38.62255   -38.420193    1.1818069],20.0000,6.0000,[223.36925  -72.76755    3.202458],20.0000,0.0000,[140.35176    28.96106     2.0593905],20.0000,0.0000,[106.472664   19.185722    1.9779296],20.0000,6.0000,[ 60.415646  -33.06592     0.5907339],20.0000,4.0000,[123.38565   24.355692   1.337429],20.0000,5.0000,[262.36603   -92.63987     5.7001696],20.0000,4.0000
673,[227.19878   -88.968994    0.8006031],20.0000,6.0000,[ 38.97432   -37.384693    1.4220245],20.0000,0.0000,[222.27963   -72.83265     2.9184618],20.0000,6.0000,[139.88258   29.947847   1.763633],20.0000,6.0000,[106.0284     20.182861    2.0589657],20.0000,6.0000,[ 60.85778    -32.68611      0.59448195],20.0000,3.0000,[123.46888    24.93078     1.4452349],20.0000,7.0000,[262.8355    -92.97924     5.6963573],20.0000,4.0000
674,[227.85684    -88.0866       0.91497993],20.0000,0.0000,[ 39.11724  -36.30237    1.146442],20.0000,6.0000,[221.2028   -72.645454   3.010381],20.0000,6.0000,[139.65788    31.016138    1.8456569],20.0000,6.0000,[105.52514    21.15153     2.2731695],20.0000,0.0000,[ 61.301342  -32.308872    0.5147559],20.0000,4.0000,[123.52525    25.507006    1.7664979],20.0000,7.0000,[263.30484  -93.31863    5.693157],20.0000,4.0000
675,[228.44104   -87.15884     0.6321073],20.0000,6.0000,[ 39.500103  -35.277554    1.2417988],20.0000,0.0000,[220.11726   -72.5282      3.2352407],20.0000,6.0000,[139.36887   32.06876    2.060436],20.0000,0.0000,[104.85326    22.012901    1.9782367],20.0000,6.0000,[ 61.76876    -31.959707     0.49449572],20.0000,4.0000,[123.477455   26.087542    2.1438699],20.0000,6.0000,[263.7741   -93.65799    5.690433],20.0000,4.0000
676,[229.23624    -86.39721      0.74707264],20.0000,0.0000,[ 39.79875  -34.2261     0.922057],20.0000,6.0000,[219.02765   -72.59992     3.4967268],20.0000,0.0000,[138.89217    33.051598    1.7658049],20.0000,6.0000,[104.40226   23.007135   2.06166 ],20.0000,6.0000,[ 62.24516    -31.623796     0.49863902],20.0000,3.0000,[123.29148   26.656319   2.430643],20.0000,6.0000,[264.24335   -93.99731     5.6880865],20.0000,4.0000
677,[229.96623    -85.579        0.46589062],20.0000,6.0000,[ 40.364372  -33.285126    1.0129312],20.0000,0.0000,[217.97844 -72.91001   3.21278],20.0000,6.0000,[138.65927    34.118237    1.8497425],20.0000,6.0000,[103.891106   23.971613    2.2773511],20.0000,0.0000,[ 62.72267    -31.290527     0.41917917],20.0000,4.0000,[122.97771    27.178871    2.6586185],20.0000,6.0000,[264.7126    -94.33656     5.6860433],20.0000,4.0000
678,[230.87616    -84.9588       0.58192354],20.0000,0.0000,[ 40.864456   -32.310543     0.70910144],20.0000,6.0000,[216.8891    -72.9799      3.2907605],20.0000,6.0000,[138.361      35.16825     2.0658007],20.0000,6.0000,[103.21152   24.826666   1.983157],20.0000,6.0000,[ 63.221222  -30.987432    0.3990756],20.0000,4.0000,[122.55787    27.624441    2.8446631],20.0000,6.0000,[265.18182  -94.67574    5.684248],20.0000,4.0000
679,[231.73062    -84.27157      0.30152273],20.0000,6.0000,[ 41.600716  -31.492346    0.8144691],20.0000,6.0000,[215.80533  -73.11324    3.502878],20.0000,6.0000,[137.89062    36.15478     2.3223193],20.0000,6.0000,[102.75154    25.816872    2.0678744],20.0000,0.0000,[ 63.727425   -30.698364     0.40332058],20.0000,3.0000,[122.06128    27.979525    3.0122006],20.0000,6.0000,[265.6511    -95.01484     5.6826587],20.0000,4.0000
680,[232.72978    -83.80866      0.41784328],20.0000,0.0000,[ 42.28681   -30.638966    1.0787033],20.0000,0.0000,[214.75635   -73.42525     3.7559693],20.0000,6.0000,[137.22716    37.028755    2.5830564],20.0000,6.0000,[102.21535   26.767822   1.733981],20.0000,6.0000,[ 64.23447   -30.41201     0.3239243],20.0000,4.0000,[121.51153    28.23985     3.1782649],20.0000,6.0000,[266.12036  -95.35386    5.681242],20.0000,4.0000
681,[ 2.3368507e+02 -8.3270309e+01  1.3751964e-01],20.0000,6.0000,[ 42.777542  -29.663528    0.8163172],20.0000,6.0000,[213.7889   -73.94744    4.009042],20.0000,6.0000,[136.3851    37.741024   2.825406],20.0000,6.0000,[101.952576   27.830807    1.8148879],20.0000,0.0000,[ 64.759575   -30.157682     0.30385548],20.0000,4.0000,[120.92645    28.4016      3.3491156],20.0000,6.0000,[266.5897    -95.69279     5.6799717],20.0000,4.0000
682,[234.74641    -82.97683      0.25382218],20.0000,0.0000,[ 43.468082  -28.814545    0.9162158],20.0000,6.0000,[212.95389   -74.67053     4.2401237],20.0000,6.0000,[135.40483    38.255157    3.0382872],20.0000,6.0000,[101.620026  28.87288    1.494504],20.0000,6.0000,[ 65.29097    -29.918037     0.30812126],20.0000,3.0000,[120.32265    28.46036     3.5244148],20.0000,6.0000,[267.05905   -96.03163     5.6788273],20.0000,4.0000
683,[235.7768   -82.60174    6.256628],20.0000,6.0000,[ 44.098957  -27.922752    1.1502928],20.0000,0.0000,[212.28993  -75.5571     4.442587],20.0000,6.0000,[134.3389    38.558727   3.22548 ],20.0000,6.0000,[101.574234   29.971117    1.5889287],20.0000,0.0000,[ 65.82294    -29.681173     0.22873704],20.0000,4.0000,[119.717705  28.41324    3.701914],20.0000,6.0000,[267.52844  -96.37039    5.677791],20.0000,4.0000
684,[ 2.3687181e+02 -8.2485580e+01  8.9710094e-02],20.0000,0.0000,[ 44.54465   -26.926338    0.8667376],20.0000,6.0000,[211.81407  -76.55802    4.623771],20.0000,6.0000,[133.23521    38.657116    3.3991594],20.0000,6.0000,[101.45565    31.0607      1.2921098],20.0000,6.0000,[ 66.369835   -29.477901     0.20867427],20.0000,4.0000,[119.130226   28.26064     3.8798292],20.0000,5.0000,[267.9979   -96.70907    5.676849],20.0000,4.0000
685,[237.94963   -82.283875    6.0924907],20.0000,6.0000,[ 45.207973   -26.057596     0.95883125],20.0000,6.0000,[211.52916   -77.62856     4.7957783],20.0000,6.0000,[132.13214    38.55952     3.5699024],20.0000,6.0000,[101.61634    32.15008     1.4019699],20.0000,0.0000,[ 66.92159    -29.289843     0.21294332],20.0000,3.0000,[118.580696   28.004635    3.9656126],20.0000,5.0000,[268.46738 -97.04766   5.67599],20.0000,4.0000
686,[239.04892   -82.348206    6.2087483],20.0000,0.0000,[ 45.813274  -25.148857    1.1840012],20.0000,0.0000,[211.43529   -78.731766    4.9671006],20.0000,6.0000,[131.06284   38.273384   3.742626],20.0000,6.0000,[101.69549   33.243885   1.119323],20.0000,6.0000,[ 67.47366    -29.104605     0.13356075],20.0000,4.0000,[118.071     27.687796   4.02333 ],20.0000,5.0000,[268.93692   -97.38618     5.6752033],20.0000,4.0000
687,[240.1452   -82.32534    5.928341],20.0000,6.0000,[ 46.23613   -24.142464    0.8951412],20.0000,6.0000,[211.53291  -79.83429    5.140854],20.0000,6.0000,[130.05923    37.806828    3.9179716],20.0000,6.0000,[102.03963    34.29012     1.2356154],20.0000,0.0000,[ 68.03741    -28.954226     0.11349867],20.0000,4.0000,[117.594734  27.3303     4.08551 ],20.0000,5.0000,[269.4065    -97.72462     5.6744814],20.0000,4.0000
688,[241.21921   -82.568436    6.0445995],20.0000,6.0000,[ 46.882225   -23.261417     0.98501945],20.0000,0.0000,[211.82025  -80.903076   5.316881],20.0000,6.0000,[129.15242   37.172348   4.094892],20.0000,6.0000,[102.2992      35.35558      0.95615834],20.0000,0.0000,[ 68.604546   -28.819452     0.11776799],20.0000,3.0000,[117.15034   26.93757    4.160167],20.0000,5.0000,[269.8761   -98.06298    5.673816],20.0000,4.0000
689,[ 2.4230028e+02 -8.2742355e+01  3.1560488e-02],20.0000,0.0000,[ 47.45527   -22.331665    0.6566227],20.0000,6.0000,[212.29018  -81.90512    5.494044],20.0000,6.0000,[128.37114    36.388382    4.2722936],20.0000,6.0000,[102.79505     36.341667     0.52253515],20.0000,0.0000,[ 6.9171722e+01 -2.8687517e+01  3.8385488e-02],20.0000,4.0000,[116.74037   26.510382   4.244987],20.0000,4.0000,[270.34576   -98.401276    5.6732025],20.0000,4.0000
690,[243.39044   -82.68111     6.0539327],20.0000,6.0000,[ 48.25746    -21.584393     0.74124694],20.0000,0.0000,[212.9291    -82.808914    5.6714277],20.0000,6.0000,[127.74019    35.478973    4.4495864],20.0000,6.0000,[1.036198e+02 3.709679e+01 8.625250e-02],20.0000,0.0000,[ 6.9747200e+01 -2.8591393e+01  1.8323394e-02],20.0000,4.0000,[116.37163    26.048208    4.2439055],20.0000,4.0000,[270.81546   -98.739494    5.6726346],20.0000,4.0000
691,[244.47083  -82.85463    6.154047],20.0000,6.0000,[ 49.007385  -20.787024    0.4282205],20.0000,6.0000,[213.71732   -83.58599     5.8486247],20.0000,6.0000,[127.27938    34.47258     4.6266255],20.0000,6.0000,[104.68283    37.473648    5.9957194],20.0000,6.0000,[ 7.0324577e+01 -2.8511126e+01  2.2592669e-02],20.0000,3.0000,[116.02037   25.577328   4.213215],20.0000,4.0000,[271.28522  -99.07765    5.672108],20.0000,4.0000
692,[ 2.45558578e+02 -8.29545364e+01  1.04433455e-01],20.0000,0.0000,[ 49.943806  -20.209816    0.5278612],20.0000,0.0000,[214.63014   -84.21204     6.0255876],20.0000,6.0000,[127.00298    33.40076     4.8034835],20.0000,6.0000,[105.80456   37.41772    6.226765],20.0000,0.0000,[ 70.901726  -28.433687    6.2263956],20.0000,4.0000,[115.67286   25.107618   4.179824],20.0000,4.0000,[271.755    -99.41575    5.671619],20.0000,4.0000
693,[246.64432   -82.841995    6.1036243],20.0000,6.0000,[ 50.835285   -19.571693     0.23656234],20.0000,6.0000,[215.63892   -84.66763     6.2024117],20.0000,6.0000,[126.9195   32.29704   4.98027],20.0000,6.0000,[106.902054  37.492184   6.080625],20.0000,0.0000,[ 71.483734 -28.392687   6.206333],20.0000,4.0000,[115.32387    24.641516    4.1529264],20.0000,4.0000,[272.22482  -99.75378    5.671163],20.0000,4.0000
694,[247.72827   -82.98208     6.1955457],20.0000,6.0000,[ 51.862137   -19.173586     0.34919187],20.0000,6.0000,[ 2.167121e+02 -8.493863e+01  9.600920e-02],20.0000,6.0000,[127.03146   31.195845   5.157055],20.0000,6.0000,[108.00223   37.423206   5.700129],20.0000,6.0000,[ 72.066124  -28.367651    6.2106028],20.0000,3.0000,[114.972466   24.178709    4.1333356],20.0000,4.0000,[ 272.69467   -100.09174      5.6707387],20.0000,4.0000
695,[ 2.4881790e+02 -8.3051910e+01  1.3722989e-01],20.0000,0.0000,[ 52.85769   -18.717384    0.6187494],20.0000,0.0000,[217.81621    -85.01664      0.27280247],20.0000,6.0000,[127.335365  30.131514   5.333863],20.0000,6.0000,[109.02603   36.992935   5.818636],20.0000,0.0000,[ 72.64802  -28.345411   6.13122 ],20.0000,4.0000,[114.61911   23.718266   4.119419],20.0000,4.0000,[ 273.16458   -100.42966      5.6703415],20.0000,4.0000
696,[249.90091   -82.91509     6.1313562],20.0000,6.0000,[ 53.73055   -18.061342    0.3583623],20.0000,6.0000,[218.91684    -84.89925      0.44961852],20.0000,0.0000,[127.821724   29.137228    5.5106907],20.0000,0.0000,[110.063515  36.626842   5.580105],20.0000,6.0000,[ 73.2313   -28.359905   6.111158],20.0000,4.0000,[114.264465  23.25936    4.109414],20.0000,4.0000,[ 273.63452   -100.76752      5.6699705],20.0000,4.0000
697,[250.98692  -83.0344     6.221122],20.0000,0.0000,[ 54.72553    -17.605782     0.45876274],20.0000,0.0000,[ 2.199719e+02 -8.457402e+01  7.589868e-02],20.0000,6.0000,[128.48785    28.256771    5.1369762],20.0000,6.0000,[110.99846   36.04171    5.723485],20.0000,0.0000,[ 73.81343  -28.39033    6.115427],20.0000,3.0000,[113.90905   22.801409   4.102007],20.0000,4.0000,[ 274.1045    -101.105316     5.6696224],20.0000,4.0000
698,[252.0786    -83.06612     5.8925724],20.0000,6.0000,[ 55.6778    -17.068916    0.1422386],20.0000,6.0000,[ 2.2106384e+02 -8.4537766e+01  8.5439429e-02],20.0000,0.0000,[128.895     27.242918   5.146517],20.0000,6.0000,[111.979836   35.552166    5.4602184],20.0000,6.0000,[ 74.394806  -28.423489    6.0360446],20.0000,4.0000,[113.55319    22.344042    4.0963283],20.0000,4.0000,[ 274.5745    -101.44307      5.6692963],20.0000,4.0000
699,[253.12671   -83.38757     5.9770865],20.0000,6.0000,[ 56.74144    -16.796238     0.23451668],20.0000,6.0000,[222.15422  -84.477394   6.000137],20.0000,6.0000,[129.3081     26.231285    5.3285804],20.0000,6.0000,[112.826515   34.84868     5.5817175],20.0000,0.0000,[ 74.97406  -28.493347   6.015982],20.0000,4.0000,[113.19712    21.887026    4.0918274],20.0000,4.0000,[ 275.04453   -101.78078      5.6689897],20.0000,4.0000
700,[254.18672   -83.65573     6.2144237],20.0000,0.0000,[ 57.785812   -16.470179     0.48237783],20.0000,0.0000,[223.21588  -84.73568    6.068248],20.0000,6.0000,[129.86473   25.287924   5.568988],20.0000,0.0000,[113.72574   34.221664   5.301489],20.0000,6.0000,[ 75.55067   -28.578955    6.0202518],20.0000,4.0000,[112.84094    21.430218    4.0881567],20.0000,4.0000,[ 275.5146   -102.11843     5.668701],20.0000,4.0000
701,[255.27687   -83.71382     5.9370036],20.0000,6.0000,[ 58.74215    -15.9434595    0.21120508],20.0000,6.0000,[224.28758  -84.944374   6.282985],20.0000,0.0000,[130.61128    24.482683    5.2638955],20.0000,6.0000,[114.45107   33.393524   5.416549],20.0000,0.0000,[ 76.12549   -28.670082    6.0326276],20.0000,3.0000,[112.48475   20.97353    4.085093],20.0000,4.0000,[ 275.98468 -102.45604    5.66843],20.0000,4.0000
702,[256.3279    -84.01693     6.0316815],20.0000,0.0000,[ 59.793606   -15.640741     0.30812448],20.0000,0.0000,[225.37914  -84.955826   5.99085 ],20.0000,6.0000,[131.15273   23.534206   5.317525],20.0000,0.0000,[115.23636   32.628376   5.134424],20.0000,6.0000,[ 76.70004   -28.759369    5.9541845],20.0000,4.0000,[112.12858   20.516907   4.082489],20.0000,4.0000,[ 276.45483  -102.79361     5.668174],20.0000,4.0000
703,[257.39908   -84.23434     5.7112346],20.0000,6.0000,[ 60.81593   -15.25371     6.2729025],20.0000,6.0000,[226.43832   -85.22407     6.0799675],20.0000,0.0000,[131.7472    22.618166   4.967427],20.0000,6.0000,[115.815544  31.691896   5.249754],20.0000,0.0000,[ 77.26931   -28.88321     5.9323425],20.0000,3.0000,[111.77246   20.060308   4.080244],20.0000,4.0000,[ 276.925     -103.131134     5.6679325],20.0000,4.0000
704,[258.38028  -84.72673    5.801679],20.0000,6.0000,[ 61.90865    -15.146063     0.08132164],20.0000,6.0000,[227.51508   -85.40717     5.7516227],20.0000,6.0000,[132.06538    21.57308     5.0397735],20.0000,0.0000,[116.46385    30.807558    4.9687715],20.0000,6.0000,[ 77.83587   -29.019087    5.8420987],20.0000,4.0000,[111.416405   19.603712    4.0782857],20.0000,4.0000,[ 277.39517  -103.46861     5.667704],20.0000,4.0000
705,[259.3817   -85.16719    6.047898],20.0000,0.0000,[ 62.99055   -14.983228    0.3288148],20.0000,0.0000,[228.50847   -85.87126     5.8365064],20.0000,6.0000,[132.45232    20.551706    4.7046185],20.0000,6.0000,[116.88119   29.788527   5.084854],20.0000,0.0000,[ 78.392746  -29.19517     5.8190017],20.0000,4.0000,[111.060425  19.1471     4.076562],20.0000,4.0000,[ 277.86536   -103.80606      5.6674886],20.0000,4.0000
706,[260.44843  -85.39972    5.775924],20.0000,6.0000,[ 6.4016182e+01 -1.4608932e+01  5.7526600e-02],20.0000,6.0000,[229.52095   -86.28429     6.0746646],20.0000,0.0000,[132.54906    19.45937     4.7879133],20.0000,6.0000,[117.375694  28.809822   4.804441],20.0000,6.0000,[ 78.943344  -29.388182    5.8235345],20.0000,4.0000,[110.70453   18.690464   4.075032],20.0000,4.0000,[ 278.3356    -104.14347      5.6672845],20.0000,4.0000
707,[261.43915   -85.8641      5.8725867],20.0000,6.0000,[ 65.10158    -14.470649     0.15442269],20.0000,6.0000,[230.59251  -86.49296    5.797804],20.0000,6.0000,[132.6977     18.375944    5.0262356],20.0000,0.0000,[117.62069   27.736246   4.92074 ],20.0000,6.0000,[ 79.49076  -29.586878   5.837256],20.0000,3.0000,[110.34871   18.233795   4.073667],20.0000,4.0000,[ 278.80588   -104.48084      5.6670914],20.0000,4.0000
708,[262.45627   -86.26237     6.1045785],20.0000,0.0000,[ 66.173836   -14.262244     0.38658538],20.0000,0.0000,[231.5916   -86.9385     5.892693],20.0000,6.0000,[133.05269   17.343555   4.749892],20.0000,6.0000,[117.931145   26.6862      5.1909437],20.0000,0.0000,[ 80.03814   -29.783726    5.7602177],20.0000,4.0000,[109.99298    17.777086    4.0724406],20.0000,4.0000,[ 279.27615   -104.81818      5.6669083],20.0000,4.0000
709,[263.53027  -86.457306   5.820101],20.0000,6.0000,[ 67.18518    -13.851555     0.10219014],20.0000,6.0000,[232.61566  -87.31834    6.123034],20.0000,0.0000,[133.16667    16.25551     4.8450375],20.0000,0.0000,[118.45761    25.729626    4.9301605],20.0000,6.0000,[ 80.57378   -30.013384    5.7394733],20.0000,3.0000,[109.63734    17.320333    4.0713334],20.0000,4.0000,[ 279.74646  -105.15548     5.666734],20.0000,4.0000
710,[264.53192   -86.89472     5.9119105],20.0000,6.0000,[ 68.26531    -13.684311     0.19402702],20.0000,0.0000,[233.69283  -87.49499    5.837645],20.0000,6.0000,[133.3677    15.181108   4.525237],20.0000,6.0000,[118.76818   24.68039    5.030285],20.0000,0.0000,[ 81.104454  -30.25424     5.6501527],20.0000,4.0000,[109.28177   16.863537   4.07033 ],20.0000,4.0000,[ 280.2168   -105.49275     5.666569],20.0000,4.0000
711,[265.5586   -87.26641    6.136822],20.0000,0.0000,[ 69.327896  -13.430663    6.1516013],20.0000,6.0000,[234.70143   -87.915924    5.9291325],20.0000,6.0000,[133.28044    14.08668     4.6161184],20.0000,0.0000,[119.16526    23.661922    4.7133102],20.0000,6.0000,[ 81.61801  -30.532635   5.627733],20.0000,4.0000,[108.92629   16.406694   4.069417],20.0000,3.0000,[ 280.68713  -105.829994    5.666413],20.0000,4.0000
712,[266.63666   -87.43783     5.8478184],20.0000,6.0000,[ 70.424194  -13.466724    6.2382293],20.0000,6.0000,[235.734    -88.27083    6.153622],20.0000,0.0000,[133.26682   12.991365   4.312333],20.0000,6.0000,[119.28485    22.570478    4.8052773],20.0000,0.0000,[ 82.12221  -30.826366   5.632795],20.0000,3.0000,[108.573265  15.948023   3.976824],20.0000,3.0000,[ 281.1575    -106.167206     5.6662636],20.0000,4.0000
713,[267.64603  -87.85597    5.937624],20.0000,6.0000,[ 71.51769    -13.448009     0.19580744],20.0000,0.0000,[236.8147   -88.42491    5.864356],20.0000,6.0000,[132.97209   11.930859   4.417734],20.0000,0.0000,[119.47765    21.49216     4.5022054],20.0000,6.0000,[ 82.62403  -31.122612   5.55513 ],20.0000,4.0000,[108.19574    15.509118    3.8507314],20.0000,4.0000,[ 281.6279    -106.50439      5.6661224],20.0000,4.0000
714,[268.6793    -88.20838     6.1596885],20.0000,0.0000,[ 72.5846   -13.216564   6.203748],20.0000,6.0000,[237.83055  -88.82694    5.954015],20.0000,6.0000,[132.75505   10.856018   4.131448],20.0000,6.0000,[119.38839   20.395088   4.607871],20.0000,0.0000,[ 83.107056 -31.450504   5.536683],20.0000,4.0000,[107.78256    15.101886    3.8061843],20.0000,4.0000,[ 282.0983    -106.84154      5.6659875],20.0000,4.0000
715,[269.76022   -88.36139     5.8688874],20.0000,6.0000,[ 7.3678535e+01 -1.3230118e+01  1.6043361e-02],20.0000,6.0000,[238.86926   -89.1629      6.1758866],20.0000,0.0000,[132.27866     9.863005    4.2462583],20.0000,0.0000,[119.37833   19.298601   4.32168 ],20.0000,6.0000,[ 83.58045  -31.791027   5.542386],20.0000,3.0000,[107.35534    14.70877     3.7932608],20.0000,3.0000,[ 282.56873  -107.178665    5.665859],20.0000,4.0000
716,[270.776     -88.76311     5.9575477],20.0000,6.0000,[ 74.76931    -13.1731825    0.24697432],20.0000,0.0000,[239.9525   -89.29885    5.884967],20.0000,6.0000,[131.88245     8.840428    3.9662473],20.0000,6.0000,[119.098236  18.233448   4.436491],20.0000,0.0000,[ 84.05179  -32.133217   5.464096],20.0000,3.0000,[106.924194   14.319734    3.7015245],20.0000,4.0000,[ 283.03918  -107.51577     5.665737],20.0000,4.0000
717,[271.81467  -89.09907    6.178153],20.0000,0.0000,[ 75.82823  -12.908263   6.245106],20.0000,6.0000,[240.97444 -89.68456   5.97354],20.0000,6.0000,[131.24873     7.939741    4.0831585],20.0000,0.0000,[118.90249   17.154411   4.156442],20.0000,6.0000,[ 84.50377  -32.502945   5.352981],20.0000,4.0000,[106.46706    13.959324    3.6732714],20.0000,3.0000,[ 283.50964   -107.85285      5.6656203],20.0000,4.0000
718,[272.89786   -89.235825    5.8864694],20.0000,6.0000,[ 7.6921097e+01 -1.2894532e+01  5.3530354e-02],20.0000,0.0000,[242.01823   -90.00419     6.1940393],20.0000,0.0000,[130.69101     6.9956036   3.8034804],20.0000,6.0000,[118.45047   16.150175   4.273326],20.0000,0.0000,[ 84.92305   -32.91225     5.3259225],20.0000,4.0000,[106.001144  13.60991    3.57951 ],20.0000,4.0000,[ 283.9801   -108.1899      5.665509],20.0000,4.0000
719,[273.9193    -89.62258     5.9744253],20.0000,6.0000,[ 78.00877  -12.792855   6.010818],20.0000,6.0000,[243.10344  -90.124      5.902294],20.0000,6.0000,[129.91927     6.2100997   3.9200938],20.0000,0.0000,[118.08125    15.117637    3.9936259],20.0000,6.0000,[ 85.32564   -33.3366      5.3334317],20.0000,3.0000,[105.509865  13.294312   3.554614],20.0000,4.0000,[ 284.4506    -108.52694      5.6654034],20.0000,4.0000
720,[274.96268  -89.9435     6.194208],20.0000,0.0000,[ 79.08903   -12.982886    6.0972486],20.0000,0.0000,[244.13078   -90.49477     5.9901958],20.0000,6.0000,[129.21538     5.3693194   3.6398778],20.0000,6.0000,[117.47188   14.200429   4.110231],20.0000,0.0000,[ 85.72405   -33.76317     5.2600846],20.0000,4.0000,[105.00926   12.994736   3.558146],20.0000,3.0000,[ 284.9211    -108.863945     5.6653023],20.0000,4.0000
721,[276.0477    -90.06512     5.9020467],20.0000,6.0000,[ 80.17754   -13.100805    5.7871647],20.0000,6.0000,[245.17903   -90.799385    6.2099166],20.0000,0.0000,[128.32591     4.720146    3.7561827],20.0000,0.0000,[116.93958   13.241769   3.830012],20.0000,6.0000,[ 86.09543   -34.214565    5.2454348],20.0000,4.0000,[104.507355   12.698761    3.4795778],20.0000,3.0000,[ 285.39163   -109.200935     5.6652055],20.0000,3.0000
722,[277.07434   -90.43772     5.9895625],20.0000,0.0000,[ 81.20335   -13.498708    5.8887286],20.0000,6.0000,[246.26582   -90.90413     5.9177203],20.0000,6.0000,[127.49425     4.0055237   3.4757633],20.0000,6.0000,[116.18884    12.436194    3.9463172],20.0000,0.0000,[ 86.45411   -34.67491     5.2542987],20.0000,3.0000,[103.98768    12.43194     3.3689158],20.0000,4.0000,[ 285.8639    -109.535484     5.5733547],20.0000,4.0000
723,[278.12714  -90.727295   5.658308],20.0000,6.0000,[ 82.24386   -13.839444    6.1497755],20.0000,0.0000,[247.29811   -91.260735    6.0052023],20.0000,0.0000,[126.51069     3.5103683   3.5920012],20.0000,0.0000,[115.50722    11.5772705   3.665899 ],20.0000,6.0000,[ 86.81066  -35.135796   5.178291],20.0000,4.0000,[103.444725   12.211115    3.3425558],20.0000,4.0000,[ 286.31564   -109.89779      5.5396414],20.0000,4.0000
724,[279.0679   -91.28893    5.740929],20.0000,6.0000,[ 83.32946   -13.9567175   5.8860364],20.0000,6.0000,[248.35529   -91.53393     5.6739106],20.0000,6.0000,[125.57341     2.9412608   3.3115726],20.0000,6.0000,[114.634964   10.905153    3.7821379],20.0000,0.0000,[ 87.13858  -35.618702   5.160334],20.0000,3.0000,[102.89472    12.011657    3.3507917],20.0000,3.0000,[ 286.75876  -110.27091     5.527968],20.0000,4.0000
725,[280.0333    -91.801765    5.9747844],20.0000,0.0000,[ 84.36641  -14.306543   5.985551],20.0000,0.0000,[249.30464  -92.0809     5.756507],20.0000,6.0000,[124.522156    2.613507    3.4278207],20.0000,0.0000,[113.822136  10.169164   3.50171 ],20.0000,6.0000,[ 87.45584   -36.10835     5.0742726],20.0000,4.0000,[102.34444    11.816827    3.2780125],20.0000,3.0000,[ 287.19812   -110.64855      5.5252323],20.0000,4.0000
726,[281.07755  -92.11988    5.695051],20.0000,6.0000,[ 85.42772   -14.5688      5.6689925],20.0000,6.0000,[250.27786   -92.5787      5.9903126],20.0000,0.0000,[123.50447    2.205232   3.14741 ],20.0000,6.0000,[112.85177     9.648635    3.6179583],20.0000,0.0000,[ 87.73849  -36.620182   5.054584],20.0000,4.0000,[101.78266   11.653665   3.171957],20.0000,4.0000,[ 287.63577  -111.02808     5.526042],20.0000,4.0000
727,[282.02408  -92.66793    5.788869],20.0000,6.0000,[ 86.388855  -15.099898    5.7614813],20.0000,6.0000,[251.32692   -92.88061     5.7105455],20.0000,6.0000,[122.41378     2.0536826   3.2636683],20.0000,0.0000,[111.92958     9.055381    3.3375475],20.0000,6.0000,[ 88.005104  -37.13958     5.0619125],20.0000,4.0000,[101.20711    11.539765    3.1491003],20.0000,4.0000,[ 288.07266  -111.4084      5.528115],20.0000,3.0000
728,[283.00226  -93.15369    6.017982],20.0000,0.0000,[ 87.372536  -15.578937    6.0097685],20.0000,0.0000,[252.2818    -93.413956    5.8043513],20.0000,6.0000,[121.343056    1.8172011   2.9832642],20.0000,6.0000,[110.88719     8.700429    3.4538062],20.0000,0.0000,[ 88.26586  -37.66053    5.077643],20.0000,3.0000,[100.62903    11.447743    3.1600149],20.0000,4.0000,[ 288.5112   -111.78688     5.438743],20.0000,4.0000
729,[284.05457  -93.44379    5.731857],20.0000,6.0000,[ 88.42982   -15.851301    5.7388654],20.0000,6.0000,[253.26738  -93.88454    6.033449],20.0000,0.0000,[120.242256    1.845919    3.0995247],20.0000,0.0000,[109.880455    8.265848    3.1734018],20.0000,6.0000,[ 88.52822   -38.17982     5.0018754],20.0000,4.0000,[100.05175   11.362738   3.180754],20.0000,3.0000,[ 288.92676   -112.19184      5.4076276],20.0000,4.0000
730,[285.01245   -93.96995     5.8230615],20.0000,6.0000,[ 89.40284  -16.351755   5.835885],20.0000,0.0000,[254.32405   -94.15835     5.7473145],20.0000,6.0000,[119.147285    1.7875814   2.819121 ],20.0000,6.0000,[108.794075    8.086005    3.2896626],20.0000,0.0000,[ 88.759766  -38.714733    4.9818463],20.0000,3.0000,[99.47598   11.275271   3.1091743],20.0000,4.0000,[ 289.33188   -112.6076       5.3999815],20.0000,4.0000
731,[286.00116  -94.433075   6.047154],20.0000,0.0000,[ 90.41247  -16.770803   5.517567],20.0000,6.0000,[255.28992   -94.669655    5.8385153],20.0000,6.0000,[118.06598     1.9957916   2.9353812],20.0000,0.0000,[107.72986     7.821775    3.0092585],20.0000,6.0000,[ 88.98013  -39.254284   4.892978],20.0000,4.0000,[98.89519  11.221338  3.091988],20.0000,3.0000,[ 289.73224   -113.0277       5.4017935],20.0000,4.0000
732,[287.05917  -94.701935   5.757636],20.0000,6.0000,[ 91.28186  -17.441471   5.609222],20.0000,0.0000,[256.28568   -95.11746     6.0626025],20.0000,0.0000,[116.97619     2.1171658   2.6549766],20.0000,6.0000,[106.62869     7.8218727   3.1255188],20.0000,0.0000,[ 89.16238  -39.809326   4.870824],20.0000,4.0000,[98.31362   11.179042   3.0052183],20.0000,4.0000,[ 290.13058  -113.44937     5.406895],20.0000,3.0000
733,[288.0261    -95.21048     5.8471484],20.0000,0.0000,[ 92.192345  -18.050589    5.3062167],20.0000,6.0000,[257.34772   -95.36995     5.7730813],20.0000,6.0000,[115.94344     2.4992712   2.7712367],20.0000,0.0000,[105.5356      7.735096    2.8451145],20.0000,6.0000,[ 89.327324  -40.36906     4.8760552],20.0000,4.0000,[97.72923   11.177469   2.9844491],20.0000,4.0000,[ 290.53043  -113.86954     5.320889],20.0000,4.0000
734,[289.03033   -95.63967     5.5182757],20.0000,6.0000,[ 92.920654 -18.875917   5.412021],20.0000,0.0000,[258.32236   -95.86351     5.8625913],20.0000,0.0000,[114.88814     2.7970948   2.490832 ],20.0000,6.0000,[104.44925     7.915132    2.9613743],20.0000,6.0000,[ 89.48593  -40.92946    4.890253],20.0000,4.0000,[97.14581   11.19355    2.9906662],20.0000,4.0000,[ 290.9048    -114.31408      5.2928534],20.0000,4.0000
735,[289.88782  -96.322624   5.602562],20.0000,6.0000,[ 93.7035    -19.643747    5.1260114],20.0000,6.0000,[259.33313  -96.27715    5.533716],20.0000,6.0000,[113.93171    3.342824   2.607092],20.0000,0.0000,[103.35987     8.025685    3.2315216],20.0000,0.0000,[ 89.64319   -41.489212    4.9052634],20.0000,3.0000,[96.563774 11.215656  3.00551 ],20.0000,4.0000,[ 291.26727  -114.76845     5.288642],20.0000,4.0000
736,[290.77594   -96.96038     5.8395042],20.0000,0.0000,[ 94.27657   -20.58428     5.2409186],20.0000,0.0000,[260.20105   -96.946785    5.6180005],20.0000,6.0000,[112.939255   3.809091   2.326687],20.0000,6.0000,[102.27514     7.9009504   2.9707086],20.0000,6.0000,[ 89.803856  -42.047516    4.8264575],20.0000,4.0000,[95.98278   11.238683   3.0209022],20.0000,4.0000,[ 291.62454   -115.226494     5.2936897],20.0000,4.0000
737,[291.76895  -97.413925   5.561828],20.0000,6.0000,[ 94.91819  -21.473639   4.960928],20.0000,6.0000,[261.0989   -97.570755   5.85494 ],20.0000,0.0000,[112.08486     4.503773    2.4429471],20.0000,0.0000,[101.18647    8.011151   3.070823],20.0000,6.0000,[ 89.93163   -42.615414    4.8033023],20.0000,4.0000,[95.40247   11.2608595  3.034065 ],20.0000,3.0000,[ 291.9798    -115.68559      5.3014865],20.0000,3.0000
738,[292.63568  -98.081276   5.656411],20.0000,6.0000,[ 95.32824  -22.495731   5.077829],20.0000,0.0000,[262.0988    -98.00893     5.5772614],20.0000,6.0000,[111.18194     5.1259484   2.1625423],20.0000,6.0000,[100.09475     8.047431    3.3043947],20.0000,0.0000,[ 90.044685  -43.186256    4.8031464],20.0000,4.0000,[94.82232   11.278919   2.9528184],20.0000,4.0000,[ 292.33688   -116.14305      5.2175503],20.0000,4.0000
739,[293.54202  -98.69073    5.886412],20.0000,0.0000,[ 95.81612  -23.477783   4.798129],20.0000,6.0000,[262.9757    -98.66282     5.6718435],20.0000,6.0000,[110.452545    5.950908    2.2788022],20.0000,0.0000,[99.017426   7.871751   3.0204003],20.0000,6.0000,[ 90.15185  -43.75764    4.811387],20.0000,4.0000,[94.243095 11.331226  2.927518],20.0000,3.0000,[ 292.66638   -116.62217      5.1910124],20.0000,4.0000
740,[294.54764   -99.11534     5.6008215],20.0000,6.0000,[ 96.05437   -24.552883    4.9147296],20.0000,0.0000,[263.89136   -99.25822     5.9018435],20.0000,0.0000,[109.66343     6.7122664   1.9983976],20.0000,6.0000,[97.92713    7.948359   3.1123216],20.0000,6.0000,[ 90.25719   -44.328777    4.8215227],20.0000,4.0000,[93.66481   11.395567   2.8335567],20.0000,4.0000,[ 292.98315   -117.10983      5.1881514],20.0000,4.0000
741,[295.4291   -99.76142    5.692233],20.0000,6.0000,[ 96.37592   -25.601202    4.6345043],20.0000,6.0000,[264.90338   -99.66726     5.6162524],20.0000,6.0000,[109.07864     7.645326    2.1146574],20.0000,0.0000,[96.8353     7.9545107  3.3371909],20.0000,6.0000,[ 90.362366 -44.899464   4.830967],20.0000,3.0000,[93.09106   11.501102   2.8072984],20.0000,4.0000,[ 293.2944   -117.60051     5.194325],20.0000,3.0000
742,[ 296.3494    -100.34896      5.9166174],20.0000,0.0000,[ 96.43571   -26.700739    4.7508063],20.0000,6.0000,[ 265.79474  -100.29967     5.707664],20.0000,0.0000,[108.424545    8.525399    1.8342528],20.0000,6.0000,[95.75864    7.772239   3.5986838],20.0000,6.0000,[ 90.47085   -45.46938     4.7472224],20.0000,4.0000,[92.52123   11.624448   2.8090599],20.0000,3.0000,[ 293.60626  -118.09053     5.111223],20.0000,4.0000
743,[ 297.36362   -100.752686     5.6272845],20.0000,6.0000,[ 96.564026  -27.788166    5.0209384],20.0000,0.0000,[ 266.73367   -100.85797      5.3814964],20.0000,6.0000,[108.00009     9.541476    1.9505126],20.0000,0.0000,[94.73859    7.3729577  3.8652942],20.0000,0.0000,[ 90.5453    -46.045887    4.7203155],20.0000,4.0000,[91.952805  11.751459   2.7289083],20.0000,3.0000,[ 293.8881   -118.59979     5.086255],20.0000,4.0000
744,[ 298.25653   -101.38219      5.7169046],20.0000,6.0000,[ 96.92103   -28.820036    4.7601056],20.0000,6.0000,[ 267.49472   -101.64775      5.4677362],20.0000,6.0000,[107.4986    10.516604   1.670108],20.0000,6.0000,[93.83683    6.7449927  3.5668826],20.0000,6.0000,[ 90.60469   -46.624184    4.7168136],20.0000,4.0000,[91.39135   11.912101   2.6171196],20.0000,3.0000,[ 294.1561    -119.11635      5.0853257],20.0000,4.0000
745,[ 299.1872   -101.952866    5.938726],20.0000,0.0000,[ 97.04952  -29.906698   4.860211],20.0000,6.0000,[ 268.29193  -102.396385    5.707911],20.0000,0.0000,[107.24589    11.588383    1.7863679],20.0000,0.0000,[92.82505    6.333192   3.6185954],20.0000,6.0000,[ 90.65783   -47.2027      4.7223306],20.0000,4.0000,[90.84287   12.119768   2.4981802],20.0000,3.0000,[ 294.41833   -119.63522      5.0932846],20.0000,3.0000
746,[ 300.20813   -102.33962      5.6477757],20.0000,6.0000,[ 97.25083  -30.980309   5.093773],20.0000,0.0000,[ 269.21817  -102.97427     5.432302],20.0000,6.0000,[106.91048    12.632354    1.5059632],20.0000,6.0000,[91.8299     5.881262   3.8172421],20.0000,0.0000,[ 90.708786 -47.78097    4.730436],20.0000,4.0000,[90.314125  12.379339   2.3827667],20.0000,3.0000,[ 294.68137  -120.15332     5.011599],20.0000,4.0000
747,[ 301.11078  -102.95475     5.736325],20.0000,6.0000,[ 97.65594   -31.993906    4.8097725],20.0000,6.0000,[ 269.99277  -103.746826    5.527649],20.0000,6.0000,[106.8363     13.73102     1.6222231],20.0000,0.0000,[90.92755    5.2617517  3.5109942],20.0000,6.0000,[ 90.75927  -48.358902   4.738458],20.0000,3.0000,[89.81186   12.690767   2.2745214],20.0000,4.0000,[ 294.9128   -120.687584    4.987631],20.0000,4.0000
748,[ 302.05017   -103.51079      5.9567966],20.0000,0.0000,[ 97.81756  -33.074867   4.901692],20.0000,6.0000,[ 270.8142    -104.46672      5.7584496],20.0000,0.0000,[106.675995   14.815766    1.3418185],20.0000,6.0000,[89.90694    4.874581   3.5808718],20.0000,6.0000,[ 90.81287  -48.93645    4.653743],20.0000,4.0000,[89.34417  13.052921  2.265024],20.0000,3.0000,[ 295.12982  -121.22768     4.987528],20.0000,4.0000
749,[ 303.07678   -103.88237      5.6650352],20.0000,6.0000,[ 98.0483   -34.142063   5.126559],20.0000,0.0000,[ 271.75784   -105.01541      5.4733224],20.0000,6.0000,[106.78235    15.911787    1.4580784],20.0000,6.0000,[88.907455   4.4349675  3.7901373],20.0000,0.0000,[ 90.83182  -49.51731    4.626191],20.0000,4.0000,[88.89185  13.429427  2.200494],20.0000,3.0000,[ 295.34097   -121.76944      4.9961205],20.0000,4.0000
750,[ 303.9882   -104.48427     5.752922],20.0000,0.0000,[ 98.47601   -35.14641     4.8374977],20.0000,6.0000,[ 272.55054   -105.76783      5.5649056],20.0000,6.0000,[106.81917    17.006144    1.7282256],20.0000,0.0000,[88.00213    3.8223498  3.492116 ],20.0000,6.0000,[ 90.83556   -50.098537    4.6221414],20.0000,4.0000,[88.464714  13.834283   2.1085813],20.0000,4.0000,[ 295.55023   -122.31127      5.0066433],20.0000,4.0000
751,[ 304.94446   -105.011406     5.4220753],20.0000,6.0000,[ 98.65817   -36.22365     4.9272623],20.0000,6.0000,[ 273.38916   -106.46703      5.7895246],20.0000,0.0000,[106.62156    18.079992    1.4674127],20.0000,6.0000,[86.97979    3.4397542  3.5711014],20.0000,6.0000,[ 90.833015  -50.67942     4.6272125],20.0000,4.0000,[88.07413   14.275196   2.0988605],20.0000,4.0000,[ 295.75928  -122.85266     5.016413],20.0000,4.0000
752,[ 305.72852  -105.77688     5.504976],20.0000,6.0000,[ 98.908714  -37.28622     5.1492634],20.0000,6.0000,[ 274.34427  -106.99564     5.500339],20.0000,6.0000,[106.65807    19.173616    1.5675269],20.0000,6.0000,[85.98156    2.9979122  3.7842436],20.0000,0.0000,[ 90.828255  -51.25987     4.6349807],20.0000,3.0000,[87.70059  14.72732   2.120193],20.0000,4.0000,[ 295.96863   -123.39354      5.0246725],20.0000,4.0000
753,[ 306.54782   -106.50061      5.7393756],20.0000,0.0000,[ 99.33732   -38.290775    5.4089737],20.0000,0.0000,[ 275.15057  -107.73284     5.590044],20.0000,6.0000,[106.620636   20.265297    1.8010987],20.0000,6.0000,[85.07942    2.3815718  3.4887118],20.0000,6.0000,[ 90.82596  -51.840176   4.551003],20.0000,4.0000,[87.3321    15.180314   2.1476324],20.0000,4.0000,[ 296.17838   -123.93399      5.0314317],20.0000,4.0000
754,[ 307.48935  -107.05308     5.460011],20.0000,6.0000,[ 99.9769   -39.178864   5.123603],20.0000,6.0000,[ 276.00177   -108.416435     5.8119764],20.0000,0.0000,[106.39005    21.33239     2.0676563],20.0000,6.0000,[84.0588     1.9941372  3.5711691],20.0000,6.0000,[ 90.78862  -52.420467   4.524427],20.0000,4.0000,[86.96348   15.630943   2.1714375],20.0000,4.0000,[ 296.3884   -124.47412     5.036933],20.0000,4.0000
755,[ 308.2825    -107.806206     5.5539665],20.0000,6.0000,[100.40274  -40.18399    5.199471],20.0000,6.0000,[ 276.96573  -108.9289      5.521094],20.0000,6.0000,[105.94247    22.331385    2.3369734],20.0000,6.0000,[83.06376    1.5453315  3.7862222],20.0000,0.0000,[ 90.73596  -52.999577   4.521526],20.0000,3.0000,[86.593346  16.078905   2.1896353],20.0000,4.0000,[ 296.59863   -125.014015     5.0414433],20.0000,4.0000
756,[ 309.12097   -108.50607      5.7832456],20.0000,0.0000,[100.88515  -41.16369    5.410625],20.0000,0.0000,[ 277.78357  -109.65297     5.609694],20.0000,6.0000,[105.28498    23.21356     2.5930905],20.0000,0.0000,[82.16691    0.9218072  3.491729 ],20.0000,6.0000,[ 90.68003  -53.57822    4.435906],20.0000,4.0000,[86.22174   16.524778   2.2030106],20.0000,4.0000,[ 296.809    -125.55375     5.045187],20.0000,4.0000
757,[ 310.07706  -109.032776    5.497222],20.0000,6.0000,[101.53814   -42.04069     5.1124554],20.0000,6.0000,[ 278.64536   -110.323044     5.8302274],20.0000,0.0000,[104.435265   23.916424    2.2707262],20.0000,6.0000,[81.14935     0.52609956  3.5759115 ],20.0000,0.0000,[ 90.5868    -54.153362    4.4113007],20.0000,3.0000,[85.8491    16.96922    2.2128556],20.0000,4.0000,[ 297.01938   -126.093376     5.0483375],20.0000,4.0000
758,[ 310.88647   -109.76708      5.5884666],20.0000,0.0000,[101.967155  -43.04441     5.1899934],20.0000,6.0000,[ 279.61694   -110.82109      5.5385013],20.0000,6.0000,[103.77435    24.786901    2.2985964],20.0000,6.0000,[8.0165955e+01 5.2101549e-02 3.2416008e+00],20.0000,6.0000,[ 90.48024   -54.726284    4.3201737],20.0000,4.0000,[85.47579  17.412735  2.220256],20.0000,4.0000,[ 297.22974   -126.63293      5.0510235],20.0000,4.0000
759,[ 311.75198   -110.43354      5.2620645],20.0000,6.0000,[102.45331  -44.021885   5.402409],20.0000,0.0000,[ 280.44516 -111.53309    5.62642],20.0000,0.0000,[103.09428    25.642933    2.4857755],20.0000,6.0000,[79.088356   -0.14161159  3.322259  ],20.0000,0.0000,[ 90.33252   -55.29149     4.2970576],20.0000,4.0000,[85.102104  17.855673   2.2259805],20.0000,4.0000,[ 297.4401    -127.17245      5.0533404],20.0000,4.0000
760,[ 312.41312   -111.30862      5.3481374],20.0000,6.0000,[103.10922   -44.895844    5.1063623],20.0000,6.0000,[ 281.32736   -112.17657      5.2956085],20.0000,6.0000,[102.29099   26.388922   2.725123],20.0000,0.0000,[78.02711    -0.40641022  3.0012794 ],20.0000,6.0000,[ 90.16737   -55.851185    4.3019114],20.0000,3.0000,[84.72822  18.298254  2.230539],20.0000,4.0000,[ 297.65036 -127.71194    5.05536],20.0000,4.0000
761,[ 313.11508  -112.1472      5.588052],20.0000,0.0000,[103.54167  -45.898186   5.187942],20.0000,0.0000,[ 282.0087   -113.03477     5.378534],20.0000,6.0000,[101.34414    26.946695    2.4156797],20.0000,6.0000,[76.92829    -0.38114434  3.0952542 ],20.0000,0.0000,[ 89.99909  -56.40913    4.224248],20.0000,4.0000,[84.35425   18.740622   2.2342641],20.0000,4.0000,[ 297.86057   -128.25142      5.0571356],20.0000,4.0000
762,[ 313.96545   -112.831825     5.3122797],20.0000,6.0000,[104.04963   -46.86439     4.8519044],20.0000,6.0000,[ 282.73026  -113.856       5.612981],20.0000,0.0000,[100.554214   27.701075    2.4642594],20.0000,0.0000,[75.83335   -0.4289103  2.7979105],20.0000,6.0000,[ 89.79556   -56.956333    4.2058744],20.0000,3.0000,[83.98026   19.182865   2.2373745],20.0000,5.0000,[ 298.07068  -128.7909      5.058709],20.0000,4.0000
763,[ 314.64185  -113.691635    5.407567],20.0000,0.0000,[104.27971  -47.934345   4.931635],20.0000,6.0000,[ 283.59467  -114.52271     5.333648],20.0000,6.0000,[99.725395  28.412237   2.1116567],20.0000,6.0000,[74.75676    -0.19766825  2.9074905 ],20.0000,6.0000,[ 89.580055 -57.498623   4.119913],20.0000,4.0000,[83.608635  19.62688    2.3317761],20.0000,5.0000,[ 298.2807   -129.33038     5.060112],20.0000,4.0000
764,[ 315.38477  -114.493385    5.087756],20.0000,6.0000,[104.56337   -48.98946     5.1588006],20.0000,0.0000,[ 284.28662  -115.36978     5.427615],20.0000,0.0000,[99.1268    29.326017   2.1829727],20.0000,6.0000,[ 7.3674591e+01 -2.9961063e-02  3.1752102e+00],20.0000,0.0000,[ 89.32631   -58.02547     4.1004853],20.0000,4.0000,[83.21354   20.049824   2.4592805],20.0000,5.0000,[ 298.49063   -129.86989      5.0613704],20.0000,4.0000
765,[ 315.8945    -115.465775     5.1785893],20.0000,6.0000,[105.03983   -49.97155     4.8743258],20.0000,6.0000,[ 285.04367  -116.15802     5.106357],20.0000,6.0000,[98.48402   30.20844    2.3976972],20.0000,6.0000,[72.58461    -0.09511478  2.9142652 ],20.0000,6.0000,[ 89.05711  -58.543594   4.108107],20.0000,3.0000,[82.78625   20.441717   2.5966136],20.0000,5.0000,[ 298.70047  -130.4094      5.062505],20.0000,4.0000
766,[ 316.45105   -116.40767      5.4252644],20.0000,0.0000,[105.27767   -51.03872     4.9664097],20.0000,6.0000,[ 285.5699    -117.121376     5.1962843],20.0000,6.0000,[97.70402  30.972815  2.655395],20.0000,6.0000,[71.50354     0.07481617  3.0145624 ],20.0000,6.0000,[ 88.78574   -59.05953     4.0323195],20.0000,3.0000,[82.32446   20.79638    2.7342298],20.0000,5.0000,[ 298.91025   -130.94893      5.0635324],20.0000,4.0000
767,[ 317.18216  -117.21854     5.153543],20.0000,6.0000,[105.58249   -52.087322    5.1930914],20.0000,0.0000,[ 286.1422    -118.05372      5.4418693],20.0000,0.0000,[96.783066  31.566324   2.9204266],20.0000,6.0000,[70.415436   0.17125    3.2486994],20.0000,0.0000,[ 88.48451   -59.56024     3.9232676],20.0000,4.0000,[81.82836   21.107458   2.8657954],20.0000,5.0000,[ 299.1199    -131.4885       5.0644665],20.0000,4.0000
768,[ 317.7165   -118.17335     5.250293],20.0000,6.0000,[106.080185  -53.058838    4.9054193],20.0000,6.0000,[ 286.88632   -118.85265      5.1695385],20.0000,6.0000,[95.75011   31.948109   3.1712053],20.0000,0.0000,[6.9330101e+01 5.4926474e-02 2.9651043e+00],20.0000,6.0000,[ 88.139565  -60.034252    3.8978546],20.0000,4.0000,[81.30086   21.368834   2.9875193],20.0000,5.0000,[ 299.32947  -132.02806     5.065319],20.0000,4.0000
769,[ 318.31085   -119.089806     5.4823523],20.0000,0.0000,[106.339005 -54.12046    4.995954],20.0000,6.0000,[ 287.43558   -119.79893      5.2660756],20.0000,0.0000,[94.654274 32.076298  2.842942],20.0000,6.0000,[68.24558     0.19093373  3.0571747 ],20.0000,6.0000,[ 87.77756   -60.493916    3.9066842],20.0000,4.0000,[80.747345 21.575983  3.098589],20.0000,4.0000,[ 299.53894   -132.56766      5.0660996],20.0000,4.0000
770,[ 319.06998   -119.87415      5.1979074],20.0000,6.0000,[106.665054 -55.1624     5.219086],20.0000,0.0000,[ 288.05936  -120.69661     4.947416],20.0000,0.0000,[93.6275    32.45094    2.8668025],20.0000,6.0000,[67.155685    0.25665814  3.2822793 ],20.0000,0.0000,[ 87.41096   -60.94773     3.9259999],20.0000,3.0000,[80.174416  21.723713   3.1089644],20.0000,5.0000,[ 299.74835  -133.10728     5.066817],20.0000,4.0000
771,[ 319.62903   -120.81336      5.2897286],20.0000,0.0000,[107.1807    -56.124615    4.9289603],20.0000,6.0000,[ 288.44638  -121.72634     4.488355],20.0000,0.0000,[92.59359   32.80633    3.0523026],20.0000,6.0000,[66.07322     0.11561557  2.993373  ],20.0000,6.0000,[ 87.046814 -61.402153   3.853592],20.0000,3.0000,[79.59948   21.84994    3.1734855],20.0000,5.0000,[ 299.95767  -133.64693     5.067477],20.0000,4.0000
772,[ 320.26166   -121.703995     4.9641013],20.0000,6.0000,[107.45761   -57.18135     5.0180917],20.0000,0.0000,[ 288.4309   -122.84235     4.031511],20.0000,0.0000,[91.51538   33.00412    3.2911901],20.0000,0.0000,[64.98673     0.23059349  3.0832243 ],20.0000,0.0000,[ 86.658    -61.837437   3.744234],20.0000,4.0000,[79.0176    21.938707   3.2651112],20.0000,5.0000,[ 300.1669    -134.1866       5.0680866],20.0000,4.0000
773,[ 320.63815   -122.73424      5.0507183],20.0000,0.0000,[107.81821   -58.21217     4.6887302],20.0000,6.0000,[ 287.9655    -123.87013      3.6450083],20.0000,6.0000,[90.41716  32.966583  2.981836],20.0000,6.0000,[63.894913    0.25793904  2.7547903 ],20.0000,6.0000,[ 86.23187   -62.23913     3.7170782],20.0000,4.0000,[78.42936   21.979412   3.3662853],20.0000,4.0000,[ 300.37607   -134.7263       5.0686507],20.0000,4.0000
774,[ 321.08127  -123.73548     4.740914],20.0000,6.0000,[107.892235  -59.305782    4.7726693],20.0000,6.0000,[ 287.13882   -124.63172      3.8750494],20.0000,6.0000,[89.34579   33.179234   3.0307057],20.0000,6.0000,[62.84549    0.575148   2.8393874],20.0000,0.0000,[ 85.79163   -62.623924    3.7237751],20.0000,4.0000,[77.83932   21.963512   3.3765104],20.0000,5.0000,[ 300.58514  -135.266       5.069174],20.0000,4.0000
775,[ 321.25076  -124.82264     4.842655],20.0000,6.0000,[108.020294 -60.39159    5.008998],20.0000,0.0000,[ 286.4083    -125.45162      4.2832303],20.0000,6.0000,[88.26673  33.352055  3.228815],20.0000,6.0000,[61.779076   0.8219809  2.5263145],20.0000,6.0000,[ 85.34767   -63.002068    3.7413185],20.0000,3.0000,[77.25262   21.928455   3.4442828],20.0000,5.0000,[ 300.79416 -135.80576    5.06966],20.0000,4.0000
776,[ 321.47723 -125.89385    5.10386],20.0000,0.0000,[108.354744 -61.430767   4.730919],20.0000,6.0000,[ 285.95105   -126.442795     4.6209803],20.0000,6.0000,[87.17097   33.352642   3.4736598],20.0000,6.0000,[60.809082  1.340783  2.625924],20.0000,0.0000,[ 84.9057    -63.381054    3.6677177],20.0000,3.0000,[76.669075  21.855528   3.5391324],20.0000,4.0000,[ 301.00308   -136.34552      5.0701127],20.0000,4.0000
777,[ 321.91977  -126.892075    4.840191],20.0000,6.0000,[108.44585   -62.52082     4.8253527],20.0000,0.0000,[ 285.76602   -127.521965     4.9089847],20.0000,0.0000,[86.09268   33.131252   3.7184026],20.0000,0.0000,[59.809063   1.7901161  2.3345952],20.0000,6.0000,[ 84.44284  -63.736473   3.55767 ],20.0000,4.0000,[76.09348   21.731434   3.5508995],20.0000,5.0000,[ 301.21198  -136.8853      5.070535],20.0000,4.0000
778,[ 322.13672  -127.96472     4.939726],20.0000,6.0000,[108.6241    -63.599155    4.5046353],20.0000,6.0000,[ 285.85464  -128.61731     4.618312],20.0000,6.0000,[85.09224   32.667366   3.3905966],20.0000,6.0000,[58.948364   2.477218   2.4472106],20.0000,0.0000,[ 83.94947   -64.05186     3.5301006],20.0000,4.0000,[75.523796  21.590431   3.6226184],20.0000,4.0000,[ 301.42078   -137.4251       5.0709295],20.0000,4.0000
779,[ 322.42432  -129.01857     5.173726],20.0000,0.0000,[108.51321   -64.69132     4.5949097],20.0000,6.0000,[ 285.7076    -129.69984      4.6717796],20.0000,6.0000,[84.021095  32.45051    3.4170635],20.0000,0.0000,[58.041805   3.0943458  2.1662085],20.0000,6.0000,[ 83.44531   -64.34795     3.5365262],20.0000,4.0000,[74.9652    21.409866   3.6291497],20.0000,5.0000,[ 301.62952   -137.96492      5.0712986],20.0000,4.0000
780,[ 322.91028   -129.99597      4.8901906],20.0000,6.0000,[108.457985 -65.78393    4.840924],20.0000,0.0000,[ 285.60553   -130.78815      4.8706255],20.0000,0.0000,[82.959175 32.194386  3.053485],20.0000,6.0000,[57.308327   3.9159045  2.2829733],20.0000,0.0000,[ 82.93869   -64.63677     3.5539062],20.0000,3.0000,[74.412224  21.217312   3.7030053],20.0000,5.0000,[ 301.8382   -138.50478     5.071645],20.0000,4.0000
781,[ 323.1594   -131.06026     4.982297],20.0000,6.0000,[108.62018   -66.8636      4.5688357],20.0000,6.0000,[ 285.69556   -131.87915      4.5638604],20.0000,6.0000,[81.86842   32.251637   3.1207893],20.0000,6.0000,[56.51551    4.6735053  2.0034945],20.0000,6.0000,[ 82.43383   -64.92675     3.4802198],20.0000,4.0000,[73.87154   20.989937   3.8052099],20.0000,4.0000,[ 302.04684  -139.04463     5.071969],20.0000,4.0000
782,[ 323.47623   -132.10515      5.2075152],20.0000,0.0000,[108.53856   -67.9547      4.6654577],20.0000,0.0000,[ 285.5252    -132.95735      4.6328573],20.0000,6.0000,[80.776764  32.25779    3.3333886],20.0000,6.0000,[55.92572   5.603452  2.120288],20.0000,0.0000,[ 81.91185   -65.18685     3.4618928],20.0000,4.0000,[73.35197   20.71484    3.8230684],20.0000,5.0000,[ 302.2554   -139.58452     5.072274],20.0000,4.0000
783,[ 323.98444   -133.07126      4.9186907],20.0000,6.0000,[108.54591  -69.0478     4.346866],20.0000,6.0000,[ 285.4102    -134.0432       4.8417296],20.0000,6.0000,[79.698364 32.085052  3.590204],20.0000,0.0000,[55.26662    6.479796   1.8402356],20.0000,6.0000,[ 81.38385   -65.43333     3.4662142],20.0000,3.0000,[72.84275   20.423918   3.8992531],20.0000,5.0000,[ 302.46393  -140.12442     5.072561],20.0000,4.0000
784,[ 324.254     -134.13004      5.0085897],20.0000,6.0000,[108.266716 -70.10971    4.438393],20.0000,0.0000,[ 285.47415  -135.13564     5.093987],20.0000,6.0000,[78.68104   31.681818   3.3041728],20.0000,6.0000,[54.83614    7.493326   1.9566119],20.0000,6.0000,[ 80.85534   -65.67739     3.3862934],20.0000,4.0000,[72.35333  20.099108  4.000093],20.0000,5.0000,[ 302.6724   -140.66435     5.072831],20.0000,4.0000
785,[ 324.59055   -135.16858      5.2307734],20.0000,0.0000,[108.060135 -71.18549    4.135275],20.0000,6.0000,[ 285.76038   -136.19693      5.3473096],20.0000,0.0000,[77.60222   31.515238   3.3803244],20.0000,6.0000,[54.345276   8.472109   2.2267756],20.0000,0.0000,[ 80.311455 -65.88817    3.365614],20.0000,4.0000,[71.89201   19.732801   4.1072836],20.0000,5.0000,[ 302.8808   -141.20428     5.073086],20.0000,4.0000
786,[ 325.1154    -136.12585      4.9400454],20.0000,6.0000,[107.58341  -72.17763    4.241025],20.0000,0.0000,[ 286.28665  -137.16501     5.028619],20.0000,6.0000,[76.534256  31.287395   3.5916555],20.0000,0.0000,[53.658287   9.320783   1.9659477],20.0000,6.0000,[ 79.76245 -66.08382   3.36928],20.0000,3.0000,[71.46576   19.323929   4.2126856],20.0000,5.0000,[ 303.08917  -141.74423     5.073326],20.0000,5.0000
787,[ 325.4021    -137.17989      5.0287585],20.0000,6.0000,[107.18084  -73.1976     3.954982],20.0000,6.0000,[ 286.5763   -138.21873     5.061365],20.0000,6.0000,[75.524124  30.868996   3.2936933],20.0000,6.0000,[53.16749   10.298771   2.0660524],20.0000,6.0000,[ 79.213036  -66.276596    3.2894123],20.0000,4.0000,[71.08007   18.875113   4.3137503],20.0000,5.0000,[ 303.2947   -142.28526     5.165312],20.0000,5.0000
788,[ 325.75516   -138.21286      5.2494273],20.0000,0.0000,[106.53751   -74.09155     4.0698786],20.0000,0.0000,[ 286.8929    -139.26509      5.2510004],20.0000,6.0000,[74.44592   30.698755   3.3715522],20.0000,6.0000,[52.612667 11.239694  2.299609],20.0000,6.0000,[ 78.651436  -66.434616    3.2690232],20.0000,4.0000,[70.73895   18.390797   4.4107175],20.0000,5.0000,[ 303.52957  -142.81462     5.290896],20.0000,5.0000
789,[ 326.29446  -139.16214     4.957782],20.0000,6.0000,[105.967995  -75.028725    3.7898877],20.0000,6.0000,[ 287.3663   -140.2538      5.491445],20.0000,0.0000,[73.37924   30.466448   3.5841138],20.0000,6.0000,[51.899963  12.066683   2.5661569],20.0000,0.0000,[ 78.086205  -66.577034    3.2730522],20.0000,3.0000,[70.44526  17.876066  4.504854],20.0000,5.0000,[ 303.8055   -143.32564     5.426501],20.0000,4.0000
790,[ 326.59662   -140.21175      5.0457706],20.0000,6.0000,[105.18608   -75.80424     3.9067912],20.0000,0.0000,[ 288.04297  -141.11966     5.182554],20.0000,6.0000,[72.363815  30.060259   3.8387163],20.0000,0.0000,[51.01952   12.7151575  2.2849176],20.0000,6.0000,[ 77.52087   -66.71657     3.1935048],20.0000,4.0000,[70.20109 17.33604  4.59746],20.0000,4.0000,[ 304.12973  -143.81049     5.469324],20.0000,4.0000
791,[ 326.96463   -141.23946      5.2655897],20.0000,0.0000,[104.47134   -76.63586     3.6270943],20.0000,6.0000,[ 288.50195   -142.11082      5.2313776],20.0000,6.0000,[71.45983   29.439592   3.5450306],20.0000,6.0000,[50.305443  13.540738   2.3664708],20.0000,0.0000,[ 76.94673   -66.82037     3.1733441],20.0000,4.0000,[70.01106   16.775385   4.5976987],20.0000,4.0000,[ 304.47403   -144.2814       5.4739676],20.0000,5.0000
792,[ 327.51718   -142.18114      4.9734497],20.0000,6.0000,[103.57373   -77.27375     3.7436965],20.0000,0.0000,[ 288.99768   -143.08475      5.4294133],20.0000,0.0000,[70.44482   29.037052   3.6086903],20.0000,6.0000,[49.529697  14.308681   2.0295596],20.0000,6.0000,[ 76.37048   -66.90833     3.1775484],20.0000,4.0000,[69.84202  16.212282  4.565828],20.0000,5.0000,[ 304.82355  -144.74782     5.555835],20.0000,5.0000
793,[ 327.8338   -143.22638     5.060986],20.0000,6.0000,[102.73322   -77.97796     3.4634726],20.0000,6.0000,[ 289.65585  -143.95906     5.123622],20.0000,6.0000,[69.4498    28.58598    3.8138502],20.0000,6.0000,[48.98806   15.258596   2.1082954],20.0000,0.0000,[ 75.79432   -66.99048     3.1898835],20.0000,3.0000,[69.67343  15.652148  4.622634],20.0000,5.0000,[ 305.20184   -145.19325      5.6672826],20.0000,5.0000
794,[ 328.21585   -144.24895      5.2803054],20.0000,0.0000,[101.743645  -78.46097     3.5797749],20.0000,0.0000,[ 290.08704   -144.96185      5.1944966],20.0000,6.0000,[68.5387   27.977886  4.062243],20.0000,0.0000,[48.382717  16.168528   1.7803109],20.0000,6.0000,[ 75.21895  -67.07429    3.111416],20.0000,4.0000,[69.53313   15.083688   4.7201447],20.0000,4.0000,[ 305.61804  -145.60703     5.785087],20.0000,4.0000
795,[ 328.78098  -145.18318     4.987882],20.0000,6.0000,[100.79947   -79.01855     3.2993548],20.0000,6.0000,[ 290.5704   -145.94089     5.404204],20.0000,0.0000,[67.78096  27.182789  3.759084],20.0000,6.0000,[48.040863  17.211794   1.8685315],20.0000,0.0000,[ 74.63845   -67.12352     3.0895617],20.0000,4.0000,[69.44032   14.504202   4.7388525],20.0000,4.0000,[ 306.0748    -145.97853      5.8074317],20.0000,5.0000
796,[ 329.11145  -146.22408     5.075135],20.0000,6.0000,[ 99.74428   -79.33341     3.4155931],20.0000,0.0000,[ 291.22263  -146.81804     5.106504],20.0000,0.0000,[66.868996 26.581743  3.811982],20.0000,6.0000,[47.632748  18.22835    1.5635557],20.0000,0.0000,[ 74.057144  -67.15747     3.0910687],20.0000,4.0000,[69.368126 13.92334   4.726017],20.0000,5.0000,[ 306.54382   -146.33183      5.8832793],20.0000,5.0000
797,[ 329.50696  -147.2415      5.294152],20.0000,0.0000,[ 98.72167  -79.729195   3.135165],20.0000,6.0000,[ 291.66678   -147.8155       4.6353703],20.0000,0.0000,[65.9815   25.944162  4.011821],20.0000,6.0000,[47.48076   19.321032   1.1181993],20.0000,0.0000,[ 73.476234  -67.18559     3.1008368],20.0000,3.0000,[69.29918   13.343598   4.7963314],20.0000,4.0000,[ 307.03656   -146.65262      5.9822803],20.0000,5.0000
798,[ 330.08423   -148.16832      5.0015607],20.0000,6.0000,[ 97.62921   -79.86738     3.2514136],20.0000,0.0000,[ 291.73248   -148.91537      4.1393557],20.0000,0.0000,[65.20445   25.171568   4.2572966],20.0000,6.0000,[47.738842   20.409298    0.67747283],20.0000,0.0000,[ 72.895805 -67.2151     3.020392],20.0000,4.0000,[69.26581   12.759996   4.8095884],20.0000,5.0000,[ 307.55618   -146.9309       6.0875177],20.0000,5.0000
799,[ 330.42816   -149.20482      5.0886354],20.0000,6.0000,[ 96.555664 -80.09071    2.971003],20.0000,6.0000,[ 291.3525    -149.96927      3.6842344],20.0000,6.0000,[64.596825  24.253672   4.5022364],20.0000,6.0000,[48.41034   21.316006   0.3039602],20.0000,6.0000,[ 72.31347   -67.20942     2.9972026],20.0000,4.0000,[69.2445    12.176426   4.8918896],20.0000,4.0000,[ 308.10074   -147.16016      6.1913714],20.0000,5.0000
800,[ 330.83676   -150.21704      5.3074665],20.0000,6.0000,[ 95.45531   -80.04851     3.0872614],20.0000,6.0000,[ 290.55984   -150.76855      3.8667905],20.0000,6.0000,[64.19826  23.222578  4.724978],20.0000,6.0000,[49.372574  21.895456   0.5368972],20.0000,0.0000,[ 71.73171  -67.188286   2.997676],20.0000,4.0000,[69.26371  11.591712  4.909047],20.0000,4.0000,[ 3.0866571e+02 -1.4733656e+02  8.2426425e-03],20.0000,5.0000
801,[ 331.4111   -151.14641     5.565326],20.0000,0.0000,[ 94.360664  -80.07561     3.3574092],20.0000,0.0000,[ 289.83194   -151.59296      4.2671585],20.0000,6.0000,[64.022804 22.12873   4.921376],20.0000,6.0000,[50.24102    22.57056     0.39184463],20.0000,0.0000,[ 71.15084   -67.1612      3.0066836],20.0000,4.0000,[69.30009  11.008836  4.899955],20.0000,4.0000,[ 3.0924548e+02 -1.4745822e+02  1.0467471e-01],20.0000,5.0000
802,[ 332.17642   -151.92947      5.2778854],20.0000,6.0000,[ 93.30018   -80.33555     3.0965972],20.0000,6.0000,[ 289.3692    -152.5816       4.6108823],20.0000,6.0000,[64.0623    21.021275   5.0998793],20.0000,6.0000,[5.1191288e+01 2.3129116e+01 1.1532162e-02],20.0000,6.0000,[ 70.57069   -67.13246     3.0174842],20.0000,4.0000,[69.34187  10.427687  4.883108],20.0000,4.0000,[ 3.0983435e+02 -1.4752448e+02  1.9860090e-01],20.0000,5.0000
803,[ 332.74744   -152.85991      5.3506074],20.0000,6.0000,[ 92.20629   -80.36291     3.1967115],20.0000,6.0000,[ 289.18268  -153.6598      4.900949],20.0000,6.0000,[64.30067   19.939596   5.2716317],20.0000,6.0000,[52.280415   23.345867    0.12980807],20.0000,0.0000,[ 69.99103   -67.10375     3.0274312],20.0000,3.0000,[69.38406    9.847674   4.8664856],20.0000,5.0000,[ 3.1042691e+02 -1.4753534e+02  2.9117265e-01],20.0000,5.0000
804,[ 333.36862   -153.75822      5.5602684],20.0000,0.0000,[ 91.11865   -80.46399     3.4302838],20.0000,0.0000,[ 289.25177   -154.75789      5.1644826],20.0000,6.0000,[64.723114 18.916271  5.44362 ],20.0000,6.0000,[53.344997 23.623415  6.17412 ],20.0000,6.0000,[ 69.411385  -67.07853     2.9440439],20.0000,4.0000,[69.42212    9.267898   4.9443793],20.0000,4.0000,[ 311.01785   -147.49121      0.3832075],20.0000,5.0000
805,[ 334.14288  -154.53053     5.261038],20.0000,6.0000,[ 90.071915  -80.773544    3.1462896],20.0000,6.0000,[ 289.56995   -155.81682      5.3946013],20.0000,6.0000,[65.31572  17.98148   5.618016],20.0000,6.0000,[5.4447277e+01 2.3661804e+01 3.4160908e-02],20.0000,0.0000,[ 68.83313   -67.018715    2.9173799],20.0000,4.0000,[69.49414    8.690231   4.9670615],20.0000,4.0000,[ 311.60217    -147.39273       0.47515368],20.0000,5.0000
806,[ 334.7137    -155.46092      5.3373313],20.0000,6.0000,[ 88.98063  -80.834435   3.238211],20.0000,6.0000,[ 290.1092   -156.78508     5.591906],20.0000,6.0000,[66.06179   17.164005   5.7943687],20.0000,0.0000,[55.534565  23.805264   6.0540338],20.0000,6.0000,[ 68.25659   -66.94385     2.9140863],20.0000,4.0000,[69.5809     8.11478    4.9669323],20.0000,4.0000,[ 312.17487    -147.24084       0.56719196],20.0000,5.0000
807,[ 335.33646 -156.35762    5.54921],20.0000,6.0000,[ 87.89666   -80.96542     3.4630804],20.0000,0.0000,[ 290.82727   -157.6295       5.7686543],20.0000,6.0000,[66.94797   16.505644   5.4210467],20.0000,6.0000,[56.62993   23.695984   6.1755385],20.0000,0.0000,[ 67.68129   -66.86287     2.9197729],20.0000,4.0000,[69.67332    7.5408087  4.9585166],20.0000,4.0000,[ 312.73114   -147.03688      0.6593548],20.0000,5.0000
808,[ 336.10004   -157.1408       5.8033657],20.0000,0.0000,[ 86.85704   -81.298355    3.1740212],20.0000,6.0000,[ 291.6847    -158.33081      5.9386234],20.0000,6.0000,[67.62309   15.646659   5.4310355],20.0000,6.0000,[57.72605  23.679482  5.895335],20.0000,6.0000,[ 67.10673  -66.77985    2.928006],20.0000,3.0000,[69.76733   6.967692  4.948278],20.0000,4.0000,[ 313.26627    -146.78256       0.75161415],20.0000,5.0000
809,[ 337.01926  -157.73895     5.508903],20.0000,6.0000,[ 85.76756  -81.38004    3.263787],20.0000,0.0000,[ 292.64972   -158.87335      6.1097035],20.0000,6.0000,[68.30361   14.791708   5.6133094],20.0000,0.0000,[58.790596  23.398993   6.0104127],20.0000,0.0000,[ 66.531975  -66.69937     2.8443604],20.0000,4.0000,[69.861305  6.395049  4.938774],20.0000,4.0000,[ 313.77567 -146.48       0.84393],20.0000,5.0000
810,[ 337.77914 -158.52312    5.57157],20.0000,6.0000,[ 84.688545  -81.548874    2.9352374],20.0000,6.0000,[ 2.9369333e+02 -1.5924188e+02  7.3492457e-04],20.0000,6.0000,[69.1139    14.056676   5.3032455],20.0000,6.0000,[59.869583  23.204277   5.7283006],20.0000,6.0000,[ 65.96196   -66.58421     2.8180091],20.0000,4.0000,[69.95479    5.82268    4.9307256],20.0000,4.0000,[ 314.255    -146.13177     0.936271],20.0000,5.0000
811,[ 338.5757   -159.27086     5.776233],20.0000,6.0000,[ 83.59929  -81.42489    3.019752],20.0000,6.0000,[ 2.9478500e+02 -1.5942361e+02  1.7723504e-01],20.0000,6.0000,[69.72169  13.149991  5.374845],20.0000,6.0000,[60.87363   22.752241   5.8436356],20.0000,0.0000,[ 65.39518  -66.454056   2.815298],20.0000,4.0000,[70.04776    5.2504845  4.9241247],20.0000,4.0000,[ 314.7002    -145.74084      1.0286186],20.0000,4.0000
812,[ 339.48523 -159.88138    6.02433],20.0000,6.0000,[ 82.50808   -81.355484    3.2570887],20.0000,0.0000,[ 295.8917     -159.41118       0.35465008],20.0000,6.0000,[70.37673  12.276587  5.584993],20.0000,0.0000,[61.90579   22.382103   5.5626545],20.0000,6.0000,[ 64.83026   -66.317924    2.8215883],20.0000,4.0000,[70.14033   4.678414  4.918739],20.0000,4.0000,[ 315.1049    -145.30899      1.0292056],20.0000,4.0000
813,[ 340.50458  -160.29619     6.271439],20.0000,6.0000,[ 81.42575   -81.49811     2.9796689],20.0000,6.0000,[ 296.97897   -159.204        0.5320938],20.0000,6.0000,[71.178894 11.534412  5.287981],20.0000,6.0000,[62.821903 21.771093  5.678737],20.0000,0.0000,[ 64.266304  -66.179886    2.8303304],20.0000,4.0000,[70.23262    4.106441   4.9143143],20.0000,4.0000,[ 315.4916    -144.86623      0.9977861],20.0000,4.0000
814,[ 3.4159399e+02 -1.6048274e+02  2.1284984e-01],20.0000,6.0000,[ 80.33695  -81.3927     3.074347],20.0000,6.0000,[ 298.01273   -158.80836      0.7092584],20.0000,6.0000,[71.78379   10.625705   5.3687263],20.0000,6.0000,[63.7794   21.236683  5.398323],20.0000,6.0000,[ 63.70283  -66.0416     2.838829],20.0000,3.0000,[70.32475    3.5345502  4.9106345],20.0000,4.0000,[ 315.8741     -144.42427       0.96316344],20.0000,4.0000
815,[ 342.70087   -160.437        0.4104195],20.0000,6.0000,[ 79.2453   -81.35744    3.304452],20.0000,0.0000,[ 298.9606     -158.23677       0.88617367],20.0000,6.0000,[72.441895  9.754794  5.582803],20.0000,6.0000,[64.583206  20.484024   5.5146217],20.0000,6.0000,[ 63.138714 -65.90648    2.754455],20.0000,4.0000,[70.4168     2.962731   4.9075327],20.0000,3.0000,[ 316.2579     -143.98622       0.93527806],20.0000,4.0000
816,[ 343.7781    -160.17691      0.5893462],20.0000,6.0000,[ 78.16772   -81.53156     3.0189226],20.0000,6.0000,[ 299.79306   -157.50726      1.0629677],20.0000,6.0000,[73.23676    9.004146   5.8383703],20.0000,0.0000,[65.428085 19.787498  5.784825],20.0000,0.0000,[ 62.582596  -65.73752     2.7271397],20.0000,4.0000,[70.51174   2.391551  4.813126],20.0000,3.0000,[ 316.64392   -143.55182      0.9150476],20.0000,4.0000
817,[ 344.79016   -159.7267       0.7610677],20.0000,6.0000,[ 77.07769   -81.45217     3.1103575],20.0000,6.0000,[ 300.48422   -156.64272      1.2397404],20.0000,6.0000,[74.1792    8.444468  5.5466  ],20.0000,6.0000,[66.3997    19.289316   5.5240417],20.0000,6.0000,[ 62.03103   -65.554054    2.7232978],20.0000,4.0000,[70.57541    1.8162892  4.6856127],20.0000,4.0000,[ 317.03183    -143.12004       0.90075004],20.0000,4.0000
818,[ 345.7081     -159.10779       0.93289137],20.0000,6.0000,[ 75.98589   -81.442986    3.3347738],20.0000,0.0000,[ 301.01257  -155.67007     1.416535],20.0000,6.0000,[74.970825  7.692499  5.612858],20.0000,6.0000,[67.24422   18.593527   5.6241655],20.0000,0.0000,[ 61.48182  -65.36476    2.728542],20.0000,4.0000,[70.59158    1.2369001  4.6400323],20.0000,3.0000,[ 317.42096   -142.68996      0.8905243],20.0000,4.0000
819,[ 346.50528   -158.33995      1.1071588],20.0000,6.0000,[ 74.91209   -81.63947     3.0454612],20.0000,6.0000,[ 301.36157   -154.61967      1.5933555],20.0000,0.0000,[75.79941    6.9806056  5.81932  ],20.0000,0.0000,[68.14323  17.971643  5.307191],20.0000,6.0000,[ 60.933735  -65.17354     2.7364426],20.0000,3.0000,[70.59135    0.6566499  4.5336537],20.0000,4.0000,[ 317.81082   -142.26094      0.8829881],20.0000,4.0000
820,[ 347.15686   -157.44534      1.2834573],20.0000,6.0000,[ 73.82118   -81.58022     3.1350932],20.0000,6.0000,[ 301.50256   -153.52466      1.2196392],20.0000,6.0000,[76.74333    6.4277015  5.517965 ],20.0000,6.0000,[68.85309  17.133999  5.399158],20.0000,0.0000,[ 60.384983  -64.984726    2.6525605],20.0000,4.0000,[70.54789     0.07638469  4.499224  ],20.0000,3.0000,[ 318.2011    -141.83257      0.8772316],20.0000,4.0000
821,[ 347.64163   -156.4504       1.4606825],20.0000,6.0000,[ 72.72954   -81.59088     3.3569295],20.0000,0.0000,[ 301.92184  -152.51576     1.229181],20.0000,6.0000,[77.52933    5.670266   5.5920687],20.0000,0.0000,[69.61629   16.348207   5.0960865],20.0000,6.0000,[ 59.84752   -64.76274     2.6260495],20.0000,4.0000,[70.48838    -0.50288624  4.4026027 ],20.0000,4.0000,[ 318.59158    -141.40456       0.87268114],20.0000,4.0000
822,[ 347.94376   -155.38559      1.6380299],20.0000,6.0000,[ 71.65908   -81.80531     3.0659885],20.0000,6.0000,[ 302.33533   -151.50429      1.4112453],20.0000,6.0000,[78.367325  4.970785  5.252512],20.0000,6.0000,[70.156204 15.38903   5.201752],20.0000,0.0000,[ 59.3161    -64.52664     2.6232042],20.0000,3.0000,[70.38587   -1.0777481  4.37657  ],20.0000,4.0000,[ 318.98215    -140.97678       0.86897695],20.0000,4.0000
823,[ 348.0535    -154.28418      1.8151748],20.0000,6.0000,[ 70.56757  -81.763435   3.154545],20.0000,6.0000,[ 302.59854  -150.44104     1.651653],20.0000,0.0000,[78.98565    4.0687995  5.330701 ],20.0000,6.0000,[70.761444 14.474659  4.915561],20.0000,6.0000,[ 58.78617  -64.28759    2.537629],20.0000,4.0000,[70.26481   -1.6484835  4.379716 ],20.0000,3.0000,[ 319.37274    -140.54913       0.86588943],20.0000,4.0000
824,[ 347.9675    -153.18065      1.9921051],20.0000,6.0000,[ 69.47629   -81.79115     3.3750255],20.0000,0.0000,[ 302.62943   -149.34341      1.3465611],20.0000,6.0000,[79.64903    3.2011445  5.553488 ],20.0000,0.0000,[71.12535  13.435153  5.030372],20.0000,0.0000,[ 58.271557  -64.01436     2.5130558],20.0000,4.0000,[70.140015  -2.2176847  4.301095 ],20.0000,4.0000,[ 319.7633    -140.12154      0.8632676],20.0000,4.0000
825,[ 347.6886    -152.10948      2.1689186],20.0000,6.0000,[ 68.40907   -82.021484    3.0832686],20.0000,6.0000,[ 302.90707  -148.28714     1.400191],20.0000,6.0000,[80.46156   2.472255  5.26576 ],20.0000,6.0000,[71.56693   12.431337   4.7503233],20.0000,6.0000,[ 57.76507  -63.72682    2.513714],20.0000,4.0000,[69.97896   -2.7788432  4.2822685],20.0000,4.0000,[ 320.1538     -139.69397       0.86100847],20.0000,4.0000
826,[ 347.22562  -151.10408     2.345703],20.0000,0.0000,[ 67.31718 -81.99547   3.17116],20.0000,6.0000,[ 303.1417   -147.21994     1.600645],20.0000,0.0000,[81.083176   1.5732199  5.356709 ],20.0000,6.0000,[71.75426   11.3461075  4.867207 ],20.0000,0.0000,[ 57.26236   -63.434166    2.5234306],20.0000,3.0000,[69.80275  -3.334749  4.287851],20.0000,4.0000,[ 320.54425   -139.2664       0.8590391],20.0000,4.0000
827,[ 346.58026   -150.20828      1.9719493],20.0000,6.0000,[ 66.22643   -82.03881     3.3908699],20.0000,0.0000,[ 303.18585   -146.12657      1.2961345],20.0000,6.0000,[81.76001    0.7164323  5.581377 ],20.0000,0.0000,[72.02605   10.283759   4.5875072],20.0000,6.0000,[ 56.7594    -63.142788    2.4432185],20.0000,4.0000,[69.62154   -3.8879647  4.301311 ],20.0000,4.0000,[ 320.9346    -138.83882      0.8573062],20.0000,4.0000
828,[ 346.197     -149.18517      1.9814744],20.0000,6.0000,[ 65.16246   -82.283936    3.0986671],20.0000,6.0000,[ 303.4864    -145.0772       1.3679041],20.0000,6.0000,[8.2585884e+01 2.6007560e-03 5.2923594e+00],20.0000,6.0000,[72.03427   9.182607  4.704112],20.0000,0.0000,[ 56.274048  -62.820812    2.4203115],20.0000,4.0000,[69.43965   -4.4400263  4.315391 ],20.0000,4.0000,[ 321.3249    -138.4112       0.8557693],20.0000,4.0000
829,[ 345.8077   -148.16412     2.163533],20.0000,0.0000,[ 64.07038   -82.2729      3.1861427],20.0000,6.0000,[ 303.73074  -144.01306     1.577971],20.0000,0.0000,[83.22332    -0.88473934  5.3822002 ],20.0000,6.0000,[72.12956   8.090228  4.423893],20.0000,6.0000,[ 55.79762  -62.486187   2.421081],20.0000,3.0000,[69.25859   -4.9916687  4.3275547],20.0000,4.0000,[ 321.7151     -137.98354       0.85439724],20.0000,4.0000
830,[ 345.25854   -147.21794      1.8533883],20.0000,6.0000,[ 62.98033   -82.33105     3.4053962],20.0000,0.0000,[ 303.77963   -142.92113      1.2804649],20.0000,6.0000,[83.91569   -1.7288171  5.604357 ],20.0000,6.0000,[71.95815    7.0024886  4.5401983],20.0000,0.0000,[ 55.323215  -62.14933     2.3385844],20.0000,4.0000,[69.07858 -5.54318  4.33737],20.0000,4.0000,[ 322.10522   -137.55583      0.8531654],20.0000,4.0000
831,[ 344.9545    -146.16959      1.9249628],20.0000,6.0000,[ 61.919693  -82.59032     3.1129363],20.0000,6.0000,[ 304.0828    -141.87248      1.3600906],20.0000,6.0000,[84.74249   -2.4423945  5.8641706],20.0000,0.0000,[71.87388    5.9092083  4.25978  ],20.0000,6.0000,[ 54.870266  -61.782166    2.3162673],20.0000,4.0000,[68.89947  -6.094647  4.345136],20.0000,4.0000,[ 322.49527    -137.12808       0.85205376],20.0000,4.0000
832,[ 344.59534  -145.13861     2.135102],20.0000,0.0000,[ 60.827595  -82.593735    3.2001512],20.0000,6.0000,[ 304.32358   -140.80772      1.5735496],20.0000,0.0000,[85.707535  -2.9585333  5.5788994],20.0000,6.0000,[71.527084   4.8640785  4.376019 ],20.0000,0.0000,[ 54.42801  -61.402786   2.318767],20.0000,3.0000,[68.72099   -6.6460843  4.3513017],20.0000,4.0000,[ 322.88522    -136.70027       0.85104626],20.0000,4.0000
833,[ 344.05618   -144.18803      1.8380895],20.0000,6.0000,[ 59.738415  -82.6662      3.4191277],20.0000,0.0000,[ 304.36676   -139.71605      1.2782028],20.0000,6.0000,[86.53214   -3.6738179  5.6549215],20.0000,6.0000,[71.265274   3.7992644  4.095591 ],20.0000,6.0000,[ 53.98815   -61.021404    2.2381082],20.0000,4.0000,[68.54294   -7.1974854  4.3562636],20.0000,4.0000,[ 323.27512   -136.27242      0.8501294],20.0000,4.0000
834,[ 343.75552   -143.13863      1.9188383],20.0000,0.0000,[ 58.681206  -82.9392      3.1265147],20.0000,6.0000,[ 304.66437   -138.66571      1.3609529],20.0000,6.0000,[87.39645   -4.3412757  5.866147 ],20.0000,0.0000,[70.752335   2.8248613  4.2118397],20.0000,0.0000,[ 53.57253  -60.61207    2.217248],20.0000,4.0000,[68.365135  -7.7488394  4.3603263],20.0000,4.0000,[ 323.66495   -135.84451      0.8492922],20.0000,4.0000
835,[ 343.37595   -142.11517      1.5823653],20.0000,6.0000,[ 57.589264  -82.95675     3.2135656],20.0000,0.0000,[ 304.89728   -137.59927      1.5761929],20.0000,0.0000,[88.368744  -4.8414197  5.5680294],20.0000,6.0000,[70.32003    1.8171498  3.9314287],20.0000,0.0000,[ 53.16871  -60.191757   2.220966],20.0000,4.0000,[68.18748   -8.30014    4.3637114],20.0000,4.0000,[ 324.0547    -135.41655      0.8485251],20.0000,4.0000
836,[ 343.28558  -141.02458     1.661907],20.0000,0.0000,[ 56.502396  -83.061005    2.8818197],20.0000,6.0000,[ 304.93124 -136.50752    1.28179],20.0000,6.0000,[89.1957    -5.553913   5.6456323],20.0000,0.0000,[69.66741    0.9271174  3.4971352],20.0000,0.0000,[ 52.769745  -59.76807     2.2329795],20.0000,3.0000,[68.00989   -8.851385   4.3665752],20.0000,4.0000,[ 324.44434   -134.98854      0.8478202],20.0000,5.0000
837,[ 343.12228  -139.9434      1.338033],20.0000,6.0000,[ 55.42347   -82.87092     2.9641092],20.0000,0.0000,[ 305.22006   -135.45462      1.3661319],20.0000,6.0000,[90.07306   -6.203323   5.3075247],20.0000,6.0000,[68.728584    0.31969324  3.0604045 ],20.0000,0.0000,[ 52.36992  -59.34593    2.154317],20.0000,4.0000,[67.83231  -9.402572  4.369032],20.0000,4.0000,[ 324.83618   -134.56244      0.9389294],20.0000,5.0000
838,[ 343.2526    -138.8525       1.4297646],20.0000,6.0000,[ 54.335686 -82.75279    2.646748],20.0000,6.0000,[ 305.44305   -134.3861       1.5824946],20.0000,0.0000,[90.74386   -7.0673647  5.3863683],20.0000,0.0000,[67.6176      0.12519675  2.686494  ],20.0000,6.0000,[ 51.995453  -58.899654    2.1323552],20.0000,4.0000,[67.65471  -9.953701  4.371163],20.0000,4.0000,[ 325.20456   -134.11487      1.0636204],20.0000,5.0000
839,[ 343.3283    -137.76074      1.6802276],20.0000,0.0000,[ 53.312122  -82.351074    2.7433906],20.0000,6.0000,[ 305.4661   -133.29419     1.288588],20.0000,6.0000,[91.47123   -7.8833914  5.0601683],20.0000,6.0000,[66.5209      0.36743158  2.9175823 ],20.0000,6.0000,[ 51.633022  -58.44391     2.1337945],20.0000,3.0000,[ 67.477066 -10.504774   4.37303 ],20.0000,4.0000,[ 325.5377    -133.63786      1.1973785],20.0000,5.0000
840,[ 343.18372   -136.67851      1.4111371],20.0000,6.0000,[ 52.27393  -82.003975   2.999594],20.0000,0.0000,[ 305.7445    -132.2384       1.3738394],20.0000,6.0000,[91.95711   -8.8683195  5.149999 ],20.0000,0.0000,[65.430305   0.4944524  3.3220856],20.0000,6.0000,[ 51.27309   -57.9867      2.0517616],20.0000,4.0000,[ 67.29936  -11.055794   4.374679],20.0000,4.0000,[ 325.82755   -133.12985      1.3288227],20.0000,5.0000
841,[ 343.28085   -135.58853      1.5089027],20.0000,6.0000,[ 51.1895    -81.87654     2.7335463],20.0000,6.0000,[ 305.9564    -131.16762      1.5909451],20.0000,0.0000,[92.50498  -9.817101  4.847385],20.0000,6.0000,[64.35587     0.30186883  3.6582398 ],20.0000,6.0000,[ 50.942238  -57.506542    2.0297306],20.0000,4.0000,[ 67.12159   -11.606761    4.3761463],20.0000,4.0000,[ 326.06754   -132.59297      1.4520924],20.0000,6.0000
842,[ 343.30624   -134.49646      1.7419266],20.0000,6.0000,[ 50.156506 -81.515236   2.832338],20.0000,0.0000,[ 305.96756   -130.0756       1.2973658],20.0000,6.0000,[ 92.793755  -10.879454    4.9540043],20.0000,0.0000,[63.364613   -0.16308106  3.945873  ],20.0000,6.0000,[ 50.625057  -57.01772     2.0324306],20.0000,3.0000,[ 66.94373  -12.15768    4.377459],20.0000,5.0000,[ 326.2557   -132.03256     1.656923],20.0000,6.0000
843,[ 343.13803   -133.4178       2.0085673],20.0000,6.0000,[ 49.09832   -81.240654    2.5154579],20.0000,6.0000,[ 306.23453   -129.01682      1.3831761],20.0000,6.0000,[ 93.15707  -11.914131   4.669048],20.0000,6.0000,[62.503357   -0.84910136  4.205777  ],20.0000,0.0000,[ 50.310715  -56.52769     1.9519062],20.0000,4.0000,[ 66.76299   -12.707575    4.4703994],20.0000,5.0000,[ 326.35583   -131.44301      1.8797805],20.0000,5.0000
844,[ 342.74927   -132.39456      2.2780185],20.0000,0.0000,[ 48.143547 -80.69818    2.607867],20.0000,6.0000,[ 306.43454   -127.94374      1.6007798],20.0000,0.0000,[ 93.25659  -13.011026   4.78451 ],20.0000,0.0000,[61.832123  -1.7249745  3.880718 ],20.0000,6.0000,[ 50.02749   -56.017696    1.9311259],20.0000,4.0000,[ 66.612404  -13.266521    4.5967746],20.0000,4.0000,[ 326.34338   -130.83946      1.9999367],20.0000,5.0000
845,[ 342.13074   -131.48729      1.9839749],20.0000,6.0000,[ 47.165665  -80.20741     2.8561614],20.0000,0.0000,[ 306.43326   -126.85173      1.3074448],20.0000,6.0000,[ 93.440605  -14.092131    4.5048532],20.0000,6.0000,[60.986603  -2.4177237  3.904487 ],20.0000,0.0000,[ 49.75867   -55.500515    1.9348963],20.0000,4.0000,[ 66.50802   -13.837037    4.6415896],20.0000,4.0000,[ 326.24915   -130.24614      2.0753047],20.0000,5.0000
846,[ 341.72778   -130.4721       2.0405543],20.0000,6.0000,[ 46.111713  -79.92241     2.5852833],20.0000,6.0000,[ 306.68814   -125.789925     1.3936106],20.0000,6.0000,[ 93.35852   -15.190336    4.6218514],20.0000,0.0000,[60.166454  -3.1394408  3.5390112],20.0000,6.0000,[ 49.495453 -54.981476   1.946943],20.0000,3.0000,[ 66.42305  -14.411214   4.654973],20.0000,4.0000,[ 326.09665   -129.66922      2.1422822],20.0000,5.0000
847,[ 341.28098   -129.47478      2.2416296],20.0000,6.0000,[ 45.14474   -79.41036     2.6823153],20.0000,0.0000,[ 306.87576   -124.71461      1.6115439],20.0000,0.0000,[ 93.36405   -16.28688     4.3421483],20.0000,6.0000,[59.174362  -3.5961895  3.6053002],20.0000,6.0000,[ 49.23097   -54.463684    1.8683001],20.0000,4.0000,[ 66.34657  -14.986522   4.655478],20.0000,5.0000,[ 325.89615   -129.11006      2.2157927],20.0000,6.0000
848,[ 340.67868   -128.55923      2.4871848],20.0000,0.0000,[ 44.14019  -78.97929    2.364015],20.0000,6.0000,[ 306.86163   -123.62272      1.3183762],20.0000,6.0000,[ 93.10451   -17.35703     4.4587216],20.0000,6.0000,[58.204872  -4.0979977  3.8172266],20.0000,6.0000,[ 48.997612  -53.92989     1.8463488],20.0000,4.0000,[ 66.27062   -15.561881    4.7429338],20.0000,4.0000,[ 325.65253   -128.5691       2.3897414],20.0000,5.0000
849,[ 339.88907   -127.79521      2.1810577],20.0000,6.0000,[ 43.278866  -78.29828     2.4556818],20.0000,6.0000,[ 307.104     -122.55796      1.4047661],20.0000,6.0000,[ 92.914276  -18.435354    4.7290134],20.0000,0.0000,[57.329926  -4.751702   4.0737076],20.0000,6.0000,[ 48.778477  -53.39041     1.8477943],20.0000,3.0000,[ 66.23076  -16.142118   4.770626],20.0000,5.0000,[ 325.3304    -128.06624      2.5066264],20.0000,5.0000
850,[ 339.29602  -126.87795     2.231291],20.0000,6.0000,[ 42.387012  -77.664536    2.7032428],20.0000,0.0000,[ 307.27884   -121.480484     1.6229134],20.0000,0.0000,[ 92.959175 -19.52631    4.468228],20.0000,6.0000,[56.60163  -5.570489  4.337958],20.0000,0.0000,[ 48.56215   -52.85023     1.7657651],20.0000,4.0000,[ 66.20387   -16.723417    4.8654246],20.0000,4.0000,[ 324.95084   -127.60572      2.5961628],20.0000,5.0000
851,[ 338.668     -125.98359      2.4298708],20.0000,0.0000,[ 41.38887   -77.22212     2.4319909],20.0000,6.0000,[ 307.25162   -120.38887      1.3298564],20.0000,6.0000,[ 92.7695    -20.603975    4.5683417],20.0000,6.0000,[56.081837  -6.5390353  4.037119 ],20.0000,6.0000,[ 48.38019  -52.296238   1.743736],20.0000,4.0000,[ 66.21882  -17.306704   4.891797],20.0000,4.0000,[ 324.52798   -127.18693      2.6774325],20.0000,5.0000
852,[ 337.89282   -125.21108      2.1242092],20.0000,6.0000,[ 40.511497  -76.56834     2.5288992],20.0000,0.0000,[ 307.48117   -119.32125      1.4163877],20.0000,6.0000,[ 92.65334  -21.690104   4.801893],20.0000,0.0000,[55.365387  -7.3637156  4.086594 ],20.0000,6.0000,[ 48.2138    -51.737793    1.7464374],20.0000,4.0000,[ 66.25217   -17.888845    4.8898516],20.0000,5.0000,[ 324.06976   -126.809425     2.7597234],20.0000,5.0000
853,[ 337.3241    -124.27938      2.1950316],20.0000,6.0000,[ 39.584656  -75.988754    2.2105188],20.0000,6.0000,[ 307.64297   -118.241745     1.6346723],20.0000,0.0000,[ 92.74962  -22.777403   4.517884],20.0000,6.0000,[54.680508 -8.215527  4.284171],20.0000,6.0000,[ 48.05339   -51.178467    1.7576723],20.0000,3.0000,[ 66.28939  -18.470152   4.969748],20.0000,5.0000,[ 323.58057 -126.47452    2.84571],20.0000,5.0000
854,[ 336.7071    -123.37858      2.4047108],20.0000,6.0000,[ 38.837612 -75.184044   2.30215 ],20.0000,0.0000,[ 307.60248   -117.15055      1.3416872],20.0000,6.0000,[ 92.59333  -23.859144   4.609799],20.0000,6.0000,[54.137047  -9.167349   4.5279837],20.0000,6.0000,[ 47.891644  -50.62005     1.6784807],20.0000,4.0000,[ 66.360916 -19.049786   5.081319],20.0000,4.0000,[ 323.0639    -126.184654     2.9350066],20.0000,5.0000
855,[ 335.9493    -122.589294     2.6575294],20.0000,6.0000,[ 38.039906  -74.433266    1.9991298],20.0000,6.0000,[ 307.81906   -116.08021      1.4283075],20.0000,6.0000,[ 92.50719   -24.9476      4.8346586],20.0000,0.0000,[ 53.79504  -10.213936   4.77122 ],20.0000,6.0000,[ 47.763596  -50.05177     1.6561954],20.0000,3.0000,[ 66.48367  -19.622824   5.108319],20.0000,5.0000,[ 322.52332   -125.94259      3.0263948],20.0000,5.0000
856,[ 335.04276   -121.96798      2.9116757],20.0000,6.0000,[ 37.45751   -73.49924     2.1049292],20.0000,0.0000,[ 307.96765   -114.9988       1.6466798],20.0000,0.0000,[ 92.62777  -26.032545   4.545593],20.0000,6.0000,[ 53.68395   -11.313923    4.9923763],20.0000,6.0000,[ 47.647675  -49.480827    1.5656472],20.0000,4.0000,[ 66.62543   -20.190844    5.1923156],20.0000,4.0000,[ 321.9629   -125.75083     3.118794],20.0000,5.0000
857,[ 334.0181    -121.55619      3.1445627],20.0000,0.0000,[ 36.811855  -72.61293     1.8189179],20.0000,6.0000,[ 307.9138    -113.908195     1.3537408],20.0000,6.0000,[ 92.4922   -27.116636   4.635355],20.0000,6.0000,[ 53.803635  -12.41529     5.1877313],20.0000,6.0000,[ 47.572346  -48.901684    1.5423563],20.0000,4.0000,[ 66.80924  -20.747625   5.206548],20.0000,5.0000,[ 321.38718   -125.61135      3.2115178],20.0000,5.0000
858,[ 332.92603   -121.38989      2.7981226],20.0000,6.0000,[ 36.40156   -71.590836    1.9338251],20.0000,6.0000,[ 308.11722   -112.83527      1.4404173],20.0000,0.0000,[ 92.42635   -28.206354    4.8573523],20.0000,6.0000,[ 54.133396  -13.473215    5.3658366],20.0000,6.0000,[ 47.51504   -48.32107     1.5467523],20.0000,3.0000,[ 67.006996  -21.298481    5.2850227],20.0000,4.0000,[ 320.801    -125.525536    3.304231],20.0000,5.0000
859,[ 331.9172    -120.9693       2.8114264],20.0000,0.0000,[ 35.931892  -70.60159     2.2043874],20.0000,0.0000,[ 308.23483   -111.7498       1.1082932],20.0000,6.0000,[ 92.54772   -29.291758    5.1170607],20.0000,0.0000,[ 54.647827 -14.454102   5.5376  ],20.0000,6.0000,[ 47.46129   -47.740864    1.4686253],20.0000,4.0000,[ 67.24325  -21.834763   5.297719],20.0000,5.0000,[ 320.20935   -125.49421      3.3968215],20.0000,5.0000
860,[ 330.89816   -120.57581      2.4422936],20.0000,6.0000,[ 35.263348  -69.73829     1.9441643],20.0000,6.0000,[ 308.63925   -110.73174      1.1903303],20.0000,6.0000,[ 92.904655 -30.326342   4.831687],20.0000,6.0000,[ 55.32446   -15.330336    5.7097273],20.0000,6.0000,[ 47.444294 -47.157337   1.449904],20.0000,3.0000,[ 67.49187   -22.364313    5.3763604],20.0000,4.0000,[ 319.61734 -125.51763    3.48929],20.0000,5.0000
861,[ 330.03653   -119.904465     2.5084782],20.0000,6.0000,[ 34.793343  -68.750084    2.0445466],20.0000,0.0000,[ 308.99155   -109.69702      1.4230019],20.0000,0.0000,[ 93.02321   -31.411497    4.9075522],20.0000,6.0000,[ 56.14205   -16.07636     5.8842363],20.0000,6.0000,[ 47.440285 -46.573845   1.363673],20.0000,4.0000,[ 67.777145  -22.875954    5.3897552],20.0000,4.0000,[ 319.03003   -125.59559      3.5816748],20.0000,5.0000
862,[ 329.1456    -119.27353      2.7210152],20.0000,6.0000,[ 34.242588  -67.8058      1.7278657],20.0000,6.0000,[ 309.13977   -108.61551      1.1424581],20.0000,6.0000,[ 93.20326  -32.48858    5.118705],20.0000,0.0000,[ 57.076897 -16.66877    6.06064 ],20.0000,6.0000,[ 47.477554  -45.990288    1.3440645],20.0000,4.0000,[ 68.076416 -23.377968   5.377414],20.0000,4.0000,[ 318.4524   -125.727394    3.674015],20.0000,4.0000
863,[ 328.16315   -118.79663      2.9780204],20.0000,6.0000,[ 33.95443   -66.74628     1.8200145],20.0000,6.0000,[ 309.53107   -107.59422      1.2359751],20.0000,0.0000,[ 93.57623   -33.516407    4.8205338],20.0000,6.0000,[ 58.101147  -17.088156    6.2378755],20.0000,6.0000,[ 47.532455 -45.409004   1.35156 ],20.0000,4.0000,[ 68.3791   -23.876091   5.358252],20.0000,4.0000,[ 317.89087   -125.91447      3.6745799],20.0000,4.0000
864,[ 327.1015    -118.52595      3.2428746],20.0000,0.0000,[ 33.6132    -65.70677     2.0677023],20.0000,0.0000,[ 309.8391     -106.54566       0.91415995],20.0000,6.0000,[ 93.698235 -34.60113    4.898071],20.0000,6.0000,[ 59.183277   -17.320707     0.13201176],20.0000,6.0000,[ 47.593124  -44.829582    1.3674502],20.0000,4.0000,[ 68.68109   -24.3732      5.3402014],20.0000,4.0000,[ 317.34      -126.11971      3.6431394],20.0000,5.0000
865,[ 326.0026    -118.50912      2.9431374],20.0000,6.0000,[ 33.072716  -64.75815     1.7964299],20.0000,6.0000,[ 310.41406   -105.61066      1.0037206],20.0000,0.0000,[ 93.8825    -35.677162    5.1104856],20.0000,0.0000,[ 60.289486   -17.358925     0.30913082],20.0000,6.0000,[ 47.654434  -44.2513      1.3835609],20.0000,4.0000,[ 68.98135   -24.870388    5.3255258],20.0000,4.0000,[ 316.79175   -126.32361      3.7002616],20.0000,4.0000
866,[ 324.94092   -118.25189      2.9938087],20.0000,6.0000,[ 32.75491   -63.71116     1.8933141],20.0000,0.0000,[ 310.9243    -104.64148      0.6982866],20.0000,6.0000,[ 94.25914  -36.702915   4.814439],20.0000,6.0000,[ 61.38514   -17.201698    0.4860476],20.0000,0.0000,[ 47.714687  -43.67367     1.3971741],20.0000,4.0000,[ 69.28     -25.36791    5.314186],20.0000,4.0000,[ 316.25555 -126.55767    3.70619],20.0000,4.0000
867,[ 323.86948   -118.03611      3.1919782],20.0000,6.0000,[ 32.353233  -62.694504    1.5748783],20.0000,6.0000,[ 311.6698     -103.8318        0.80274075],20.0000,0.0000,[ 94.38483   -37.787308    4.8960176],20.0000,0.0000,[ 62.42769    -16.838316     0.11230609],20.0000,6.0000,[ 47.77364   -43.096428    1.4079567],20.0000,4.0000,[ 69.57743  -25.865734   5.305499],20.0000,4.0000,[ 315.72586  -126.80297     3.692723],20.0000,5.0000
868,[ 322.77432   -117.99235      3.4360816],20.0000,0.0000,[ 32.229923  -61.603443    1.6664681],20.0000,6.0000,[ 312.35318   -102.974304     0.5157204],20.0000,0.0000,[ 94.59322 -38.85882   4.55998],20.0000,6.0000,[ 63.517597   -16.762377     0.12179863],20.0000,6.0000,[ 47.831535  -42.519432    1.4163558],20.0000,4.0000,[ 69.87404  -26.363752   5.298767],20.0000,4.0000,[ 315.1973    -127.04827      3.7665582],20.0000,4.0000
869,[ 321.69308   -118.18827      3.1289566],20.0000,6.0000,[ 32.05159   -60.52399     1.9139465],20.0000,0.0000,[ 3.13221619e+02 -1.02292816e+02  7.96900988e-02],20.0000,0.0000,[ 94.50564   -39.949722    4.6397104],20.0000,6.0000,[ 64.60722  -16.680119   0.303838],20.0000,0.0000,[ 47.888687  -41.94261     1.4229383],20.0000,4.0000,[ 70.17012   -26.861874    5.2934427],20.0000,4.0000,[ 314.6837   -127.325554    3.783737],20.0000,4.0000
870,[ 320.60214   -118.134544     3.1785176],20.0000,6.0000,[ 31.662634  -59.503826    1.6426507],20.0000,6.0000,[ 314.29028  -101.96266     5.926826],20.0000,0.0000,[ 94.47363  -41.041836   4.866875],20.0000,0.0000,[ 65.67066  -16.423317   6.276868],20.0000,6.0000,[ 47.945362  -41.365917    1.4281824],20.0000,4.0000,[ 70.46588  -27.360035   5.289137],20.0000,4.0000,[ 314.17804   -127.615776     3.7778728],20.0000,5.0000
871,[ 319.50937   -118.12201      3.3768055],20.0000,6.0000,[ 31.508816  -58.42052     1.7395443],20.0000,0.0000,[ 315.41245   -102.07698      5.5543694],20.0000,0.0000,[ 94.6473   -42.1195     4.582401],20.0000,6.0000,[ 6.6762184e+01 -1.6430552e+01  6.5249830e-02],20.0000,6.0000,[ 48.001747  -40.78933     1.4324427],20.0000,4.0000,[ 70.76146  -27.858187   5.285581],20.0000,4.0000,[ 313.67413   -127.90765      3.8564124],20.0000,4.0000
872,[ 318.42538   -118.282524     3.6215868],20.0000,6.0000,[ 31.267494  -57.354355    1.4211533],20.0000,6.0000,[ 316.41455  -102.59354     5.235648],20.0000,0.0000,[ 94.56795   -43.20997     4.6744843],20.0000,6.0000,[ 67.85277   -16.380028    0.2753862],20.0000,0.0000,[ 48.057976  -40.21283     1.4359708],20.0000,4.0000,[ 71.05693  -28.356308   5.282591],20.0000,3.0000,[ 313.1885    -128.2311       3.8761003],20.0000,5.0000
873,[ 317.39133   -118.66012      3.8661242],20.0000,6.0000,[ 31.312626  -56.257267    1.5127796],20.0000,6.0000,[ 317.19156  -103.40546     4.926326],20.0000,6.0000,[ 94.55808   -44.30193     4.9011655],20.0000,0.0000,[ 68.91756  -16.134068   6.261557],20.0000,6.0000,[ 48.114132  -39.6364      1.4389428],20.0000,4.0000,[ 71.35487   -28.852774    5.1882787],20.0000,4.0000,[ 312.71033   -128.5651       3.9634283],20.0000,4.0000
874,[ 316.45813   -119.252716     4.0886173],20.0000,6.0000,[ 31.3016    -55.163235    1.7603066],20.0000,0.0000,[ 317.65976   -104.420746     5.1541095],20.0000,0.0000,[ 94.75513   -45.37558     4.6134934],20.0000,6.0000,[ 7.0009132e+01 -1.6144875e+01  5.9118919e-02],20.0000,0.0000,[ 48.17028   -39.060028    1.4414831],20.0000,3.0000,[ 71.62259   -29.365887    5.1525984],20.0000,3.0000,[ 312.25592  -128.93288     3.983935],20.0000,4.0000
875,[ 315.667    -120.028206    4.284903],20.0000,6.0000,[ 31.073324  -54.09557     1.4890388],20.0000,6.0000,[ 318.24252  -105.352615    4.984578],20.0000,6.0000,[ 94.69746  -46.46677    4.704028],20.0000,0.0000,[ 71.09832   -16.072626    6.0058303],20.0000,6.0000,[ 48.223507  -38.483326    1.3519226],20.0000,4.0000,[ 71.88084  -29.883984   5.047346],20.0000,3.0000,[ 311.8136    -129.31384      3.9771667],20.0000,4.0000
876,[ 315.04056   -120.94231      4.4633894],20.0000,6.0000,[ 31.087059  -53.001484    1.5859424],20.0000,0.0000,[ 318.66693   -106.36743      5.1432476],20.0000,0.0000,[ 94.727684  -47.558617    4.3766084],20.0000,6.0000,[ 72.16945   -16.296726    6.0853715],20.0000,0.0000,[ 48.311428  -37.909992    1.3203676],20.0000,4.0000,[ 72.105865  -30.418463    4.9178767],20.0000,4.0000,[ 311.3762    -129.69858      3.9617891],20.0000,4.0000
877,[ 314.58936  -121.953865    4.635166],20.0000,0.0000,[ 31.011692  -51.910946    1.2675594],20.0000,6.0000,[ 319.20343   -107.322174     4.8719525],20.0000,6.0000,[ 94.46664  -48.62363    4.461949],20.0000,0.0000,[ 73.25234  -16.448256   5.761496],20.0000,6.0000,[ 48.41401   -37.33885     1.3120258],20.0000,4.0000,[ 72.283745  -30.972572    4.8749175],20.0000,4.0000,[ 310.94012   -130.08328      3.9459968],20.0000,4.0000
878,[ 314.33865   -123.02928      4.2566276],20.0000,6.0000,[ 31.22413   -50.83368     1.3591899],20.0000,6.0000,[ 319.50638   -108.37902      4.9844494],20.0000,0.0000,[ 94.27684  -49.70178    4.150135],20.0000,6.0000,[ 74.2609    -16.883995    5.8532267],20.0000,6.0000,[ 48.52284   -36.768974    1.3130859],20.0000,4.0000,[ 72.44027   -31.533384    4.8670754],20.0000,3.0000,[ 310.50403   -130.46681      3.9325666],20.0000,4.0000
879,[ 313.8168   -123.98912     4.264147],20.0000,6.0000,[ 31.380604  -49.75084     1.6067212],20.0000,0.0000,[ 319.8922    -109.40462      4.6949625],20.0000,6.0000,[ 93.81095  -50.69839    4.250581],20.0000,0.0000,[ 75.28583   -17.267635    6.1036887],20.0000,0.0000,[ 48.634148  -36.1998      1.3175098],20.0000,3.0000,[ 72.59057  -32.09569    4.781351],20.0000,3.0000,[ 310.06754   -130.8491       3.9218857],20.0000,4.0000
880,[ 313.29883  -124.95124     4.445543],20.0000,0.0000,[ 31.318348  -48.660816    1.3354555],20.0000,6.0000,[ 320.01443   -110.49847      4.8055587],20.0000,0.0000,[ 93.41647   -51.721336    3.9600492],20.0000,6.0000,[ 76.3644   -17.437399   5.834597],20.0000,6.0000,[ 48.74343   -35.630264    1.2309507],20.0000,4.0000,[ 72.70646  -32.667812   4.66666 ],20.0000,4.0000,[ 309.63065   -131.23041      3.9135427],20.0000,4.0000
881,[ 312.94135  -125.985115    4.135385],20.0000,6.0000,[ 31.499294  -47.58171     1.4323597],20.0000,6.0000,[ 320.21863   -111.57569      4.5209265],20.0000,6.0000,[ 92.7775   -52.61836    4.073036],20.0000,0.0000,[ 77.38152   -17.841068    5.9323626],20.0000,0.0000,[ 48.887386  -35.067303    1.2024921],20.0000,4.0000,[ 72.770996  -33.250122    4.6379304],20.0000,3.0000,[ 309.19345   -131.61102      3.9069917],20.0000,4.0000
882,[ 312.34622  -126.90016     4.207249],20.0000,6.0000,[ 31.609306  -46.49494     1.6645292],20.0000,0.0000,[ 320.1536   -112.67496     4.635589],20.0000,0.0000,[ 92.21115  -53.55748    3.792228],20.0000,6.0000,[ 78.427216  -18.159834    5.6148343],20.0000,6.0000,[ 49.04624   -34.50826     1.1978744],20.0000,4.0000,[ 72.81551   -33.833797    4.5528975],20.0000,3.0000,[ 308.75613   -131.99118      3.9017663],20.0000,4.0000
883,[ 311.8004   -127.84568     4.417511],20.0000,0.0000,[ 31.508057  -45.408092    1.3801374],20.0000,6.0000,[ 320.17432  -113.77133     4.354704],20.0000,6.0000,[ 91.4313    -54.335136    3.9090357],20.0000,0.0000,[ 79.3581   -18.742308   5.706967],20.0000,0.0000,[ 49.211166  -33.951317    1.2025707],20.0000,4.0000,[ 72.81924  -34.420586   4.446381],20.0000,3.0000,[ 308.3187    -132.37103      3.8975174],20.0000,4.0000
884,[ 311.43317  -128.87492     4.120599],20.0000,6.0000,[ 31.659742  -44.325672    1.4719756],20.0000,6.0000,[ 319.92856  -114.84479     4.471027],20.0000,0.0000,[ 90.71861   -55.16856     3.6295376],20.0000,6.0000,[ 80.32391  -19.259308   5.404497],20.0000,6.0000,[ 49.37817   -33.39542     1.2100905],20.0000,3.0000,[ 72.771614 -35.007458   4.335878],20.0000,4.0000,[ 307.88126  -132.75072     3.893997],20.0000,4.0000
885,[ 310.83524  -129.78824     4.201512],20.0000,6.0000,[ 31.741383 -43.236862   1.696918],20.0000,0.0000,[ 319.76923   -115.9297       4.1909027],20.0000,6.0000,[ 89.82264   -55.808777    3.7463062],20.0000,6.0000,[ 81.12983   -20.009071    5.5105925],20.0000,6.0000,[ 49.542812 -32.83897    1.125951],20.0000,4.0000,[ 72.66549   -35.587837    4.3205075],20.0000,3.0000,[ 307.44385   -133.13031      3.8910303],20.0000,4.0000
886,[ 310.2931    -130.73569      4.4156837],20.0000,6.0000,[ 31.616285  -42.15243     1.4079329],20.0000,6.0000,[ 319.35147  -116.94857     4.307347],20.0000,6.0000,[ 88.97386  -56.500557   4.01678 ],20.0000,0.0000,[ 81.97204   -20.70886     5.7753444],20.0000,0.0000,[ 49.741123  -32.292362    1.0992727],20.0000,4.0000,[ 72.53926  -36.161896   4.250199],20.0000,3.0000,[ 307.00647   -133.50986      3.8884938],20.0000,4.0000
887,[ 309.91534   -131.76163      4.6713037],20.0000,6.0000,[ 31.747293  -41.06777     1.4977484],20.0000,6.0000,[ 319.0009   -117.9859      4.577632],20.0000,0.0000,[ 88.29489  -57.355656   3.756074],20.0000,6.0000,[ 82.93961  -21.214914   5.51315 ],20.0000,6.0000,[ 49.95382   -31.751173    1.0962902],20.0000,4.0000,[ 72.37513  -36.72672    4.154498],20.0000,3.0000,[ 306.56915  -133.88939     3.886299],20.0000,4.0000
888,[ 309.75336   -132.84744      4.9301896],20.0000,0.0000,[ 31.808556  -39.97778     1.7198257],20.0000,0.0000,[ 318.8808    -119.07116      4.3168716],20.0000,6.0000,[ 87.4471   -58.047455   3.856211],20.0000,0.0000,[ 83.7777   -21.91863    5.613096],20.0000,0.0000,[ 50.172184 -31.212704   1.102366],20.0000,3.0000,[ 72.16378   -37.27702     4.0509377],20.0000,3.0000,[ 306.1319    -134.26894      3.8843799],20.0000,4.0000
889,[ 309.84933  -133.94417     4.619064],20.0000,6.0000,[ 31.664936  -38.895554    1.4290324],20.0000,6.0000,[ 318.53085  -120.107925    4.416999],20.0000,0.0000,[ 86.661125  -58.807182    3.5392177],20.0000,6.0000,[ 84.67064   -22.549332    5.2966146],20.0000,6.0000,[ 50.38967  -30.674133   1.019191],20.0000,4.0000,[ 71.90206   -37.806713    3.9477699],20.0000,3.0000,[ 305.6947    -134.64853      3.8826878],20.0000,3.0000
890,[ 309.69794  -135.02632     4.658106],20.0000,6.0000,[ 31.778387  -37.80913     1.5176983],20.0000,6.0000,[ 318.26935  -121.16933     4.100018],20.0000,6.0000,[ 85.70063  -59.33915    3.631165],20.0000,0.0000,[ 85.37247  -23.393862   5.389052],20.0000,0.0000,[ 50.640274  -30.148798    0.9941729],20.0000,4.0000,[ 71.590614  -38.309933    3.8478658],20.0000,3.0000,[ 305.2596   -135.03033     3.789426],20.0000,3.0000
891,[ 309.5794   -136.11304     4.850615],20.0000,0.0000,[ 31.822338  -36.718376    1.7383103],20.0000,0.0000,[ 317.73892  -122.130684    4.191979],20.0000,6.0000,[ 84.780525  -59.933582    3.3280644],20.0000,6.0000,[ 86.128174 -24.186934   5.086649],20.0000,6.0000,[ 50.904865   -29.630499     0.99320316],20.0000,4.0000,[ 71.23222   -38.781563    3.7513556],20.0000,3.0000,[ 304.8044    -135.38792      3.6627936],20.0000,3.0000
892,[ 309.6477   -137.2056      4.541582],20.0000,6.0000,[ 31.662453 -35.638363   1.446631],20.0000,6.0000,[ 317.26047  -123.114586    4.43945 ],20.0000,0.0000,[ 83.734146  -60.27507     3.4337125],20.0000,6.0000,[ 86.6593    -25.151052    5.1927133],20.0000,0.0000,[ 51.1747    -29.11555     1.0011308],20.0000,3.0000,[ 70.83067   -39.217346    3.6572948],20.0000,3.0000,[ 304.32202   -135.71007      3.5260134],20.0000,3.0000
893,[ 309.45407   -138.27988      4.6100554],20.0000,0.0000,[ 31.759953  -34.55051     1.5345905],20.0000,0.0000,[ 316.98822   -124.17188      4.1680593],20.0000,6.0000,[ 82.71376   -60.672302    3.6980593],20.0000,0.0000,[ 87.25635   -26.070807    4.9068375],20.0000,6.0000,[ 51.44344   -28.600391    0.9194232],20.0000,4.0000,[ 70.39007  -39.613678   3.564611],20.0000,3.0000,[ 303.8109    -135.98991      3.3893094],20.0000,3.0000
894,[ 309.3328    -139.36472      4.2682276],20.0000,6.0000,[ 31.770319  -33.458614    1.2038251],20.0000,6.0000,[ 316.48752   -125.14475      4.2649026],20.0000,0.0000,[ 81.80184   -61.27288     3.4356868],20.0000,6.0000,[ 87.611176  -27.113445    5.0217743],20.0000,0.0000,[ 51.74369   -28.10154     0.8954409],20.0000,4.0000,[ 69.91461  -39.967392   3.472507],20.0000,4.0000,[ 303.2724    -136.22105      3.2590895],20.0000,3.0000
895,[ 308.92007   -140.37717      4.3454833],20.0000,0.0000,[ 32.07216   -32.405224    1.2867817],20.0000,6.0000,[ 316.0681    -126.15423      3.9464364],20.0000,6.0000,[ 80.77984   -61.6642      3.5355804],20.0000,6.0000,[ 88.04408   -28.12103     4.7417707],20.0000,6.0000,[ 52.057083  -27.611044    0.8953266],20.0000,4.0000,[ 69.40761   -40.272858    3.4722867],20.0000,3.0000,[ 302.71054   -136.39798      3.1388903],20.0000,3.0000
896,[ 308.57733  -141.41483     4.016271],20.0000,6.0000,[ 32.32053   -31.340616    1.5212896],20.0000,0.0000,[ 315.39706  -127.023315    4.038011],20.0000,0.0000,[ 79.7882    -62.12239     3.7696357],20.0000,0.0000,[ 88.22209   -29.207823    4.8586545],20.0000,6.0000,[ 52.375244   -27.124363     0.90391153],20.0000,3.0000,[ 68.894714  -40.561264    3.4122522],20.0000,3.0000,[ 302.13147   -136.51726      3.0291853],20.0000,4.0000
897,[ 307.96652   -142.3269       4.1037903],20.0000,6.0000,[ 32.36008  -30.249685   1.241998],20.0000,6.0000,[ 314.78754   -127.93351      3.7349231],20.0000,6.0000,[ 78.904854  -62.763626    3.4860647],20.0000,6.0000,[ 88.467125  -30.275059    5.1294885],20.0000,0.0000,[ 52.692223   -26.637333     0.82267034],20.0000,4.0000,[ 68.36524  -40.81767    3.321738],20.0000,3.0000,[ 301.5425   -136.57501     3.019794],20.0000,4.0000
898,[ 307.40268   -143.26443      4.3485355],20.0000,0.0000,[ 32.646618  -29.19411     1.3359804],20.0000,0.0000,[ 313.96182   -128.66139      3.8406847],20.0000,0.0000,[ 77.896576  -63.185635    3.5781527],20.0000,0.0000,[ 88.933945 -31.262123   4.869001],20.0000,6.0000,[ 53.038933   -26.169518     0.79898983],20.0000,4.0000,[ 67.81581   -41.0309      3.2201934],20.0000,4.0000,[ 300.95535   -136.60847      3.0476398],20.0000,3.0000
899,[ 307.03564   -144.29268      4.0761485],20.0000,6.0000,[ 32.847424  -28.119795    1.0147402],20.0000,6.0000,[ 313.19357  -129.44382     3.554645],20.0000,0.0000,[ 76.92618   -63.687412    3.2527614],20.0000,6.0000,[ 89.17982  -32.328377   4.969216],20.0000,0.0000,[ 53.397884  -25.711266    0.7991059],20.0000,4.0000,[ 67.24787   -41.190933    3.2091591],20.0000,3.0000,[ 300.37103   -136.6404       2.9897337],20.0000,4.0000
900,[ 306.44803  -145.2157      4.172744],20.0000,6.0000,[ 33.324947  -27.13139     1.1046796],20.0000,6.0000,[ 312.25986   -130.03268      3.1189897],20.0000,0.0000,[ 75.853386  -63.91622     3.3395183],20.0000,6.0000,[ 89.51399  -33.369183   4.652278],20.0000,6.0000,[ 53.76118    -25.257257     0.80785966],20.0000,3.0000,[ 66.67733  -41.331684   3.140612],20.0000,3.0000,[ 299.78574   -136.63914      2.9841456],20.0000,4.0000
901,[ 305.92252 -146.1733     4.40485],20.0000,0.0000,[ 33.750427  -26.123539    1.3502793],20.0000,0.0000,[ 311.1631    -130.25188      2.6829944],20.0000,0.0000,[ 74.79652   -64.197556    3.5804558],20.0000,0.0000,[ 89.566765 -34.465885   4.744252],20.0000,0.0000,[ 54.123302  -24.802773    0.7267334],20.0000,4.0000,[ 66.09847   -41.435192    3.0452569],20.0000,4.0000,[ 299.20203   -136.62479      2.9982867],20.0000,4.0000
902,[ 305.59137   -147.21341      4.1204762],20.0000,6.0000,[ 33.967453  -25.053545    1.0779572],20.0000,6.0000,[ 310.05847   -130.02356      2.3104365],20.0000,6.0000,[ 73.81671   -64.67906     3.3053155],20.0000,6.0000,[ 89.69344   -35.553955    4.4411755],20.0000,6.0000,[ 54.513165  -24.370247    0.7031247],20.0000,4.0000,[ 65.511986  -41.487366    3.0332098],20.0000,3.0000,[ 298.61984   -136.60707      3.0168304],20.0000,4.0000
903,[ 305.02908   -148.1507       4.2123284],20.0000,6.0000,[ 34.41765  -24.056318   1.174497],20.0000,6.0000,[ 309.12753   -129.39531      2.5421755],20.0000,6.0000,[ 72.75172   -64.92937     3.4008334],20.0000,6.0000,[ 89.537415 -36.64354    4.546835],20.0000,0.0000,[ 54.914288  -23.948406    0.7032938],20.0000,3.0000,[ 64.9261    -41.521557    2.9613497],20.0000,4.0000,[ 298.0387    -136.58983      3.0336404],20.0000,4.0000
904,[ 304.5288    -149.12122      4.4373145],20.0000,0.0000,[ 34.801434  -23.033648    1.4063917],20.0000,0.0000,[ 308.15964   -128.87708      2.9466178],20.0000,0.0000,[ 71.70676   -65.24734     3.6317992],20.0000,0.0000,[ 89.46049   -37.73737     4.2606373],20.0000,6.0000,[ 55.3174     -23.528934     0.62032706],20.0000,4.0000,[ 64.33909  -41.514618   2.954767],20.0000,3.0000,[ 297.45828   -136.5741       3.0471675],20.0000,4.0000
905,[ 304.22058   -150.16841      4.1483607],20.0000,6.0000,[ 34.981174  -21.956993    1.1218642],20.0000,6.0000,[ 307.086     -128.67958      2.7320786],20.0000,0.0000,[ 70.74283  -65.75952    3.346765],20.0000,6.0000,[ 89.11594  -38.78345    4.375445],20.0000,0.0000,[ 55.747375  -23.135193    0.5976903],20.0000,4.0000,[ 63.75389  -41.494534   2.880902],20.0000,4.0000,[ 296.8783   -136.5598      3.057628],20.0000,4.0000
906,[ 303.6765    -151.11586      4.2381945],20.0000,0.0000,[ 35.404423  -20.949278    1.2136575],20.0000,0.0000,[ 306.05618   -128.31068      2.2931604],20.0000,6.0000,[ 69.68545   -66.0361      3.4383817],20.0000,0.0000,[ 88.85473  -39.848537   4.095394],20.0000,6.0000,[ 56.1879    -22.75385     0.5999467],20.0000,4.0000,[ 63.17087   -41.434673    2.8704638],20.0000,4.0000,[ 296.2986    -136.54654      3.0656865],20.0000,4.0000
907,[ 303.21042   -152.10358      3.9097455],20.0000,6.0000,[ 35.744892   -19.911253     0.88799745],20.0000,6.0000,[ 305.21326   -127.59859      2.3629682],20.0000,6.0000,[ 68.6543    -66.39679     3.1124933],20.0000,6.0000,[ 88.34228   -40.823326    4.2122774],20.0000,0.0000,[ 56.631763   -22.377655     0.61087215],20.0000,3.0000,[ 62.59124  -41.35891    2.884599],20.0000,4.0000,[ 295.71915   -136.534        3.0719783],20.0000,4.0000
908,[ 302.4963    -152.93541      3.9943337],20.0000,0.0000,[ 36.34983    -18.996267     0.97459257],20.0000,0.0000,[ 304.36115   -126.908066     2.6263816],20.0000,6.0000,[ 67.560074  -66.47258     3.1989303],20.0000,6.0000,[ 87.91075   -41.831413    3.9325774],20.0000,6.0000,[ 57.074306   -22.000654     0.53148323],20.0000,4.0000,[ 62.01384  -41.278996   2.904728],20.0000,3.0000,[ 295.13983   -136.5219       3.0769916],20.0000,4.0000
909,[ 301.8397    -153.8112       3.6812472],20.0000,6.0000,[ 36.891895   -18.04496      0.66475654],20.0000,6.0000,[ 303.39862   -126.39261      2.9226825],20.0000,0.0000,[ 66.47418   -66.60255     3.4394078],20.0000,0.0000,[ 87.24656   -42.709732    4.0491824],20.0000,0.0000,[ 57.539715  -21.650349    0.5090836],20.0000,4.0000,[ 61.436928 -41.20252    2.83147 ],20.0000,4.0000,[ 294.56064  -136.51004     3.081073],20.0000,5.0000
910,[ 300.97327  -154.48894     3.780848],20.0000,0.0000,[ 37.665638  -17.262674    0.7664772],20.0000,6.0000,[ 302.33966   -126.12605      2.6528406],20.0000,6.0000,[ 65.43633  -66.94125    3.163987],20.0000,6.0000,[ 86.65676  -43.634132   3.768964],20.0000,6.0000,[ 58.014004   -21.312616     0.51021725],20.0000,4.0000,[ 60.864456  -41.092472    2.8126934],20.0000,4.0000,[ 293.98172  -136.49536     3.176221],20.0000,5.0000
911,[ 300.15823   -155.22218      3.4895108],20.0000,6.0000,[ 38.392735  -16.444075    1.0276643],20.0000,0.0000,[ 301.36392   -125.63608      2.7453148],20.0000,0.0000,[ 64.346695  -67.03884     3.2594028],20.0000,6.0000,[ 85.85828   -44.392403    3.8852692],20.0000,0.0000,[ 58.491127  -20.980091    0.5197339],20.0000,3.0000,[ 60.295364  -40.96813     2.8162568],20.0000,4.0000,[ 293.40323   -136.51227      3.3042724],20.0000,4.0000
912,[ 299.18198  -155.73193     3.602122],20.0000,6.0000,[ 38.932743  -15.495035    0.7639875],20.0000,6.0000,[ 300.3504    -125.23048      2.4142532],20.0000,6.0000,[ 63.26733  -67.20621    3.490271],20.0000,0.0000,[ 85.12551  -45.20814    3.604851],20.0000,6.0000,[ 58.96714   -20.646675    0.4391304],20.0000,4.0000,[ 59.72823   -40.838722    2.8273692],20.0000,3.0000,[ 292.82733   -136.57689      3.3501263],20.0000,4.0000
913,[ 298.24326   -156.29591      3.8716702],20.0000,0.0000,[ 39.666637   -14.683221     0.86352015],20.0000,6.0000,[ 299.47845   -124.568306     2.4957457],20.0000,6.0000,[ 62.240757  -67.57721     3.2051823],20.0000,6.0000,[ 84.21388   -45.82579     3.7210898],20.0000,0.0000,[ 59.46349  -20.342098   0.415849],20.0000,4.0000,[ 59.161156 -40.711113   2.747747],20.0000,4.0000,[ 292.25348   -136.66066      3.3651457],20.0000,4.0000
914,[ 297.4487    -157.04488      3.6112807],20.0000,6.0000,[ 40.343456  -13.825766    1.0975196],20.0000,0.0000,[ 298.5756   -123.95267     2.725607],20.0000,6.0000,[ 61.154922  -67.70174     3.2967794],20.0000,0.0000,[ 83.357666 -46.51082    3.440662],20.0000,6.0000,[ 59.967575  -20.050924    0.4162594],20.0000,4.0000,[ 58.60168   -40.549267    2.7250192],20.0000,4.0000,[ 291.68088 -136.75264    3.36755],20.0000,5.0000
915,[ 296.5105   -157.60815     3.711681],20.0000,6.0000,[ 40.84092   -12.85416     0.8139839],20.0000,6.0000,[ 297.58078   -123.50334      2.9934678],20.0000,6.0000,[ 60.08318  -67.91322    2.970865],20.0000,6.0000,[ 82.357346  -46.971176    3.5569105],20.0000,0.0000,[ 60.47407    -19.76527      0.42522448],20.0000,3.0000,[ 58.046894  -40.372795    2.7257955],20.0000,4.0000,[ 291.1083    -136.84517      3.4568026],20.0000,5.0000
916,[ 295.61414   -158.23248      3.9457095],20.0000,0.0000,[ 41.548996   -12.021479     0.90609026],20.0000,0.0000,[ 296.51202  -123.269516    3.263934],20.0000,6.0000,[ 58.989223  -67.83375     3.0572839],20.0000,0.0000,[ 81.40069   -47.50706     3.2764997],20.0000,6.0000,[ 60.979626  -19.478703    0.3442391],20.0000,4.0000,[ 57.494556 -40.190895   2.735002],20.0000,4.0000,[ 290.54056   -136.97086      3.5777602],20.0000,4.0000
917,[ 294.85638  -159.01817     3.662008],20.0000,6.0000,[ 42.187206  -11.134821    0.5807572],20.0000,6.0000,[ 295.41266  -123.27279     3.523302],20.0000,0.0000,[ 57.894363 -67.82685    2.747182],20.0000,6.0000,[ 80.33858   -47.797756    3.3927581],20.0000,0.0000,[ 61.502712   -19.222837     0.32071665],20.0000,4.0000,[ 56.943344 -40.007637   2.745926],20.0000,4.0000,[ 289.98376   -137.14622      3.6139717],20.0000,5.0000
918,[ 293.93732   -159.60976      3.7540362],20.0000,6.0000,[ 43.040257  -10.445208    0.6675617],20.0000,6.0000,[ 294.34274   -123.537575     3.2055445],20.0000,6.0000,[ 56.833492  -67.53504     2.8487344],20.0000,6.0000,[ 79.307205  -48.170105    3.1123538],20.0000,6.0000,[ 62.03225   -18.981075    0.3209482],20.0000,4.0000,[ 56.3926    -39.824574    2.7559466],20.0000,4.0000,[ 289.433    -137.34033     3.706797],20.0000,4.0000
919,[ 293.05923   -160.2587       3.9790633],20.0000,0.0000,[43.855324   -9.715968    0.90857595],20.0000,0.0000,[ 293.24997  -123.55337     3.237057],20.0000,6.0000,[ 55.76379   -67.3016      3.1097713],20.0000,0.0000,[ 78.211876  -48.283333    3.2286146],20.0000,0.0000,[ 62.563683   -18.745066     0.32978442],20.0000,4.0000,[ 55.842045 -39.64213    2.764362],20.0000,4.0000,[ 288.89734  -137.5763      3.727632],20.0000,5.0000
920,[ 292.31946   -161.06143      3.6901052],20.0000,6.0000,[44.51103   -8.843085   0.6334837],20.0000,6.0000,[ 292.15753   -123.59624      3.4258566],20.0000,0.0000,[ 54.671894  -67.29502     2.8460274],20.0000,6.0000,[ 77.13352   -48.482143    2.9482107],20.0000,6.0000,[ 63.095238   -18.510887     0.34047157],20.0000,3.0000,[ 55.29157   -39.460297    2.7712188],20.0000,4.0000,[ 288.36896   -137.82675      3.8109422],20.0000,5.0000
921,[ 291.41232   -161.67035      3.7799273],20.0000,6.0000,[45.34734    -8.1377735   0.72901934],20.0000,0.0000,[ 291.0863   -123.82199     3.115197],20.0000,6.0000,[ 53.60481   -67.052155    2.9455402],20.0000,6.0000,[ 76.03441  -48.414864   3.064471],20.0000,0.0000,[ 63.625355   -18.274122     0.25858828],20.0000,4.0000,[ 54.74115  -39.27892    2.776783],20.0000,4.0000,[ 287.85724   -138.11275      3.9183264],20.0000,5.0000
922,[ 290.5467   -162.33557     4.002005],20.0000,0.0000,[46.123257  -7.367885   0.4094509],20.0000,6.0000,[ 289.99533   -123.78472      3.1829467],20.0000,6.0000,[ 52.525856  -66.881386    3.1795335],20.0000,0.0000,[ 74.938065  -48.43479     2.7840664],20.0000,6.0000,[ 64.16976    -18.069036     0.23342292],20.0000,4.0000,[ 54.19078   -39.097855    2.7813354],20.0000,4.0000,[ 287.37033   -138.443        4.0305195],20.0000,4.0000
923,[ 289.82074   -163.15091      3.7112112],20.0000,6.0000,[47.077614   -6.8251095   0.50042707],20.0000,6.0000,[ 288.90356   -123.802155     3.3913994],20.0000,6.0000,[ 51.43509  -66.922874   2.895997],20.0000,6.0000,[ 73.86472   -48.188812    2.9003263],20.0000,0.0000,[ 64.71929    -17.878311     0.23169184],20.0000,4.0000,[ 53.64047   -38.91698     2.7851086],20.0000,4.0000,[ 286.91772  -138.821       4.047558],20.0000,5.0000
924,[ 288.92374  -163.77428     3.799876],20.0000,6.0000,[47.99985   -6.236527   0.7472644],20.0000,0.0000,[ 287.82693  -123.99765     3.643625],20.0000,6.0000,[ 50.362446  -66.712715    2.9881036],20.0000,6.0000,[ 72.779854  -48.029316    2.6199217],20.0000,6.0000,[ 65.27034    -17.693535     0.23875104],20.0000,4.0000,[ 53.09021   -38.73621     2.7882805],20.0000,4.0000,[ 286.48053  -139.21367     4.119183],20.0000,5.0000
925,[ 288.06882   -164.45311      4.0204864],20.0000,0.0000,[48.785053   -5.477934    0.47563177],20.0000,6.0000,[ 286.80798   -124.409805     3.8971682],20.0000,0.0000,[ 49.279636 -66.572266   3.213324],20.0000,0.0000,[ 71.76113   -47.61125     2.7361815],20.0000,0.0000,[ 65.8215    -17.510782    0.2480546],20.0000,4.0000,[ 52.54001  -38.55548    2.790983],20.0000,4.0000,[ 286.0702    -139.63503      4.2156563],20.0000,4.0000
926,[ 287.35513   -165.27933      3.7288058],20.0000,6.0000,[49.720867  -4.910971   0.5724119],20.0000,6.0000,[ 285.91052   -125.04903      3.5788364],20.0000,0.0000,[ 48.19004   -66.63867     2.9245007],20.0000,6.0000,[ 70.71691  -47.276623   2.455777],20.0000,6.0000,[ 66.37233    -17.328398     0.25694174],20.0000,4.0000,[ 51.98987  -38.374752   2.793313],20.0000,4.0000,[ 285.69855   -140.09187      4.2278395],20.0000,5.0000
927,[ 286.46747   -165.91571      3.8167644],20.0000,6.0000,[50.616257   -4.2853174   0.80449384],20.0000,0.0000,[ 284.90707  -125.480034    3.061334],20.0000,6.0000,[ 47.11399   -66.44944     3.0144002],20.0000,6.0000,[ 69.7802    -46.69771     2.5720367],20.0000,6.0000,[ 66.92275    -17.145815     0.26458907],20.0000,3.0000,[ 51.439785 -38.19399    2.795343],20.0000,4.0000,[ 285.34235   -140.55841      4.2994614],20.0000,5.0000
928,[ 285.6225    -166.60681      4.0365496],20.0000,0.0000,[51.37392    -3.499549    0.52006066],20.0000,6.0000,[ 283.81192   -125.48112      3.1016493],20.0000,6.0000,[ 46.028877  -66.32958     3.2365856],20.0000,0.0000,[ 68.81431   -46.181927    2.8421838],20.0000,0.0000,[ 67.47204    -16.96006      0.17916897],20.0000,4.0000,[ 50.889755 -38.013176   2.797127],20.0000,4.0000,[ 285.01694  -141.0477      4.397517],20.0000,5.0000
929,[ 284.92038   -167.44296      3.7443898],20.0000,6.0000,[52.293255  -2.908394   0.6118854],20.0000,6.0000,[ 282.7187   -125.50082     3.317666],20.0000,6.0000,[ 44.9405    -66.414795    2.9458582],20.0000,6.0000,[ 67.76341  -45.88559    2.581371],20.0000,6.0000,[ 68.03251    -16.80717      0.15090182],20.0000,4.0000,[ 50.33978   -37.8323      2.7987072],20.0000,4.0000,[ 284.73297  -141.56387     4.503219],20.0000,5.0000
930,[ 284.04163   -168.09149      3.8319075],20.0000,6.0000,[53.171745  -2.2599878  0.8368138],20.0000,0.0000,[ 281.6447   -125.695885    3.58453 ],20.0000,6.0000,[ 43.861736 -66.24312    3.034572],20.0000,0.0000,[ 66.79805   -45.370403    2.6814854],20.0000,6.0000,[ 68.596886  -16.668901    0.1460588],20.0000,4.0000,[ 49.789856  -37.65135     2.8001163],20.0000,4.0000,[ 284.4974   -142.10551     4.607944],20.0000,4.0000
931,[ 283.20618  -168.79404     4.051206],20.0000,0.0000,[53.912056   -1.4577532   0.54782045],20.0000,6.0000,[ 280.63242   -126.10871      3.8553448],20.0000,6.0000,[ 42.77301   -66.158356    2.7046895],20.0000,6.0000,[ 65.8018    -44.922447    2.9150572],20.0000,0.0000,[ 69.16244    -16.536852     0.15040043],20.0000,4.0000,[ 49.23998 -37.47032   2.80138],20.0000,4.0000,[ 284.3174    -142.66856      4.6170373],20.0000,5.0000
932,[ 282.51526   -169.63953      3.7587717],20.0000,6.0000,[54.81961    -0.84948015  0.6376315 ],20.0000,0.0000,[ 279.72833  -126.73215     4.118354],20.0000,6.0000,[ 41.742287  -65.785774    2.7882607],20.0000,0.0000,[ 64.73842   -44.676052    2.6310627],20.0000,6.0000,[ 69.728134   -16.407122     0.15757598],20.0000,4.0000,[ 48.69015   -37.28921     2.8025188],20.0000,4.0000,[ 284.15747  -143.23466     4.682333],20.0000,5.0000
933,[ 281.64523   -170.29964      3.8460128],20.0000,6.0000,[55.675095   -0.1705437   0.30915132],20.0000,6.0000,[ 278.98108   -127.54465      4.3572683],20.0000,6.0000,[ 40.690712 -65.48251    2.47337 ],20.0000,6.0000,[ 63.75881  -44.191334   2.722984],20.0000,6.0000,[ 70.29363  -16.27803    0.164913],20.0000,4.0000,[ 48.140366 -37.10802    2.80355 ],20.0000,4.0000,[ 284.0342   -143.80997     4.775118],20.0000,5.0000
934,[ 280.81912  -171.01314     4.065017],20.0000,0.0000,[56.683865   0.2587266  0.3937172],20.0000,6.0000,[ 278.42615   -128.50305      4.5649657],20.0000,0.0000,[ 39.750423  -64.91198     2.5717466],20.0000,6.0000,[ 62.751015  -43.771206    2.9478533],20.0000,6.0000,[ 70.85886    -16.148943     0.17146759],20.0000,3.0000,[ 47.590626  -36.926743    2.8044875],20.0000,4.0000,[ 283.9586    -144.3946       4.8772693],20.0000,4.0000
935,[ 280.13928   -171.86755      3.7724192],20.0000,6.0000,[57.667408    0.73643494  0.6311438 ],20.0000,0.0000,[ 278.09293  -129.55708     4.197777],20.0000,0.0000,[ 38.786186  -64.39357     2.8297522],20.0000,0.0000,[ 61.685745  -43.531162    3.2093463],20.0000,6.0000,[ 71.42333    -16.01676      0.08528174],20.0000,4.0000,[ 47.040924  -36.745384    2.8053432],20.0000,4.0000,[ 283.93948 -144.98448    4.88816],20.0000,5.0000
936,[ 279.2779    -172.53888      3.8594866],20.0000,0.0000,[58.538635    1.3942683   0.35378256],20.0000,6.0000,[ 277.52454   -130.48967      3.6519048],20.0000,6.0000,[ 37.738777  -64.08504     2.5645938],20.0000,6.0000,[ 60.590477  -43.513374    3.4759567],20.0000,0.0000,[ 7.1995789e+01 -1.5918457e+01  5.6482337e-02],20.0000,4.0000,[ 46.49126   -36.563942    2.8061264],20.0000,4.0000,[ 283.9399    -145.57222      4.9563365],20.0000,4.0000
937,[ 278.47278   -173.27641      3.5277581],20.0000,6.0000,[59.537792    1.8395637   0.44848254],20.0000,0.0000,[ 276.61905   -131.10675      3.6878896],20.0000,6.0000,[ 36.78117   -63.5553      2.6636715],20.0000,0.0000,[ 59.51785  -43.75206    3.177545],20.0000,6.0000,[ 7.2570747e+01 -1.5835084e+01  5.1150776e-02],20.0000,3.0000,[ 45.94163   -36.38242     2.8068454],20.0000,4.0000,[ 283.98132  -146.15831     4.959612],20.0000,5.0000
938,[ 277.49683  -173.77412     3.610059],20.0000,0.0000,[60.4971      2.3633556   0.12805924],20.0000,6.0000,[ 275.72263   -131.73346      3.9049914],20.0000,6.0000,[ 35.784077 -63.10702    2.346936],20.0000,6.0000,[ 58.42548  -43.748993   3.229258],20.0000,6.0000,[ 73.14616  -15.755077   6.246499],20.0000,3.0000,[ 45.392036  -36.20082     2.8075078],20.0000,4.0000,[ 284.0352    -146.74162      5.0310216],20.0000,5.0000
939,[ 276.5571   -174.33463     3.292721],20.0000,6.0000,[61.564762    2.618895    0.21851845],20.0000,0.0000,[ 274.94012  -132.49455     4.174066],20.0000,6.0000,[ 34.933815  -62.41209     2.4393914],20.0000,6.0000,[ 57.333267  -43.789368    3.4279046],20.0000,6.0000,[ 73.726974  -15.7093315   6.1283937],20.0000,4.0000,[ 44.842476 -36.019142   2.808119],20.0000,4.0000,[ 284.1252   -147.32133     5.131786],20.0000,5.0000
940,[ 275.49796   -174.63002      3.3893805],20.0000,0.0000,[62.610577   2.9446058  6.197388 ],20.0000,6.0000,[ 274.33176   -133.40263      4.4458213],20.0000,6.0000,[ 34.052074 -61.76429    2.687703],20.0000,0.0000,[ 56.258255  -44.002895    3.6722085],20.0000,6.0000,[ 74.31181  -15.715166   6.095828],20.0000,4.0000,[ 44.29295   -35.83739     2.8086848],20.0000,3.0000,[ 284.2636   -147.89331     5.240639],20.0000,5.0000
941,[ 274.46436   -174.99515      3.0950499],20.0000,6.0000,[6.3710228e+01 2.9919109e+00 1.9299824e-02],20.0000,6.0000,[ 273.93097   -134.42471      4.7101035],20.0000,6.0000,[ 33.060833  -61.30661     2.4168267],20.0000,6.0000,[ 55.243855  -44.430973    3.9157314],20.0000,0.0000,[ 74.89542   -15.743933    6.0987587],20.0000,3.0000,[ 43.742477  -35.658375    2.7174509],20.0000,4.0000,[ 284.4551   -148.45163     5.347992],20.0000,4.0000
942,[ 273.36722   -175.09001      3.2061996],20.0000,0.0000,[64.799904    3.0994947   0.28333113],20.0000,0.0000,[ 273.76596  -135.5159      4.950892],20.0000,6.0000,[ 32.193405  -60.63968     2.5138578],20.0000,0.0000,[ 54.35312   -45.081318    3.5865092],20.0000,6.0000,[ 75.47779   -15.77803     6.0221367],20.0000,3.0000,[ 43.203144  -35.446472    2.6843963],20.0000,3.0000,[ 284.7025   -148.98831     5.358878],20.0000,4.0000
943,[ 272.28476  -175.26613     2.924365],20.0000,6.0000,[6.5840012e+01 3.4318783e+00 2.0866400e-02],20.0000,6.0000,[ 273.84277   -136.62057      5.1603622],20.0000,0.0000,[ 31.275354 -60.04627    2.195554],20.0000,6.0000,[ 53.344593  -45.50237     3.6120107],20.0000,0.0000,[ 76.05851  -15.846612   5.913803],20.0000,4.0000,[ 42.667675  -35.22385     2.5822618],20.0000,4.0000,[ 284.96964  -149.5118      5.333486],20.0000,5.0000
944,[ 271.18726  -175.17412     3.040909],20.0000,0.0000,[66.92969     3.532988    0.12074449],20.0000,6.0000,[ 274.15805  -137.68011     4.794214],20.0000,0.0000,[ 30.54041   -59.230488    2.2872176],20.0000,0.0000,[ 52.352413 -45.95938    3.248027],20.0000,6.0000,[ 76.63274   -15.966415    5.8896227],20.0000,3.0000,[ 42.147953 -34.96335    2.548396],20.0000,3.0000,[ 285.23703  -150.0321      5.393349],20.0000,4.0000
945,[ 270.09067   -175.16907      2.7614665],20.0000,6.0000,[68.00818     3.7066522   0.35482153],20.0000,0.0000,[ 274.21133   -138.77097      4.2485723],20.0000,0.0000,[ 29.753994  -58.467888    1.9842227],20.0000,6.0000,[ 51.27119  -46.114204   3.315248],20.0000,0.0000,[ 77.20188   -16.10493     5.8079815],20.0000,4.0000,[ 41.634697  -34.689335    2.4506826],20.0000,4.0000,[ 285.53403   -150.53636      5.4000883],20.0000,4.0000
946,[ 269.023     -174.89928      2.8783414],20.0000,0.0000,[69.03177     4.085795    0.07127094],20.0000,6.0000,[ 273.82468  -139.79805     3.733975],20.0000,6.0000,[ 29.185585 -57.52528    2.090033],20.0000,0.0000,[ 50.20202   -46.33681     2.9772892],20.0000,6.0000,[ 77.76002   -16.285145    5.7953095],20.0000,3.0000,[ 41.14154   -34.377537    2.4230719],20.0000,4.0000,[ 285.8418    -151.0325       5.3865995],20.0000,5.0000
947,[ 267.94186   -174.71608      2.5983858],20.0000,6.0000,[70.11651     4.2201514   0.16336668],20.0000,0.0000,[ 273.03925  -140.58603     3.807361],20.0000,6.0000,[ 28.553204  -56.62945     1.8040274],20.0000,6.0000,[ 49.108337  -46.259773    3.0593739],20.0000,0.0000,[ 78.31235   -16.478981    5.7178397],20.0000,4.0000,[ 40.659016  -34.050144    2.4244995],20.0000,3.0000,[ 286.1496   -151.52739     5.460143],20.0000,5.0000
948,[ 266.9324    -174.27615      2.7148101],20.0000,6.0000,[71.186295  4.441536  6.121175],20.0000,6.0000,[ 272.2642    -141.36641      4.1117325],20.0000,6.0000,[ 28.158176 -55.601364   1.918936],20.0000,6.0000,[ 48.013668 -46.252716   2.745725],20.0000,6.0000,[ 78.85043   -16.711166    5.7056775],20.0000,4.0000,[ 40.179317 -33.71966    2.344429],20.0000,3.0000,[ 286.4851   -152.00554     5.568776],20.0000,4.0000
949,[ 265.90298   -173.90302      2.9850006],20.0000,0.0000,[72.281044   4.372456   6.2079425],20.0000,6.0000,[ 271.67572  -142.28639     4.433216],20.0000,6.0000,[ 27.70329   -54.605236    2.1894977],20.0000,0.0000,[ 46.953613  -45.95842     2.8455749],20.0000,0.0000,[ 79.38031  -16.958092   5.719067],20.0000,3.0000,[ 39.718727  -33.36053     2.2328484],20.0000,4.0000,[ 286.862     -152.45432      5.5945487],20.0000,4.0000
950,[ 264.82062 -173.75922    2.72418],20.0000,6.0000,[73.374626    4.358251    0.16571166],20.0000,0.0000,[ 271.33005  -143.32281     4.721598],20.0000,6.0000,[ 27.04767  -53.73207    1.929274],20.0000,6.0000,[ 45.879536  -45.73837     2.5548933],20.0000,6.0000,[ 79.90827  -17.206078   5.6472  ],20.0000,3.0000,[ 39.290146  -32.960793    2.2059062],20.0000,4.0000,[ 287.25482 -152.88776    5.58634],20.0000,5.0000
951,[ 263.79175   -173.38663      2.8242857],20.0000,0.0000,[74.448     4.5576    6.173767],20.0000,6.0000,[ 271.2272    -144.41537      4.9923835],20.0000,6.0000,[ 26.592432  -52.73698     2.0296562],20.0000,6.0000,[ 44.88933   -45.2562      2.6679275],20.0000,0.0000,[ 80.422676  -17.483725    5.5403776],20.0000,4.0000,[ 38.87804   -32.545567    2.2137468],20.0000,4.0000,[ 287.65     -153.31734     5.659345],20.0000,4.0000
952,[ 262.73636   -173.10193      2.5072885],20.0000,6.0000,[75.54103    4.5113378  6.2692885],20.0000,0.0000,[ 271.3742   -145.50888     5.236941],20.0000,6.0000,[ 26.071789  -51.776703    2.2635267],20.0000,6.0000,[ 43.86961   -44.8526      2.3872464],20.0000,6.0000,[ 80.91264  -17.805824   5.516221],20.0000,4.0000,[ 38.47245   -32.126274    2.2324858],20.0000,3.0000,[ 288.07187   -153.72192      5.6738715],20.0000,4.0000
953,[ 261.78687  -172.55055     2.599241],20.0000,6.0000,[76.63328    4.55348    5.9497066],20.0000,6.0000,[ 271.75964   -146.54697      5.4484515],20.0000,6.0000,[ 25.389128  -50.924755    2.5302584],20.0000,0.0000,[ 42.973866 -44.21183    2.504133],20.0000,0.0000,[ 81.389206 -18.145346   5.525794],20.0000,4.0000,[ 38.066074  -31.709204    2.1597872],20.0000,3.0000,[ 288.50357  -154.11458     5.664982],20.0000,4.0000
954,[ 260.8137    -172.05061      2.8467042],20.0000,0.0000,[77.70331    4.307642   6.0406747],20.0000,6.0000,[ 272.3494   -147.48555     5.633481],20.0000,6.0000,[ 24.532372  -50.24532     2.2491007],20.0000,6.0000,[ 42.03419   -43.64657     2.2246907],20.0000,6.0000,[ 81.86025   -18.48954     5.5455055],20.0000,3.0000,[ 37.681778  -31.269922    2.0503097],20.0000,4.0000,[ 288.9377    -154.50275      5.6492434],20.0000,5.0000
955,[ 259.76263   -171.7552       2.5753095],20.0000,6.0000,[7.8780670e+01 4.1172647e+00 4.3174820e-03],20.0000,0.0000,[ 273.1033   -148.29764     5.805744],20.0000,6.0000,[ 23.848164  -49.39482     2.3307536],20.0000,6.0000,[ 41.25477   -42.868656    2.3414788],20.0000,0.0000,[ 82.331856 -18.831137   5.473275],20.0000,4.0000,[ 37.335434  -30.7977      2.0231159],20.0000,4.0000,[ 289.36963  -154.8923      5.725516],20.0000,4.0000
956,[ 258.801     -171.23328      2.6721516],20.0000,0.0000,[79.872116   4.1447887  6.0158653],20.0000,6.0000,[ 273.98715  -148.96469     5.976018],20.0000,6.0000,[ 23.113136  -48.587498    2.5444345],20.0000,0.0000,[ 40.419483  -42.15825     2.0614052],20.0000,6.0000,[ 82.78343  -19.2003     5.455735],20.0000,3.0000,[ 37.00761   -30.31354     2.0298104],20.0000,4.0000,[ 289.8247   -155.25629     5.746102],20.0000,4.0000
957,[ 257.80096   -170.79181      2.3536847],20.0000,6.0000,[80.94485    3.9292958  6.1126437],20.0000,0.0000,[ 274.97214   -149.4697       6.1488132],20.0000,6.0000,[ 22.242058  -47.9273      2.2481546],20.0000,6.0000,[ 39.777153  -41.26384     2.1777673],20.0000,0.0000,[ 83.22734   -19.578362    5.3687577],20.0000,4.0000,[ 36.68685   -29.826492    2.0473635],20.0000,4.0000,[ 290.28873  -155.60822     5.743757],20.0000,4.0000
958,[ 256.9468   -170.10185     2.445259],20.0000,0.0000,[82.03053    3.8019464  5.7941723],20.0000,6.0000,[ 2.7602939e+02 -1.4979689e+02  4.1187588e-02],20.0000,6.0000,[ 21.550251  -47.082912    2.3282444],20.0000,6.0000,[ 39.068897  -40.42674     1.8973687],20.0000,6.0000,[ 83.644646 -19.987457   5.347879],20.0000,4.0000,[ 36.367657  -29.339956    2.0655327],20.0000,4.0000,[ 290.75555   -155.95518      5.7334423],20.0000,4.0000
959,[ 256.05023  -169.47247     2.142171],20.0000,6.0000,[83.05       3.3941388  5.885761 ],20.0000,6.0000,[ 2.7712753e+02 -1.4993449e+02  2.1826755e-01],20.0000,6.0000,[ 20.8095   -46.28108    2.541878],20.0000,0.0000,[ 38.581245  -39.439445    2.0136068],20.0000,6.0000,[ 84.04885   -20.408472    5.3540344],20.0000,3.0000,[ 36.04797  -28.854826   2.080848],20.0000,3.0000,[ 291.22266   -156.3006       5.7217946],20.0000,4.0000
960,[ 255.34065   -168.631        2.2479322],20.0000,0.0000,[84.08529    3.0402825  6.1332536],20.0000,0.0000,[ 278.23282    -149.8769        0.39573523],20.0000,6.0000,[ 19.934494  -45.626873    2.2465858],20.0000,6.0000,[ 38.035397 -38.490227   2.283722],20.0000,0.0000,[ 84.45021   -20.831043    5.2770877],20.0000,4.0000,[ 35.724747 -28.37249    2.001098],20.0000,4.0000,[ 291.6892    -156.64587      5.7113214],20.0000,4.0000
961,[ 254.57527   -167.84573      1.9618925],20.0000,6.0000,[85.16804    2.9000318  5.8619695],20.0000,6.0000,[ 279.31073   -149.62537      0.5730317],20.0000,0.0000,[ 19.237675 -44.786484   2.329353],20.0000,6.0000,[ 37.30119   -37.68205     2.0228922],20.0000,6.0000,[ 84.82493  -21.278765   5.259043],20.0000,4.0000,[ 35.42971   -27.871107    1.9767677],20.0000,4.0000,[ 292.15506  -156.99141     5.702627],20.0000,4.0000
962,[ 254.02353   -166.89253      2.0767891],20.0000,0.0000,[86.195114   2.522772   5.9588675],20.0000,0.0000,[ 2.8031778e+02 -1.4917281e+02  1.9950040e-01],20.0000,6.0000,[ 18.490923  -43.99032     2.5445988],20.0000,0.0000,[ 36.755497  -36.733597    2.1230009],20.0000,6.0000,[ 85.187    -21.735922   5.264989],20.0000,3.0000,[ 35.147667  -27.362392    1.9753352],20.0000,4.0000,[ 292.62033  -157.33728     5.695597],20.0000,4.0000
963,[ 253.40211   -165.98895      1.7967962],20.0000,6.0000,[87.24851    2.2307076  5.6404815],20.0000,6.0000,[ 2.8139694e+02 -1.4900230e+02  2.0903236e-01],20.0000,6.0000,[ 17.61058   -43.34373     2.2501974],20.0000,6.0000,[ 36.148     -35.82579     2.3565695],20.0000,0.0000,[ 85.54666  -22.19407    5.186838],20.0000,4.0000,[ 34.871094 -26.851244   1.982457],20.0000,4.0000,[ 293.08517  -157.6834      5.689922],20.0000,4.0000
964,[ 253.0152    -164.95787      1.9136983],20.0000,0.0000,[88.193565   1.6716783  5.7321105],20.0000,6.0000,[ 282.47528    -148.82549       0.39107394],20.0000,6.0000,[ 16.906675  -42.509136    2.3345385],20.0000,0.0000,[ 35.376755 -35.053345   2.072574],20.0000,6.0000,[ 85.87757  -22.674738   5.16755 ],20.0000,4.0000,[ 34.59644   -26.339655    1.9917309],20.0000,3.0000,[ 293.5497    -158.02966      5.6852956],20.0000,4.0000
965,[ 252.54958   -163.96507      1.6340005],20.0000,6.0000,[89.162506  1.163565  5.979641],20.0000,0.0000,[ 283.5191    -148.49355      0.6314574],20.0000,0.0000,[ 16.139694  -41.73228     2.0003483],20.0000,6.0000,[ 34.80284  -34.12317    2.164495],20.0000,6.0000,[ 86.19501   -23.163723    5.1723523],20.0000,3.0000,[ 34.319473  -25.82955     1.9088039],20.0000,4.0000,[ 294.01407  -158.376       5.681471],20.0000,4.0000
966,[ 252.33562   -162.88489      1.7506024],20.0000,0.0000,[90.21105    0.8593047  5.708375 ],20.0000,6.0000,[ 284.4707     -147.94563       0.32633522],20.0000,6.0000,[ 15.607305  -40.77553     2.0810773],20.0000,0.0000,[ 34.170807 -33.23284    2.389364],20.0000,6.0000,[ 86.509865 -23.653614   5.093317],20.0000,4.0000,[ 34.073112  -25.302685    1.8829246],20.0000,4.0000,[ 294.47827   -158.72237      5.6782613],20.0000,4.0000
967,[ 252.03777   -161.82959      1.4703784],20.0000,6.0000,[91.16833    0.3293566  5.8052793],20.0000,0.0000,[ 285.51614    -147.62965       0.37993583],20.0000,6.0000,[ 15.012992  -39.857273    1.7602688],20.0000,6.0000,[ 33.3946    -32.46478     2.6508567],20.0000,0.0000,[ 86.79385   -24.163317    5.0734534],20.0000,4.0000,[ 33.84071   -24.769543    1.8805984],20.0000,3.0000,[ 294.94244   -159.06871      5.6755304],20.0000,4.0000
968,[ 252.00276   -160.72897      1.5866807],20.0000,0.0000,[92.16464    -0.12042195  5.486897  ],20.0000,6.0000,[ 286.54843    -147.27132       0.58037573],20.0000,0.0000,[ 14.680854  -38.809525    1.8543733],20.0000,0.0000,[ 32.46677   -31.885035    2.3669152],20.0000,6.0000,[ 87.063576 -24.680101   5.077847],20.0000,3.0000,[ 33.61135   -24.235287    1.7954313],20.0000,3.0000,[ 295.40656  -159.41501     5.673178],20.0000,4.0000
969,[ 251.88115   -159.63922      1.3062607],20.0000,6.0000,[93.01305   -0.8174455  5.5785275],20.0000,0.0000,[ 2.8750333e+02 -1.4673698e+02  2.7585828e-01],20.0000,6.0000,[ 14.280838  -37.789143    1.5571816],20.0000,6.0000,[ 31.692122  -31.115963    2.4449036],20.0000,0.0000,[ 87.33058   -25.197605    4.9985394],20.0000,4.0000,[ 33.41343   -23.686846    1.6793885],20.0000,4.0000,[ 295.87067   -159.76123      5.6711307],20.0000,4.0000
970,[ 252.02643  -158.54768     1.422499],20.0000,0.0000,[93.9044    -1.4542211  5.275507 ],20.0000,6.0000,[ 288.5549    -146.44417      0.3476234],20.0000,0.0000,[ 14.150622 -36.695713   1.666843],20.0000,6.0000,[ 30.862217  -30.406826    2.1064725],20.0000,6.0000,[ 87.564926 -25.731934   4.978517],20.0000,4.0000,[ 33.26419   -23.120937    1.6485789],20.0000,3.0000,[ 296.33478  -160.10739     5.669332],20.0000,4.0000
971,[ 252.08453   -157.4527       1.1420709],20.0000,6.0000,[94.60703   -2.3015234  5.381306 ],20.0000,6.0000,[ 2.8958356e+02 -1.4607896e+02  7.1366080e-03],20.0000,6.0000,[ 13.958442 -35.617622   1.934617],20.0000,0.0000,[ 30.253407  -29.498837    2.1843655],20.0000,6.0000,[ 87.78437  -26.27198    4.982809],20.0000,3.0000,[ 33.134373  -22.550552    1.5613128],20.0000,3.0000,[ 296.79892   -160.45346      5.6677394],20.0000,3.0000
972,[ 252.40625   -156.39957      1.2583195],20.0000,0.0000,[95.35194   -3.1040888  5.6458473],20.0000,0.0000,[ 2.9067462e+02 -1.4600658e+02  8.4938131e-02],20.0000,0.0000,[ 13.543404  -34.60765     1.6736902],20.0000,6.0000,[ 29.598406  -28.625044    2.4053307],20.0000,0.0000,[ 88.00102   -26.812496    4.9034395],20.0000,4.0000,[ 33.044636  -21.970926    1.4530737],20.0000,3.0000,[ 297.2648    -160.79703      5.5745616],20.0000,4.0000
973,[ 252.64252   -155.3288       0.9779089],20.0000,6.0000,[96.24607   -3.7308455  5.3835745],20.0000,6.0000,[ 291.75766  -145.86018     6.039701],20.0000,6.0000,[ 13.353624  -33.52989     1.7739917],20.0000,0.0000,[ 28.793468  -27.887754    2.1161628],20.0000,6.0000,[ 88.18355   -27.366669    4.8833833],20.0000,4.0000,[ 33.00588   -21.38356     1.3413596],20.0000,4.0000,[ 297.70938   -161.16765      5.5397544],20.0000,4.0000
974,[ 253.13202   -154.3424       1.0941675],20.0000,0.0000,[96.98623   -4.536936   5.4835014],20.0000,6.0000,[ 292.84534  -146.00938     6.127794],20.0000,6.0000,[ 13.074566  -32.472904    1.4575748],20.0000,6.0000,[ 28.182144  -26.98191     2.2064803],20.0000,0.0000,[ 88.350685  -27.925121    4.8876553],20.0000,3.0000,[ 33.02616   -20.793974    1.3252131],20.0000,3.0000,[ 298.14523   -161.54866      5.5268025],20.0000,3.0000
975,[ 253.5401    -153.32465      0.8137633],20.0000,6.0000,[97.7774    -5.2901545  5.717574 ],20.0000,0.0000,[ 2.9393521e+02 -1.4610506e+02  9.0147741e-02],20.0000,0.0000,[ 13.079232  -31.37485     1.5499715],20.0000,0.0000,[ 27.500713  -26.12818     1.8795248],20.0000,6.0000,[ 88.515     -28.483776    4.8082743],20.0000,4.0000,[ 33.067463  -20.207674    1.2544441],20.0000,3.0000,[ 298.5795   -161.93175     5.430769],20.0000,4.0000
976,[ 254.1842     -152.4315        0.93002397],20.0000,0.0000,[98.698875  -5.8752756  5.43401  ],20.0000,6.0000,[ 295.02023   -145.98357      6.1014132],20.0000,6.0000,[ 13.009531  -30.281607    1.2474571],20.0000,6.0000,[ 27.067884  -25.120497    1.9653506],20.0000,0.0000,[ 88.644035  -29.052786    4.7882123],20.0000,4.0000,[ 33.147755  -19.62499     1.1585371],20.0000,3.0000,[ 298.98904   -162.34244      5.3967605],20.0000,4.0000
977,[ 254.75311    -151.49411       0.64962006],20.0000,6.0000,[99.46254   -6.6572714  5.5260997],20.0000,0.0000,[ 296.10754  -146.10608     6.198176],20.0000,0.0000,[ 13.221879  -29.201555    1.3534446],20.0000,0.0000,[ 26.570318  -24.145279    1.6544466],20.0000,6.0000,[ 88.75735   -29.624594    4.7924814],20.0000,3.0000,[ 33.276955  -19.04982     1.0549138],20.0000,3.0000,[ 299.3875   -162.76427     5.387396],20.0000,3.0000
978,[ 255.5345     -150.71822       0.76588035],20.0000,0.0000,[100.28643    -7.3746796   5.200709 ],20.0000,6.0000,[ 297.2002  -146.13979    5.87987],20.0000,6.0000,[ 13.355256  -28.113157    1.0675008],20.0000,6.0000,[ 26.34181  -23.069056   1.755507],20.0000,0.0000,[ 88.86783  -30.196335   4.713099],20.0000,4.0000,[ 33.459023   -18.487738     0.95174986],20.0000,4.0000,[ 299.78333  -163.18878     5.296291],20.0000,4.0000
979,[ 256.24893    -149.88638       0.48547584],20.0000,6.0000,[100.89423   -8.287808   5.287466],20.0000,6.0000,[ 298.25095  -146.45854     5.971606],20.0000,0.0000,[ 13.7532425 -27.086216    1.1824082],20.0000,0.0000,[ 26.040146  -22.014977    1.4655606],20.0000,6.0000,[ 88.94221   -30.775032    4.6930366],20.0000,4.0000,[ 33.696575  -17.94637     0.9436313],20.0000,3.0000,[ 300.1515   -163.63918     5.267452],20.0000,4.0000
980,[ 257.1466    -149.24861      0.6017358],20.0000,0.0000,[101.54501    -9.166788    5.5284038],20.0000,0.0000,[ 299.31827   -146.70517      5.6687527],20.0000,6.0000,[ 14.068901   -26.035982     0.90239143],20.0000,6.0000,[ 26.009071  -20.91407     1.5788193],20.0000,0.0000,[ 89.00067   -31.35502     4.6973057],20.0000,4.0000,[ 33.9509    -17.415926    0.8788672],20.0000,3.0000,[ 300.50668   -164.09991      5.2643023],20.0000,3.0000
981,[ 257.98737    -148.5447        0.32133108],20.0000,6.0000,[102.353516   -9.900403    5.2532635],20.0000,6.0000,[ 300.292    -147.21849     5.774656],20.0000,6.0000,[ 14.630783  -25.08883     1.0192738],20.0000,0.0000,[ 25.894457  -19.8234      1.2981504],20.0000,6.0000,[ 89.053345 -31.93463    4.709682],20.0000,3.0000,[ 34.23866    -16.902752     0.78628916],20.0000,3.0000,[ 300.8587    -164.56282      5.1791987],20.0000,4.0000
982,[ 258.9772     -148.06218       0.43759096],20.0000,0.0000,[102.97843  -10.798371   5.348781],20.0000,0.0000,[ 301.28763  -147.67422     6.039281],20.0000,0.0000,[ 15.113555   -24.104258     0.73955864],20.0000,6.0000,[ 26.047415  -18.73275     1.4149884],20.0000,0.0000,[ 89.107735  -32.513527    4.6312385],20.0000,4.0000,[ 34.568253  -16.414013    0.6841749],20.0000,3.0000,[ 301.18082   -165.04857      5.1552887],20.0000,4.0000
983,[ 2.5992169e+02 -1.4750513e+02  1.5718624e-01],20.0000,6.0000,[103.67323   -11.642187    5.0291953],20.0000,6.0000,[ 302.35373   -147.91032      5.7770433],20.0000,6.0000,[ 15.822026   -23.261246     0.85615325],20.0000,0.0000,[ 26.113115  -17.638132    1.1354753],20.0000,6.0000,[ 89.12733   -33.09578     4.6093965],20.0000,4.0000,[ 34.941833   -15.956371     0.58149195],20.0000,4.0000,[ 301.48892  -165.543       5.156671],20.0000,3.0000
984,[ 260.97705    -147.19084       0.27344614],20.0000,0.0000,[104.125374  -12.642672    5.1201615],20.0000,6.0000,[ 303.34637   -148.37105      5.8769794],20.0000,0.0000,[ 16.458572  -22.368395    0.5759263],20.0000,6.0000,[ 26.441553  -16.587053    1.2522254],20.0000,0.0000,[ 89.13164  -33.678055   4.610911],20.0000,3.0000,[ 35.359383   -15.537951     0.57336086],20.0000,3.0000,[ 301.79395  -166.03877     5.075254],20.0000,4.0000
985,[ 261.99988   -146.79561      6.2762265],20.0000,6.0000,[104.6261    -13.615415    5.3669868],20.0000,0.0000,[ 304.37292   -148.747        5.5605016],20.0000,6.0000,[ 17.294994   -21.652187     0.69222826],20.0000,0.0000,[ 26.684315  -15.517731    0.9721283],20.0000,6.0000,[ 89.133095 -34.259945   4.528925],20.0000,4.0000,[ 35.78856    -15.135702     0.50841844],20.0000,3.0000,[ 302.06732  -166.55403     5.053941],20.0000,4.0000
986,[ 2.63092407e+02 -1.46658005e+02  1.09301366e-01],20.0000,0.0000,[105.30878  -14.467447   5.095348],20.0000,6.0000,[ 305.27075  -149.37921     5.652945],20.0000,6.0000,[ 18.068733   -20.87521      0.41180918],20.0000,6.0000,[ 27.179543  -14.534213    1.0884836],20.0000,0.0000,[ 89.09751   -34.841972    4.5069203],20.0000,4.0000,[ 36.242657   -14.761646     0.41567102],20.0000,4.0000,[ 302.32608   -167.07628      5.0573564],20.0000,3.0000
987,[ 264.16608  -146.43523     6.112082],20.0000,6.0000,[105.786705 -15.451713   5.192126],20.0000,0.0000,[ 306.19666   -149.96211      5.9011045],20.0000,0.0000,[ 19.010923  -20.30526     0.5280481],20.0000,0.0000,[ 27.593449   -13.518809     0.80808485],20.0000,6.0000,[ 89.04584   -35.422386    4.5096374],20.0000,4.0000,[ 36.72812    -14.42825      0.40519488],20.0000,3.0000,[ 302.58197  -167.5993      4.977417],20.0000,4.0000
988,[ 265.26642  -146.47801     6.228342],20.0000,0.0000,[106.34263   -16.392927    4.8736544],20.0000,6.0000,[ 307.21814  -150.34761     5.630116],20.0000,6.0000,[ 19.901236   -19.66517      0.24762054],20.0000,6.0000,[ 28.24264    -12.629365     0.92432475],20.0000,0.0000,[ 88.98827   -36.001404    4.5208817],20.0000,3.0000,[ 37.22156    -14.110494     0.33420628],20.0000,3.0000,[ 302.8047    -168.13855      4.9570365],20.0000,4.0000
989,[ 266.36203  -146.43365     5.947937],20.0000,6.0000,[106.63524   -17.45123     4.9652424],20.0000,0.0000,[ 308.13104  -150.95076     5.727103],20.0000,6.0000,[ 20.923906   -19.256865     0.36386946],20.0000,0.0000,[ 28.816896  -11.695236    0.6438903],20.0000,6.0000,[ 88.93229   -36.580074    4.4416957],20.0000,4.0000,[ 37.735058  -13.824951    0.2362309],20.0000,4.0000,[ 303.01233   -168.68323      4.9611053],20.0000,3.0000
990,[ 267.44058  -146.65567     6.064197],20.0000,0.0000,[106.997635  -18.484993    4.6621833],20.0000,6.0000,[ 309.0798   -151.49213     5.959307],20.0000,0.0000,[ 21.90686    -18.770884     0.08345895],20.0000,6.0000,[ 29.602724  -10.923844    0.7601341],20.0000,6.0000,[ 88.841354 -37.15546    4.419413],20.0000,4.0000,[ 38.272724   -13.585612     0.22214997],20.0000,3.0000,[ 303.2171    -169.22833      4.8816004],20.0000,4.0000
991,[ 268.52875   -146.79095      5.7837925],20.0000,6.0000,[107.084496 -19.582287   4.767964],20.0000,6.0000,[ 310.1143   -151.8404      5.674924],20.0000,6.0000,[ 22.98251    -18.535194     0.19971754],20.0000,0.0000,[ 30.334219  -10.109053    1.0302712],20.0000,0.0000,[ 88.73532   -37.72798     4.4206257],20.0000,4.0000,[ 38.81595    -13.363792     0.14887811],20.0000,4.0000,[ 303.38742  -169.78636     4.861473],20.0000,4.0000
992,[ 269.55652   -147.18623      5.9000525],20.0000,6.0000,[107.23167  -20.667341   5.032493],20.0000,0.0000,[ 311.04218   -152.41806      5.7667637],20.0000,0.0000,[ 24.031666  -18.216375    6.2024984],20.0000,6.0000,[30.872925  -9.159314   0.7694552],20.0000,6.0000,[ 88.62365   -38.29873     4.4301944],20.0000,3.0000,[ 39.373734   -13.180845     0.14153162],20.0000,3.0000,[ 303.54227  -170.34836     4.865705],20.0000,3.0000
993,[ 270.6013    -147.51405      6.1701994],20.0000,0.0000,[107.60204   -21.694527    4.7702165],20.0000,6.0000,[ 312.0131   -152.91878     5.441151],20.0000,6.0000,[ 25.13137    -18.159624     0.03557396],20.0000,0.0000,[31.603724   -8.344895    0.86956877],20.0000,6.0000,[ 88.5134   -38.869347   4.349623],20.0000,4.0000,[ 39.934147   -13.0111475    0.06728788],20.0000,4.0000,[ 303.69427  -170.91048     4.786301],20.0000,4.0000
994,[ 271.6889    -147.61047      5.9093866],20.0000,6.0000,[107.74329   -22.77973     4.8701425],20.0000,6.0000,[ 312.82065   -153.66109      5.5277767],20.0000,6.0000,[ 26.218521  -18.016533    6.0383554],20.0000,6.0000,[32.276615  -7.4844365  1.1031411],20.0000,0.0000,[ 88.36849   -39.43338     4.3263607],20.0000,4.0000,[ 40.505367   -12.879939     0.05671125],20.0000,4.0000,[ 303.8108   -171.4822      4.766229],20.0000,4.0000
995,[ 272.733    -147.9378      6.009501],20.0000,0.0000,[107.95668   -23.85106     5.1042156],20.0000,0.0000,[ 313.6618   -154.36006     5.768536],20.0000,0.0000,[ 27.312717  -18.140245    6.1546154],20.0000,0.0000,[32.769802  -6.510653   0.8191471],20.0000,6.0000,[ 88.2087    -39.99316     4.3267837],20.0000,4.0000,[ 41.078518   -12.764951     0.07081898],20.0000,3.0000,[ 303.9115   -172.05635     4.770493],20.0000,4.0000
996,[ 273.79984   -148.17618      5.6925206],20.0000,6.0000,[108.37339  -24.859943   4.820652],20.0000,6.0000,[ 314.62152  -154.88043     5.493289],20.0000,6.0000,[ 28.40864   -18.176725    5.8742113],20.0000,6.0000,[33.474422  -5.675124   0.9110688],20.0000,6.0000,[ 88.04335   -40.55065     4.3357573],20.0000,4.0000,[ 41.650684  -12.651669    6.2823906],20.0000,4.0000,[ 304.0064   -172.63055     4.782867],20.0000,3.0000
997,[ 274.7725   -148.6856      5.784486],20.0000,0.0000,[108.54773  -25.938976   4.912742],20.0000,6.0000,[ 315.44196   -155.60416      5.5887685],20.0000,0.0000,[ 29.467913 -18.477575   5.990471],20.0000,6.0000,[34.123047  -4.796807   1.1359385],20.0000,6.0000,[ 87.87655   -41.10705     4.3465357],20.0000,3.0000,[ 42.229496 -12.573141   6.267354],20.0000,4.0000,[ 304.10297   -173.20392      4.7044225],20.0000,4.0000
998,[ 275.7751   -149.1269      5.481413],20.0000,6.0000,[108.79101   -27.003407    5.1379037],20.0000,0.0000,[ 316.31738   -156.25868      5.2691464],20.0000,6.0000,[ 30.537996 -18.709723   6.260618],20.0000,0.0000,[34.61052   -3.819675   1.3974315],20.0000,0.0000,[ 87.71267  -41.664036   4.264711],20.0000,4.0000,[ 42.809322  -12.509624    6.2750893],20.0000,4.0000,[ 304.1651    -173.78319      4.6825805],20.0000,4.0000
999,[ 276.63593  -149.81282     5.587078],20.0000,0.0000,[109.23066  -28.002575   4.849038],20.0000,6.0000,[ 316.9943    -157.12306      5.3600917],20.0000,6.0000,[ 31.629875  -18.707548    5.9998055],20.0000,6.0000,[34.87176   -2.7572606  1.1134902],20.0000,6.0000,[ 87.51543   -42.211338    4.2395806],20.0000,4.0000,[ 4.3388565e+01 -1.2451153e+01  6.5186913e-03],20.0000,4.0000,[ 304.21198   -174.36359      4.6840954],20.0000,4.0000
1000,[ 277.54047  -150.43266     5.300887],20.0000,,[109.42577   -29.07757     4.9389133],20.0000,,[ 317.71182  -157.94896     5.606894],20.0000,,[ 32.69929  -18.939264   6.09992 ],20.0000,,[35.36068   -1.7812954  1.1914791],20.0000,,[ 87.30393   -42.753223    4.2378755],20.0000,,[ 4.3966949e+01 -1.2393393e+01  2.1155847e-02],20.0000,,[ 304.253    -174.94373     4.693868],20.0000,
