step,pos_red1,health_red1,action_red1,pos_red2,health_red2,action_red2,pos_red3,health_red3,action_red3,pos_blue1,health_blue1,action_blue1,pos_blue2,health_blue2,action_blue2
0,[ 0. 40.  0.],20.0000,6.0000,[0. 0. 0.],20.0000,0.0000,[  0. -40.   0.],20.0000,6.0000,[ 40. -40.   0.],20.0000,4.0000,[40. 40.  0.],20.0000,4.0000
1,[ 1. 40.  0.],20.0000,6.0000,[1. 0. 0.],20.0000,6.0000,[  1. -40.   0.],20.0000,6.0000,[ 40. -40.   0.],20.0000,4.0000,[40. 40.  0.],20.0000,4.0000
2,[ 2.091554   39.949398    0.24676664],20.0000,6.0000,[2.091554   0.08965447 0.07297001],20.0000,6.0000,[  2.091554   -40.050602     0.24676664],20.0000,0.0000,[ 40.69718 -40.        0.     ],20.0000,4.0000,[40.69718 40.       0.     ],20.0000,4.0000
3,[ 3.1759493 40.113182   0.5058002],20.0000,6.0000,[3.1760414  0.2261542  0.30138004],20.0000,0.0000,[  3.1715932 -39.869526    6.238434 ],20.0000,6.0000,[ 41.350296 -40.         0.      ],20.0000,4.0000,[41.350296 40.        0.      ],20.0000,4.0000
4,[ 4.205006  40.508114   0.7502734],20.0000,6.0000,[4.214351   0.56318015 0.01959706],20.0000,6.0000,[ 4.2613025e+00 -3.9935131e+01  2.6210587e-02],20.0000,6.0000,[ 41.977345 -40.         0.      ],20.0000,4.0000,[41.977345 40.        0.      ],20.0000,4.0000
5,[ 5.127201  41.119644   0.9665978],20.0000,6.0000,[5.304333   0.65402555 0.11286999],20.0000,6.0000,[  5.3534303  -39.942764     0.23521681],20.0000,0.0000,[ 42.588062 -40.         0.      ],20.0000,4.0000,[42.588062 40.        0.      ],20.0000,4.0000
6,[ 5.904924  41.909145   1.1564748],20.0000,6.0000,[6.384793   0.81355864 0.3418755 ],20.0000,0.0000,[  6.4304733 -39.75325     6.2189875],20.0000,6.0000,[ 43.188213 -40.         0.      ],20.0000,4.0000,[43.188213 40.        0.      ],20.0000,4.0000
7,[ 6.519061  42.831505   1.3313377],20.0000,6.0000,[7.414452   1.1759186  0.05578372],20.0000,6.0000,[ 7.5199080e+00 -3.9821255e+01  1.2105817e-02],20.0000,0.0000,[ 43.781395 -40.         0.      ],20.0000,4.0000,[43.781395 40.        0.      ],20.0000,4.0000
8,[ 6.959681  43.847546   1.5021853],20.0000,6.0000,[8.501304   1.2905529  0.14701839],20.0000,6.0000,[  8.6114   -39.809597   5.956629],20.0000,6.0000,[ 44.36992 -40.        0.     ],20.0000,4.0000,[44.36992 40.       0.     ],20.0000,4.0000
9,[ 7.2181773 44.92391    1.6746097],20.0000,0.0000,[9.577516   1.4745371  0.37119347],20.0000,0.0000,[  9.667511  -40.09407     6.0352435],20.0000,6.0000,[ 44.955315 -40.         0.      ],20.0000,4.0000,[44.955315 40.        0.      ],20.0000,4.0000
10,[ 7.269163  46.026684   1.2991167],20.0000,6.0000,[10.599726    1.8576337   0.08173379],20.0000,6.0000,[ 10.735468  -40.3233      6.2590046],20.0000,0.0000,[ 45.538586 -40.         0.      ],20.0000,4.0000,[45.538586 40.        0.      ],20.0000,4.0000
11,[ 7.606189  47.06591    1.3087021],20.0000,6.0000,[11.683932    1.9919478   0.17128213],20.0000,6.0000,[ 11.826705  -40.349583    5.9719844],20.0000,6.0000,[ 46.12042 -40.        0.     ],20.0000,4.0000,[46.12042 40.       0.     ],20.0000,4.0000
12,[ 7.937286  48.10724    1.4909536],20.0000,6.0000,[12.756542    2.1951728   0.39301056],20.0000,0.0000,[ 12.883533  -40.628773    6.0632024],20.0000,6.0000,[ 46.701275 -40.         0.      ],20.0000,4.0000,[46.701275 40.        0.      ],20.0000,4.0000
13,[ 8.114409  49.188107   1.7315782],20.0000,0.0000,[13.772349    2.5951777   0.10200365],20.0000,6.0000,[ 1.3954823e+01 -4.0839943e+01  5.1444517e-03],20.0000,0.0000,[ 47.281464 -40.         0.      ],20.0000,4.0000,[47.281464 40.        0.      ],20.0000,4.0000
14,[ 8.057174  50.28464    1.4267653],20.0000,6.0000,[14.854109   2.7465737  0.1905104],20.0000,6.0000,[ 15.046417 -40.84532    5.999616],20.0000,6.0000,[ 47.861195 -40.         0.      ],20.0000,4.0000,[47.861195 40.        0.      ],20.0000,4.0000
15,[ 8.249083 51.35978   1.48067 ],20.0000,6.0000,[15.923377   2.9664223  0.4109316],20.0000,0.0000,[ 16.107737 -41.104877   6.089624],20.0000,6.0000,[ 48.440613 -40.         0.      ],20.0000,4.0000,[48.440613 40.        0.      ],20.0000,4.0000
16,[ 8.397035 52.44241   1.681256],20.0000,0.0000,[16.933222    3.3814242   0.11914002],20.0000,6.0000,[ 1.7182638e+01 -4.1295803e+01  2.8824264e-02],20.0000,0.0000,[ 49.01982 -40.        0.     ],20.0000,4.0000,[49.01982 40.       0.     ],20.0000,4.0000
17,[ 8.352934  53.535767   1.3768115],20.0000,6.0000,[18.012577    3.548435    0.20700055],20.0000,6.0000,[ 18.274252 -41.282192   6.021414],20.0000,6.0000,[ 49.598885 -40.         0.      ],20.0000,4.0000,[49.598885 40.        0.      ],20.0000,4.0000
18,[ 8.56788   54.605957   1.4486245],20.0000,6.0000,[19.078573    3.7835066   0.42667592],20.0000,0.0000,[ 19.339455 -41.524235   6.110225],20.0000,6.0000,[ 50.17785 -40.        0.     ],20.0000,4.0000,[50.17785 40.       0.     ],20.0000,4.0000
19,[ 8.725597  55.68634    1.6587086],20.0000,6.0000,[20.082626   4.2124505  0.1344534],20.0000,6.0000,[ 20.417229   -41.69774      0.04783114],20.0000,0.0000,[ 50.756744 -40.         0.      ],20.0000,4.0000,[50.756744 40.        0.      ],20.0000,4.0000
20,[ 8.703992  56.780224   1.9117634],20.0000,0.0000,[21.159534    4.394204    0.22190973],20.0000,6.0000,[ 21.508581  -41.66747     6.0394435],20.0000,6.0000,[ 51.33559 -40.        0.     ],20.0000,4.0000,[51.33559 40.       0.     ],20.0000,4.0000
21,[ 8.442286  57.845592   1.6156688],20.0000,0.0000,[22.222237    4.643688    0.44114244],20.0000,0.0000,[ 22.577135 -41.893642   6.127495],20.0000,6.0000,[ 51.91441 -40.        0.     ],20.0000,4.0000,[51.91441 40.       0.     ],20.0000,4.0000
22,[ 8.406753  58.93665    1.1258283],20.0000,0.0000,[23.220531    5.0859423   0.14867094],20.0000,6.0000,[ 23.657297   -42.051365     0.06420025],20.0000,0.0000,[ 52.493206 -40.         0.      ],20.0000,4.0000,[52.493206 40.        0.      ],20.0000,4.0000
23,[ 8.770623  59.972443   0.6232662],20.0000,0.0000,[24.29491     5.2818995   0.23587355],20.0000,6.0000,[ 24.748167 -42.005707   6.055286],20.0000,6.0000,[ 53.071987 -40.         0.      ],20.0000,4.0000,[53.071987 40.        0.      ],20.0000,4.0000
24,[ 9.521437   60.79807     0.14962299],20.0000,0.0000,[25.35424     5.5453005   0.45483744],20.0000,0.0000,[ 25.819693 -42.216984   6.142862],20.0000,6.0000,[ 53.650757 -40.         0.      ],20.0000,4.0000,[53.650757 40.        0.      ],20.0000,4.0000
25,[10.557596 61.24734   6.042872],20.0000,6.0000,[26.346739    6.0004606   0.16221744],20.0000,6.0000,[ 26.901903   -42.359837     0.07903844],20.0000,0.0000,[ 54.22952 -40.        0.     ],20.0000,4.0000,[54.22952 40.       0.     ],20.0000,4.0000
26,[11.682191  61.250385   6.2771645],20.0000,0.0000,[27.418474    6.2102776   0.24926051],20.0000,6.0000,[ 27.992098 -42.29952    6.069824],20.0000,6.0000,[ 54.808277 -40.         0.      ],20.0000,4.0000,[54.808277 40.        0.      ],20.0000,4.0000
27,[12.774552 61.381405  6.138567],20.0000,6.0000,[28.474327    6.4872775   0.46805882],20.0000,0.0000,[ 29.066305 -42.496468   6.157102],20.0000,6.0000,[ 55.387035 -40.         0.      ],20.0000,4.0000,[55.387035 40.        0.      ],20.0000,4.0000
28,[1.3874188e+01 6.1357841e+01 2.8585721e-02],20.0000,0.0000,[29.460947    6.9550705   0.17534848],20.0000,6.0000,[ 30.150303   -42.624977     0.09295949],20.0000,6.0000,[ 55.965786 -40.         0.      ],20.0000,4.0000,[55.965786 40.        0.      ],20.0000,4.0000
29,[14.9628725 61.473797   6.0447464],20.0000,6.0000,[30.529911   7.17852    0.2622912],20.0000,6.0000,[ 31.241295  -42.568188    0.3509347],20.0000,6.0000,[ 56.54454 -40.        0.     ],20.0000,4.0000,[56.54454 40.       0.     ],20.0000,4.0000
30,[16.05356  61.33949   6.156973],20.0000,0.0000,[31.582157    7.468907    0.48098665],20.0000,0.0000,[ 32.30197  -42.290325   0.614203],20.0000,6.0000,[ 57.12329 -40.        0.     ],20.0000,4.0000,[57.12329 40.       0.     ],20.0000,4.0000
31,[17.148182 61.294693  5.865268],20.0000,6.0000,[32.562794    7.949135    0.18822062],20.0000,6.0000,[ 33.28186   -41.78581     0.8607922],20.0000,6.0000,[ 57.70204 -40.        0.     ],20.0000,4.0000,[57.70204 40.       0.     ],20.0000,4.0000
32,[18.20253  60.979446  5.974275],20.0000,0.0000,[33.628845    8.186062    0.27510014],20.0000,6.0000,[ 34.131035 -41.076347   1.07811 ],20.0000,6.0000,[ 58.28079 -40.        0.     ],20.0000,4.0000,[58.28079 40.       0.     ],20.0000,4.0000
33,[19.273573 60.745224  5.688252],20.0000,6.0000,[34.677345    8.489685    0.49373144],20.0000,0.0000,[ 34.816315  -40.205334    1.2682157],20.0000,6.0000,[ 58.85954 -40.        0.     ],20.0000,4.0000,[58.85954 40.       0.     ],20.0000,4.0000
34,[20.258978 60.25374   5.802312],20.0000,6.0000,[35.65188     8.982197    0.20093079],20.0000,6.0000,[ 35.323963  -39.220303    1.4429396],20.0000,6.0000,[ 59.43829 -40.        0.     ],20.0000,4.0000,[59.43829 40.       0.     ],20.0000,4.0000
35,[21.266987  59.825985   6.0717096],20.0000,0.0000,[36.714863    9.232489    0.28777054],20.0000,6.0000,[ 35.64876   -38.161522    1.6135955],20.0000,6.0000,[ 60.017036 -40.         0.      ],20.0000,4.0000,[60.017036 40.        0.      ],20.0000,5.0000
36,[22.339973  59.623646   5.8108864],20.0000,6.0000,[37.75947    9.549236   0.5063616],20.0000,0.0000,[ 35.785984  -37.06309     1.7859055],20.0000,6.0000,[ 60.595787 -40.         0.      ],20.0000,4.0000,[60.595787   39.99703     0.09175865],20.0000,4.0000
37,[23.347088  59.19569    5.9110723],20.0000,6.0000,[38.727768   10.053908    0.21353938],20.0000,6.0000,[ 35.731567 -35.957676   1.960931],20.0000,6.0000,[ 61.174534 -40.         0.      ],20.0000,4.0000,[61.174072   40.028606    0.12537725],20.0000,4.0000
38,[24.378992  58.837395   6.1448393],20.0000,0.0000,[39.787537   10.317479    0.30035406],20.0000,6.0000,[ 35.485397  -34.878666    2.1377146],20.0000,6.0000,[ 61.753284 -40.         0.      ],20.0000,4.0000,[61.751667   40.07411     0.13682085],20.0000,4.0000
39,[25.459984 58.685917  5.860981],20.0000,6.0000,[40.828106  10.64726    0.5189199],20.0000,0.0000,[ 35.053596 -33.85958    2.315105],20.0000,6.0000,[ 62.33203 -40.        0.     ],20.0000,4.0000,[62.328793   40.12555     0.13925338],20.0000,4.0000
40,[26.478642  58.28973    5.9529533],20.0000,6.0000,[41.790024   11.163984    0.22608413],20.0000,6.0000,[ 34.448986  -32.932457    2.4924333],20.0000,6.0000,[ 62.910778 -40.         0.      ],20.0000,4.0000,[62.905632   40.179535    0.13813147],20.0000,4.0000
41,[27.51965   57.960384   6.1779027],20.0000,6.0000,[42.846416   11.440763    0.31288305],20.0000,6.0000,[ 33.69041  -32.126396   2.669507],20.0000,6.0000,[ 63.48953 -40.        0.     ],20.0000,3.0000,[63.48229    40.234608    0.13577133],20.0000,4.0000
42,[28.601974   57.81555     0.15626176],20.0000,6.0000,[43.88279    11.783502    0.53143305],20.0000,0.0000,[ 32.801727  -31.466528    2.8463824],20.0000,6.0000,[ 64.068275  -39.99703     6.1914268],20.0000,4.0000,[64.05883    40.29014     0.13313591],20.0000,4.0000
43,[29.694508   57.894783    0.42290926],20.0000,6.0000,[44.838192   12.31218     0.23858875],20.0000,6.0000,[ 31.810793  -30.973347    3.0231726],20.0000,6.0000,[ 64.64657  -40.028606   6.157808],20.0000,4.0000,[64.63528    40.34588     0.13060023],20.0000,4.0000
44,[30.749107   58.21121     0.67511016],20.0000,6.0000,[45.891052   12.602105    0.32537773],20.0000,6.0000,[ 30.748566 -30.662163   3.199955],20.0000,0.0000,[ 65.22416   -40.07411     6.1463647],20.0000,4.0000,[65.21166    40.401733    0.12828788],20.0000,4.0000
45,[31.712286   58.754677    0.89870596],20.0000,6.0000,[46.923073  12.957733   0.5439177],20.0000,0.0000,[ 29.649208  -30.56046     2.8262076],20.0000,0.0000,[ 65.801285 -40.12555    6.143932],20.0000,4.0000,[65.78799    40.45767     0.12622064],20.0000,4.0000
46,[32.541477 59.489838  1.093262],20.0000,6.0000,[47.871815   13.49827     0.25106812],20.0000,6.0000,[ 28.620432 -30.194483   2.285186],20.0000,0.0000,[ 66.37812  -40.179535   6.145054],20.0000,4.0000,[66.36427    40.51368     0.12438279],20.0000,4.0000
47,[33.213432  60.37116    1.2697939],20.0000,6.0000,[48.920982   13.801287    0.33785087],20.0000,6.0000,[ 27.815693  -29.447523    1.7726483],20.0000,0.0000,[ 66.95478   -40.234608    6.1474137],20.0000,4.0000,[66.94051    40.56977     0.12274771],20.0000,4.0000
48,[33.71652   61.35792    1.4404941],20.0000,6.0000,[49.948494   14.169737    0.55638456],20.0000,6.0000,[ 27.365751 -28.425425   1.298092],20.0000,0.0000,[ 67.53132  -40.29014    6.150049],20.0000,3.0000,[67.516716   40.625946    0.12128814],20.0000,4.0000
49,[34.041313  62.41625    1.6122507],20.0000,0.0000,[50.899857   14.706901    0.81408346],20.0000,6.0000,[ 27.378824  -27.295643    0.9114281],20.0000,0.0000,[ 68.10816   -40.342934    6.0608263],20.0000,4.0000,[68.092896   40.68221     0.11997961],20.0000,5.0000
50,[34.161007  63.513702   1.2362441],20.0000,6.0000,[51.725586  15.428482   1.0769687],20.0000,0.0000,[ 27.819769  -26.256367    0.5979748],20.0000,0.0000,[ 68.68172  -40.43053    6.029681],20.0000,4.0000,[68.669395   40.73561     0.21055987],20.0000,4.0000
51,[34.562576  64.52973    1.2456533],20.0000,6.0000,[52.362232  16.325428   0.7723637],20.0000,6.0000,[ 28.571062   -25.420399     0.29663497],20.0000,0.0000,[ 69.253044  -40.53292     6.0219035],20.0000,4.0000,[69.2424     40.823643    0.24299733],20.0000,4.0000
52,[34.95852  65.548164  1.427855],20.0000,6.0000,[53.17658   17.053782   0.8176167],20.0000,6.0000,[ 29.539518  -24.854567    6.2596326],20.0000,6.0000,[ 69.82307   -40.641586    6.0235534],20.0000,4.0000,[69.81326   40.926125   0.2524627],20.0000,4.0000
53,[35.20334   66.61573    1.6684889],20.0000,0.0000,[53.965324  17.810555   1.0130923],20.0000,6.0000,[ 30.636452   -24.639063     0.19220425],20.0000,0.0000,[ 70.39237  -40.752697   6.028503],20.0000,4.0000,[70.38292    41.03479     0.25257313],20.0000,4.0000
54,[35.21527   67.713684   1.3637185],20.0000,6.0000,[54.627907  18.683758   1.2558872],20.0000,0.0000,[ 3.1682850e+01 -2.4301809e+01  1.8286817e-02],20.0000,6.0000,[ 70.96128   -40.86461     6.0341296],20.0000,4.0000,[70.951935   41.145985    0.24920574],20.0000,5.0000
55,[35.47449  68.774605  1.417675],20.0000,6.0000,[55.08665   19.68233    0.9479312],20.0000,6.0000,[ 32.771683   -24.143084     0.17700595],20.0000,0.0000,[ 71.52995  -40.97666    6.039416],20.0000,4.0000,[71.52133   41.255245   0.3366365],20.0000,4.0000
56,[35.690277 69.84578   1.618287],20.0000,0.0000,[55.755997  20.545504   0.9969796],20.0000,6.0000,[ 33.83024  -23.86176    6.190483],20.0000,6.0000,[ 72.09848   -41.08865     6.0440574],20.0000,4.0000,[72.08411   41.399223   0.3657746],20.0000,4.0000
57,[35.715046  70.93974    1.3138564],20.0000,6.0000,[56.39297  21.43351   1.195052],20.0000,0.0000,[ 3.4929340e+01 -2.3831173e+01  2.0876603e-02],20.0000,0.0000,[ 72.6669   -41.20054    6.048036],20.0000,4.0000,[72.643005  41.558086   0.3710625],20.0000,4.0000
58,[35.996883  71.99429    1.3856794],20.0000,6.0000,[56.86672   22.420038   0.8892094],20.0000,6.0000,[ 36.018642  -23.711935    6.0154905],20.0000,6.0000,[ 73.23524   -41.31235     6.0514293],20.0000,4.0000,[73.19983    41.72306     0.36695877],20.0000,4.0000
59,[36.22224   73.062614   1.5957675],20.0000,0.0000,[57.55893   23.264057   0.9599857],20.0000,6.0000,[ 37.108715 -23.864315   6.126488],20.0000,0.0000,[ 73.803505  -41.424126    6.0543337],20.0000,4.0000,[73.75562    41.890194    0.35991204],20.0000,4.0000
60,[36.251648  74.15524    1.2982727],20.0000,6.0000,[58.206104  24.14344    1.1696504],20.0000,6.0000,[ 38.202976  -23.932858    5.8420534],20.0000,6.0000,[ 74.37171   -41.535904    6.0568376],20.0000,4.0000,[74.31091    42.057816    0.35264453],20.0000,4.0000
61,[36.536083  75.20913    1.3779103],20.0000,6.0000,[58.701622  25.11895    1.4224714],20.0000,0.0000,[ 39.252056  -24.267551    5.9567566],20.0000,0.0000,[ 74.939865 -41.64771    6.059014],20.0000,4.0000,[74.86596    42.225327    0.34612793],20.0000,4.0000
62,[36.757816  76.278      1.5913751],20.0000,6.0000,[58.971886  26.182238   1.1260828],20.0000,6.0000,[ 40.31955  -24.518377   5.675846],20.0000,6.0000,[ 75.50796  -41.759567   6.060921],20.0000,4.0000,[75.420876   42.39258     0.34057656],20.0000,4.0000
63,[36.799355  77.37064    1.8465835],20.0000,0.0000,[59.469982  27.15403    1.1864648],20.0000,6.0000,[ 41.299    -25.021738   5.792141],20.0000,6.0000,[ 76.07601  -41.87149    6.062605],20.0000,4.0000,[75.97571    42.559593    0.33592275],20.0000,4.0000
64,[36.599857  78.44861    1.5540915],20.0000,0.0000,[59.923416  28.14809    1.3899935],20.0000,0.0000,[ 42.302486 -25.45995    6.06254 ],20.0000,0.0000,[ 76.64402   -41.983486    6.0641017],20.0000,4.0000,[76.530464   42.72644     0.33202145],20.0000,4.0000
65,[36.62669   79.53986    1.0688008],20.0000,0.0000,[60.193893  29.208288   1.0868876],20.0000,6.0000,[ 43.373474 -25.672556   5.801891],20.0000,6.0000,[ 77.21198   -42.095566    6.0654397],20.0000,4.0000,[77.08515    42.893185    0.32872742],20.0000,4.0000
66,[37.046234   80.554756    0.56750995],20.0000,0.0000,[60.70524 30.17267  1.15947],20.0000,6.0000,[ 44.376488 -26.109955   5.902065],20.0000,6.0000,[ 77.77991  -42.20773    6.066643],20.0000,4.0000,[77.639786   43.059887    0.32591873],20.0000,4.0000
67,[37.840897   81.33881     0.09557569],20.0000,0.0000,[61.16404   31.163418   1.3698529],20.0000,6.0000,[ 45.40499  -26.477858   6.135683],20.0000,0.0000,[ 78.3478  -42.31998   6.06773],20.0000,4.0000,[78.19435    43.226585    0.32349914],20.0000,4.0000
68,[38.89978   81.73179    5.9907866],20.0000,0.0000,[61.45458   32.218204   1.6230499],20.0000,6.0000,[ 46.484512  -26.639496    5.8517118],20.0000,6.0000,[ 78.915665  -42.43232     6.0687165],20.0000,4.0000,[78.74886    43.39331     0.32139456],20.0000,4.0000
69,[40.02803  81.69295   5.675295],20.0000,6.0000,[61.524586  33.31491    1.8776556],20.0000,6.0000,[ 47.499355  -27.045317    5.9436407],20.0000,6.0000,[ 79.4835    -42.544746    6.0696144],20.0000,4.0000,[79.30332    43.560085    0.31954795],20.0000,4.0000
70,[41.067158  81.27523    5.9238734],20.0000,0.0000,[61.35404   34.40591    2.1110916],20.0000,6.0000,[ 48.53719   -27.384518    6.1685185],20.0000,6.0000,[ 80.0513   -42.657257   6.070435],20.0000,4.0000,[79.85773   43.72692    0.3179152],20.0000,4.0000
71,[42.133533 81.00996   5.768985],20.0000,6.0000,[60.95312   35.438293   2.3156576],20.0000,6.0000,[ 49.61809    -27.53965      0.14683121],20.0000,0.0000,[ 80.61907  -42.76986    6.071188],20.0000,4.0000,[80.41208    43.89383     0.31646177],20.0000,4.0000
72,[43.14857  80.58751   5.931282],20.0000,0.0000,[60.35431  36.370903  2.49799 ],20.0000,6.0000,[ 50.708733  -27.453207    6.1460786],20.0000,6.0000,[ 81.18682 -42.88254   6.07188],20.0000,4.0000,[80.966385   44.060818    0.31516027],20.0000,4.0000
73,[44.202484 80.29093   5.658712],20.0000,6.0000,[59.59477   37.1774     2.6702743],20.0000,0.0000,[ 51.788982 -27.610075   6.224072],20.0000,6.0000,[ 81.75455  -42.995304   6.072518],20.0000,4.0000,[81.520645  44.22789    0.3139887],20.0000,4.0000
74,[45.16317   79.757      5.7695184],20.0000,6.0000,[58.698433 37.82257   2.290899],20.0000,0.0000,[ 52.876907   -27.703688     0.15300995],20.0000,6.0000,[ 82.32225   -43.10815     6.0731072],20.0000,4.0000,[82.07487    44.395042    0.31292912],20.0000,4.0000
75,[46.151592  79.28752    6.0286026],20.0000,0.0000,[58.00004   38.66194    1.7470921],20.0000,0.0000,[ 53.967735  -27.615316    0.4061056],20.0000,0.0000,[ 82.88993   -43.22107     6.0736537],20.0000,4.0000,[82.62904    44.56228     0.31196687],20.0000,4.0000
76,[47.21352   79.03398    5.7613206],20.0000,6.0000,[57.69076   39.715584   1.2342253],20.0000,6.0000,[ 55.0152     -27.28805      0.10863286],20.0000,6.0000,[ 83.45759   -43.334064    6.0741606],20.0000,4.0000,[83.18318   44.729603   0.3110897],20.0000,4.0000
77,[48.19655   78.55379    5.8591576],20.0000,0.0000,[57.844612  40.81819    1.3106968],20.0000,6.0000,[ 56.10394    -27.20291      0.16732813],20.0000,6.0000,[ 84.02523  -43.447132   6.074632],20.0000,4.0000,[83.73729    44.897007    0.31028733],20.0000,4.0000
78,[49.214935  78.156746   5.5405064],20.0000,6.0000,[57.99381   41.90803    1.6194005],20.0000,0.0000,[ 57.188396   -27.069353     0.36998487],20.0000,6.0000,[ 84.59286   -43.56027     6.0750713],20.0000,4.0000,[84.29135    45.064495    0.30955115],20.0000,4.0000
79,[50.098537  77.50517    5.6316495],20.0000,6.0000,[57.888935 42.995777  1.392069],20.0000,6.0000,[ 58.240135  -26.762436    0.6169089],20.0000,6.0000,[ 85.16046   -43.673473    6.0754814],20.0000,4.0000,[84.84539    45.232063    0.30887374],20.0000,4.0000
80,[51.01112   76.901764   5.8783503],20.0000,0.0000,[57.993797  44.086052   1.5057359],20.0000,6.0000,[ 59.212227   -26.24621      0.86294127],20.0000,6.0000,[ 85.72805  -43.786743   6.075865],20.0000,4.0000,[85.39939    45.39971     0.30824882],20.0000,4.0000
81,[52.02334  76.4926    5.606574],20.0000,6.0000,[58.015884  45.178482   1.7489084],20.0000,0.0000,[ 60.05439   -25.530228    1.0865535],20.0000,0.0000,[ 86.29562  -43.900078   6.076224],20.0000,3.0000,[85.95337   45.567432   0.3076709],20.0000,3.0000
82,[52.9216    75.867874   5.7032914],20.0000,6.0000,[57.81928   46.25219    1.4693307],20.0000,6.0000,[ 60.7142    -24.643942    0.7329189],20.0000,6.0000,[ 86.86379  -44.010563   5.984802],20.0000,4.0000,[86.50642   45.738064   0.2153766],20.0000,4.0000
83,[53.857067  75.3039     5.9352975],20.0000,0.0000,[57.871113 47.34411   1.56256 ],20.0000,6.0000,[ 61.56251  -23.9548     0.743227],20.0000,6.0000,[ 87.42488  -44.15499    5.951557],20.0000,4.0000,[87.06878   45.87551    0.1812902],20.0000,4.0000
84,[54.88287   74.930786   5.6508183],20.0000,6.0000,[57.851837  48.435856   1.7886983],20.0000,0.0000,[ 62.405685  -23.259134    0.9237148],20.0000,0.0000,[ 87.98248  -44.31324    5.940863],20.0000,4.0000,[87.63439    45.999756    0.16900247],20.0000,4.0000
85,[55.796494 74.33085   5.742626],20.0000,6.0000,[57.626328  49.503914   1.5003604],20.0000,6.0000,[ 63.12694   -22.435999    0.6113344],20.0000,0.0000,[ 88.53839  -44.477375   5.939364],20.0000,4.0000,[88.20126    46.118416    0.16548243],20.0000,3.0000
86,[56.745842 73.79149   5.967531],20.0000,0.0000,[57.65535  50.596134  1.590489],20.0000,6.0000,[ 64.01317    -21.798605     0.12972407],20.0000,6.0000,[ 89.09347  -44.643986   5.941418],20.0000,3.0000,[8.8768127e+01 4.6237587e+01 7.3718004e-02],20.0000,4.0000
87,[57.77962  73.440865  5.678523],20.0000,6.0000,[57.61434   51.687088   1.8129519],20.0000,0.0000,[ 65.079704   -21.535952     0.18105645],20.0000,0.0000,[ 89.64912  -44.808784   5.852856],20.0000,4.0000,[8.9342247e+01 4.6321606e+01 4.1684017e-02],20.0000,4.0000
88,[58.704094 72.85863   5.768326],20.0000,6.0000,[57.369843  52.751057   1.5223922],20.0000,0.0000,[ 66.134796  -21.237705    6.1481457],20.0000,6.0000,[ 90.19472  -45.007496   5.822798],20.0000,4.0000,[8.9918625e+01 4.6390442e+01 3.3657156e-02],20.0000,4.0000
89,[59.6632    72.33715    5.9903865],20.0000,6.0000,[57.36295   53.844223   1.0606711],20.0000,0.0000,[ 67.237076  -21.232597    6.2551823],20.0000,0.0000,[ 90.73505   -45.220585    5.8165526],20.0000,4.0000,[9.0495605e+01 4.6452724e+01 3.5322271e-02],20.0000,4.0000
90,[60.697754 71.987114  6.250135],20.0000,6.0000,[57.74232  54.882755  0.572599],20.0000,0.0000,[ 68.33132   -21.15163     5.9764643],20.0000,6.0000,[ 91.27275   -45.43961     5.8197813],20.0000,4.0000,[9.1072601e+01 4.6512390e+01 4.0380254e-02],20.0000,3.0000
91,[61.785507   71.85417     0.23216607],20.0000,6.0000,[58.51596    55.69726     0.13544431],20.0000,0.0000,[ 69.41724   -21.338165    6.0962987],20.0000,0.0000,[ 91.80922  -45.660767   5.826112],20.0000,4.0000,[91.64933   46.57413    6.2375584],20.0000,4.0000
92,[62.88179    71.96146     0.48201752],20.0000,6.0000,[59.557945  56.13502    6.0671544],20.0000,6.0000,[ 70.50958   -21.436247    5.8199964],20.0000,6.0000,[ 92.34514  -45.88247    5.832836],20.0000,4.0000,[92.229904 46.600815  6.209538],20.0000,4.0000
93,[63.93215    72.30848     0.70292705],20.0000,6.0000,[6.0680164e+01 5.6156403e+01 3.0008074e-02],20.0000,0.0000,[ 71.551285  -21.79349     5.9382644],20.0000,6.0000,[ 92.88081   -46.10412     5.8389554],20.0000,3.0000,[92.81106  46.612095  6.20535 ],20.0000,4.0000
94,[64.888725  72.86804    0.8955312],20.0000,6.0000,[61.767284  56.320454   6.1685133],20.0000,6.0000,[ 72.60778   -22.081205    6.2094793],20.0000,0.0000,[ 93.417656 -46.322876   5.75246 ],20.0000,4.0000,[93.391945 46.616985  6.210422],20.0000,4.0000
95,[65.720505  73.600365   1.0712405],20.0000,6.0000,[6.2866814e+01 5.6327042e+01 5.3270873e-02],20.0000,0.0000,[ 73.69832  -22.135149   5.948937],20.0000,6.0000,[ 93.94138  -46.573914   5.723442],20.0000,4.0000,[93.97242   46.61962    6.2182393],20.0000,4.0000
96,[66.40806   74.468666   1.2418963],20.0000,6.0000,[63.952335  56.46921    6.0662146],20.0000,6.0000,[ 74.754456  -22.421267    6.0490847],20.0000,0.0000,[ 94.45852  -46.838577   5.717904],20.0000,4.0000,[94.55253  46.621758  6.226077],20.0000,4.0000
97,[66.93508   75.44217    1.4138845],20.0000,6.0000,[65.04572   56.358646   6.1773868],20.0000,6.0000,[ 75.82982   -22.61751     5.7320065],20.0000,6.0000,[ 94.972496  -47.108776    5.7216463],20.0000,4.0000,[95.132355 46.62402   6.233002],20.0000,4.0000
98,[67.28626   76.49174    1.5886393],20.0000,0.0000,[66.13919    56.318913    0.15283789],20.0000,6.0000,[ 76.82172   -23.088308    5.8238783],20.0000,6.0000,[ 95.48505   -47.380898    5.7283463],20.0000,4.0000,[95.71196   46.626556   6.2388444],20.0000,4.0000
99,[67.431595  77.58606    1.2147462],20.0000,6.0000,[67.21746    56.48874     0.43570483],20.0000,0.0000,[ 77.83295   -23.505894    6.0712237],20.0000,6.0000,[ 95.997025 -47.65344    5.73533 ],20.0000,4.0000,[96.2914    46.629337   6.2437067],20.0000,4.0000
100,[67.85532   78.59307    1.2248063],20.0000,6.0000,[68.22697    56.90661     0.16011979],20.0000,6.0000,[ 7.890110e+01 -2.373072e+01  6.712586e-02],20.0000,0.0000,[ 96.50877  -47.925865   5.74163 ],20.0000,3.0000,[96.87071  46.63229   6.247761],20.0000,3.0000
101,[68.27289   79.60285    1.4071721],20.0000,6.0000,[69.30262    57.092644    0.24776718],20.0000,6.0000,[ 79.993225  -23.702522    6.0738335],20.0000,6.0000,[ 97.02197   -48.195496    5.6552615],20.0000,4.0000,[97.45004  46.638306  6.159411],20.0000,4.0000
102,[68.5402    80.66505    1.6477466],20.0000,6.0000,[70.363815  57.34857    0.4642142],20.0000,6.0000,[ 81.06389   -23.915508    6.1617155],20.0000,6.0000,[ 97.51901   -48.495975    5.6263323],20.0000,4.0000,[98.02966   46.609478   6.1288414],20.0000,4.0000
103,[68.593025  81.763916   1.8933376],20.0000,0.0000,[71.368576   57.779922    0.72032446],20.0000,6.0000,[ 82.14616    -24.057981     0.09522124],20.0000,6.0000,[ 98.00817  -48.809383   5.620878],20.0000,4.0000,[98.60856   46.565693   6.1216245],20.0000,4.0000
104,[68.392746  82.84788    1.5685698],20.0000,6.0000,[72.26796    58.409943    0.97858876],20.0000,0.0000,[ 83.2387     -24.016375     0.35152763],20.0000,0.0000,[ 98.49364  -49.127983   5.624693],20.0000,4.0000,[99.186775  46.51555    6.1237884],20.0000,4.0000
105,[68.44791  83.939316  1.597791],20.0000,6.0000,[72.99746    59.23475     0.66611737],20.0000,6.0000,[ 8.429813e+01 -2.373492e+01  5.974210e-02],20.0000,6.0000,[ 98.977516  -49.448353    5.6314516],20.0000,3.0000,[99.764496  46.46294    6.1291695],20.0000,4.0000
106,[68.478264  85.03208    1.7860368],20.0000,0.0000,[73.88691   59.869514   0.7038605],20.0000,6.0000,[ 85.389275   -23.695572     0.12562934],20.0000,6.0000,[ 99.46258  -49.766716   5.54672 ],20.0000,4.0000,[100.34189   46.40955    6.135133],20.0000,4.0000
107,[68.32549 86.11602  1.47562],20.0000,6.0000,[74.75769   60.530415   0.8957505],20.0000,0.0000,[ 86.47769    -23.60205      0.33188492],20.0000,0.0000,[ 99.92845   -50.114513    5.5196133],20.0000,4.0000,[100.91906    46.356033    6.1406736],20.0000,4.0000
108,[68.43659   87.20193    1.5439674],20.0000,6.0000,[75.50462   61.330708   0.5864583],20.0000,6.0000,[ 8.7533310e+01 -2.3314978e+01  3.0376118e-02],20.0000,0.0000,[100.38499   -50.474537    5.5162477],20.0000,4.0000,[101.49607   46.302605   6.145505],20.0000,3.0000
109,[68.4927   88.292366  1.75269 ],20.0000,0.0000,[76.41834   61.927925   0.6548268],20.0000,6.0000,[ 88.623886  -23.266096    5.8369503],20.0000,6.0000,[100.83727   -50.83925     5.5220075],20.0000,4.0000,[102.073364   46.252235    6.0578675],20.0000,4.0000
110,[68.35244   89.376434   1.4545571],20.0000,0.0000,[77.30095   62.57078    0.8635125],20.0000,0.0000,[ 89.66178  -23.62591    5.889312],20.0000,6.0000,[101.28785  -51.205345   5.530351],20.0000,3.0000,[102.64762   46.167145   6.027908],20.0000,4.0000
111,[68.452705  90.46369    0.9830863],20.0000,0.0000,[78.05496   63.362244   0.5652648],20.0000,0.0000,[ 90.702736  -23.96546     6.1245823],20.0000,0.0000,[101.73988  -51.569347   5.44681 ],20.0000,4.0000,[103.21966   46.067158   6.021373],20.0000,4.0000
112,[68.93335    91.45509     0.48693785],20.0000,0.0000,[78.96283    63.968826    0.09356683],20.0000,0.0000,[ 91.78611   -24.103306    5.8538356],20.0000,6.0000,[102.17007  -51.960682   5.420542],20.0000,4.0000,[103.79035    45.96092     6.0241904],20.0000,4.0000
113,[6.9780174e+01 9.2188461e+01 3.1533811e-02],20.0000,0.0000,[80.03567   64.21938    5.8804917],20.0000,0.0000,[ 92.81454   -24.479183    5.9525023],20.0000,0.0000,[102.589775  -52.36323     5.4179087],20.0000,4.0000,[104.3603    45.85233    6.030126],20.0000,4.0000
114,[70.861946  92.515686   5.9464407],20.0000,0.0000,[81.13852   64.0231     5.4247985],20.0000,6.0000,[ 93.86865   -24.77039     5.6383405],20.0000,0.0000,[103.004814  -52.769943    5.4242644],20.0000,3.0000,[104.92983   45.74306    6.036524],20.0000,4.0000
115,[71.985916  92.422745   5.6382084],20.0000,6.0000,[82.06022   63.376854   5.6067705],20.0000,6.0000,[ 94.82656   -25.312748    5.1825447],20.0000,0.0000,[103.42031   -53.17585     5.3412976],20.0000,4.0000,[105.49912   45.63375    6.042391],20.0000,3.0000
116,[73.00689  91.96419   5.883677],20.0000,0.0000,[82.99548  62.79825   6.006905],20.0000,0.0000,[ 95.53117   -26.179096    4.7294497],20.0000,6.0000,[103.811    -53.607327   5.316421],20.0000,4.0000,[106.06897   45.527477   5.955706],20.0000,4.0000
117,[74.061554  91.65583    5.7246656],20.0000,0.0000,[84.05278  62.525654  5.800101],20.0000,0.0000,[ 95.81747  -27.265923   4.896734],20.0000,6.0000,[104.18986   -54.049057    5.3155665],20.0000,4.0000,[106.632454   45.386932    5.9265475],20.0000,4.0000
118,[75.06664  91.20445   5.334878],20.0000,6.0000,[85.056984  62.09022    5.3646374],20.0000,0.0000,[ 96.150536  -28.314184    5.2841244],20.0000,6.0000,[104.56364   -54.494354    5.3235817],20.0000,4.0000,[107.19224   45.231716   5.920873],20.0000,4.0000
119,[75.869255 90.4369    5.449119],20.0000,0.0000,[85.86721  61.335537  4.887449],20.0000,6.0000,[ 96.75166   -29.225386    5.6256714],20.0000,6.0000,[104.9356    -54.940403    5.3336945],20.0000,4.0000,[107.75003    45.07043     5.9244933],20.0000,4.0000
120,[76.70522   89.72147    5.2091026],20.0000,6.0000,[86.30347   60.304203   5.0095696],20.0000,6.0000,[ 97.571815  -29.949257    5.9156446],20.0000,6.0000,[105.30717   -55.386173    5.3431897],20.0000,4.0000,[108.30683    44.906963    5.9310946],20.0000,4.0000
121,[77.365295  88.83767    5.3526144],20.0000,6.0000,[86.756256  59.301273   5.3633657],20.0000,6.0000,[ 98.54222  -30.466782   6.18056 ],20.0000,6.0000,[105.67882   -55.8314      5.3512692],20.0000,4.0000,[108.863144   44.742954    5.9380045],20.0000,4.0000
122,[78.08869   88.01542    5.6405816],20.0000,0.0000,[87.43691   58.447594   5.6995263],20.0000,6.0000,[ 99.610176  -30.751953    0.1298608],20.0000,6.0000,[106.050674 -56.27613    5.35791 ],20.0000,3.0000,[109.41922   44.579002   5.94425 ],20.0000,4.0000
123,[78.97701  87.38062   5.385446],20.0000,6.0000,[88.314896 57.796288  5.989699],20.0000,0.0000,[100.71731    -30.80026      0.32928035],20.0000,0.0000,[106.42507  -56.718685   5.271574],20.0000,4.0000,[109.97516   44.415268   5.949601],20.0000,4.0000
124,[79.71434  86.572464  5.486755],20.0000,0.0000,[89.32895  57.37851   5.707431],20.0000,0.0000,[101.80684  -30.612991   6.239768],20.0000,6.0000,[106.77297  -57.1837     5.242556],20.0000,4.0000,[110.531006   44.25174     5.9541073],20.0000,4.0000
125,[80.517334  85.83099    5.1690016],20.0000,6.0000,[90.236465  56.77179    5.2226396],20.0000,0.0000,[102.895096  -30.712597    6.2429185],20.0000,0.0000,[107.108765  -57.65772     5.2369437],20.0000,4.0000,[111.08678   44.088364   5.957898],20.0000,4.0000
126,[81.10273   84.90242    5.2599816],20.0000,6.0000,[90.86968   55.8753     4.7207303],20.0000,6.0000,[103.98429   -30.792984    5.8707967],20.0000,6.0000,[107.4392  -58.13517   5.24059],20.0000,3.0000,[111.64248    43.925076    5.9611077],20.0000,4.0000
127,[81.732956 84.00823   5.50589 ],20.0000,0.0000,[91.091     54.785557   4.7964797],20.0000,6.0000,[105.00291  -31.188034   5.937437],20.0000,6.0000,[107.770065  -58.612183    5.1554427],20.0000,4.0000,[112.19813   43.76182    5.963851],20.0000,4.0000
128,[82.52642   83.258316   5.2335515],20.0000,6.0000,[91.31528   53.709038   5.0992703],20.0000,6.0000,[106.0377    -31.536205    6.1511927],20.0000,6.0000,[108.07153  -59.10973    5.128985],20.0000,4.0000,[112.75371   43.598564   5.966219],20.0000,4.0000
129,[83.13484   82.34896    5.3300505],20.0000,6.0000,[91.75826  52.710846  5.419262],20.0000,6.0000,[107.115776   -31.709845     0.12593158],20.0000,0.0000,[108.359406  -59.615227    5.1267695],20.0000,4.0000,[113.309235   43.435272    5.9682813],20.0000,4.0000
130,[83.8       81.48254    5.5618362],20.0000,0.0000,[92.431404  51.850277   5.7071276],20.0000,0.0000,[108.207855  -31.645172    6.1242537],20.0000,6.0000,[108.6415   -60.123405   5.133705],20.0000,3.0000,[113.86471    43.27193     5.9700937],20.0000,4.0000
131,[84.61882   80.76072    5.2772317],20.0000,6.0000,[93.29491  51.1758    5.427155],20.0000,6.0000,[109.28459   -31.824528    6.2023478],20.0000,0.0000,[108.92426   -60.630894    5.0512724],20.0000,4.0000,[114.42013   43.108524   5.971698],20.0000,4.0000
132,[85.25032  79.86863   5.368996],20.0000,6.0000,[93.99149  50.33504   5.498385],20.0000,6.0000,[110.37175  -31.922985   5.864008],20.0000,0.0000,[109.175995 -61.15581    5.026808],20.0000,4.0000,[114.9755    42.945045   5.973127],20.0000,4.0000
133,[85.937195 79.01989   5.593842],20.0000,0.0000,[94.73279   49.532608   5.7066507],20.0000,0.0000,[111.40088  -32.295265   5.391466],20.0000,0.0000,[109.41348   -61.68716     5.0263143],20.0000,4.0000,[115.53082   42.781487   5.974408],20.0000,4.0000
134,[86.77157  78.31599   5.304796],20.0000,6.0000,[95.60796   48.87616    5.4056716],20.0000,0.0000,[112.23789   -33.02243     4.9071226],20.0000,6.0000,[109.64512   -62.220448    5.0346174],20.0000,3.0000,[116.086105  42.617844   5.975562],20.0000,4.0000
135,[87.41957   77.43637    5.3945785],20.0000,0.0000,[96.3171    48.046192   4.9289594],20.0000,6.0000,[112.70101  -34.043667   5.034667],20.0000,6.0000,[109.877655  -62.752964    4.9531803],20.0000,4.0000,[116.64134   42.454117   5.976606],20.0000,4.0000
136,[88.13586 76.61191  5.06606],20.0000,6.0000,[96.6715    47.006508   4.9812417],20.0000,6.0000,[113.18013 -35.03448   5.3971 ],20.0000,6.0000,[110.07776  -63.299767   4.929375],20.0000,4.0000,[117.19654   42.290306   5.977555],20.0000,4.0000
137,[88.60951  75.623215  5.150599],20.0000,6.0000,[97.043884  45.97688    5.2161703],20.0000,6.0000,[113.88808  -35.865635   5.736094],20.0000,0.0000,[110.26313  -63.851547   4.929398],20.0000,4.0000,[117.7517     42.12641     5.9784207],20.0000,4.0000
138,[89.13044   74.661865   5.3879786],20.0000,6.0000,[97.58564  45.029106  5.495723],20.0000,6.0000,[114.797485  -36.47093     5.4761662],20.0000,0.0000,[110.44256   -64.40463     4.9380836],20.0000,4.0000,[118.30683    41.962433    5.9792123],20.0000,4.0000
139,[89.812386  73.809555   5.6611385],20.0000,0.0000,[98.31914   44.21907    5.7710004],20.0000,0.0000,[115.5734    -37.239227    5.0181947],20.0000,0.0000,[110.62012   -64.95767     4.9486704],20.0000,3.0000,[118.86192    41.798374    5.9799395],20.0000,4.0000
140,[90.67083  73.133545  5.382812],20.0000,6.0000,[99.223434  43.6002     5.4867764],20.0000,0.0000,[116.04328   -38.235542    4.5246844],20.0000,6.0000,[110.800385 -65.50956    4.866723],20.0000,4.0000,[119.41698   41.63423    5.980609],20.0000,4.0000
141,[91.357796  72.2852     5.4692883],20.0000,0.0000,[99.98186   42.815132   5.0059047],20.0000,6.0000,[116.06782  -39.351273   4.619317],20.0000,6.0000,[110.94765  -66.07236    4.841519],20.0000,4.0000,[119.97201    41.470013    5.9812264],20.0000,4.0000
142,[92.111     71.49514    5.1347027],20.0000,6.0000,[100.39637    41.800095    5.0560613],20.0000,6.0000,[116.10391  -40.45094    4.946544],20.0000,6.0000,[111.080086  -66.63877     4.8397584],20.0000,4.0000,[120.52701    41.305717    5.9817977],20.0000,4.0000
143,[92.62649  70.53008   5.214539],20.0000,6.0000,[100.83195    40.796627    5.2813168],20.0000,6.0000,[116.38687   -41.50562     5.2756124],20.0000,6.0000,[111.20644   -67.20606     4.8467965],20.0000,4.0000,[121.08198    41.14135     5.9823275],20.0000,4.0000
144,[93.19033   69.5944     5.4403377],20.0000,6.0000,[101.42732   39.881702   5.553461],20.0000,6.0000,[116.92559   -42.4564      5.5651145],20.0000,6.0000,[111.33078  -67.77326    4.856085],20.0000,4.0000,[121.636925   40.97691     5.9828196],20.0000,4.0000
145,[93.90558   68.76971    5.7052646],20.0000,6.0000,[102.20247    39.11101     5.8260083],20.0000,0.0000,[117.67007   -43.26333     5.8350196],20.0000,6.0000,[111.45478  -68.340096   4.864962],20.0000,3.0000,[122.19184   40.8124     5.983278],20.0000,4.0000
146,[94.777115  68.107864   5.9745455],20.0000,6.0000,[103.13754   38.53898    5.539719],20.0000,6.0000,[118.58266  -43.884327   6.077055],20.0000,0.0000,[111.58195  -68.9061     4.780844],20.0000,4.0000,[122.74674   40.647823   5.983705],20.0000,4.0000
147,[95.77627  67.64825   6.232129],20.0000,6.0000,[103.92262    37.780106    5.6070623],20.0000,6.0000,[119.61634   -44.27398     5.7352114],20.0000,0.0000,[111.67527  -69.479805   4.753698],20.0000,4.0000,[123.30161    40.48318     5.9841037],20.0000,4.0000
148,[96.85759    67.42021     0.17943084],20.0000,6.0000,[104.74578    37.061817    5.8136673],20.0000,6.0000,[120.52731  -44.87665    5.198884],20.0000,0.0000,[111.75357  -70.05581    4.749999],20.0000,4.0000,[123.85646   40.318478   5.984477],20.0000,4.0000
149,[97.96549    67.42826     0.37945995],20.0000,6.0000,[105.677666   36.486053    6.0625105],20.0000,0.0000,[121.13279  -45.791237   4.684755],20.0000,6.0000,[111.825615 -70.632256   4.755359],20.0000,3.0000,[124.41129    40.153713    5.9848266],20.0000,4.0000
150,[99.05063    67.653984    0.55858237],20.0000,6.0000,[106.71601   36.127937   5.759394],20.0000,6.0000,[121.31323   -46.888195    4.7554975],20.0000,6.0000,[111.898415  -71.20841     4.6715884],20.0000,4.0000,[124.9661     39.98889     5.9851546],20.0000,4.0000
151,[100.07634     68.07238      0.72964877],20.0000,6.0000,[107.642136   35.54894     5.8121657],20.0000,6.0000,[121.49356   -47.972984    5.0551357],20.0000,6.0000,[111.93579  -71.78917    4.646132],20.0000,4.0000,[125.5209     39.824013    5.9854627],20.0000,5.0000
152,[101.013374    68.66205      0.90086335],20.0000,6.0000,[108.59125    35.007305    6.0119257],20.0000,6.0000,[121.89306  -48.989395   5.374499],20.0000,6.0000,[111.9575   -72.37063    4.644785],20.0000,4.0000,[126.07479    39.65624     6.0775113],20.0000,4.0000
153,[101.83468    69.403984    1.0748342],20.0000,6.0000,[109.61714   34.622257   6.257346],20.0000,6.0000,[122.52786   -49.878563    5.6624017],20.0000,0.0000,[111.972946  -72.951744    4.6524143],20.0000,4.0000,[126.63793  39.52169   6.11139],20.0000,4.0000
154,[102.51474    70.277115    1.2510812],20.0000,6.0000,[110.70465     34.451714     0.21904434],20.0000,6.0000,[123.360886  -50.59022     5.3826566],20.0000,6.0000,[111.986435  -73.53235     4.6622486],20.0000,3.0000,[127.20429    39.400448    6.1233892],20.0000,4.0000
155,[103.03142    71.255875    1.4283606],20.0000,6.0000,[111.8081     34.51834     0.4417328],20.0000,6.0000,[124.019875  -51.460747    5.4543233],20.0000,6.0000,[112.0027   -74.11264    4.579796],20.0000,4.0000,[127.77188    39.28487     6.1265507],20.0000,4.0000
156,[103.36776    72.31036     1.6057717],20.0000,6.0000,[112.87576    34.813942    0.6380954],20.0000,6.0000,[124.725464  -52.29472     5.6628175],20.0000,0.0000,[111.98414   -74.69404     4.5542703],20.0000,4.0000,[128.33994    39.17175     6.1261835],20.0000,4.0000
157,[103.51296    73.40767     1.7829533],20.0000,0.0000,[113.86637    35.31063     0.8165844],20.0000,6.0000,[125.57125  -52.98859    5.361997],20.0000,6.0000,[111.9503   -75.274704   4.552259],20.0000,4.0000,[128.90816    39.059715    6.1245217],20.0000,4.0000
158,[103.44514   74.50964    1.409342],20.0000,0.0000,[114.75082    35.977417    0.9883371],20.0000,6.0000,[126.22947   -53.85936     5.4359984],20.0000,6.0000,[111.91035   -75.8545      4.5591073],20.0000,3.0000,[129.47643   38.948174   6.122494],20.0000,4.0000
159,[103.64913    75.58235     0.8682978],20.0000,0.0000,[115.50561   36.787315   1.16033 ],20.0000,6.0000,[126.934685  -54.69285     5.6469345],20.0000,0.0000,[111.871376 -76.43409    4.476502],20.0000,4.0000,[130.04468    38.83688     6.1204724],20.0000,4.0000
160,[104.26395     76.49205      0.35574177],20.0000,6.0000,[116.10909    37.715126    1.3347294],20.0000,6.0000,[127.779686  -55.386055    5.3498635],20.0000,0.0000,[111.7969    -77.01142     4.4518685],20.0000,4.0000,[130.61293  38.72574   6.11859],20.0000,4.0000
161,[105.21122   77.07659    0.431703],20.0000,6.0000,[116.54205    38.733665    1.5110843],20.0000,6.0000,[128.45221  -56.246292   4.879372],20.0000,6.0000,[111.70698  -77.58641    4.451208],20.0000,3.0000,[131.18117   38.61471    6.116881],20.0000,4.0000
162,[106.14581    77.65665     0.7394455],20.0000,6.0000,[116.789825   39.812355    1.6883143],20.0000,6.0000,[128.76512  -57.3005     4.934201],20.0000,6.0000,[111.613945 -78.160614   4.367612],20.0000,4.0000,[131.74939   38.503784   6.115344],20.0000,4.0000
163,[106.929306   78.41743     1.0622419],20.0000,6.0000,[116.843864   40.91787     1.8656471],20.0000,6.0000,[129.09518 -58.34503   5.17551],20.0000,6.0000,[111.48409 -78.72891   4.34455],20.0000,4.0000,[132.31761   38.392952   6.113963],20.0000,4.0000
164,[107.50215    79.34779     1.3508736],20.0000,0.0000,[116.70224    42.015636    2.0427778],20.0000,6.0000,[129.6011   -59.31248    5.459422],20.0000,0.0000,[111.33845   -79.29302     4.3464828],20.0000,4.0000,[132.88583    38.282215    6.1127195],20.0000,4.0000
165,[107.83367   80.39218    1.071035],20.0000,0.0000,[116.36945    43.071304    2.2197008],20.0000,6.0000,[130.31935  -60.135048   5.185694],20.0000,6.0000,[111.18707  -79.854805   4.357176],20.0000,3.0000,[133.45404   38.171574   6.111596],20.0000,4.0000
166,[108.36335    81.346634    0.5915677],20.0000,0.0000,[115.85605    44.051918    2.3965127],20.0000,6.0000,[130.83916   -61.09521     5.2768617],20.0000,6.0000,[111.03719  -80.41649    4.277635],20.0000,4.0000,[134.02226   38.061028   6.110578],20.0000,4.0000
167,[1.0920254e+02 8.2054886e+01 9.1338269e-02],20.0000,0.0000,[115.178154   44.926914    2.5732982],20.0000,6.0000,[131.42227   -62.017963    5.4958296],20.0000,0.0000,[110.853294  -80.9692      4.2551455],20.0000,4.0000,[134.59048    37.950573    6.1096516],20.0000,4.0000
168,[110.26827   82.38672    5.902437],20.0000,6.0000,[114.356926   45.669037    2.7500978],20.0000,6.0000,[132.16693  -62.816895   5.202676],20.0000,6.0000,[110.65493  -81.51661    4.256217],20.0000,3.0000,[135.1587     37.840214    6.1088057],20.0000,4.0000
169,[111.38274    82.233604    6.0642977],20.0000,0.0000,[113.41797    46.255142    2.9269185],20.0000,6.0000,[132.70389  -63.767597   5.288036],20.0000,6.0000,[110.45393  -82.062645   4.173933],20.0000,4.0000,[135.72694   37.729942   6.108031],20.0000,4.0000
170,[112.48209    82.148766    5.9038305],20.0000,0.0000,[112.390564   46.666946    3.1037524],20.0000,6.0000,[133.2991    -64.68259     5.5051045],20.0000,0.0000,[110.21811  -82.595924   4.151749],20.0000,4.0000,[136.29518   37.61976    6.107319],20.0000,4.0000
171,[113.55883   81.90204    5.530155],20.0000,6.0000,[111.30673    46.891594    3.2805905],20.0000,6.0000,[134.05295   -65.47275     5.2114882],20.0000,0.0000,[109.96772   -83.12208     4.1543436],20.0000,4.0000,[136.86343   37.509663   6.106663],20.0000,4.0000
172,[114.50039   81.31043    5.660174],20.0000,0.0000,[110.20029    46.92208     3.4574282],20.0000,6.0000,[134.616     -66.40901     4.7466455],20.0000,6.0000,[109.71227   -83.644875    4.1655073],20.0000,3.0000,[137.4317     37.399647    6.1060576],20.0000,4.0000
173,[115.46779   80.786156   5.432022],20.0000,6.0000,[109.10573    46.757446    3.6342638],20.0000,6.0000,[134.80084  -67.49487    4.805475],20.0000,6.0000,[109.458405 -84.167885   4.086272],20.0000,4.0000,[137.99997    37.28971     6.1054974],20.0000,4.0000
174,[116.30488   80.06835    5.578915],20.0000,0.0000,[108.057205  46.40283    3.811098],20.0000,6.0000,[135.00243  -68.57236    5.056199],20.0000,0.0000,[109.172905  -84.675644    4.0639625],20.0000,4.0000,[138.56824    37.179855    6.1049776],20.0000,4.0000
175,[117.20429    79.441124    5.3157506],20.0000,6.0000,[107.08741    45.869293    3.9879315],20.0000,6.0000,[135.41003 -69.58582   4.79565],20.0000,6.0000,[108.874245 -85.17547    4.065157],20.0000,4.0000,[139.13654   37.070072   6.104494],20.0000,4.0000
176,[117.939735   78.622284    5.4364934],20.0000,6.0000,[106.2266    45.173477   4.164765],20.0000,6.0000,[135.59067   -70.6661      4.8982353],20.0000,6.0000,[108.57091   -85.67166     4.0747147],20.0000,3.0000,[139.70483    36.960365    6.1040444],20.0000,4.0000
177,[118.72486   77.85946    5.705771],20.0000,0.0000,[105.50162    44.337086    4.3415985],20.0000,6.0000,[135.84256  -71.729416   5.137393],20.0000,0.0000,[108.26894   -86.16823     3.9941368],20.0000,4.0000,[140.27313    36.850723    6.1036243],20.0000,4.0000
178,[119.65265    77.28388     5.4433575],20.0000,6.0000,[104.93507    43.3862      4.5184326],20.0000,6.0000,[136.2981    -72.72138     4.8571763],20.0000,6.0000,[107.93678   -86.64656     3.9708703],20.0000,4.0000,[140.84146    36.741154    6.1032324],20.0000,4.0000
179,[120.436844   76.52094     5.5427227],20.0000,6.0000,[104.54463    42.350483    4.6952662],20.0000,6.0000,[136.51678   -73.792595    4.9503636],20.0000,6.0000,[107.592155 -87.11573    3.971291],20.0000,3.0000,[141.40977   36.631645   6.102865],20.0000,4.0000
180,[121.26928   75.81375    5.775395],20.0000,6.0000,[104.342476   41.26223     4.8721004],20.0000,6.0000,[136.80383   -74.846176    5.1772113],20.0000,0.0000,[107.24529   -87.58282     3.8885043],20.0000,4.0000,[141.97812    36.5222      6.1025214],20.0000,4.0000
181,[122.21331    75.2654      6.0414143],20.0000,6.0000,[104.334915   40.155388    5.0489345],20.0000,6.0000,[137.28526   -75.82586     4.8894377],20.0000,6.0000,[106.86856   -88.027794    3.8659823],20.0000,4.0000,[142.54646    36.412815    6.1021986],20.0000,4.0000
182,[1.2325311e+02 7.4922943e+01 2.7300077e-02],20.0000,6.0000,[104.52219   39.064476   5.225768],20.0000,6.0000,[137.5263   -76.89162    4.979876],20.0000,6.0000,[106.47981  -88.46181    3.868322],20.0000,4.0000,[143.1148     36.30349     6.1018953],20.0000,4.0000
183,[124.34804     74.81427      0.28307074],20.0000,6.0000,[104.89844   38.023518   5.402602],20.0000,6.0000,[137.83495  -77.938835   5.202802],20.0000,0.0000,[106.08712  -88.89115    3.879305],20.0000,3.0000,[143.68317    36.194218    6.1016097],20.0000,4.0000
184,[125.444984   74.95126     0.5108431],20.0000,6.0000,[105.451935  37.064983   5.579436],20.0000,6.0000,[138.33437   -78.90958     4.9125366],20.0000,6.0000,[105.69585   -89.32113     3.7999525],20.0000,4.0000,[144.25154    36.085003    6.1013412],20.0000,4.0000
185,[126.49031     75.31878      0.70855707],20.0000,6.0000,[106.16543   36.218765   5.75627 ],20.0000,6.0000,[138.59343   -79.97081     5.0015717],20.0000,0.0000,[105.27852  -89.72753    3.777574],20.0000,4.0000,[144.81992    35.975838    6.1010876],20.0000,4.0000
186,[127.444145    75.88322      0.88650197],20.0000,6.0000,[107.016655   35.511253    5.9331036],20.0000,6.0000,[138.93658  -81.00756    4.672086],20.0000,6.0000,[104.85079   -90.12258     3.7787218],20.0000,4.0000,[145.3883     35.866722    6.1008487],20.0000,4.0000
187,[128.28017    76.6099      1.0573437],20.0000,6.0000,[107.979065   34.96452     6.1099377],20.0000,6.0000,[138.99208   -82.102234    4.7559366],20.0000,6.0000,[104.41961   -90.51283     3.7882478],20.0000,3.0000,[145.9567     35.757652    6.1006227],20.0000,4.0000
188,[128.97733    77.46991     1.2287564],20.0000,0.0000,[1.0902265e+02 3.4595612e+01 3.5861735e-03],20.0000,0.0000,[139.10175   -83.19005     4.9921055],20.0000,0.0000,[103.989624  -90.903824    3.7076502],20.0000,4.0000,[146.5251    35.648632   6.100409],20.0000,4.0000
189,[129.49905   78.44283    0.852415],20.0000,6.0000,[110.11479    34.433872    5.9130535],20.0000,6.0000,[139.41846   -84.234764    4.7139215],20.0000,0.0000,[103.53583   -91.26878     3.6843722],20.0000,4.0000,[147.0935    35.539654   6.100207],20.0000,4.0000
190,[130.25186    79.23458     0.8616811],20.0000,0.0000,[111.11554   33.995514   5.92259 ],20.0000,6.0000,[139.50876  -85.32618    4.257764],20.0000,0.0000,[103.07266  -91.62143    3.684785],20.0000,4.0000,[147.66193   35.43072    6.100015],20.0000,4.0000
191,[130.9869     80.04218     0.4932829],20.0000,6.0000,[112.118996   33.56292     6.1046515],20.0000,6.0000,[139.20702   -86.393654    3.7795968],20.0000,0.0000,[102.6064    -91.96891     3.6937516],20.0000,3.0000,[148.23035   35.321827   6.099834],20.0000,4.0000
192,[131.92499    80.602455    0.5615788],20.0000,6.0000,[1.1317705e+02 3.3279568e+01 6.1872475e-02],20.0000,0.0000,[138.49362   -87.26421     3.3599222],20.0000,6.0000,[102.14119  -92.31717    3.612767],20.0000,4.0000,[148.79878   35.212975   6.099662],20.0000,4.0000
193,[132.83542     81.20516      0.77654976],20.0000,6.0000,[114.2739    33.22784    6.039965],20.0000,6.0000,[137.48724   -87.76776     3.5716326],20.0000,0.0000,[101.6547   -92.6372     3.589245],20.0000,4.0000,[149.36722    35.104156    6.0994983],20.0000,4.0000
194,[133.63406   81.94978    1.035121],20.0000,6.0000,[115.3247     32.930206    6.0935946],20.0000,6.0000,[136.55524   -88.35399     3.4292262],20.0000,6.0000,[101.160034 -92.94405    3.589477],20.0000,4.0000,[149.93565   34.99538    6.099343],20.0000,4.0000
195,[134.26814    82.84278     1.3012166],20.0000,0.0000,[1.1638727e+02 3.2675354e+01 1.0862731e-02],20.0000,0.0000,[135.54834   -88.79823     3.6049292],20.0000,0.0000,[100.66276   -93.24544     3.5983136],20.0000,4.0000,[150.5041     34.886635    6.0991955],20.0000,4.0000
196,[134.6789     83.86174     1.0035708],20.0000,0.0000,[117.47959    32.610443    5.9895377],20.0000,6.0000,[134.61102   -89.36444     3.3416104],20.0000,6.0000,[100.16512  -93.54503    3.609001],20.0000,4.0000,[151.07256   34.777924   6.099055],20.0000,4.0000
197,[135.28506   84.769806   0.50598 ],20.0000,0.0000,[118.52307   32.290043   6.061307],20.0000,6.0000,[133.56673   -89.707115    3.4557948],20.0000,6.0000,[ 99.66791   -93.844345    3.6188765],20.0000,4.0000,[151.64102    34.669247    6.0989213],20.0000,4.0000
198,[1.3618620e+02 8.5395645e+01 8.0472953e-04],20.0000,0.0000,[119.58238    32.02553     6.2713737],20.0000,0.0000,[132.5521   -90.116684   3.715973],20.0000,6.0000,[ 99.17126   -94.1439      3.6272032],20.0000,4.0000,[152.20949   34.560604   6.098794],20.0000,4.0000
199,[137.27757    85.624626    5.8068504],20.0000,6.0000,[120.67319   31.955929   5.973868],20.0000,6.0000,[131.63748   -90.7125      3.9992547],20.0000,6.0000,[ 98.67511   -94.44376     3.6340053],20.0000,4.0000,[152.77795   34.45199    6.098673],20.0000,4.0000
200,[138.37195   85.36508    5.963269],20.0000,6.0000,[121.71589    31.632896    6.0534935],20.0000,6.0000,[130.87381  -91.49518    4.274303],20.0000,6.0000,[ 98.179344  -94.74387     3.6395347],20.0000,3.0000,[153.34644    34.343403    6.0985575],20.0000,4.0000
201,[1.3945186e+02 8.5153824e+01 6.7404941e-02],20.0000,6.0000,[122.77587    31.37196     6.2669525],20.0000,0.0000,[130.29709   -92.4304      4.5371733],20.0000,6.0000,[ 97.685265  -95.04676     3.5523055],20.0000,4.0000,[153.91492    34.234844    6.0984473],20.0000,4.0000
202,[140.53992     85.24225      0.41112942],20.0000,0.0000,[123.86653   31.308048   5.971606],20.0000,6.0000,[129.94153  -93.475975   4.77364 ],20.0000,0.0000,[ 97.173004  -95.319984    3.5225935],20.0000,4.0000,[154.4834    34.126316   6.098342],20.0000,4.0000
203,[141.56137     85.63064      0.15131308],20.0000,6.0000,[124.91105    30.990547    6.0543556],20.0000,6.0000,[129.83801  -94.57593    4.427915],20.0000,6.0000,[ 96.65367   -95.57993     3.5162725],20.0000,4.0000,[155.0519    34.01781    6.098242],20.0000,4.0000
204,[142.63985     85.79919      0.24202254],20.0000,6.0000,[125.97286    30.737446    6.2695956],20.0000,0.0000,[129.47687  -95.60758    4.440626],20.0000,6.0000,[ 96.13172   -95.83406     3.5192726],20.0000,4.0000,[155.62039   33.909332   6.098146],20.0000,4.0000
205,[143.7045     86.04092     0.4590384],20.0000,0.0000,[127.063774  30.682768   5.975193],20.0000,6.0000,[129.1258   -96.6429     4.621626],20.0000,6.0000,[ 95.608986  -96.08587     3.5253534],20.0000,3.0000,[156.18889   33.800877   6.098054],20.0000,4.0000
206,[144.70709     86.47592      0.16403046],20.0000,6.0000,[128.11101   30.373987   6.059535],20.0000,6.0000,[128.92847 -97.721     4.85947],20.0000,0.0000,[ 95.08732   -96.33966     3.4401019],20.0000,4.0000,[156.75739    33.692444    6.0979667],20.0000,4.0000
207,[145.78218     86.66513      0.24493147],20.0000,6.0000,[129.17511    30.130753    6.2758975],20.0000,0.0000,[128.96501  -98.81905    4.550659],20.0000,0.0000,[ 94.550156  -96.56185     3.4126186],20.0000,4.0000,[157.3259     33.584034    6.0978827],20.0000,4.0000
208,[146.84398     86.91847      0.45893672],20.0000,0.0000,[130.26637    30.087002    5.9819913],20.0000,6.0000,[128.76889   -99.89304     4.0500565],20.0000,0.0000,[ 94.00725  -96.76975    3.408914],20.0000,4.0000,[157.89441    33.475647    6.0978026],20.0000,4.0000
209,[147.84267     87.36139      0.16382362],20.0000,0.0000,[131.31668    29.788603    6.0672426],20.0000,6.0000,[ 128.18752  -100.8239      3.544826],20.0000,0.0000,[ 93.46247  -96.97159    3.414391],20.0000,4.0000,[158.46292    33.36728     6.0977263],20.0000,4.0000
210,[148.91365   87.57544    5.979461],20.0000,6.0000,[1.3238326e+02 2.9556423e+01 1.1628142e-03],20.0000,0.0000,[ 127.27396  -101.46423     3.069188],20.0000,6.0000,[ 92.91734  -97.1712     3.422519],20.0000,3.0000,[159.03145   33.258934   6.097653],20.0000,4.0000
211,[149.99704    87.38234     6.0360184],20.0000,6.0000,[133.47485   29.524532   5.990769],20.0000,6.0000,[ 126.1656    -101.65635      3.2279956],20.0000,6.0000,[ 92.373245  -97.37313     3.3388228],20.0000,4.0000,[159.59996   33.150608   6.097583],20.0000,4.0000
212,[151.07892    87.208405    6.2814555],20.0000,6.0000,[134.52838   29.237503   6.076579],20.0000,6.0000,[ 125.090096 -101.88876     3.616824],20.0000,6.0000,[ 91.81686   -97.54226     3.3124497],20.0000,4.0000,[160.16849    33.042297    6.0975156],20.0000,4.0000
213,[152.1705      87.2288       0.28489882],20.0000,0.0000,[1.3559747e+02 2.9017155e+01 1.0997435e-02],20.0000,6.0000,[ 124.126045  -102.40091      3.9606793],20.0000,6.0000,[ 91.256195  -97.69665     3.3097281],20.0000,4.0000,[160.73701   32.93401    6.097451],20.0000,4.0000
214,[1.5322675e+02 8.7505936e+01 1.2111974e-02],20.0000,6.0000,[136.6895      28.97987      0.26821443],20.0000,6.0000,[ 123.32903  -103.15008     4.251375],20.0000,6.0000,[ 90.69433   -97.84489     3.3160136],20.0000,4.0000,[161.30556   32.825737   6.097389],20.0000,4.0000
215,[1.5431790e+02 8.7544807e+01 1.0369734e-01],20.0000,6.0000,[137.77051     29.165512     0.53034973],20.0000,6.0000,[ 122.723816  -104.06825      4.5167913],20.0000,6.0000,[ 90.13241   -97.99099     3.3247535],20.0000,4.0000,[161.87408  32.71748   6.09733],20.0000,4.0000
216,[155.40364     87.657326     0.32289532],20.0000,6.0000,[138.79047    29.584047    0.7750401],20.0000,6.0000,[ 122.341064  -105.10519      4.7497787],20.0000,0.0000,[ 89.5708    -98.13666     3.3332515],20.0000,3.0000,[162.44263    32.609238    6.0972733],20.0000,4.0000
217,[156.45581    87.952835    0.5803739],20.0000,6.0000,[139.69804     30.217398     0.99034035],20.0000,6.0000,[ 122.208626 -106.20246     4.399019],20.0000,6.0000,[ 89.01012   -98.2854      3.2488773],20.0000,4.0000,[163.01117   32.501015   6.097219],20.0000,4.0000
218,[157.42963    88.45834     0.8416227],20.0000,6.0000,[140.45714    31.024916    1.1790984],20.0000,6.0000,[ 121.81765   -107.2232       4.4085984],20.0000,6.0000,[ 88.44042  -98.400566   3.221562],20.0000,4.0000,[163.57971   32.392807   6.097167],20.0000,4.0000
219,[158.27425    89.16747     1.0844223],20.0000,0.0000,[141.05022    31.96095     1.3533247],20.0000,6.0000,[ 121.43406 -108.24688    4.58836],20.0000,0.0000,[ 87.86785 -98.50081   3.21772],20.0000,4.0000,[164.14825   32.28461    6.097117],20.0000,4.0000
220,[158.9311     90.05491     0.7471104],20.0000,0.0000,[141.46823    32.986465    1.5240088],20.0000,6.0000,[ 121.21936  -109.320114    4.275395],20.0000,0.0000,[ 87.29459   -98.594795    3.2229645],20.0000,4.0000,[164.71681   32.17643    6.097069],20.0000,4.0000
221,[159.7583      90.76818      0.21462034],20.0000,0.0000,[141.70305    34.068222    1.6965048],20.0000,6.0000,[ 120.76883   -110.31443      3.7932634],20.0000,0.0000,[ 86.721405  -98.686554    3.2308652],20.0000,3.0000,[165.28535    32.06826     6.0970225],20.0000,4.0000
222,[160.80194   91.10558    5.984456],20.0000,0.0000,[141.74753    35.174076    1.8716778],20.0000,6.0000,[ 119.98577   -111.08765      3.2939053],20.0000,0.0000,[ 86.14877   -98.78075     3.1469834],20.0000,4.0000,[165.85391   31.960108   6.096978],20.0000,4.0000
223,[161.91228    91.00234     5.5046554],20.0000,6.0000,[141.59853    36.27074     2.0485258],20.0000,6.0000,[ 118.94425  -111.49688     2.832322],20.0000,6.0000,[ 85.570335  -98.840385    3.1204724],20.0000,4.0000,[166.42247    31.851965    6.0969357],20.0000,4.0000
224,[162.88036   90.4294     5.660651],20.0000,0.0000,[141.25923    37.324245    2.2259228],20.0000,6.0000,[ 117.820885  -111.426285     3.0082948],20.0000,6.0000,[ 84.990524  -98.884735    3.1176271],20.0000,4.0000,[166.99103    31.743835    6.0968947],20.0000,4.0000
225,[163.85884    89.920685    5.4980836],20.0000,6.0000,[140.73961    38.301544    2.4032354],20.0000,6.0000,[ 116.72099   -111.415596     3.4059753],20.0000,0.0000,[ 84.4107    -98.922806    3.1238108],20.0000,4.0000,[167.55959    31.635715    6.0968556],20.0000,4.0000
226,[164.73909  89.25732   5.67515],20.0000,0.0000,[140.05586    39.171978    2.5802932],20.0000,6.0000,[ 115.67461   -111.72755      3.1993897],20.0000,0.0000,[ 83.831215  -98.958755    3.1324737],20.0000,4.0000,[168.12814   31.527609   6.096818],20.0000,4.0000
227,[165.68942    88.71194     5.4197803],20.0000,6.0000,[139.22949    39.908398    2.7571604],20.0000,6.0000,[ 114.58962   -111.872665     2.7641842],20.0000,6.0000,[ 83.25212  -98.99432    3.140917],20.0000,4.0000,[168.69672    31.419512    6.0967817],20.0000,4.0000
228,[166.49931   87.968254   5.538921],20.0000,6.0000,[138.28645    40.48791     2.9339485],20.0000,6.0000,[ 113.51262   -111.6275       2.8380466],20.0000,6.0000,[ 82.67335   -99.0301      3.1482637],20.0000,3.0000,[169.26527   31.311426   6.096747],20.0000,4.0000
229,[167.3547     87.285774    5.8028746],20.0000,0.0000,[137.25618    40.892506    3.1107323],20.0000,6.0000,[ 112.43798   -111.406555     3.1077852],20.0000,0.0000,[ 82.09485 -99.06918   3.06264],20.0000,4.0000,[169.83385   31.20335    6.096713],20.0000,4.0000
230,[168.33263    86.80036     5.5371475],20.0000,6.0000,[136.1708     41.109585    3.2875383],20.0000,6.0000,[ 111.34554 -111.41408    2.85687],20.0000,6.0000,[ 81.51394   -99.0736      3.0342352],20.0000,4.0000,[170.40242   31.095284   6.096681],20.0000,4.0000
231,[169.18361    86.11291     5.6353188],20.0000,6.0000,[135.06418   41.132378   3.464365],20.0000,6.0000,[ 110.2727    -111.1937       2.9624784],20.0000,6.0000,[ 80.933     -99.06289     3.0292695],20.0000,4.0000,[170.971     30.987226   6.09665 ],20.0000,4.0000
232,[170.07716   85.48479    5.867022],20.0000,6.0000,[133.97078    40.960148    3.6412017],20.0000,6.0000,[ 109.189674 -111.0486      3.202571],20.0000,6.0000,[ 80.3525    -99.04585     3.0335073],20.0000,4.0000,[171.53957   30.879179   6.09662 ],20.0000,4.0000
233,[171.0671    85.0244     6.132543],20.0000,0.0000,[132.92474    40.598263    3.8180406],20.0000,6.0000,[ 108.099365  -111.102325     3.4729557],20.0000,6.0000,[ 79.77245  -99.02652    3.040602],20.0000,4.0000,[172.10814    30.77114     6.0965915],20.0000,3.0000
234,[172.13634    84.79501     5.8508487],20.0000,6.0000,[131.95868    40.058006    3.9948778],20.0000,6.0000,[ 107.041885  -111.38389      3.7438242],20.0000,6.0000,[ 79.19276   -99.006615    3.0478795],20.0000,4.0000,[172.67726    30.666029    6.0048056],20.0000,4.0000
235,[173.12656    84.33572     5.9318614],20.0000,6.0000,[131.10272   39.356228   4.171713],20.0000,6.0000,[ 106.06622   -111.891464     4.0019727],20.0000,6.0000,[ 78.61332   -98.986755    3.0543914],20.0000,4.0000,[173.23947   30.52708    5.971154],20.0000,4.0000
236,[174.14304    83.93714     6.1452823],20.0000,0.0000,[130.38358    38.51482     4.3485465],20.0000,6.0000,[ 105.22345 -112.60634    4.2326 ],20.0000,6.0000,[ 78.03408   -98.967125    3.0599337],20.0000,4.0000,[173.79842   30.37462    5.959632],20.0000,4.0000
237,[175.21637    83.73058     5.8488045],20.0000,6.0000,[129.82364  37.56002   4.52538],20.0000,6.0000,[ 104.55112   -113.48698      4.4325676],20.0000,0.0000,[ 77.45499   -98.94769     3.0645783],20.0000,3.0000,[174.35579   30.21643    5.957096],20.0000,4.0000
238,[176.21042   83.27952    5.928604],20.0000,6.0000,[129.44041   36.521614   4.702214],20.0000,6.0000,[ 104.081924 -114.48788     4.061031],20.0000,6.0000,[ 76.87578  -98.93137    2.976713],20.0000,4.0000,[174.91241    30.0558      5.9581122],20.0000,4.0000
239,[177.22945   82.88807    6.142089],20.0000,0.0000,[129.24582    35.431984    4.8790474],20.0000,6.0000,[ 103.378586  -115.32426      4.0648785],20.0000,6.0000,[ 76.297585  -98.88023     2.9465353],20.0000,4.0000,[175.46866   29.894136   5.960375],20.0000,4.0000
240,[178.30359   82.68831    5.846709],20.0000,6.0000,[129.24596   34.32512    5.055881],20.0000,6.0000,[ 102.67674  -116.16203     4.243581],20.0000,6.0000,[ 75.72071  -98.814125   2.939746],20.0000,4.0000,[176.0247     29.732038    5.9629264],20.0000,4.0000
241,[179.30022    82.24277     5.9293323],20.0000,6.0000,[129.4408    33.235535   5.232715],20.0000,6.0000,[ 102.10029   -117.09364      4.4821396],20.0000,0.0000,[ 75.14479  -98.7417     2.942317],20.0000,3.0000,[176.58063   29.569746   5.965392],20.0000,4.0000
242,[180.32207   81.85888    6.144486],20.0000,0.0000,[129.82426   32.197216   5.409549],20.0000,6.0000,[ 101.73352   -118.128815     4.1756434],20.0000,0.0000,[ 74.56888  -98.66978    2.856284],20.0000,4.0000,[177.13647   29.40735    5.967646],20.0000,4.0000
243,[181.39758  81.66816   5.85004],20.0000,6.0000,[130.38441   31.242548   5.586383],20.0000,6.0000,[ 101.15942  -119.05738     3.677662],20.0000,0.0000,[ 73.99731   -98.56218     2.8291621],20.0000,4.0000,[177.69223    29.244883    5.9696655],20.0000,4.0000
244,[182.39795   81.23082    5.934302],20.0000,6.0000,[131.10376   30.401304   5.763217],20.0000,6.0000,[ 100.27977   -119.71385      3.1731403],20.0000,0.0000,[ 73.42886   -98.43913     2.8263497],20.0000,4.0000,[178.24794   29.082344   5.971463],20.0000,4.0000
245,[183.42326    80.856346    6.1506033],20.0000,6.0000,[131.95988    29.699726    5.9400506],20.0000,6.0000,[  99.19605   -119.97925      2.6981199],20.0000,6.0000,[ 72.86225   -98.30992     2.8327956],20.0000,4.0000,[178.8036    28.919731   5.973065],20.0000,4.0000
246,[1.8449811e+02 8.0658669e+01 1.2403789e-01],20.0000,6.0000,[132.92607    29.159689    6.1168847],20.0000,6.0000,[  98.09343 -119.75647    2.85755],20.0000,0.0000,[ 72.29661  -98.178764   2.841755],20.0000,3.0000,[179.3592    28.757044   5.974496],20.0000,4.0000
247,[185.59505     80.68334      0.38500506],20.0000,0.0000,[1.3397220e+02 2.8798040e+01 1.0533223e-02],20.0000,0.0000,[  97.00177  -119.600746    2.696127],20.0000,6.0000,[ 71.73058   -98.0502      2.7586935],20.0000,4.0000,[179.91476    28.594276    5.9757805],20.0000,4.0000
248,[1.8665907e+02 8.0964012e+01 7.7185355e-02],20.0000,0.0000,[135.06543    28.64389     5.9200006],20.0000,6.0000,[  95.95113   -119.26783      2.8730376],20.0000,0.0000,[ 71.172165  -97.88754     2.7327693],20.0000,4.0000,[180.47028   28.431423   5.976938],20.0000,4.0000
249,[187.74973    81.01774     5.8519254],20.0000,6.0000,[136.06921   28.212498   5.929537],20.0000,6.0000,[  94.87355   -119.06961      2.6171455],20.0000,6.0000,[ 70.618256  -97.71023     2.7304356],20.0000,4.0000,[181.02574   28.268488   5.977986],20.0000,4.0000
250,[188.77881   80.64289    5.894375],20.0000,6.0000,[137.07564    27.786882    6.1115985],20.0000,6.0000,[  93.862564 -118.63736     2.735979],20.0000,6.0000,[ 70.06671   -97.52716     2.7370338],20.0000,4.0000,[181.58118    28.105467    5.9789376],20.0000,4.0000
251,[189.81296   80.287834   6.111473],20.0000,6.0000,[1.3813564e+02 2.7510891e+01 6.8819523e-02],20.0000,0.0000,[  92.82905   -118.277756     2.9997182],20.0000,0.0000,[ 69.51628   -97.34232     2.7460063],20.0000,4.0000,[182.13657   27.94236    5.979806],20.0000,4.0000
252,[1.908891e+02 8.010505e+01 9.550865e-02],20.0000,0.0000,[139.23282   27.466782   6.046912],20.0000,6.0000,[  91.74544   -118.14456      2.7339103],20.0000,6.0000,[ 68.966354  -97.157326    2.7546673],20.0000,4.0000,[182.69193   27.779171   5.980601],20.0000,4.0000
253,[191.97981    80.16607     6.0990424],20.0000,0.0000,[140.28566    27.176456    6.1005416],20.0000,6.0000,[  90.7145    -117.77858      2.8320603],20.0000,6.0000,[ 68.41663   -96.972694    2.7621632],20.0000,4.0000,[183.24725  27.6159    5.98133],20.0000,4.0000
254,[193.0592     80.00001     5.6359367],20.0000,6.0000,[1.4134998e+02 2.6928993e+01 1.7809780e-02],20.0000,0.0000,[  89.66312  -117.48267     3.063763],20.0000,6.0000,[ 67.86702 -96.78849   2.7684 ],20.0000,4.0000,[183.80255    27.452549    5.9820013],20.0000,4.0000
255,[194.01236    79.45078     5.6929007],20.0000,6.0000,[142.44272    26.871672    5.9964848],20.0000,6.0000,[  88.57649   -117.376976     3.3292875],20.0000,6.0000,[ 67.31748   -96.60464     2.7735395],20.0000,3.0000,[184.3578     27.289118    5.9826207],20.0000,4.0000
256,[194.97147   78.92123    5.936762],20.0000,6.0000,[143.4884    26.558527   6.068254],20.0000,6.0000,[  87.48841   -117.49799      3.5981483],20.0000,6.0000,[ 66.76693   -96.4238      2.6860344],20.0000,4.0000,[184.91304   27.125612   5.983194],20.0000,4.0000
257,[196.00533    78.57043     6.2220755],20.0000,6.0000,[144.54953   26.301382   6.278321],20.0000,0.0000,[  86.44741   -117.85452      3.8536625],20.0000,6.0000,[ 66.22725   -96.20989     2.6561234],20.0000,4.0000,[185.46825   26.962032   5.983725],20.0000,4.0000
258,[197.09181     78.454346     0.21615806],20.0000,0.0000,[145.6408    26.239359   5.980815],20.0000,6.0000,[  85.50672   -118.43523      4.0811424],20.0000,6.0000,[ 65.69312   -95.98201     2.6496055],20.0000,4.0000,[186.02342   26.79838    5.984218],20.0000,4.0000
259,[198.17828   78.595924   6.216149],20.0000,0.0000,[146.68571    25.923578    6.0604405],20.0000,6.0000,[  84.708725  -119.203995     4.2786336],20.0000,0.0000,[ 65.16172   -95.74835     2.6524267],20.0000,4.0000,[186.57858   26.634659   5.984678],20.0000,4.0000
260,[199.26698   78.51688    5.736179],20.0000,6.0000,[147.74748    25.67001     6.2738996],20.0000,0.0000,[  84.09185   -120.12122      3.9059255],20.0000,0.0000,[ 64.631584  -95.51259     2.6583605],20.0000,3.0000,[187.1337    26.470871   5.985106],20.0000,4.0000
261,[200.25319    78.03767     5.7865644],20.0000,6.0000,[148.83856   25.613678   5.978553],20.0000,6.0000,[  83.2804    -120.85212      3.3591292],20.0000,0.0000,[ 64.10063   -95.278885    2.5729961],20.0000,4.0000,[187.68881    26.307018    5.9855056],20.0000,4.0000
262,[201.24736    77.5812      6.0121384],20.0000,6.0000,[149.88525    25.30344     6.0613027],20.0000,6.0000,[  82.23958   -121.2008       2.8448052],20.0000,0.0000,[ 63.58376  -95.012924   2.545431],20.0000,4.0000,[188.2439    26.143103   5.98588 ],20.0000,4.0000
263,[2.0230144e+02 7.7297531e+01 1.3043549e-03],20.0000,0.0000,[150.9488    25.057722   6.276543],20.0000,0.0000,[  81.127174  -121.10578      2.3686752],20.0000,6.0000,[ 63.074066 -94.73334    2.541652],20.0000,4.0000,[188.79897    25.979126    5.9862304],20.0000,4.0000
264,[203.39304    77.259254    6.0065565],20.0000,6.0000,[152.04007   25.010622   5.98214 ],20.0000,6.0000,[  80.15466   -120.53956      2.5309906],20.0000,6.0000,[ 62.567787  -94.44839     2.5470665],20.0000,4.0000,[189.354     25.815092   5.986559],20.0000,4.0000
265,[204.44835   76.97962    6.095188],20.0000,0.0000,[153.08942   24.709126   6.066482],20.0000,6.0000,[  79.180916  -120.02721      2.9230287],20.0000,6.0000,[ 62.06298   -94.161736    2.5551467],20.0000,3.0000,[189.90903   25.651001   5.986868],20.0000,4.0000
266,[205.52292  76.78748   5.76206],20.0000,6.0000,[154.15518    24.473288    6.2828445],20.0000,0.0000,[  78.11245  -119.80351     3.267477],20.0000,6.0000,[ 61.557083 -93.87735    2.471416],20.0000,4.0000,[190.46404    25.486856    5.9871583],20.0000,4.0000
267,[206.5099    76.31428    5.842659],20.0000,6.0000,[155.24672    24.43712     5.9889383],20.0000,6.0000,[  77.02053   -119.8694       3.5582004],20.0000,6.0000,[ 61.068245  -93.56237     2.4450192],20.0000,4.0000,[191.01903    25.32266     5.9874315],20.0000,4.0000
268,[207.51802    75.8929      6.0707793],20.0000,6.0000,[156.29909    24.146025    6.0741897],20.0000,6.0000,[  75.967926  -120.18815      3.8233032],20.0000,6.0000,[ 60.58789   -93.234604    2.4422777],20.0000,4.0000,[191.57399    25.158413    5.9876895],20.0000,4.0000
269,[2.0858269e+02 7.5651894e+01 5.4246813e-02],20.0000,0.0000,[1.5736725e+02 2.3921259e+01 8.1098638e-03],20.0000,0.0000,[  75.01042  -120.74051     4.055737],20.0000,0.0000,[ 60.111446  -92.90194     2.4485474],20.0000,4.0000,[192.12895    24.994118    5.9879327],20.0000,4.0000
270,[209.67575    75.6537      6.0568886],20.0000,0.0000,[158.45903   23.896952   5.997716],20.0000,6.0000,[  74.20663   -121.49913      3.7044723],20.0000,0.0000,[ 59.6366    -92.56785     2.4572756],20.0000,3.0000,[192.6839    24.829775   5.988162],20.0000,4.0000
271,[210.74455   75.43086    5.590158],20.0000,6.0000,[159.51454   23.617249   6.083526],20.0000,6.0000,[  73.26245   -122.048294     3.1632617],20.0000,0.0000,[ 59.160404  -92.23601     2.3740067],20.0000,4.0000,[193.23882    24.665388    5.9883795],20.0000,4.0000
272,[211.66542   74.83118    5.644885],20.0000,6.0000,[1.6058513e+02 2.3404333e+01 1.7944485e-02],20.0000,0.0000,[  72.17353 -122.1814     2.64855],20.0000,0.0000,[ 58.704098  -91.87541     2.3479211],20.0000,4.0000,[193.79373   24.50096    5.988585],20.0000,4.0000
273,[212.59444   74.251396   5.88285 ],20.0000,6.0000,[161.67708   23.392466   6.007795],20.0000,6.0000,[  71.10311  -121.867386    2.16947 ],20.0000,6.0000,[ 58.257465 -91.50293    2.34544 ],20.0000,4.0000,[194.34863   24.336487   5.988779],20.0000,4.0000
274,[213.6067    73.842575   6.164164],20.0000,0.0000,[162.73573   23.124804   6.093961],20.0000,6.0000,[  70.26281   -121.11928      2.3272936],20.0000,6.0000,[ 57.81519   -91.125984    2.3519156],20.0000,4.0000,[194.90352    24.171974    5.9889636],20.0000,4.0000
275,[214.68655    73.679726    5.8894715],20.0000,6.0000,[1.6380872e+02 2.2924273e+01 2.8708616e-02],20.0000,0.0000,[  69.41234   -120.42101      2.7166023],20.0000,6.0000,[ 57.37462   -90.7478      2.3607957],20.0000,3.0000,[195.45839    24.007423    5.9891386],20.0000,4.0000
276,[215.70375    73.28302     5.9801173],20.0000,0.0000,[164.9007     22.925247    6.0187263],20.0000,6.0000,[  68.41191   -119.98415      3.0608547],20.0000,6.0000,[ 56.932484  -90.371765    2.2776327],20.0000,4.0000,[196.01324    23.842836    5.9893045],20.0000,4.0000
277,[216.7503    72.97243    5.648212],20.0000,6.0000,[165.96246    22.670063    6.1051164],20.0000,6.0000,[  67.329605  -119.825775     3.3516614],20.0000,6.0000,[ 56.512894  -89.96902     2.2516172],20.0000,4.0000,[196.5681    23.678213   5.989462],20.0000,4.0000
278,[217.6791    72.39282    5.729406],20.0000,6.0000,[1.6703775e+02 2.2482285e+01 4.0078111e-02],20.0000,0.0000,[  66.2342    -119.922775     3.6171255],20.0000,6.0000,[ 56.104073  -89.555374    2.2491932],20.0000,4.0000,[197.12294    23.513554    5.9896116],20.0000,4.0000
279,[218.63441   71.8623     5.958865],20.0000,6.0000,[168.12962   22.496365   6.030206],20.0000,6.0000,[  65.184135  -120.26788      3.8501396],20.0000,0.0000,[ 55.700012 -89.13772    2.255714],20.0000,4.0000,[197.67776   23.348862   5.989754],20.0000,4.0000
280,[219.66606   71.50555    6.226471],20.0000,0.0000,[169.19438   22.253956   6.116738],20.0000,6.0000,[  64.2425   -120.84656     3.499391],20.0000,6.0000,[ 55.297768  -88.719       2.2646267],20.0000,3.0000,[198.23259    23.18414     5.9898896],20.0000,4.0000
281,[220.75269    71.38774     5.9462934],20.0000,6.0000,[1.7027188e+02 2.2079174e+01 5.1836997e-02],20.0000,0.0000,[  63.200012  -121.17518      3.5089715],20.0000,0.0000,[ 54.893757  -88.30226     2.1814866],20.0000,4.0000,[198.7874    23.019384   5.990019],20.0000,4.0000
282,[221.78484    71.03249     6.0305862],20.0000,0.0000,[171.36348   22.106531   6.042037],20.0000,6.0000,[  62.16622   -121.52806      3.1381803],20.0000,6.0000,[ 54.514744 -87.861115   2.155486],20.0000,4.0000,[199.3422    22.8546     5.990142],20.0000,4.0000
283,[222.84187    70.76016     5.6949067],20.0000,6.0000,[172.43114   21.877098   6.128658],20.0000,0.0000,[  61.074535  -121.56555      3.2039783],20.0000,0.0000,[ 54.147495  -87.41016     2.1530743],20.0000,4.0000,[199.89699    22.689787    5.9902587],20.0000,4.0000
284,[223.78908   70.213104   5.774314],20.0000,6.0000,[173.51341   21.733103   5.796478],20.0000,6.0000,[  59.987392  -121.67023      2.8658886],20.0000,6.0000,[ 53.78537   -86.95565     2.1596043],20.0000,3.0000,[200.45177    22.524946    5.9903708],20.0000,4.0000
285,[224.76213    69.71681     5.9987082],20.0000,0.0000,[174.5213    21.303997   5.878478],20.0000,6.0000,[  58.90852  -121.47397     2.948295],20.0000,6.0000,[ 53.422684  -86.50192     2.0767655],20.0000,4.0000,[201.00655   22.36008    5.990477],20.0000,4.0000
286,[225.81      69.41108    5.712025],20.0000,6.0000,[175.54713   20.926617   6.111073],20.0000,0.0000,[  57.82454   -121.32946      3.1861444],20.0000,0.0000,[ 53.087734  -86.02586     2.0519753],20.0000,4.0000,[201.56131    22.195189    5.9905787],20.0000,4.0000
287,[226.75978    68.869995    5.8033442],20.0000,6.0000,[176.62471    20.752064    5.8304763],20.0000,6.0000,[  56.734917  -121.39705      2.9096463],20.0000,6.0000,[ 52.76577   -85.54108     2.0511894],20.0000,4.0000,[202.11607   22.03027    5.990676],20.0000,4.0000
288,[227.74101    68.39096     6.0286164],20.0000,0.0000,[177.63614    20.335932    5.9239736],20.0000,6.0000,[  55.65577   -121.217354     3.0047572],20.0000,6.0000,[ 52.44928   -85.05339     2.0592568],20.0000,3.0000,[202.67082   21.86533    5.990769],20.0000,4.0000
289,[228.79468   68.105705   5.739996],20.0000,6.0000,[178.67058   19.985668   6.152685],20.0000,0.0000,[  54.569042 -121.10751     3.235525],20.0000,0.0000,[ 52.13205  -84.566574   1.977648],20.0000,4.0000,[203.22556    21.700365    5.9908576],20.0000,4.0000
290,[229.75392    67.58259     5.8300524],20.0000,6.0000,[179.75224    19.838968    5.8663125],20.0000,6.0000,[  53.482117  -121.20794      2.9504235],20.0000,6.0000,[ 51.84447   -84.0603      1.9537295],20.0000,4.0000,[203.7803    21.53538    5.990942],20.0000,4.0000
291,[230.7439     67.12234     6.0525045],20.0000,0.0000,[180.7718     19.445538    5.9574175],20.0000,6.0000,[  52.39993  -121.0549      3.042023],20.0000,0.0000,[ 51.57061   -83.54668     1.9536641],20.0000,4.0000,[204.33504    21.370373    5.9910235],20.0000,4.0000
292,[231.80249  66.85554   5.76195],20.0000,6.0000,[181.81355    19.118675    6.1813674],20.0000,6.0000,[  51.30947   -120.989555     2.7161324],20.0000,0.0000,[ 51.302406  -83.03077     1.9622846],20.0000,4.0000,[204.88976   21.205345   5.991101],20.0000,4.0000
293,[232.77       66.34843     5.8507905],20.0000,6.0000,[1.8289618e+02 1.8975771e+01 1.5912636e-01],20.0000,6.0000,[  50.263454  -120.65328      2.2520201],20.0000,0.0000,[ 51.03606   -82.5146      1.9728264],20.0000,3.0000,[205.44447   21.040297   5.991175],20.0000,4.0000
294,[233.76724    65.90434     6.0716176],20.0000,0.0000,[183.98872     19.056644     0.42534965],20.0000,6.0000,[  49.39992   -119.94816      1.7884665],20.0000,6.0000,[ 50.767246  -82.00001     1.8908496],20.0000,4.0000,[205.99919   20.87523    5.991246],20.0000,4.0000
295,[234.82988   65.65376    5.780066],20.0000,6.0000,[185.04297    19.374695    0.6768736],20.0000,6.0000,[  48.903812  -118.93995      1.9459115],20.0000,6.0000,[ 50.52919   -81.4692      1.8656272],20.0000,4.0000,[206.5539     20.710146    5.9913144],20.0000,4.0000
296,[235.80472   65.16116    5.868135],20.0000,6.0000,[186.00551     19.919464     0.89969033],20.0000,6.0000,[  48.376175 -117.97459     2.328881],20.0000,6.0000,[ 50.305157  -80.93239     1.8638531],20.0000,4.0000,[207.1086     20.545042    5.9913797],20.0000,4.0000
297,[236.80832    64.73175     6.0880466],20.0000,0.0000,[186.83406   20.655378   1.093674],20.0000,6.0000,[  47.614826  -117.192245     2.6705859],20.0000,6.0000,[ 50.08698   -80.3937      1.8708807],20.0000,4.0000,[207.66328   20.379923   5.991442],20.0000,4.0000
298,[237.87444    64.4962      5.7959585],20.0000,6.0000,[187.50558    21.537012    1.2699606],20.0000,6.0000,[  46.673653  -116.63502      2.9608614],20.0000,6.0000,[ 49.870815  -79.85477     1.8801621],20.0000,3.0000,[208.21797   20.214787   5.991502],20.0000,4.0000
299,[238.85597   64.01726    5.883546],20.0000,0.0000,[188.0084     22.523888    1.4406443],20.0000,6.0000,[  45.623695  -116.30846      3.2265153],20.0000,0.0000,[ 49.65221   -79.31704     1.7972758],20.0000,4.0000,[208.77266    20.049635    5.9915595],20.0000,4.0000
300,[239.87233   63.618145   5.552368],20.0000,6.0000,[188.333      23.582268    1.6124673],20.0000,6.0000,[  44.522892  -116.24616      2.9095747],20.0000,6.0000,[ 49.465893  -78.76606     1.7714413],20.0000,4.0000,[209.32735    19.884468    5.9916143],20.0000,4.0000
301,[240.74858    62.960342    5.6350417],20.0000,6.0000,[188.47025    24.680492    1.7870739],20.0000,0.0000,[  43.473434  -115.940796     2.9396384],20.0000,6.0000,[ 49.294144  -78.210396    1.7691638],20.0000,4.0000,[209.88202    19.719286    5.9916673],20.0000,4.0000
302,[241.65445    62.348473    5.8690004],20.0000,0.0000,[188.39699    25.781984    1.4131092],20.0000,0.0000,[  42.41664   -115.66043      3.1274838],20.0000,0.0000,[ 49.128456  -77.65337     1.7757983],20.0000,4.0000,[210.43669   19.55409    5.991718],20.0000,4.0000
303,[242.65932    61.921963    5.5893373],20.0000,6.0000,[188.59631    26.855555    0.8726098],20.0000,0.0000,[  41.32639   -115.5605       2.8162189],20.0000,0.0000,[ 48.964855 -77.09627    1.784794],20.0000,3.0000,[210.99136    19.38888     5.9917665],20.0000,4.0000
304,[243.54279    61.27716     5.6831813],20.0000,6.0000,[189.20691     27.76814      0.36024314],20.0000,6.0000,[  40.28926   -115.22002      2.3329673],20.0000,0.0000,[ 48.798756  -76.54011     1.7017108],20.0000,4.0000,[211.54602   19.223656   5.991813],20.0000,4.0000
305,[244.46431    60.69097     5.9123263],20.0000,0.0000,[190.15146     28.357143     0.43641827],20.0000,6.0000,[  39.436726  -114.52479      1.8331628],20.0000,0.0000,[ 48.666092  -75.97383     1.6757476],20.0000,4.0000,[212.1007    19.05842    5.991858],20.0000,4.0000
306,[245.48016    60.291553    5.6262207],20.0000,6.0000,[191.08328    28.941652    0.7444263],20.0000,6.0000,[  38.91749   -113.534004     1.3697432],20.0000,6.0000,[ 48.54839   -75.404274    1.6733661],20.0000,4.0000,[212.65535   18.893173   5.991901],20.0000,4.0000
307,[246.37724   59.667355   5.717433],20.0000,6.0000,[191.863      29.7063      1.0673226],20.0000,6.0000,[  38.86663   -112.409645     1.5435176],20.0000,0.0000,[ 48.436867 -74.83395    1.67992 ],20.0000,4.0000,[213.20999    18.727913    5.9919424],20.0000,4.0000
308,[247.31165    59.10259     5.9415364],20.0000,0.0000,[192.43117    30.639536    1.3559722],20.0000,0.0000,[  38.74261   -111.3143       1.3895913],20.0000,6.0000,[ 48.327435  -74.263725    1.6888568],20.0000,4.0000,[213.76465    18.562641    5.9919825],20.0000,4.0000
309,[248.33543    58.723713    5.6520257],20.0000,6.0000,[192.7574     31.685587    1.0761268],20.0000,0.0000,[  38.792786 -110.213776    1.567258],20.0000,6.0000,[ 48.21839   -73.693855    1.6974919],20.0000,4.0000,[214.31929    18.397358    5.9920206],20.0000,3.0000
310,[249.24335   58.11609    5.741542],20.0000,0.0000,[193.28224     32.64271      0.59663653],20.0000,6.0000,[  38.721897  -109.12196      1.8601606],20.0000,6.0000,[ 48.109142  -73.124344    1.7049695],20.0000,4.0000,[214.87479    18.234913    5.9002986],20.0000,4.0000
311,[250.19678    57.583447    5.4126744],20.0000,6.0000,[194.12787    33.340435    0.6469516],20.0000,6.0000,[  38.41604   -108.07412      2.1517718],20.0000,6.0000,[ 47.999573  -72.55514     1.7111936],20.0000,3.0000,[215.42      18.03946    5.866725],20.0000,4.0000
312,[250.97751   56.813927   5.496965],20.0000,6.0000,[194.95595     34.055164     0.87182593],20.0000,6.0000,[  37.88083   -107.11972      2.4285297],20.0000,6.0000,[ 47.88679   -71.98658     1.6245655],20.0000,4.0000,[215.96054   17.830816   5.855387],20.0000,3.0000
313,[251.79347   56.08612    5.733914],20.0000,0.0000,[195.65205    34.89599     1.1436033],20.0000,6.0000,[  37.143383  -106.30374      2.6886394],20.0000,6.0000,[ 47.808117  -71.411224    1.5953426],20.0000,4.0000,[216.50017   17.61929    5.761334],20.0000,4.0000
314,[252.73314   55.53045    5.456242],20.0000,6.0000,[196.1572     35.865368    1.4160095],20.0000,0.0000,[  36.237793  -105.67013      2.9195955],20.0000,6.0000,[ 47.74439   -70.83387     1.5895363],20.0000,4.0000,[217.02611   17.372911   5.729442],20.0000,4.0000
315,[253.52472   54.775475   5.550827],20.0000,0.0000,[196.42514    36.92832     1.1295767],20.0000,0.0000,[  35.214954  -105.24404      3.1191669],20.0000,6.0000,[ 47.687016  -70.256096    1.5930121],20.0000,4.0000,[217.54512   17.111845   5.722831],20.0000,3.0000
316,[254.37372    54.087154    5.2302775],20.0000,6.0000,[196.89998     37.91123      0.64618754],20.0000,0.0000,[  34.12799   -105.0271       3.2977004],20.0000,6.0000,[ 47.63205   -69.67842     1.5994865],20.0000,3.0000,[218.06238    16.847298    5.6345234],20.0000,4.0000
317,[255.01572   53.19664    5.320658],20.0000,6.0000,[1.9769977e+02 3.8663563e+01 1.4510044e-01],20.0000,0.0000,[  33.02036   -105.010315     3.4684205],20.0000,6.0000,[ 47.57481   -69.10108     1.5145367],20.0000,4.0000,[218.5625    16.549013   5.608086],20.0000,4.0000
318,[255.69966    52.342777    5.5668006],20.0000,6.0000,[198.74619   39.051838   5.955661],20.0000,0.0000,[  31.927195  -105.18553      3.6395404],20.0000,0.0000,[ 47.552547  -68.52016     1.4872717],20.0000,4.0000,[219.05379   16.236626   5.607252],20.0000,3.0000
319,[256.52597   51.62953    5.845336],20.0000,0.0000,[199.87294    38.975113    5.5665665],20.0000,6.0000,[  30.889294 -105.56175     3.262993],20.0000,6.0000,[ 47.54567   -67.93881     1.4837644],20.0000,4.0000,[219.54285   15.921394   5.52409 ],20.0000,4.0000
320,[257.4954    51.125782   5.5687  ],20.0000,0.0000,[200.87363    38.462032    5.8010745],20.0000,6.0000,[  29.80025  -105.64866     3.272197],20.0000,0.0000,[ 47.54512   -67.35782     1.4894061],20.0000,4.0000,[220.01169   15.574688   5.501589],20.0000,4.0000
321,[258.34094    50.434727    5.1059704],20.0000,6.0000,[201.89622    38.06193     6.2128673],20.0000,6.0000,[  28.713837  -105.75916      2.9037833],20.0000,6.0000,[ 47.546745  -66.777275    1.4976602],20.0000,4.0000,[220.4703     15.215201    5.5041065],20.0000,4.0000
322,[258.8836    49.47815    5.162625],20.0000,6.0000,[202.98476     37.98063      0.26798183],20.0000,6.0000,[  27.641384  -105.54996      2.9720848],20.0000,0.0000,[ 47.548798  -66.19713     1.5058131],20.0000,3.0000,[220.92448   14.851469   5.515291],20.0000,4.0000
323,[259.44186   48.53561    5.405149],20.0000,6.0000,[204.06041    38.18567     0.5560583],20.0000,6.0000,[  26.55819   -105.40839      2.6365163],20.0000,0.0000,[ 47.5477    -65.61708     1.4212005],20.0000,4.0000,[221.37715    14.487083    5.5278645],20.0000,3.0000
324,[260.15466   47.708656   5.689514],20.0000,0.0000,[205.06458    38.63785     0.8154718],20.0000,6.0000,[  25.541107  -104.99203      2.1701128],20.0000,0.0000,[ 47.581398  -65.03688     1.3937249],20.0000,4.0000,[221.83159    14.1254635   5.4473333],20.0000,4.0000
325,[261.04147   47.071415   5.415891],20.0000,0.0000,[205.94432    39.30877     1.0400085],20.0000,0.0000,[  24.736305 -104.21988     1.707355],20.0000,0.0000,[ 47.630272  -64.45768     1.3897446],20.0000,4.0000,[222.2646     13.736732    5.4230633],20.0000,4.0000
326,[261.7801    46.26659    4.956501],20.0000,0.0000,[206.64792     40.16148      0.68227667],20.0000,0.0000,[  24.305065  -103.17732      1.3163757],20.0000,0.0000,[ 47.68538   -63.879402    1.3948756],20.0000,4.0000,[222.68729   13.336926   5.422048],20.0000,3.0000
327,[262.19983    45.246235    4.4649987],20.0000,6.0000,[2.0751941e+02 4.0819859e+01 1.3836956e-01],20.0000,0.0000,[  24.301737  -102.0486       0.9948993],20.0000,6.0000,[ 47.74264   -63.30176     1.4026899],20.0000,4.0000,[223.10767    12.935076    5.3378944],20.0000,4.0000
328,[262.16476    44.12926     4.5676417],20.0000,6.0000,[208.58522    41.080376    5.9066596],20.0000,0.0000,[  24.68492   -100.99593      1.2412677],20.0000,0.0000,[ 47.800354  -62.724533    1.4105046],20.0000,4.0000,[223.50235    12.506222    5.3143167],20.0000,3.0000
329,[262.1453    43.02901    4.904448],20.0000,6.0000,[209.68532   40.894016   5.428241],20.0000,6.0000,[ 24.917313  -99.92178     1.0870107],20.0000,6.0000,[ 47.85791   -62.147575    1.4174035],20.0000,4.0000,[223.8871     12.068379    5.2240105],20.0000,4.0000
330,[262.38193   41.963028   5.236628],20.0000,6.0000,[210.60757    40.249493    5.5872197],20.0000,6.0000,[ 25.308174  -98.8941      1.2500434],20.0000,0.0000,[ 47.915173  -61.5708      1.4232221],20.0000,3.0000,[224.24042    11.603021    5.2014785],20.0000,4.0000
331,[262.8812    40.99081    5.526584],20.0000,0.0000,[211.53442    39.656395    5.9772763],20.0000,6.0000,[ 25.571575  -97.83139     0.9780254],20.0000,6.0000,[ 47.969234 -60.993732   1.336307],20.0000,4.0000,[224.57867   11.127436   5.206778],20.0000,4.0000
332,[263.60483    40.167255    5.2455225],20.0000,0.0000,[2.1257957e+02 3.9341179e+01 3.8413215e-02],20.0000,6.0000,[ 26.07476   -96.85424     1.0890512],20.0000,0.0000,[ 48.05795   -60.41989     1.3068794],20.0000,4.0000,[224.91106    10.64913     5.2211814],20.0000,4.0000
333,[264.14935   39.22114    4.763018],20.0000,6.0000,[213.67303     39.31228      0.32920212],20.0000,0.0000,[ 26.496672  -95.843094    0.7976777],20.0000,6.0000,[ 48.16156  -59.84838    1.300876],20.0000,4.0000,[225.24194    10.171004    5.2363954],20.0000,3.0000
334,[264.30334   38.13599    4.812379],20.0000,6.0000,[2.1474347e+02 3.9555428e+01 4.4020634e-02],20.0000,0.0000,[ 27.158302  -94.96359     0.9072456],20.0000,6.0000,[ 48.271393  -59.27828     1.3041767],20.0000,4.0000,[225.5756     9.695388   5.157747],20.0000,4.0000
335,[264.481      37.056778    5.0356073],20.0000,6.0000,[215.83487    39.582806    5.8372245],20.0000,0.0000,[ 27.763575  -94.05125     1.1724578],20.0000,0.0000,[ 48.383522  -58.708958    1.3105092],20.0000,4.0000,[225.88132     9.200009    5.1346993],20.0000,3.0000
336,[264.83414    36.02391     5.3062434],20.0000,0.0000,[216.8675    39.212013   5.333672],20.0000,6.0000,[ 28.162117   -93.0347       0.90977937],20.0000,6.0000,[ 48.496273  -58.140064    1.3172107],20.0000,4.0000,[226.17677    8.698279   5.04287 ],20.0000,4.0000
337,[265.41074   35.09616    5.027696],20.0000,6.0000,[217.67357   38.44664    5.407417],20.0000,0.0000,[ 28.771358  -92.1257      1.0094175],20.0000,6.0000,[ 48.609016  -57.571415    1.3233021],20.0000,4.0000,[226.43661    8.175562   5.018342],20.0000,4.0000
338,[265.76636    34.064007    5.1158533],20.0000,6.0000,[218.48799   37.704494   5.157024],20.0000,6.0000,[ 29.31725   -91.17954     1.2430147],20.0000,0.0000,[ 48.72158   -57.00292     1.3285404],20.0000,4.0000,[226.67989     7.645473    5.0215964],20.0000,4.0000
339,[266.1887     33.057446    5.3329916],20.0000,0.0000,[219.11023   36.791847   5.304412],20.0000,6.0000,[ 29.669394  -90.146355    0.9591428],20.0000,6.0000,[ 48.83396   -56.434532    1.3329632],20.0000,4.0000,[226.91673     7.1135726   5.0343404],20.0000,4.0000
340,[266.7898     32.14538     5.0390787],20.0000,6.0000,[219.79735    35.93851     5.6002684],20.0000,6.0000,[ 30.250172 -89.22042    1.051122],20.0000,6.0000,[ 48.94621  -55.86623    1.336692],20.0000,4.0000,[227.1519      6.5819182   5.048407 ],20.0000,4.0000
341,[267.1607    31.118544   5.123236],20.0000,6.0000,[220.64923   35.25597    5.899737],20.0000,6.0000,[ 30.769524  -88.25999     1.2761182],20.0000,0.0000,[ 49.058384  -55.298004    1.3398546],20.0000,4.0000,[227.38724     6.0510817   5.06079  ],20.0000,4.0000
342,[267.59442   30.116848   5.339368],20.0000,0.0000,[221.63719    34.78729     6.1792245],20.0000,6.0000,[ 31.098345  -87.21906     0.9871462],20.0000,6.0000,[ 49.170536  -54.729843    1.3425611],20.0000,4.0000,[227.62325     5.521061    5.0708566],20.0000,3.0000
343,[268.2049     29.211206    5.0453534],20.0000,0.0000,[2.2270975e+02 3.4548492e+01 1.6019520e-01],20.0000,6.0000,[ 31.66101   -86.28255     1.0769624],20.0000,0.0000,[ 49.2827    -54.16174     1.3448995],20.0000,4.0000,[227.86269    4.992731   4.987082],20.0000,4.0000
344,[268.60272   28.193804   4.579802],20.0000,6.0000,[223.81422     34.556145     0.39666253],20.0000,0.0000,[ 32.146484   -85.30422      0.74848217],20.0000,6.0000,[ 49.3949    -53.59369     1.3469386],20.0000,4.0000,[228.07074     4.4500723   4.9599137],20.0000,4.0000
345,[268.60245    27.09262     4.6379533],20.0000,0.0000,[2.2488713e+02 3.4820042e+01 5.0425414e-02],20.0000,0.0000,[ 32.876884  -84.48666     0.8330466],20.0000,6.0000,[ 49.50716   -53.025692    1.3487313],20.0000,4.0000,[228.26466     3.9021373   4.9560275],20.0000,3.0000
346,[268.63806    25.995382    4.3365726],20.0000,6.0000,[225.97928   34.835716   5.795325],20.0000,0.0000,[ 33.563847  -83.63599     1.0704695],20.0000,0.0000,[ 49.61949   -52.457737    1.3503191],20.0000,4.0000,[228.45547     3.353207    4.8694043],20.0000,4.0000
347,[268.38593    24.921415    4.4532604],20.0000,6.0000,[226.9944    34.42001    5.281023],20.0000,0.0000,[ 34.072544  -82.67007     0.7931058],20.0000,6.0000,[ 49.7319    -51.889824    1.3517348],20.0000,4.0000,[228.6109      2.7918563   4.8439736],20.0000,4.0000
348,[268.1984     23.841871    4.7323422],20.0000,6.0000,[227.77538   33.623684   4.801618],20.0000,6.0000,[ 34.78743    -81.84209      0.88780475],20.0000,6.0000,[ 49.84439   -51.32195     1.3530041],20.0000,4.0000,[228.75032     2.2265134   4.8438644],20.0000,4.0000
349,[268.23355   22.750803   5.02795 ],20.0000,6.0000,[228.14388    32.56074     4.9587173],20.0000,6.0000,[ 35.446693  -80.97127     1.1179322],20.0000,0.0000,[ 49.95697   -50.754112    1.3541479],20.0000,4.0000,[228.88335     1.6603181   4.852968 ],20.0000,3.0000
350,[268.5161    21.694794   5.306952],20.0000,6.0000,[228.54517   31.53611    5.347518],20.0000,6.0000,[ 35.926876   -79.991005     0.83241606],20.0000,6.0000,[ 50.069637  -50.18631     1.3551835],20.0000,4.0000,[229.01738     1.0947711   4.772321 ],20.0000,4.0000
351,[269.02713    20.722677    5.5725217],20.0000,0.0000,[229.20457   30.666126   5.691711],20.0000,6.0000,[ 36.621204 -79.14698    0.923856],20.0000,6.0000,[ 50.182392  -49.618538    1.3561249],20.0000,4.0000,[229.11702      0.52096003   4.7491355 ],20.0000,4.0000
352,[269.75815   19.898695   5.261284],20.0000,0.0000,[230.07146   29.999073   5.982526],20.0000,6.0000,[ 37.259243  -78.26097     1.1482792],20.0000,0.0000,[ 50.295235  -49.050797    1.3569837],20.0000,4.0000,[ 2.2920129e+02 -5.5081066e-02  4.7496967e+00],20.0000,4.0000
353,[270.29797    18.94934     4.7471056],20.0000,6.0000,[231.07454    29.548397    6.2480493],20.0000,6.0000,[ 37.71898   -77.27087     0.8589708],20.0000,6.0000,[ 50.40816   -48.48308     1.3577698],20.0000,4.0000,[229.27956    -0.6313116   4.758808 ],20.0000,4.0000
354,[270.4234    17.861486   4.787852],20.0000,0.0000,[2.3215932e+02 2.9336334e+01 1.9797750e-01],20.0000,6.0000,[ 38.397358  -76.41449     0.9486054],20.0000,6.0000,[ 50.521175  -47.915394    1.3584917],20.0000,4.0000,[229.35606    -1.2071304   4.7696977],20.0000,3.0000
355,[270.58557    16.77908     4.4530234],20.0000,6.0000,[233.26715     29.363598     0.39787012],20.0000,0.0000,[ 39.019104  -75.51714     1.1704452],20.0000,0.0000,[ 50.63427   -47.34773     1.3591563],20.0000,4.0000,[229.43549    -1.7822738   4.687952 ],20.0000,4.0000
356,[270.4414     15.688007    4.5469594],20.0000,0.0000,[2.3434131e+02 2.9625048e+01 2.5387364e-02],20.0000,0.0000,[ 39.46225   -74.5194      0.8795061],20.0000,6.0000,[ 50.747444  -46.78009     1.3597697],20.0000,4.0000,[229.48053   -2.362296   4.662875],20.0000,4.0000
357,[270.36646    14.593859    4.2559695],20.0000,6.0000,[235.43338   29.618233   5.761182],20.0000,0.0000,[ 40.1268     -73.652504     0.96806407],20.0000,6.0000,[ 50.8607    -46.21247     1.3603374],20.0000,4.0000,[229.51036    -2.943233    4.6612134],20.0000,3.0000
358,[270.01935    13.548264    4.3703666],20.0000,6.0000,[236.43716   29.174099   5.246662],20.0000,0.0000,[ 40.7344    -72.74559     1.1885463],20.0000,0.0000,[ 50.97403   -45.644875    1.3608637],20.0000,4.0000,[229.53703    -3.5241065   4.5765667],20.0000,4.0000
359,[269.73755    12.489927    4.6422434],20.0000,6.0000,[237.19464    28.353971    4.7703595],20.0000,0.0000,[ 41.162693   -71.74131      0.89679056],20.0000,6.0000,[ 51.087433  -45.077297    1.3613528],20.0000,4.0000,[229.5264     -4.1067824   4.552649 ],20.0000,4.0000
360,[269.6718     11.400301    4.9335785],20.0000,0.0000,[237.54889    27.281141    4.3819466],20.0000,0.0000,[ 41.814514 -70.86494    0.984683],20.0000,6.0000,[ 51.200905  -44.50974     1.3618081],20.0000,4.0000,[229.4994     -4.6886454   4.553835 ],20.0000,4.0000
361,[269.8697    10.325987   4.660702],20.0000,6.0000,[237.46768   26.155012   4.067912],20.0000,0.0000,[ 42.40905  -69.94943    1.204394],20.0000,6.0000,[ 51.31445   -43.9422      1.3622327],20.0000,4.0000,[229.46623   -5.269439   4.563947],20.0000,3.0000
362,[269.82867     9.235095    4.7500663],20.0000,6.0000,[237.02634    25.121262    3.7668886],20.0000,6.0000,[ 42.84004   -68.945656    1.4627435],20.0000,6.0000,[ 51.42806   -43.374676    1.3626294],20.0000,4.0000,[229.43437    -5.8498607   4.4840035],20.0000,4.0000
363,[269.86035    8.143961   4.967381],20.0000,0.0000,[236.28192   24.287565   3.997616],20.0000,0.0000,[ 43.059242  -67.87148     1.7264881],20.0000,6.0000,[ 51.54173   -42.807167    1.3630005],20.0000,4.0000,[229.36732    -6.4284506   4.461262 ],20.0000,4.0000
364,[270.09314    7.07661    4.673367],20.0000,0.0000,[235.66237    23.379944    3.8272977],20.0000,6.0000,[ 43.03948   -66.76966     1.9738765],20.0000,6.0000,[ 51.655464  -42.239674    1.3633482],20.0000,4.0000,[229.28497    -7.0048156   4.4621506],20.0000,4.0000
365,[270.0879      5.98443     4.2063956],20.0000,6.0000,[234.90312    22.584156    3.9849837],20.0000,0.0000,[ 42.777843  -65.69458     2.1920588],20.0000,6.0000,[ 51.76926   -41.6722      1.3636744],20.0000,4.0000,[229.19685   -7.579648   4.471496],20.0000,4.0000
366,[269.68164    4.96162    4.263199],20.0000,6.0000,[234.24333    21.710096    3.7129166],20.0000,6.0000,[ 42.29839   -64.69539     2.3827543],20.0000,6.0000,[ 51.883114  -41.104733    1.3639809],20.0000,4.0000,[229.10722   -8.153585   4.48254 ],20.0000,4.0000
367,[269.29446     3.936494    4.5090714],20.0000,6.0000,[233.39604    21.009537    3.8251014],20.0000,6.0000,[ 41.637856  -63.805603    2.5577037],20.0000,6.0000,[ 51.99702   -40.53728     1.3642691],20.0000,4.0000,[229.01773   -8.727025   4.492651],20.0000,4.0000
368,[269.09604     2.8628955   4.795966 ],20.0000,6.0000,[232.5991     20.259537    4.0860314],20.0000,0.0000,[ 40.830368  -63.047634    2.7283535],20.0000,6.0000,[ 52.11098   -39.969845    1.3645406],20.0000,4.0000,[228.92883   -9.300178   4.50113 ],20.0000,4.0000
369,[269.13867     1.7710903   5.0738196],20.0000,0.0000,[231.97766    19.361868    3.8197472],20.0000,6.0000,[ 39.904648 -62.440643   2.900585],20.0000,6.0000,[ 52.22499   -39.402416    1.3647964],20.0000,4.0000,[228.84053   -9.873147   4.508031],20.0000,4.0000
370,[269.43658     0.7167645   4.7909555],20.0000,0.0000,[231.17413   18.61934    3.917922],20.0000,6.0000,[ 38.888275  -62.002586    3.0755463],20.0000,6.0000,[ 52.339054  -38.835003    1.3650379],20.0000,4.0000,[228.75267   -10.445987    4.5136256],20.0000,4.0000
371,[269.51666     -0.37186077   4.3113084 ],20.0000,6.0000,[230.42302    17.82633     4.1500587],20.0000,0.0000,[ 37.81116  -61.74826    3.252301],20.0000,6.0000,[ 52.45316  -38.2676     1.365266],20.0000,4.0000,[228.66513  -11.018724   4.5182  ],20.0000,4.0000
372,[269.18616    -1.4173547   4.3617787],20.0000,6.0000,[229.83917    16.904036    3.8653648],20.0000,6.0000,[ 36.70607  -61.686954   3.429688],20.0000,6.0000,[ 52.567314  -37.700207    1.3654816],20.0000,4.0000,[228.57776  -11.591377   4.521989],20.0000,4.0000
373,[268.87933    -2.4674044   4.587482 ],20.0000,6.0000,[229.05771    16.139954    3.9570544],20.0000,6.0000,[ 35.607407  -61.821293    3.6070228],20.0000,6.0000,[ 52.681515  -37.132824    1.3656856],20.0000,3.0000,[228.4905    -12.163957    4.5251727],20.0000,4.0000
374,[268.7523     -3.5515742   4.85992  ],20.0000,6.0000,[228.32779   15.327954   4.181667],20.0000,0.0000,[ 34.549595  -62.147182    3.7841034],20.0000,6.0000,[ 52.792847  -36.564846    1.2741202],20.0000,4.0000,[228.40324   -12.736472    4.5278845],20.0000,4.0000
375,[268.8559    -4.639717   5.132569],20.0000,0.0000,[227.76402    14.393169    3.8924553],20.0000,6.0000,[ 33.56571   -62.654285    3.9609826],20.0000,6.0000,[ 52.93806   -36.00405     1.2407241],20.0000,4.0000,[228.316    -13.30893    4.530222],20.0000,4.0000
376,[269.20953   -5.677268   4.846358],20.0000,0.0000,[226.99733   13.614849   3.982138],20.0000,6.0000,[ 32.68642   -63.326614    4.1377735],20.0000,6.0000,[ 53.096985  -35.446724    1.2297539],20.0000,4.0000,[228.22871   -13.881336    4.5322576],20.0000,4.0000
377,[269.34607    -6.7602863   4.3632355],20.0000,6.0000,[226.28255   12.789686   4.204034],20.0000,6.0000,[ 31.939108  -64.14313     4.3145556],20.0000,6.0000,[ 53.26175   -34.891083    1.2279205],20.0000,4.0000,[228.14136   -14.453696    4.5340466],20.0000,4.0000
378,[269.06796    -7.8206773   4.412775 ],20.0000,6.0000,[225.71898   11.854146   4.46368 ],20.0000,6.0000,[ 31.347057 -65.07835    4.491359],20.0000,6.0000,[ 53.428978  -34.33626     1.2296463],20.0000,4.0000,[228.05394   -15.026014    4.5356307],20.0000,4.0000
379,[268.8135    -8.884521   4.637103],20.0000,6.0000,[225.35602    10.82012     4.7288013],20.0000,6.0000,[ 30.928732  -66.10312     4.6681843],20.0000,6.0000,[ 53.597214  -33.78185     1.2325518],20.0000,4.0000,[227.96643  -15.598293   4.537043],20.0000,4.0000
380,[268.7394     -9.973586    4.9086294],20.0000,6.0000,[225.22588    9.726284   4.978493],20.0000,6.0000,[ 30.697193 -67.18549    4.845021],20.0000,6.0000,[ 53.765842  -33.227657    1.2356515],20.0000,4.0000,[227.87885   -16.170538    4.5383096],20.0000,4.0000
381,[268.8952   -11.055527   5.180961],20.0000,6.0000,[225.3397      8.6259365   5.1992235],20.0000,6.0000,[ 30.659668  -68.291725    5.0218596],20.0000,6.0000,[ 53.934628  -32.673595    1.2385715],20.0000,4.0000,[227.79118  -16.742748   4.539451],20.0000,4.0000
382,[269.28226   -12.0830345   5.445052 ],20.0000,0.0000,[225.68114     7.5716214   5.3917   ],20.0000,6.0000,[ 30.817333 -69.38731    5.198697],20.0000,6.0000,[ 54.103477  -32.119625    1.2411991],20.0000,4.0000,[227.70341   -17.31493     4.5404844],20.0000,4.0000
383,[269.90414  -12.991856   5.134613],20.0000,0.0000,[226.21797     6.6021113   5.5673566],20.0000,6.0000,[ 31.16527  -70.438065   5.375532],20.0000,6.0000,[ 54.27238   -31.56573     1.2435251],20.0000,4.0000,[227.61557  -17.887083   4.541424],20.0000,4.0000
384,[270.3207   -14.001354   4.621908],20.0000,6.0000,[226.91852    5.744264   5.738011],20.0000,6.0000,[ 31.692625  -71.41123     5.5523663],20.0000,6.0000,[ 54.44133   -31.011896    1.2455767],20.0000,4.0000,[227.52762  -18.459211   4.542281],20.0000,4.0000
385,[270.30984   -15.096405    4.6630983],20.0000,0.0000,[227.75626    5.020619   5.910015],20.0000,6.0000,[ 32.38295 -72.27645   5.7292 ],20.0000,6.0000,[ 54.61034   -30.45812     1.2473898],20.0000,4.0000,[227.43959   -19.031315    4.5430655],20.0000,4.0000
386,[270.33636  -16.190594   4.328623],20.0000,6.0000,[228.70602     4.4524064   6.0847836],20.0000,6.0000,[ 33.214714 -73.006744   5.906033],20.0000,6.0000,[ 54.779415  -29.904398    1.2489991],20.0000,4.0000,[227.35149  -19.603397   4.543786],20.0000,4.0000
387,[270.05807  -17.255404   4.422743],20.0000,0.0000,[229.74016    4.058178   6.261449],20.0000,6.0000,[ 34.161976  -73.57933     6.0828667],20.0000,6.0000,[ 54.948566  -29.350727    1.2504346],20.0000,4.0000,[227.26328  -20.175457   4.54445 ],20.0000,4.0000
388,[269.8482    -18.331852    4.1319036],20.0000,6.0000,[2.3082747e+02 3.8515041e+00 1.5563758e-01],20.0000,6.0000,[ 35.19519  -73.97635    6.259701],20.0000,6.0000,[ 55.117798  -28.797104    1.2517217],20.0000,4.0000,[227.175    -20.747498   4.545062],20.0000,4.0000
389,[269.37436   -19.326458    4.2463636],20.0000,0.0000,[231.93425     3.839585    0.3329912],20.0000,6.0000,[ 36.28213    -74.18542      0.15334934],20.0000,6.0000,[ 55.28711   -28.243525    1.2528813],20.0000,4.0000,[227.08664   -21.319519    4.5456285],20.0000,4.0000
390,[268.97974   -20.349821    3.9677134],20.0000,6.0000,[233.02583      4.02294      0.51009196],20.0000,0.0000,[ 37.388905   -74.20002      0.33018327],20.0000,6.0000,[ 55.45651   -27.68999     1.2539306],20.0000,4.0000,[226.99821   -21.891523    4.5461545],20.0000,4.0000
391,[268.348     -21.25203     4.0856833],20.0000,0.0000,[2.3405936e+02 4.4112611e+00 1.3643044e-01],20.0000,6.0000,[ 38.480984  -74.0197      0.5070172],20.0000,6.0000,[ 55.625988 -27.136494   1.254884],20.0000,4.0000,[226.9097   -22.463512   4.546643],20.0000,3.0000
392,[267.7929    -22.197756    3.8068852],20.0000,6.0000,[2.3514711e+02 4.5134344e+00 1.4592551e-01],20.0000,6.0000,[ 39.524315   -73.65008      0.68385106],20.0000,6.0000,[ 55.795555  -26.583038    1.2557534],20.0000,4.0000,[226.82405   -23.035975    4.4553385],20.0000,4.0000
393,[267.02386   -22.985893    3.9238575],20.0000,0.0000,[236.23445      4.621925     0.32795885],20.0000,0.0000,[ 40.48635    -73.102684     0.86068493],20.0000,6.0000,[ 55.965202  -26.02962     1.2565489],20.0000,4.0000,[226.70415  -23.602865   4.422214],20.0000,3.0000
394,[266.3231   -23.829266   3.643774],20.0000,6.0000,[2.3729138e+02 4.9042764e+00 1.7795101e-02],20.0000,6.0000,[ 41.337093  -72.39459     1.0375189],20.0000,6.0000,[ 56.13493  -25.476234   1.257279],20.0000,4.0000,[226.57307  -24.167725   4.319966],20.0000,4.0000
395,[265.43613   -24.481825    3.7600827],20.0000,6.0000,[2.3838277e+02 4.9233422e+00 8.9351714e-02],20.0000,6.0000,[ 42.050003  -71.54789     1.2143527],20.0000,0.0000,[ 56.30474  -24.922884   1.257951],20.0000,4.0000,[226.40207  -24.723307   4.285965],20.0000,4.0000
396,[264.5969    -25.185112    4.0301666],20.0000,0.0000,[239.47182      5.0001197    0.29948395],20.0000,0.0000,[ 42.58614   -70.58275     0.8406347],20.0000,6.0000,[ 56.47463   -24.369564    1.2585711],20.0000,4.0000,[226.21397  -25.273533   4.279843],20.0000,3.0000
397,[263.9294   -26.049215   3.7693  ],20.0000,6.0000,[2.4053038e+02 5.2716522e+00 2.4669613e-03],20.0000,0.0000,[ 43.348957  -69.80059     0.8501712],20.0000,6.0000,[ 56.644592  -23.816273    1.2591447],20.0000,4.0000,[226.02164   -25.822186    4.1929474],20.0000,3.0000
398,[263.09085   -26.752188    3.8693922],20.0000,0.0000,[241.62186     5.3049703   5.8158436],20.0000,0.0000,[ 44.107338  -69.01388     1.0322326],20.0000,6.0000,[ 56.81463   -23.263012    1.2596765],20.0000,4.0000,[225.79596   -26.359829    4.0762577],20.0000,4.0000
399,[262.31497   -27.52223     3.5523913],20.0000,6.0000,[242.66527    4.94976    5.320543],20.0000,0.0000,[ 44.745274 -68.12348    1.272639],20.0000,0.0000,[ 56.984737  -22.709778    1.2601705],20.0000,4.0000,[225.52238   -26.877254    4.0452895],20.0000,4.0000
400,[261.36157   -28.06683     3.6443443],20.0000,6.0000,[243.49713     4.1988654   4.8672347],20.0000,0.0000,[ 45.18011    -67.11518      0.96754616],20.0000,6.0000,[ 57.15492   -22.15657     1.2606301],20.0000,4.0000,[225.22903   -27.38291     4.0498285],20.0000,3.0000
401,[260.4408    -28.657726    3.8918104],20.0000,6.0000,[243.95506     3.1655743   4.501093 ],20.0000,6.0000,[ 45.82886   -66.23661     1.0211755],20.0000,6.0000,[ 57.32516   -21.603386    1.2610588],20.0000,4.0000,[224.93176   -27.885029    3.9744852],20.0000,4.0000
402,[259.6457    -29.40559     4.1709695],20.0000,6.0000,[243.98553     2.0426574   4.7440114],20.0000,0.0000,[ 46.441715  -65.331955    1.2216293],20.0000,0.0000,[ 57.495472  -21.050226    1.2614591],20.0000,4.0000,[224.60262   -28.367968    3.9587274],20.0000,4.0000
403,[259.02924   -30.308605    4.4450665],20.0000,6.0000,[244.15352      0.95587236   4.6024094 ],20.0000,6.0000,[ 46.887295  -64.332535    0.9171187],20.0000,6.0000,[ 57.665844  -20.49709     1.2618335],20.0000,4.0000,[224.26103   -28.841106    3.9669588],20.0000,4.0000
404,[258.62216   -31.328867    4.7084002],20.0000,6.0000,[ 2.4416605e+02 -1.4369829e-01  4.7724800e+00],20.0000,6.0000,[ 47.554775  -63.46883     0.9888883],20.0000,6.0000,[ 57.836273  -19.943975    1.2621843],20.0000,4.0000,[223.91602   -29.310244    3.9823751],20.0000,3.0000
405,[258.4515   -32.419746   4.946185],20.0000,6.0000,[244.29784    -1.2292958   5.053899 ],20.0000,0.0000,[ 48.17552   -62.57062     1.1989552],20.0000,0.0000,[ 58.006763  -19.390879    1.2625134],20.0000,4.0000,[223.57332  -29.780224   3.905968],20.0000,4.0000
406,[258.52164   -33.525127    5.1523924],20.0000,0.0000,[244.67113    -2.2550697   4.7893076],20.0000,0.0000,[ 48.624958   -61.574272     0.90144914],20.0000,6.0000,[ 58.17731   -18.837805    1.2628224],20.0000,4.0000,[223.20268  -30.229908   3.885343],20.0000,4.0000
407,[258.82837   -34.58719     4.7841787],20.0000,0.0000,[244.83269    -3.3374083   4.3361397],20.0000,0.0000,[ 49.294624  -60.712223    0.9810748],20.0000,6.0000,[ 58.347908 -18.284748   1.263113],20.0000,4.0000,[222.82077   -30.669594    3.8876898],20.0000,4.0000
408,[258.87125   -35.67848     4.2380004],20.0000,0.0000,[244.60686    -4.4218416   3.8548057],20.0000,0.0000,[ 49.912266  -59.81213     1.1945338],20.0000,0.0000,[ 58.518562  -17.73171     1.2633867],20.0000,4.0000,[222.43512  -31.105003   3.898019],20.0000,4.0000
409,[258.47427   -36.701702    3.7234387],20.0000,6.0000,[243.95827    -5.3405037   3.4276197],20.0000,6.0000,[ 50.356323 -58.81391    0.899187],20.0000,6.0000,[ 58.689262  -17.178688    1.2636446],20.0000,4.0000,[222.04887   -31.538956    3.9096837],20.0000,4.0000
410,[257.68085   -37.48171     3.7971117],20.0000,0.0000,[242.98845    -5.9116025   3.6336908],20.0000,0.0000,[ 51.02145    -57.948227     0.98193705],20.0000,6.0000,[ 58.860012 -16.625685   1.263888],20.0000,4.0000,[221.66313   -31.972643    3.9201713],20.0000,4.0000
411,[256.90878  -38.26836    3.551397],20.0000,6.0000,[242.09535    -6.5559273   3.490194 ],20.0000,6.0000,[ 51.632404 -57.04365    1.197177],20.0000,0.0000,[ 59.03081   -16.072695    1.2641178],20.0000,4.0000,[221.27814   -32.406464    3.9288757],20.0000,4.0000
412,[255.97525   -38.858994    3.7016947],20.0000,6.0000,[241.11783    -7.0619054   3.6664755],20.0000,0.0000,[ 52.06791   -56.041946    0.9027742],20.0000,6.0000,[ 59.201653 -15.519722   1.264335],20.0000,4.0000,[220.89377  -32.840477   3.935913],20.0000,4.0000
413,[255.10025  -39.518253   3.998931],20.0000,6.0000,[240.21745    -7.6852837   3.404074 ],20.0000,6.0000,[ 52.72583    -55.170647     0.98711616],20.0000,6.0000,[ 59.372536  -14.9667635   1.2645407],20.0000,4.0000,[220.50987   -33.274647    3.9415936],20.0000,4.0000
414,[254.39157  -40.3485     4.298624],20.0000,6.0000,[239.19667   -8.092776   3.518747],20.0000,6.0000,[ 53.32836   -54.260452    1.2034788],20.0000,0.0000,[ 59.54346   -14.413818    1.2647352],20.0000,4.0000,[220.12631   -33.708904    3.9462235],20.0000,4.0000
415,[253.89258   -41.321545    4.5781198],20.0000,0.0000,[238.20984   -8.565457   3.779254],20.0000,0.0000,[ 53.753757   -53.25457      0.90957236],20.0000,6.0000,[ 59.714428  -13.860887    1.2649198],20.0000,4.0000,[219.74295  -34.143196   3.950051],20.0000,4.0000
416,[253.63857  -42.3887     4.291557],20.0000,0.0000,[237.34535    -9.232242    3.5121067],20.0000,6.0000,[ 54.403053  -52.376724    0.9948237],20.0000,6.0000,[ 59.885433  -13.307968    1.2650946],20.0000,4.0000,[219.35973   -34.57748     3.9532628],20.0000,4.0000
417,[253.17862  -43.37874    3.804562],20.0000,6.0000,[236.35425    -9.695393    3.6098762],20.0000,6.0000,[ 54.996105  -51.460327    1.2119293],20.0000,0.0000,[ 60.056473  -12.755061    1.2652607],20.0000,4.0000,[218.97656  -35.011726   3.955995],20.0000,4.0000
418,[252.37799   -44.126995    3.8527746],20.0000,6.0000,[235.39763   -10.222493    3.8414726],20.0000,0.0000,[ 55.410522   -50.44996      0.91835004],20.0000,6.0000,[ 60.22755   -12.202167    1.2654184],20.0000,4.0000,[218.59341   -35.445923    3.9583488],20.0000,4.0000
419,[251.59534   -44.89089     4.0748262],20.0000,6.0000,[234.5608    -10.923373    3.5564446],20.0000,6.0000,[ 56.050312  -49.56509     1.0041603],20.0000,6.0000,[ 60.398663  -11.649283    1.2655683],20.0000,4.0000,[218.21027   -35.880054    3.9603975],20.0000,4.0000
420,[250.95053  -45.771664   4.344768],20.0000,6.0000,[233.5838    -11.413167    3.6480076],20.0000,6.0000,[ 56.633175 -48.642174   1.221764],20.0000,0.0000,[ 60.56981   -11.096412    1.2657108],20.0000,4.0000,[217.8271   -36.314114   3.962197],20.0000,4.0000
421,[250.50269  -46.76889    4.616543],20.0000,0.0000,[232.64127  -11.964292   3.872439],20.0000,0.0000,[ 57.036034   -47.627197     0.92842907],20.0000,6.0000,[ 60.740986  -10.54355     1.2658465],20.0000,4.0000,[217.4439    -36.7481      3.9637902],20.0000,4.0000
422,[250.29678  -47.84568    4.329592],20.0000,0.0000,[231.8195   -12.682892   3.583112],20.0000,6.0000,[ 57.665718  -46.73506     1.0145948],20.0000,6.0000,[60.912193  -9.990698   1.2659756],20.0000,4.0000,[217.06064  -37.182007   3.96521 ],20.0000,4.0000
423,[249.87958  -48.854404   3.845619],20.0000,6.0000,[230.85213   -13.190576    3.6727278],20.0000,0.0000,[ 58.237877  -45.80547     1.2325281],20.0000,0.0000,[61.083427  -9.437856   1.2660986],20.0000,4.0000,[216.67734   -37.61584     3.9664826],20.0000,4.0000
424,[249.11281   -49.63781     3.8949223],20.0000,6.0000,[229.92892   -13.774058    3.3439841],20.0000,6.0000,[ 58.628765  -44.78585     0.9393604],20.0000,6.0000,[61.254696  -8.885023   1.2662158],20.0000,4.0000,[216.29398   -38.049603    3.9676297],20.0000,4.0000
425,[248.36482  -50.435913   4.118914],20.0000,6.0000,[228.88004   -14.092776    3.4283605],20.0000,6.0000,[ 59.247913  -43.88634     1.0257504],20.0000,6.0000,[61.425987  -8.332199   1.2663276],20.0000,4.0000,[215.91055   -38.483288    3.9686677],20.0000,4.0000
426,[247.76083  -51.345173   4.390219],20.0000,6.0000,[227.851    -14.462361   3.665459],20.0000,0.0000,[ 59.809     -42.95002     1.2438976],20.0000,0.0000,[61.59731   -7.779384   1.2664343],20.0000,4.0000,[215.52707   -38.9169      3.9696114],20.0000,4.0000
427,[247.35991   -52.3621      4.6624746],20.0000,0.0000,[226.91422   -15.0229      3.3878841],20.0000,6.0000,[ 60.18761   -41.9258      0.9508406],20.0000,6.0000,[61.768654  -7.2265773  1.266536 ],20.0000,4.0000,[215.14352  -39.350445   3.970472],20.0000,4.0000
428,[247.20457   -53.447254    4.3759513],20.0000,0.0000,[225.873     -15.358242    3.4825048],20.0000,6.0000,[ 60.795914  -41.0189      1.0373719],20.0000,6.0000,[61.94002   -6.673778   1.2666333],20.0000,4.0000,[214.75993   -39.78392     3.9712598],20.0000,4.0000
429,[246.83505   -54.474407    3.8924794],20.0000,0.0000,[224.857     -15.759074    3.7125468],20.0000,0.0000,[ 61.345657  -40.07587     1.2556565],20.0000,0.0000,[62.111416  -6.120987   1.2667261],20.0000,4.0000,[214.37627   -40.21733     3.9719832],20.0000,4.0000
430,[246.11824   -55.30617     3.3913708],20.0000,6.0000,[223.93697   -16.346487    3.4269805],20.0000,6.0000,[ 61.711784  -39.047134    0.9626714],20.0000,6.0000,[62.282833  -5.568203   1.2668148],20.0000,4.0000,[213.99254  -40.65068    3.972649],20.0000,4.0000
431,[245.11372   -55.78435     3.4692717],20.0000,6.0000,[222.9049    -16.70611     3.5184016],20.0000,6.0000,[ 62.30901   -38.13289     1.0492918],20.0000,6.0000,[62.45427   -5.015426   1.2668997],20.0000,4.0000,[213.60876  -41.08397    3.973264],20.0000,4.0000
432,[244.12335   -56.26248     3.7752118],20.0000,6.0000,[221.8991    -17.130877    3.7427986],20.0000,0.0000,[ 62.8472   -37.183212   1.267664],20.0000,6.0000,[62.625732  -4.462656   1.2669808],20.0000,4.0000,[213.22493   -41.517197    3.9738326],20.0000,4.0000
433,[243.26344  -56.935654   4.096508],20.0000,6.0000,[220.99138   -17.737284    3.4534738],20.0000,6.0000,[ 63.2177    -36.1554      1.5252769],20.0000,6.0000,[62.79721   -3.9098926  1.2670585],20.0000,4.0000,[212.84103 -41.95037   3.97436],20.0000,4.0000
434,[242.59402  -57.799152   4.384646],20.0000,6.0000,[219.9665    -18.115723    3.5430987],20.0000,6.0000,[ 63.372673  -35.06977     1.7880367],20.0000,6.0000,[62.96871   -3.3571353  1.2671328],20.0000,4.0000,[212.45709  -42.383488   3.97485 ],20.0000,4.0000
435,[242.13507  -58.79603    4.655181],20.0000,6.0000,[218.96869  -18.558619   3.764926],20.0000,0.0000,[ 63.287334  -33.970783    2.0337734],20.0000,6.0000,[63.14023   -2.8043842  1.2672038],20.0000,4.0000,[212.0731   -42.816555   3.975306],20.0000,4.0000
436,[241.91153  -59.876568   4.899341],20.0000,0.0000,[218.07117   -19.180159    3.4739792],20.0000,6.0000,[ 62.962696  -32.912846    2.2501786],20.0000,6.0000,[63.311768 -2.251639  1.267272],20.0000,4.0000,[211.68906   -43.24957     3.9757314],20.0000,4.0000
437,[241.94872   -60.980442    4.5598984],20.0000,0.0000,[217.05263   -19.574772    3.5625315],20.0000,6.0000,[ 62.426117 -31.943115   2.43967 ],20.0000,6.0000,[63.483322  -1.6988993  1.2673372],20.0000,4.0000,[211.30496   -43.682537    3.9761288],20.0000,4.0000
438,[241.74356   -62.05328     4.0249934],20.0000,0.0000,[216.0619   -20.033182   3.783007],20.0000,0.0000,[ 61.7159   -31.0925     2.614164],20.0000,6.0000,[63.654892  -1.146165   1.2673998],20.0000,4.0000,[210.92082   -44.11546     3.9765005],20.0000,4.0000
439,[241.13383   -62.964993    3.5110753],20.0000,6.0000,[215.17366  -20.668024   3.491247],20.0000,6.0000,[ 60.86682   -30.381493    2.7848303],20.0000,6.0000,[63.82648    -0.59343606  1.2674598 ],20.0000,4.0000,[210.53664   -44.54834     3.9768488],20.0000,4.0000
440,[240.19191   -63.555332    3.5816786],20.0000,6.0000,[214.16106  -21.077345   3.579136],20.0000,6.0000,[ 59.90827  -29.827827   2.957224],20.0000,6.0000,[ 6.3998085e+01 -4.0712148e-02  1.2675172e+00],20.0000,4.0000,[210.1524    -44.981174    3.9771755],20.0000,4.0000
441,[239.26114  -64.14092    3.880981],20.0000,6.0000,[213.17702   -21.54988     3.7988427],20.0000,6.0000,[ 58.86873   -29.448034    3.1323166],20.0000,6.0000,[64.1697      0.51200694  1.2675723 ],20.0000,4.0000,[209.76813   -45.413967    3.9774826],20.0000,4.0000
442,[238.47797   -64.90207     4.2001796],20.0000,6.0000,[212.28673  -22.182888   4.05719 ],20.0000,0.0000,[ 57.778915  -29.255219    3.3091297],20.0000,6.0000,[64.34134    1.0647213  1.2676251],20.0000,4.0000,[209.3838   -45.846725   3.977771],20.0000,4.0000
443,[237.90295  -65.831024   4.488042],20.0000,6.0000,[211.55482  -22.997068   3.77038 ],20.0000,6.0000,[ 56.672123  -29.256756    3.4865234],20.0000,6.0000,[64.512985   1.6174313  1.2676759],20.0000,4.0000,[208.99945  -46.27944    3.978043],20.0000,4.0000
444,[237.55081   -66.87028     4.7588468],20.0000,6.0000,[210.66324   -23.62698     3.8440647],20.0000,6.0000,[ 55.58286   -29.453276    3.6638448],20.0000,6.0000,[64.68465    2.170137   1.2677245],20.0000,4.0000,[208.61507   -46.71212     3.9782991],20.0000,4.0000
445,[237.4413    -67.9681      5.0037603],20.0000,6.0000,[209.80743   -24.305445    4.0541887],20.0000,0.0000,[ 54.54526   -29.838709    3.8409111],20.0000,6.0000,[64.85632    2.7228382  1.2677712],20.0000,4.0000,[208.23064   -47.144768    3.9785411],20.0000,4.0000
446,[237.57668   -69.067085    5.2157173],20.0000,0.0000,[209.08755   -25.128624    3.7552822],20.0000,6.0000,[ 53.591755 -30.400856   4.017783],20.0000,6.0000,[65.02801    3.2755356  1.2678161],20.0000,4.0000,[207.84616   -47.57738     3.9787695],20.0000,4.0000
447,[237.94972   -70.107765    4.8505044],20.0000,0.0000,[208.19662  -25.759289   3.831944],20.0000,6.0000,[ 52.752052 -31.12202    4.194572],20.0000,6.0000,[65.19971    3.8282292  1.2678591],20.0000,4.0000,[207.46167   -48.00996     3.9789853],20.0000,5.0000
448,[238.06381   -71.193954    4.3047843],20.0000,0.0000,[207.34291   -26.439749    4.0439787],20.0000,0.0000,[ 52.0523   -31.97964    4.371355],20.0000,6.0000,[65.37142    4.380919   1.2679005],20.0000,4.0000,[207.07492  -48.44052    4.070948],20.0000,4.0000
449,[237.7351   -72.24099    3.790073],20.0000,6.0000,[206.62584   -27.264355    3.7476842],20.0000,6.0000,[ 51.514297 -32.94696    4.54816 ],20.0000,6.0000,[65.543144   4.933605   1.2679403],20.0000,4.0000,[206.71434   -48.893566    4.1047544],20.0000,4.0000
450,[236.99495   -73.071556    3.8632607],20.0000,6.0000,[205.73645   -27.897314    3.8288934],20.0000,6.0000,[ 51.154823  -33.993828    4.7249866],20.0000,6.0000,[65.714874   5.4862876  1.2679784],20.0000,4.0000,[206.36449   -49.355206    4.1166277],20.0000,5.0000
451,[236.26465   -73.893974    4.1673484],20.0000,6.0000,[204.88672  -28.58255    4.043195],20.0000,6.0000,[ 50.985104 -35.087605   4.901823],20.0000,6.0000,[65.88662    6.038967   1.2680151],20.0000,4.0000,[206.0168   -49.81871    4.211386],20.0000,4.0000
452,[235.72824   -74.84526     4.4887166],20.0000,0.0000,[204.16165   -29.400774    4.2988663],20.0000,0.0000,[ 51.010445 -36.194183   5.078662],20.0000,6.0000,[66.05838    6.5916433  1.2680504],20.0000,4.0000,[205.69904   -50.30454     4.2440233],20.0000,4.0000
453,[235.45804  -75.90323    4.226523],20.0000,6.0000,[203.63213   -30.360432    4.0072627],20.0000,6.0000,[ 51.230053  -37.279045    5.2554994],20.0000,6.0000,[66.23014    7.144316   1.2680843],20.0000,4.0000,[205.39471   -50.79918     4.2515554],20.0000,4.0000
454,[234.97034  -76.8801     4.321267],20.0000,6.0000,[202.90562   -31.17549     4.0737457],20.0000,6.0000,[ 51.63708   -38.308357    5.4323344],20.0000,6.0000,[66.40192   7.696986  1.268117],20.0000,4.0000,[205.09636   -51.297203    4.2490096],20.0000,5.0000
455,[234.55252   -77.88852     4.5414696],20.0000,0.0000,[202.2205  -32.02633   4.28032],20.0000,0.0000,[ 52.218834 -39.250015   5.609168],20.0000,6.0000,[66.5737     8.249653   1.2681483],20.0000,4.0000,[204.79778   -51.794983    4.3348093],20.0000,4.0000
456,[234.33006   -78.95782     4.2486424],20.0000,0.0000,[201.69801  -32.987415   3.979035],20.0000,6.0000,[ 52.957165  -40.07465     5.7860017],20.0000,6.0000,[66.74549    8.802318   1.2681785],20.0000,4.0000,[204.53      -52.311382    4.3616414],20.0000,4.0000
457,[233.88013   -79.95324     3.7833261],20.0000,6.0000,[200.96608  -33.797207   4.053204],20.0000,6.0000,[ 53.82905   -40.756546    5.9628353],20.0000,6.0000,[66.91729    9.3549795  1.2682074],20.0000,4.0000,[204.27635   -52.83485     4.3641243],20.0000,5.0000
458,[233.09235   -80.72254     3.8413992],20.0000,6.0000,[200.27968   -34.646236    4.2642255],20.0000,6.0000,[ 54.807285 -41.27443    6.139669],20.0000,6.0000,[67.0891     9.907639   1.2682353],20.0000,4.0000,[204.02588   -53.359627    4.4491396],20.0000,4.0000
459,[232.32104  -81.50124    4.090196],20.0000,0.0000,[199.74124  -35.59852    4.517816],20.0000,0.0000,[ 5.5861374e+01 -4.1612148e+01  3.3317372e-02],20.0000,6.0000,[67.26092   10.460295   1.2682621],20.0000,4.0000,[203.8092    -53.900627    4.4731884],20.0000,4.0000
460,[231.7185    -82.41238     3.8284097],20.0000,6.0000,[199.424     -36.64855     4.2224383],20.0000,0.0000,[ 56.958435  -41.75918     0.2101513],20.0000,6.0000,[67.43274  11.012949  1.268288],20.0000,4.0000,[203.60797  -54.447266   4.472033],20.0000,4.0000
461,[230.93141   -83.17397     3.9305317],20.0000,0.0000,[198.89919   -37.605736    3.7334254],20.0000,6.0000,[ 58.06425   -41.710922    0.3869852],20.0000,6.0000,[67.604576  11.5656     1.2683129],20.0000,4.0000,[203.4129   -54.99533    4.461911],20.0000,5.0000
462,[230.21109   -83.99699     3.6188495],20.0000,6.0000,[198.0491    -38.297737    3.7816432],20.0000,6.0000,[ 59.144333  -41.468895    0.5638191],20.0000,6.0000,[67.77641   12.11825    1.2683368],20.0000,4.0000,[203.21674   -55.542534    4.5418334],20.0000,4.0000
463,[229.29913  -84.6098     3.714747],20.0000,6.0000,[197.2155   -39.00591    4.004918],20.0000,6.0000,[ 60.164993   -41.040638     0.74065304],20.0000,6.0000,[67.94826   12.6708975  1.2683599],20.0000,4.0000,[203.05374   -56.10173     4.5645537],20.0000,5.0000
464,[228.4243    -85.267265    3.9669962],20.0000,6.0000,[196.51192   -39.8405      4.2759104],20.0000,6.0000,[ 61.094406  -40.43951     0.9174869],20.0000,6.0000,[68.12011   13.223543   1.2683821],20.0000,4.0000,[202.90276   -56.664375    4.6554036],20.0000,4.0000
465,[227.689     -86.07401     4.2487826],20.0000,6.0000,[195.9976    -40.805054    4.5480757],20.0000,0.0000,[ 61.903576  -39.68426     1.0943208],20.0000,6.0000,[68.29197   13.776186   1.2684034],20.0000,4.0000,[202.79181   -57.237736    4.6788898],20.0000,4.0000
466,[227.1456   -87.02272    4.523691],20.0000,0.0000,[195.71942   -41.865383    4.2615256],20.0000,0.0000,[ 62.56727   -38.798447    1.2711546],20.0000,0.0000,[68.46384   14.328828   1.2684239],20.0000,4.0000,[202.6988   -57.813694   4.674633],20.0000,5.0000
467,[226.83815  -88.07529    4.236977],20.0000,6.0000,[195.23506   -42.843636    3.7780504],20.0000,6.0000,[ 63.047745  -37.80443     0.8974367],20.0000,6.0000,[68.63571   14.881467   1.2684437],20.0000,4.0000,[202.60939  -58.389477   4.752853],20.0000,4.0000
468,[226.31181   -89.03203     4.3024516],20.0000,6.0000,[194.41737   -43.573784    3.8274946],20.0000,6.0000,[ 63.76493   -36.980225    0.9069732],20.0000,6.0000,[68.80759   15.434105   1.2684628],20.0000,4.0000,[202.55649   -58.97084     4.7716274],20.0000,5.0000
469,[225.83337 -90.01428   4.50802],20.0000,6.0000,[193.61748   -44.319874    4.0516915],20.0000,6.0000,[ 64.477425  -36.151726    1.0890346],20.0000,6.0000,[68.97947   15.98674    1.2684811],20.0000,4.0000,[202.51656  -59.552975   4.857891],20.0000,4.0000
470,[225.52034  -91.064156   4.756129],20.0000,6.0000,[192.95389   -45.186596    4.3231325],20.0000,6.0000,[ 65.06378  -35.226555   1.329441],20.0000,0.0000,[69.15136   16.539375   1.2684988],20.0000,4.0000,[202.51782   -60.13772     4.8775177],20.0000,4.0000
471,[225.42715   -92.160835    5.0027523],20.0000,0.0000,[192.4858   -46.1744     4.595435],20.0000,6.0000,[ 65.440674  -34.19519     1.0243481],20.0000,6.0000,[69.32325   17.092007   1.2685158],20.0000,4.0000,[202.53685  -60.72128    4.870033],20.0000,5.0000
472,[225.58977  -93.25148    4.676114],20.0000,6.0000,[192.24048   -47.24464     4.8595023],20.0000,0.0000,[ 66.0385    -33.2812      1.0779775],20.0000,6.0000,[69.49515   17.644638   1.2685323],20.0000,4.0000,[202.55879   -61.303802    4.9459066],20.0000,5.0000
473,[225.49629   -94.34036     4.7030725],20.0000,6.0000,[192.25645   -48.345745    4.5490355],20.0000,6.0000,[ 66.59901   -32.343216    1.2784312],20.0000,0.0000,[69.66705   18.197268   1.2685481],20.0000,4.0000,[202.61427  -61.8855     5.055005],20.0000,4.0000
474,[225.4257    -95.431305    4.8902025],20.0000,0.0000,[192.02809  -49.414383   4.586859],20.0000,6.0000,[ 66.98713   -31.320108    0.9739207],20.0000,6.0000,[69.83896   18.749895   1.2685633],20.0000,4.0000,[202.72073   -62.461994    5.0804424],20.0000,4.0000
475,[225.5376   -96.52023    4.579308],20.0000,6.0000,[191.83136  -50.489765   4.778569],20.0000,6.0000,[ 67.6045    -30.419907    1.0456903],20.0000,6.0000,[70.01087  19.302523  1.268578],20.0000,4.0000,[202.84877  -63.032906   5.071626],20.0000,4.0000
476,[225.38539   -97.60115     4.6474566],20.0000,6.0000,[191.80228  -51.585644   5.01956 ],20.0000,0.0000,[ 68.173256  -29.487906    1.2557572],20.0000,6.0000,[70.182785  19.855148   1.2685921],20.0000,4.0000,[202.98349   -63.60053     5.0523167],20.0000,5.0000
477,[225.2878    -98.68866     4.8561063],20.0000,6.0000,[192.01076   -52.664665    4.7105255],20.0000,6.0000,[ 68.58235  -28.473173   1.508803],20.0000,0.0000,[70.354706  20.407772   1.2686058],20.0000,4.0000,[203.11572   -64.16763     5.1247272],20.0000,4.0000
478,[225.36894  -99.77984    5.108504],20.0000,0.0000,[191.96848   -53.75614     4.7589593],20.0000,6.0000,[ 68.75941   -27.39051     1.2126977],20.0000,6.0000,[70.526634 20.960394  1.268619],20.0000,4.0000,[203.2812    -64.726944    5.1423273],20.0000,5.0000
479,[ 225.68805  -100.82955     4.811783],20.0000,6.0000,[191.96643   -54.848972    4.9567823],20.0000,6.0000,[ 69.171295  -26.379166    1.2733974],20.0000,6.0000,[70.69856   21.513016   1.2686316],20.0000,4.0000,[203.4579    -65.282616    5.2293124],20.0000,4.0000
480,[ 225.7647   -101.91888     4.871864],20.0000,6.0000,[192.13698   -55.931427    5.2014174],20.0000,0.0000,[ 69.536514  -25.349432    1.4770828],20.0000,0.0000,[70.87049   22.065636   1.2686439],20.0000,4.0000,[203.67351   -65.825775    5.2501783],20.0000,4.0000
481,[ 225.89084 -103.00417    5.07525],20.0000,0.0000,[192.53972  -56.953594   4.895392],20.0000,0.0000,[ 69.71361   -24.269712    1.1740643],20.0000,6.0000,[71.04243   22.618256   1.2686555],20.0000,4.0000,[203.9052   -66.361465   5.244004],20.0000,4.0000
482,[ 226.20769   -104.05145      4.7720714],20.0000,0.0000,[192.71745 -58.03079   4.39557],20.0000,6.0000,[ 70.13897   -23.264439    1.2467155],20.0000,6.0000,[71.21437  23.170874  1.268667],20.0000,4.0000,[204.14197   -66.89363     5.2291746],20.0000,5.0000
483,[ 226.28658   -105.140236     4.2940497],20.0000,6.0000,[192.46799  -59.097725   4.440918],20.0000,6.0000,[ 70.50963   -22.23746     1.4571261],20.0000,0.0000,[71.386314  23.723492   1.2686778],20.0000,4.0000,[204.37663  -67.42595    5.305544],20.0000,5.0000
484,[ 225.95457   -106.1872       4.3460126],20.0000,6.0000,[192.24005  -60.167328   4.661254],20.0000,6.0000,[ 70.68935   -21.159332    1.1597875],20.0000,6.0000,[71.55826   24.276108   1.2686884],20.0000,4.0000,[204.64058  -67.945984   5.417686],20.0000,4.0000
485,[ 225.64294  -107.23678     4.580445],20.0000,0.0000,[192.1903   -61.257763   4.930506],20.0000,6.0000,[ 71.116264  -20.154678    1.2395728],20.0000,6.0000,[71.73021   24.828722   1.2686986],20.0000,4.0000,[204.9495    -68.44307     5.4468875],20.0000,4.0000
486,[ 225.53355  -108.32338     4.309132],20.0000,6.0000,[192.36845   -62.33632     5.2020926],20.0000,6.0000,[ 71.48304   -19.126514    1.4531097],20.0000,0.0000,[71.90216   25.381336   1.2687085],20.0000,4.0000,[205.27667  -68.92743    5.441795],20.0000,5.0000
487,[ 225.18437   -109.36115      4.4075756],20.0000,0.0000,[192.77632  -63.35585    5.465664],20.0000,0.0000,[ 71.656845  -18.047909    1.1578056],20.0000,6.0000,[72.07411   25.933949   1.2687179],20.0000,4.0000,[205.60725  -69.40819    5.517114],20.0000,4.0000
488,[ 224.92036  -110.42239     4.093234],20.0000,6.0000,[193.41641   -64.252014    5.1546535],20.0000,6.0000,[ 72.07828   -17.040829    1.2406203],20.0000,6.0000,[72.24607  26.48656   1.268727],20.0000,4.0000,[205.96823   -69.86774     5.5330367],20.0000,4.0000
489,[ 224.3882   -111.383514    4.187899],20.0000,0.0000,[193.83687   -65.260666    5.1920443],20.0000,6.0000,[ 72.437355  -16.01001     1.4559021],20.0000,0.0000,[72.41803   27.039173   1.2687358],20.0000,4.0000,[206.34094   -70.31671     5.5250206],20.0000,5.0000
490,[ 223.92415   -112.37611      3.8886368],20.0000,6.0000,[194.28682   -66.25701     5.3835588],20.0000,6.0000,[ 72.60193  -14.930205   1.161519],20.0000,6.0000,[72.59      27.591784   1.2687442],20.0000,4.0000,[206.7148   -70.76361    5.601548],20.0000,4.0000
491,[ 223.2206   -113.222885    3.996546],20.0000,6.0000,[194.88618   -67.17491     5.6244783],20.0000,6.0000,[ 73.0149    -13.919518    1.2458961],20.0000,6.0000,[72.76196   28.144394   1.2687525],20.0000,4.0000,[207.11641  -71.18719    5.619778],20.0000,4.0000
492,[ 222.56999  -114.103676    4.262636],20.0000,0.0000,[195.6604    -67.957985    5.8659773],20.0000,6.0000,[ 73.36434   -12.885411    1.4622859],20.0000,0.0000,[72.93393   28.697002   1.2687603],20.0000,4.0000,[207.52878  -71.5994     5.614233],20.0000,5.0000
493,[ 222.12093  -115.098976    4.000952],20.0000,6.0000,[196.58708   -68.56104     6.0860615],20.0000,6.0000,[ 73.51804   -11.804145    1.1683904],20.0000,6.0000,[73.1059   29.24961   1.268768],20.0000,4.0000,[207.94243  -72.00937    5.692777],20.0000,4.0000
494,[ 221.46738   -115.97674      4.1010275],20.0000,0.0000,[197.62044  -68.96038    6.280939],20.0000,6.0000,[ 73.92097   -10.789326    1.2536625],20.0000,6.0000,[73.27788   29.802217   1.2687752],20.0000,4.0000,[208.3818    -72.39334     5.7123594],20.0000,4.0000
495,[ 220.89005  -116.90506     3.784538],20.0000,6.0000,[ 1.9871156e+02 -6.9153610e+01  1.7579922e-01],20.0000,6.0000,[74.259636  -9.751638   1.4707863],20.0000,0.0000,[73.44985   30.354826   1.2687824],20.0000,4.0000,[208.83102  -72.76487    5.707788],20.0000,4.0000
496,[ 220.08809   -117.65514      3.8769338],20.0000,6.0000,[199.81912   -69.14755     0.3476704],20.0000,6.0000,[74.40155   -8.668844   1.1772157],20.0000,6.0000,[73.621826  30.90743    1.2687892],20.0000,4.0000,[209.28311   -73.13143     5.6952286],20.0000,4.0000
497,[ 219.32867  -118.44277     4.125006],20.0000,0.0000,[200.9083    -68.9493      0.5199075],20.0000,6.0000,[74.79346   -7.6496634  1.2630394],20.0000,6.0000,[73.79381   31.460037   1.2687957],20.0000,4.0000,[209.73524  -73.49658    5.681811],20.0000,4.0000
498,[ 218.74298   -119.36418      3.8539643],20.0000,6.0000,[201.9466     -68.56594      0.69447327],20.0000,6.0000,[75.12059   -6.6082773  1.4806551],20.0000,0.0000,[73.96579   32.01264    1.2688022],20.0000,4.0000,[210.18657   -73.86174     5.6700892],20.0000,4.0000
499,[ 217.96632   -120.1349       3.9509318],20.0000,0.0000,[202.9023     -68.0078       0.87088937],20.0000,6.0000,[75.250145  -5.5239844  1.1873262],20.0000,6.0000,[74.13777   32.565247   1.2688082],20.0000,4.0000,[210.63702   -74.2273      5.6605577],20.0000,4.0000
500,[ 217.25575   -120.96558      3.6325662],20.0000,6.0000,[203.74538   -67.29074     1.0481167],20.0000,6.0000,[75.63041   -4.5003605  1.2735003],20.0000,6.0000,[74.30975   33.11785    1.2688142],20.0000,4.0000,[211.08673   -74.59327     5.6529717],20.0000,4.0000
501,[ 216.34921  -121.5851      3.724194],20.0000,6.0000,[204.44911   -66.43643     1.2254269],20.0000,6.0000,[75.94548   -3.4552553  1.4914416],20.0000,0.0000,[74.48174   33.670452   1.2688199],20.0000,4.0000,[211.53593  -74.95953    5.646923],20.0000,4.0000
502,[ 215.47867   -122.24782      3.9717116],20.0000,0.0000,[204.99132  -65.47146    1.402539],20.0000,6.0000,[76.062256  -2.3695428  1.198278 ],20.0000,6.0000,[74.65373   34.223057   1.2688254],20.0000,4.0000,[211.98476  -75.32597    5.642039],20.0000,4.0000
503,[ 214.75912   -123.068954     3.7004364],20.0000,6.0000,[205.35507   -64.426056    1.5794536],20.0000,6.0000,[76.43044   -1.3414842  1.2846732],20.0000,6.0000,[74.82572   34.775658   1.2688307],20.0000,4.0000,[212.43336   -75.69251     5.6380305],20.0000,4.0000
504,[ 213.87373   -123.711845     3.7973368],20.0000,6.0000,[205.52916   -63.33296     1.7562644],20.0000,0.0000,[76.73307    -0.29270658  1.5028255 ],20.0000,6.0000,[74.99772   35.32826    1.2688358],20.0000,4.0000,[212.88184   -76.05908     5.6346855],20.0000,4.0000
505,[ 213.03358   -124.40992      4.0295024],20.0000,0.0000,[205.49072   -62.229572    1.3824999],20.0000,6.0000,[76.85459     0.79310006  1.760323  ],20.0000,6.0000,[75.16971   35.88086    1.2688408],20.0000,4.0000,[213.33022  -76.42563    5.631851],20.0000,4.0000
506,[ 212.34406   -125.25612      3.7451086],20.0000,6.0000,[205.74088   -61.166046    1.3920084],20.0000,6.0000,[76.753044   1.8850751  2.0229092],20.0000,6.0000,[75.341705  36.43346    1.2688456],20.0000,4.0000,[213.77855   -76.79214     5.6294174],20.0000,3.0000
507,[ 211.47722  -125.921875    3.836946],20.0000,6.0000,[205.98491   -60.100914    1.5740588],20.0000,6.0000,[76.414635   2.9341972  2.2683544],20.0000,6.0000,[75.5137    36.98606    1.2688501],20.0000,4.0000,[214.22868   -77.15622     5.5355463],20.0000,4.0000
508,[ 210.65587   -126.64129      4.0618873],20.0000,0.0000,[206.07228   -59.009068    1.8144625],20.0000,0.0000,[75.85311    3.887809   2.4844503],20.0000,6.0000,[75.6857    37.538662   1.2688546],20.0000,4.0000,[214.65622   -77.54633     5.5001974],20.0000,4.0000
509,[ 209.98505   -127.50247      3.7729018],20.0000,6.0000,[205.92485   -57.92094     1.5093713],20.0000,6.0000,[75.106094   4.7065067  2.6737354],20.0000,6.0000,[75.8577    38.091263   1.2688589],20.0000,4.0000,[215.07452  -77.94646    5.486891],20.0000,4.0000
510,[ 209.13138  -128.18433     3.862717],20.0000,0.0000,[206.0276    -56.833645    1.5630035],20.0000,0.0000,[74.21794   5.36917   2.848153],20.0000,6.0000,[76.0297   38.64386   1.268863],20.0000,4.0000,[215.48901  -78.35061    5.482262],20.0000,4.0000
511,[ 208.33551  -128.93225     3.534242],20.0000,6.0000,[206.06831  -55.74238    1.212907],20.0000,0.0000,[73.227135   5.8638997  3.0188239],20.0000,6.0000,[76.2017   39.19646   1.268867],20.0000,4.0000,[215.90186  -78.75645    5.481118],20.0000,4.0000
512,[ 207.36606   -129.44417      3.6188114],20.0000,6.0000,[206.39255    -54.698242     0.73470265],20.0000,0.0000,[72.16633    6.1802044  3.191246 ],20.0000,6.0000,[76.3737    39.749058   1.2688708],20.0000,4.0000,[216.31396   -79.163025    5.4813476],20.0000,4.0000
513,[ 206.4258   -130.00224     3.856244],20.0000,0.0000,[207.08008    -53.830994     0.24446546],20.0000,0.0000,[71.067055   6.308579   3.3663611],20.0000,6.0000,[76.54571   40.301655   1.2688745],20.0000,4.0000,[216.72572   -79.56993     5.4820833],20.0000,4.0000
514,[ 205.61247  -130.73047     3.578887],20.0000,6.0000,[208.07388   -53.30506     6.0948153],20.0000,0.0000,[69.962234   6.2433987  3.5431843],20.0000,6.0000,[76.71771   40.85425    1.2688781],20.0000,4.0000,[217.13728   -79.97701     5.4829717],20.0000,4.0000
515,[ 204.65395   -131.25755      3.6735885],20.0000,6.0000,[209.20108   -53.221226    5.7486267],20.0000,6.0000,[68.88598   5.985214  3.720579],20.0000,0.0000,[76.88972   41.40685    1.2688816],20.0000,4.0000,[217.54872   -80.3842      5.4838715],20.0000,4.0000
516,[ 203.73264   -131.84418      3.9037187],20.0000,0.0000,[210.2729   -53.55345    5.996259],20.0000,6.0000,[67.881744  5.526503  3.347346],20.0000,6.0000,[77.06173   41.959446   1.2688849],20.0000,4.0000,[217.96007   -80.79147     5.4847307],20.0000,4.0000
517,[ 202.94106  -132.59578     3.618204],20.0000,6.0000,[ 2.1135172e+02 -5.3754311e+01  1.1812031e-01],20.0000,6.0000,[66.80367    5.349233   3.3570733],20.0000,6.0000,[77.233734  42.512043   1.2688881],20.0000,4.0000,[218.37132   -81.1988      5.4855323],20.0000,3.0000
518,[ 201.9962    -133.14508      3.7096448],20.0000,6.0000,[212.43655  -53.63316    0.451529],20.0000,6.0000,[65.726494   5.1654844  3.539195 ],20.0000,6.0000,[77.40575   43.06464    1.2688912],20.0000,4.0000,[218.78465   -81.60412     5.3945155],20.0000,4.0000
519,[ 201.0895    -133.75334      3.9340687],20.0000,0.0000,[213.45738   -53.236614    0.7383252],20.0000,0.0000,[64.68484    4.8267674  3.779599 ],20.0000,0.0000,[77.57776   43.617237   1.2688943],20.0000,4.0000,[219.17337   -82.03399     5.3616753],20.0000,4.0000
520,[ 200.31366   -134.52129      3.6447608],20.0000,6.0000,[214.35153    -52.597363     0.44631374],20.0000,0.0000,[63.736824   4.2726555  3.4744706],20.0000,6.0000,[77.74976   44.16983    1.2688972],20.0000,4.0000,[219.55142   -82.47362     5.3516355],20.0000,4.0000
521,[ 199.37946   -135.08772      3.7343957],20.0000,0.0000,[215.34814  -52.15127    6.231023],20.0000,0.0000,[62.693478   3.9498556  3.5280545],20.0000,0.0000,[77.921776  44.722427   1.2688999],20.0000,4.0000,[219.92471   -82.91727     5.3508925],20.0000,4.0000
522,[ 198.49402  -135.72707     3.405684],20.0000,6.0000,[216.4438    -52.101353    5.7249675],20.0000,6.0000,[61.67028    3.5682883  3.1779335],20.0000,0.0000,[78.093796  45.27502    1.2689027],20.0000,4.0000,[220.29591   -83.362495    5.3536716],20.0000,3.0000
523,[ 197.4668    -136.10994      3.4900851],20.0000,0.0000,[217.47975  -52.50322    5.796618],20.0000,6.0000,[60.581703   3.4666193  2.6997185],20.0000,6.0000,[78.26581   45.827618   1.2689053],20.0000,4.0000,[220.6686   -83.8065     5.265741],20.0000,4.0000
524,[ 196.46863   -136.55911      3.1766753],20.0000,6.0000,[218.50626   -52.897102    6.0942836],20.0000,6.0000,[59.52453    3.784458   2.7600265],20.0000,6.0000,[78.43782   46.38021    1.2689078],20.0000,4.0000,[221.01424   -84.27326     5.2362013],20.0000,4.0000
525,[ 195.38252   -136.73326      3.2760594],20.0000,0.0000,[ 2.1958481e+02 -5.3068546e+01  1.2906870e-01],20.0000,0.0000,[58.47021    4.088077   3.0219333],20.0000,0.0000,[78.60984   46.932804   1.2689102],20.0000,4.0000,[221.34749   -84.74912     5.2305026],20.0000,4.0000
526,[ 194.3145    -136.98079      2.9845119],20.0000,6.0000,[220.67091   -52.95607     6.1491694],20.0000,0.0000,[57.380886   4.171989   2.7690735],20.0000,6.0000,[78.78185   47.4854     1.2689126],20.0000,4.0000,[221.6753    -85.22844     5.2342353],20.0000,4.0000
527,[ 193.2135    -136.95456      3.0970242],20.0000,0.0000,[221.75848   -53.05885     5.6932073],20.0000,6.0000,[56.3306     4.4832964  2.8746097],20.0000,0.0000,[78.95387   48.037994   1.2689148],20.0000,4.0000,[222.0009   -85.70882    5.240981],20.0000,3.0000
528,[ 192.11832   -137.0117       2.8159673],20.0000,0.0000,[222.74486   -53.54762     5.7530127],20.0000,6.0000,[55.259285   4.703868   2.5650473],20.0000,0.0000,[79.125885 48.590588  1.268917],20.0000,4.0000,[222.32835   -86.1878      5.1562634],20.0000,4.0000
529,[ 191.03156  -136.81822     2.382167],20.0000,6.0000,[223.73572   -54.01574     6.0012703],20.0000,0.0000,[54.265873   5.178478   2.1112325],20.0000,0.0000,[79.297905  49.14318    1.2689191],20.0000,4.0000,[222.62685   -86.68671     5.1291766],20.0000,4.0000
530,[ 190.0847    -136.23018      2.4969196],20.0000,0.0000,[224.79538   -54.28072     5.7386208],20.0000,6.0000,[53.501904   5.993051   1.6592352],20.0000,0.0000,[79.469925  49.695774   1.2689211],20.0000,4.0000,[222.91206  -87.19337    5.125837],20.0000,4.0000
531,[ 189.12308   -135.6928       2.2747302],20.0000,0.0000,[225.77518 -54.77002   5.84031],20.0000,6.0000,[53.12124   7.055133  1.276435],20.0000,0.0000,[79.641945 50.248367  1.268923],20.0000,4.0000,[223.19156 -87.70274   5.13162],20.0000,4.0000
532,[ 188.28009   -134.97661      1.8782333],20.0000,0.0000,[226.78304  -55.192238   6.07874 ],20.0000,0.0000,[53.16506    8.182462   0.9566955],20.0000,6.0000,[79.813965 50.80096   1.268925],20.0000,4.0000,[223.46895  -88.21274    5.139983],20.0000,3.0000
533,[ 187.71944   -134.00937      1.4595549],20.0000,0.0000,[227.853     -55.408344    5.7981634],20.0000,6.0000,[53.589096   9.2190695  1.201069 ],20.0000,0.0000,[79.985985  51.353554   1.2689269],20.0000,4.0000,[223.74849  -88.72136    5.056456],20.0000,4.0000
534,[ 187.56377   -132.89365      1.0880533],20.0000,0.0000,[228.84735  -55.862797   5.891239],20.0000,6.0000,[53.86441   10.283031   1.0450858],20.0000,6.0000,[80.158005  51.906143   1.2689286],20.0000,4.0000,[223.99742  -89.24695    5.030198],20.0000,4.0000
535,[ 187.82257   -131.7969       0.7632267],20.0000,0.0000,[229.86774  -56.251667   6.117975],20.0000,6.0000,[54.297626  11.293651   1.2076102],20.0000,0.0000,[80.33003   52.458736   1.2689303],20.0000,4.0000,[224.23239  -89.77891    5.027573],20.0000,4.0000
536,[ 188.42596    -130.84859       0.45012176],20.0000,0.0000,[ 2.3094002e+02 -5.6457607e+01  9.7503714e-02],20.0000,0.0000,[54.60549   12.344372   0.9356586],20.0000,6.0000,[80.50205  53.01133   1.268932],20.0000,4.0000,[224.46147  -90.31295    5.033936],20.0000,4.0000
537,[ 1.8929521e+02 -1.3013860e+02  1.2732358e-01],20.0000,6.0000,[232.03331  -56.42204    6.097566],20.0000,0.0000,[55.149372  13.299507   1.0468427],20.0000,0.0000,[80.67407   53.563923   1.2689335],20.0000,4.0000,[224.68846   -90.84735     5.0427327],20.0000,4.0000
538,[ 190.34705    -129.75885       0.34554186],20.0000,0.0000,[233.10837  -56.61143    5.626198],20.0000,6.0000,[55.61343    14.292039    0.75567913],20.0000,6.0000,[80.8461    54.116512   1.2689351],20.0000,4.0000,[224.91498   -91.38151     5.0512705],20.0000,4.0000
539,[ 1.9132962e+02 -1.2926559e+02  1.7413929e-01],20.0000,6.0000,[234.04514  -57.18417    5.679143],20.0000,6.0000,[56.311356  15.143038   0.8653634],20.0000,6.0000,[81.01812   54.669106   1.2689365],20.0000,4.0000,[225.1416    -91.915276    5.0586824],20.0000,4.0000
540,[ 192.38069    -128.94026       0.33369884],20.0000,0.0000,[234.9904   -57.736237   5.912336],20.0000,6.0000,[56.95428   16.029253   1.1306578],20.0000,0.0000,[81.19015  55.221695  1.268938],20.0000,4.0000,[225.36845   -92.44869     5.0648613],20.0000,4.0000
541,[ 1.9338255e+02 -1.2849767e+02  6.3998088e-02],20.0000,6.0000,[236.0132   -58.117813   6.190304],20.0000,0.0000,[57.39496   17.028261   0.8680096],20.0000,6.0000,[81.362175  55.77429    1.2689394],20.0000,4.0000,[225.59554  -92.98183    5.069961],20.0000,4.0000
542,[ 1.9446344e+02 -1.2829633e+02  1.7739299e-01],20.0000,0.0000,[237.09676   -58.25428     5.9144115],20.0000,0.0000,[58.041634   17.911013    0.96765536],20.0000,0.0000,[81.534195  56.32688    1.2689407],20.0000,4.0000,[225.82274  -93.51476    5.074186],20.0000,4.0000
543,[ 195.52087   -128.00896      6.1717362],20.0000,6.0000,[238.12946   -58.610157    5.4538493],20.0000,6.0000,[58.611874   18.843666    0.65069956],20.0000,6.0000,[81.70622  56.87947   1.268942],20.0000,4.0000,[226.05002  -94.047554   5.077721],20.0000,4.0000
544,[ 196.62137 -127.98995    6.28258],20.0000,6.0000,[238.97075  -59.319836   5.512264],20.0000,6.0000,[59.408268   19.599586    0.74281216],20.0000,6.0000,[81.87825   57.43206    1.2689432],20.0000,4.0000,[226.27731  -94.58025    5.080714],20.0000,4.0000
545,[ 197.71297    -127.9054        0.26540327],20.0000,0.0000,[239.82095  -60.011173   5.759172],20.0000,6.0000,[60.161938   20.392687    0.99056786],20.0000,0.0000,[82.05028   57.984653   1.2689444],20.0000,4.0000,[226.50458   -95.1129      5.0832787],20.0000,4.0000
546,[ 1.9875926e+02 -1.2759318e+02  2.9841862e-03],20.0000,6.0000,[240.77719  -60.53804    6.046424],20.0000,0.0000,[60.74112    21.318193    0.71935546],20.0000,6.0000,[82.2223    58.537243   1.2689456],20.0000,4.0000,[226.73181  -95.6455     5.085499],20.0000,4.0000
547,[ 1.99850586e+02 -1.27512955e+02  1.02677003e-01],20.0000,0.0000,[241.83102   -60.82425     5.7737985],20.0000,6.0000,[61.51242   22.094269   0.8162646],20.0000,6.0000,[82.394325  59.089836   1.2689466],20.0000,4.0000,[226.95895 -96.17809   5.08744],20.0000,4.0000
548,[ 200.93031   -127.34211      6.0688734],20.0000,6.0000,[242.79642   -61.334282    5.8654027],20.0000,6.0000,[62.230247  22.917608   1.0484089],20.0000,0.0000,[82.56635   59.642426   1.2689477],20.0000,4.0000,[227.18604   -96.71068     5.0891514],20.0000,4.0000
549,[ 202.02219  -127.45803     6.160945],20.0000,6.0000,[243.79384  -61.77774    6.084586],20.0000,0.0000,[62.775723  23.863096   0.7639963],20.0000,6.0000,[82.73838   60.195015   1.2689488],20.0000,4.0000,[227.41302   -97.24327     5.0906706],20.0000,5.0000
550,[ 2.03114655e+02 -1.27517334e+02  1.25451997e-01],20.0000,0.0000,[244.85684  -62.028336   5.791504],20.0000,6.0000,[63.525066   24.658785    0.85582614],20.0000,6.0000,[82.91041   60.747604   1.2689497],20.0000,4.0000,[227.63718   -97.77697     5.1837864],20.0000,5.0000
551,[ 204.19476  -127.35798     6.137387],20.0000,6.0000,[245.8315    -62.520496    5.8769383],20.0000,0.0000,[64.22095   25.50017    1.0807546],20.0000,0.0000,[83.08244   61.300198   1.2689507],20.0000,4.0000,[227.88998  -98.2977     5.310303],20.0000,5.0000
552,[ 205.2857   -127.44181     6.234282],20.0000,6.0000,[246.84181   -62.93417     5.5435133],20.0000,6.0000,[64.74558   26.457457   0.7917602],20.0000,6.0000,[83.25447   61.852787   1.2689517],20.0000,4.0000,[228.1828   -98.79851    5.446994],20.0000,5.0000
553,[ 2.0637796e+02 -1.2745429e+02  1.8322957e-01],20.0000,0.0000,[247.70729  -63.605087   5.624666],20.0000,6.0000,[65.479355   27.266918    0.88157034],20.0000,6.0000,[83.4265    62.405376   1.2689526],20.0000,4.0000,[228.51999   -99.27382     5.5835433],20.0000,6.0000
554,[ 207.45142   -127.25637      6.1819963],20.0000,6.0000,[248.60358   -64.230446    5.8553486],20.0000,6.0000,[66.159294  28.12103    1.1036406],20.0000,0.0000,[83.598526  62.957966   1.2689534],20.0000,4.0000,[228.90129  -99.71956    5.805298],20.0000,5.0000
555,[ 208.54306  -127.31079     6.273824],20.0000,6.0000,[249.59366 -64.69008   6.12396],20.0000,0.0000,[66.66755    29.087217    0.81284285],20.0000,6.0000,[83.77055   63.510555   1.2689543],20.0000,4.0000,[ 229.35388  -100.1041      5.952082],20.0000,5.0000
556,[ 209.63481   -127.29487      0.2155646],20.0000,6.0000,[250.66278  -64.91685    5.844163],20.0000,6.0000,[67.38802    29.908255    0.90150553],20.0000,6.0000,[83.94259   64.06315    1.2689551],20.0000,4.0000,[ 229.85469   -100.42753      6.0590615],20.0000,5.0000
557,[ 210.70755   -127.09086      0.4771205],20.0000,6.0000,[251.65387   -65.37432     5.9289794],20.0000,6.0000,[68.05428   30.772997   1.1221136],20.0000,0.0000,[84.11462  64.61574   1.268956],20.0000,4.0000,[ 230.3877   -100.693375    6.147721],20.0000,5.0000
558,[ 211.7193     -126.67101       0.74378794],20.0000,6.0000,[252.67203   -65.76815     6.1441045],20.0000,0.0000,[68.548    31.746775  0.830432],20.0000,6.0000,[84.286644  65.16833    1.2689567],20.0000,4.0000,[ 230.94286  -100.90563     6.231432],20.0000,5.0000
559,[ 212.62021   -126.03806      0.9960335],20.0000,6.0000,[253.74614   -65.96887     5.8489566],20.0000,6.0000,[69.25628   32.578197   0.9183895],20.0000,6.0000,[84.45868   65.72092    1.2689574],20.0000,4.0000,[ 2.3151407e+02 -1.0106613e+02  3.3186965e-02],20.0000,5.0000
560,[ 213.36275   -125.21849      1.2196846],20.0000,6.0000,[254.74261   -66.41465     5.9309053],20.0000,6.0000,[69.909966  33.452446   1.1381737],20.0000,0.0000,[84.63071   66.273506   1.2689581],20.0000,4.0000,[ 2.32096741e+02 -1.01174767e+02  1.20971054e-01],20.0000,5.0000
561,[ 213.91765   -124.25927      1.4142827],20.0000,6.0000,[255.76424  -66.79918    6.145572],20.0000,0.0000,[70.390045  34.433067   0.8460131],20.0000,6.0000,[84.80274   66.826096   1.2689588],20.0000,4.0000,[ 2.3268654e+02 -1.0123060e+02  2.1118264e-01],20.0000,5.0000
562,[ 214.27719   -123.210945     1.5908333],20.0000,6.0000,[256.83966   -66.9909      5.8508587],20.0000,6.0000,[71.08675   35.27413    0.9335302],20.0000,6.0000,[84.97477   67.378685   1.2689594],20.0000,4.0000,[ 233.27888    -101.23269       0.30289295],20.0000,5.0000
563,[ 214.4432    -122.115845     1.7615353],20.0000,6.0000,[257.83963   -67.42907     5.9346023],20.0000,6.0000,[71.72843   36.15721    1.1528283],20.0000,6.0000,[85.146805  67.931274   1.2689601],20.0000,4.0000,[ 233.86896   -101.18058      0.3953107],20.0000,4.0000
564,[ 214.41745   -121.00911      1.9332873],20.0000,6.0000,[258.8645   -67.8047     6.150515],20.0000,6.0000,[72.21168   37.13695    1.4109452],20.0000,6.0000,[85.31883   68.483864   1.2689607],20.0000,4.0000,[ 234.45062   -101.07167      0.3961852],20.0000,4.0000
565,[ 214.2014    -119.92363      2.1078281],20.0000,6.0000,[ 2.59939148e+02 -6.80038834e+01  1.23784766e-01],20.0000,0.0000,[72.48719   38.19818    1.6743988],20.0000,6.0000,[85.49087   69.03645    1.2689613],20.0000,4.0000,[ 235.02426    -100.94328       0.36504537],20.0000,4.0000
566,[ 213.79991   -118.89229      2.2843828],20.0000,6.0000,[261.03403   -67.962944    6.1170115],20.0000,6.0000,[72.52548   39.2996     1.9212991],20.0000,6.0000,[85.662895  69.58904    1.2689619],20.0000,4.0000,[ 235.59406    -100.81304       0.33060557],20.0000,4.0000
567,[ 213.22375   -117.9473       2.4617374],20.0000,6.0000,[262.10693  -68.16513    6.185883],20.0000,0.0000,[72.320984  40.38705    2.1389523],20.0000,6.0000,[85.83493   70.14163    1.2689624],20.0000,4.0000,[ 236.16255    -100.68661       0.30281535],20.0000,4.0000
568,[ 212.49013   -117.11851      2.6391108],20.0000,6.0000,[263.1911    -68.29382     5.8430986],20.0000,6.0000,[71.89529  41.4103    2.329286],20.0000,6.0000,[86.00696  70.69422   1.268963],20.0000,4.0000,[ 236.73071    -100.56442       0.28262737],20.0000,4.0000
569,[ 211.62189  -116.431984    2.816235],20.0000,6.0000,[264.20026   -68.71293     5.9186254],20.0000,6.0000,[71.2832    42.334076   2.5040965],20.0000,6.0000,[86.17899   71.24681    1.2689635],20.0000,4.0000,[ 237.29883  -100.44545     0.268346],20.0000,4.0000
570,[ 210.64629   -115.909134     2.9931393],20.0000,6.0000,[265.229     -69.0787      6.1365204],20.0000,0.0000,[70.51745   43.13417    2.6747496],20.0000,6.0000,[86.35103   71.7994     1.2689639],20.0000,4.0000,[ 237.86691   -100.32857      0.2581248],20.0000,4.0000
571,[ 209.59389  -115.566154    3.169937],20.0000,6.0000,[266.30716   -69.24974     5.8453507],20.0000,6.0000,[69.625565 43.78986   2.847029],20.0000,6.0000,[86.523056  72.35199    1.2689644],20.0000,4.0000,[ 238.43497    -100.212975      0.25058848],20.0000,4.0000
572,[ 208.49756   -115.41364      3.3467166],20.0000,6.0000,[267.31598   -69.66928     5.9346743],20.0000,6.0000,[68.634094  44.28169    3.0220296],20.0000,6.0000,[86.69509   72.90458    1.2689649],20.0000,4.0000,[ 239.00299    -100.09813       0.24483028],20.0000,4.0000
573,[ 207.39153  -115.45634     3.523516],20.0000,6.0000,[268.3486   -70.02366    6.156821],20.0000,0.0000,[67.57213   44.59327    3.1988022],20.0000,6.0000,[86.86713   73.45717    1.2689654],20.0000,4.0000,[239.57094   -99.98371     0.2402779],20.0000,4.0000
574,[ 206.31023   -115.6929       3.7003381],20.0000,6.0000,[269.42923   -70.17875     5.8661747],20.0000,6.0000,[66.47189   44.71359    3.3761911],20.0000,6.0000,[87.03916   74.00976    1.2689657],20.0000,4.0000,[ 2.4013882e+02 -9.9869530e+01  2.3657192e-01],20.0000,3.0000
575,[ 205.28741   -116.11598      3.8771737],20.0000,6.0000,[270.44427   -70.5824      5.9549966],20.0000,0.0000,[65.36762  44.63819   3.553522],20.0000,6.0000,[87.21119   74.56234    1.2689662],20.0000,4.0000,[ 2.4070596e+02 -9.9752563e+01  1.4172423e-01],20.0000,3.0000
576,[ 204.35497  -116.71239     4.054013],20.0000,6.0000,[271.48807  -70.90341    5.625276],20.0000,6.0000,[64.29389   44.36934    3.7305984],20.0000,6.0000,[87.383224  75.11493    1.2689666],20.0000,4.0000,[ 2.4127832e+02 -9.9666748e+01  1.3897566e-02],20.0000,3.0000
577,[ 203.54198 -117.46353    4.23085],20.0000,6.0000,[272.41232   -71.492516    5.7089677],20.0000,6.0000,[63.284294  43.915577   3.9074755],20.0000,6.0000,[87.55526  75.66752   1.268967],20.0000,4.0000,[241.85655   -99.62532     6.1595817],20.0000,3.0000
578,[ 202.87381   -118.34597      4.4076858],20.0000,6.0000,[273.3624   -72.033516   5.944855],20.0000,0.0000,[62.370308  43.291233   4.0842657],20.0000,6.0000,[87.727295  76.22011    1.2689674],20.0000,4.0000,[242.43861   -99.634415    6.0217085],20.0000,2.0000
579,[ 202.37129 -119.33219    4.58452],20.0000,6.0000,[274.39728   -72.38097     5.6664863],20.0000,6.0000,[61.5804    42.51586    4.2610483],20.0000,6.0000,[87.89932   76.7727     1.2689677],20.0000,4.0000,[243.02126  -99.69597    5.797998],20.0000,2.0000
580,[ 202.05011   -120.39143      4.7613535],20.0000,6.0000,[275.3286   -72.95466    5.760812],20.0000,6.0000,[60.93918   41.613644   4.4378524],20.0000,6.0000,[88.07136   77.32529    1.2689681],20.0000,4.0000,[243.59546  -99.84783    5.557262],20.0000,3.0000
581,[ 201.92026   -121.49066      4.9381866],20.0000,6.0000,[276.2933   -73.46676    5.990525],20.0000,0.0000,[60.466644 40.612713  4.614678],20.0000,6.0000,[88.24339   77.87788    1.2689683],20.0000,4.0000,[ 244.13774   -100.10871      5.4225774],20.0000,3.0000
582,[ 201.98581   -122.59559      5.1150203],20.0000,6.0000,[277.33746   -73.7849      5.7047625],20.0000,6.0000,[60.17755   39.544266   4.7915144],20.0000,6.0000,[88.41543   78.430466   1.2689687],20.0000,4.0000,[ 244.63666   -100.443        5.3379955],20.0000,3.0000
583,[ 202.2447    -123.67175      5.2918544],20.0000,6.0000,[278.28107  -74.33628    5.796109],20.0000,6.0000,[60.080917  38.441624   4.9683533],20.0000,6.0000,[88.58746  78.983055  1.268969],20.0000,4.0000,[ 245.09457   -100.82616      5.2672887],20.0000,3.0000
584,[ 202.68889   -124.68559      5.4686885],20.0000,6.0000,[279.2572    -74.82543     6.0204024],20.0000,0.0000,[60.179764  37.33918    5.1451907],20.0000,6.0000,[88.7595    79.53564    1.2689693],20.0000,4.0000,[ 245.51466  -101.24668     5.193282],20.0000,3.0000
585,[ 203.30447  -125.605484    5.645522],20.0000,6.0000,[280.30777   -75.122086    5.7310114],20.0000,6.0000,[60.471004 36.271313  5.322026],20.0000,6.0000,[88.93153   80.08823    1.2689697],20.0000,4.0000,[ 245.89656  -101.70021     5.111817],20.0000,3.0000
586,[ 204.0723   -126.40273     5.822356],20.0000,6.0000,[281.261     -75.65589     5.8205986],20.0000,0.0000,[60.94556   35.271336   5.4988594],20.0000,6.0000,[89.10357   80.640816   1.2689699],20.0000,4.0000,[ 246.2376  -102.18445    5.02425],20.0000,3.0000
587,[ 204.96838 -127.05249    5.99919],20.0000,6.0000,[282.2536    -76.11133     5.4918237],20.0000,6.0000,[61.588623 34.370434  5.675693],20.0000,6.0000,[89.275604  81.193405   1.2689703],20.0000,4.0000,[ 246.5343    -102.696884     4.9330897],20.0000,3.0000
588,[ 205.9648   -127.53447     6.176024],20.0000,6.0000,[283.0929  -76.81656   5.57618],20.0000,6.0000,[62.380142  33.596706   5.8525267],20.0000,6.0000,[89.44763   81.745995   1.2689705],20.0000,4.0000,[ 246.78337  -103.23414     4.840335],20.0000,3.0000
589,[ 2.0703047e+02 -1.2783366e+02  6.9672450e-02],20.0000,0.0000,[283.964     -77.477394    5.8132443],20.0000,0.0000,[63.295425  32.97428    6.0293603],20.0000,6.0000,[89.61967   82.298584   1.2689707],20.0000,4.0000,[ 246.98215  -103.79208     4.747167],20.0000,4.0000
590,[ 208.1309  -127.92292    5.97914],20.0000,6.0000,[284.9448    -77.95677     5.5356474],20.0000,6.0000,[64.30593  32.52257   6.206194],20.0000,6.0000,[89.7917   82.85117   1.268971],20.0000,4.0000,[ 247.12563   -104.36619      4.7458763],20.0000,5.0000
591,[ 209.15842  -128.29424     5.988676],20.0000,6.0000,[285.7938  -78.64653   5.63026],20.0000,0.0000,[65.380135   32.25567     0.09984269],20.0000,6.0000,[89.96374   83.40376    1.2689712],20.0000,4.0000,[ 247.24493  -104.94126     4.868585],20.0000,6.0000
592,[ 210.18826   -128.65962      6.1707377],20.0000,6.0000,[286.69476   -79.26527     5.3097415],20.0000,6.0000,[66.48454    32.181896    0.27667663],20.0000,6.0000,[90.13577   83.956345   1.2689714],20.0000,4.0000,[ 247.3883    -105.50457      5.1185365],20.0000,6.0000
593,[ 2.1126271e+02 -1.2887248e+02  1.2795874e-01],20.0000,6.0000,[287.40546   -80.102       5.4001412],20.0000,6.0000,[67.5847     32.30355     0.45351052],20.0000,6.0000,[90.30781   84.508934   1.2689717],20.0000,4.0000,[ 247.60594   -106.04098      5.3926005],20.0000,6.0000
594,[ 212.36285   -128.86935      0.3734178],20.0000,0.0000,[288.15506  -80.89884    5.646306],20.0000,0.0000,[68.64631   32.616848   0.6303444],20.0000,6.0000,[90.47984   85.06152    1.2689718],20.0000,4.0000,[ 247.90938  -106.539925    5.66449 ],20.0000,5.0000
595,[ 2.1343526e+02 -1.2861426e+02  4.8539232e-02],20.0000,6.0000,[289.04602  -81.52986    5.374303],20.0000,6.0000,[69.636246  33.112007   0.8071783],20.0000,6.0000,[90.65188  85.61411   1.268972],20.0000,4.0000,[ 248.3044   -106.98295     5.831104],20.0000,5.0000
596,[ 2.1452808e+02 -1.2861397e+02  7.7695146e-02],20.0000,6.0000,[289.77637   -82.34458     5.4709544],20.0000,6.0000,[70.523636  33.773586   0.9840122],20.0000,6.0000,[90.82391   86.1667     1.2689723],20.0000,4.0000,[ 248.76103 -107.36752    5.94509],20.0000,5.0000
597,[ 215.62099    -128.5889        0.26591513],20.0000,6.0000,[290.55685   -83.10878     5.7029386],20.0000,0.0000,[71.28081   34.580956   1.1608461],20.0000,0.0000,[90.99595   86.71929    1.2689725],20.0000,4.0000,[ 249.2591    -107.69577      6.0341387],20.0000,5.0000
598,[ 216.70047    -128.39862       0.50604427],20.0000,0.0000,[291.46918  -83.70807    5.418456],20.0000,6.0000,[71.86779   35.516037   0.7871281],20.0000,6.0000,[91.167984  87.27187    1.2689726],20.0000,4.0000,[ 249.78601   -107.97199      6.1158986],20.0000,5.0000
599,[ 2.1771643e+02 -1.2797998e+02  1.9734396e-01],20.0000,6.0000,[292.2201   -84.50226    5.510265],20.0000,6.0000,[72.67135   36.25628    0.7966646],20.0000,6.0000,[91.34002   87.82446    1.2689729],20.0000,4.0000,[ 250.33472   -108.19849      6.1988196],20.0000,5.0000
600,[ 218.79454    -127.804695      0.24652672],20.0000,6.0000,[293.01974   -85.24572     5.7351747],20.0000,6.0000,[73.47072    37.00131     0.97872597],20.0000,6.0000,[91.512054 88.37705   1.268973],20.0000,4.0000,[ 2.50900589e+02 -1.08375114e+02  2.07588798e-03],20.0000,5.0000
601,[ 219.86589    -127.589134      0.44475272],20.0000,6.0000,[293.93573  -85.84018    5.996722],20.0000,0.0000,[74.155365  37.856308   1.2191324],20.0000,0.0000,[91.68409   88.92964    1.2689731],20.0000,4.0000,[ 2.514796e+02 -1.085005e+02  9.161698e-02],20.0000,5.0000
602,[ 220.8926    -127.20627      0.6896206],20.0000,6.0000,[294.96194   -86.21944     5.7128325],20.0000,6.0000,[74.6435     38.839912    0.91403955],20.0000,6.0000,[91.856125  89.48223    1.2689734],20.0000,4.0000,[ 2.5206746e+02 -1.0857309e+02  1.8309951e-01],20.0000,5.0000
603,[ 221.82524    -126.621544      0.93434227],20.0000,6.0000,[295.87662   -86.81519     5.7909083],20.0000,0.0000,[75.33831   39.682537   0.9676689],20.0000,6.0000,[92.02816   90.03482    1.2689735],20.0000,4.0000,[ 252.65948  -108.59173     0.275512],20.0000,4.0000
604,[ 222.61444   -125.847496     1.1570493],20.0000,6.0000,[296.83325  -87.34098    5.452517],20.0000,6.0000,[75.99867   40.55312    1.1681226],20.0000,0.0000,[92.2002    90.5874     1.2689736],20.0000,4.0000,[ 253.24998    -108.55302       0.27645895],20.0000,4.0000
605,[ 223.22649   -124.924095     1.3534931],20.0000,0.0000,[297.61383  -88.10637    5.530432],20.0000,6.0000,[76.49706    41.52728     0.86361206],20.0000,6.0000,[92.37224   91.13999    1.2689738],20.0000,4.0000,[ 2.5383482e+02 -1.0849401e+02  2.4539730e-01],20.0000,4.0000
606,[ 223.63101    -123.89557       0.98149794],20.0000,0.0000,[298.43265  -88.828896   5.751436],20.0000,0.0000,[77.20978    42.354046    0.93538165],20.0000,6.0000,[92.54427  91.69258   1.268974],20.0000,4.0000,[ 2.5441609e+02 -1.0843268e+02  2.1101110e-01],20.0000,4.0000
607,[ 224.26562   -123.00681      0.4355701],20.0000,6.0000,[299.3706    -89.387276    5.4622955],20.0000,6.0000,[77.87768   43.217773   1.1454486],20.0000,0.0000,[92.71631   92.24517    1.2689741],20.0000,4.0000,[ 2.5499561e+02 -1.0837497e+02  1.8324994e-01],20.0000,4.0000
608,[ 225.2139     -122.45737       0.47198778],20.0000,6.0000,[300.15323   -90.150024    5.5526247],20.0000,6.0000,[78.37975   44.18866    0.8479425],20.0000,6.0000,[92.88834   92.79776    1.2689742],20.0000,4.0000,[ 2.5557430e+02 -1.0832143e+02  1.6307557e-01],20.0000,4.0000
609,[ 226.15378  -121.897766    0.689988],20.0000,6.0000,[300.982   -90.86079   5.77624],20.0000,0.0000,[79.09457   45.01366    0.9275682],20.0000,6.0000,[93.06038   93.35035    1.2689743],20.0000,4.0000,[ 2.5615253e+02 -1.0827106e+02  1.4879984e-01],20.0000,4.0000
610,[ 226.98946   -121.19547      0.9597318],20.0000,6.0000,[301.92935  -91.40321    5.486528],20.0000,6.0000,[79.75946   45.879433   1.1410272],20.0000,0.0000,[93.232414  93.90293    1.2689744],20.0000,4.0000,[ 2.5673050e+02 -1.0822277e+02  1.3858058e-01],20.0000,4.0000
611,[ 227.6617    -120.33365      1.2317332],20.0000,6.0000,[302.72458   -92.152275    5.5759616],20.0000,0.0000,[80.25626    46.852474    0.84568036],20.0000,6.0000,[93.40445   94.45552    1.2689745],20.0000,4.0000,[ 2.5730829e+02 -1.0817574e+02  1.3104463e-01],20.0000,4.0000
612,[ 228.13501   -119.34313      1.4962283],20.0000,0.0000,[303.57706   -92.834915    5.2470193],20.0000,6.0000,[80.96674   47.68135    0.9284304],20.0000,6.0000,[93.576485  95.00811    1.2689747],20.0000,4.0000,[ 2.5788596e+02 -1.0812946e+02  1.2528625e-01],20.0000,4.0000
613,[ 228.36035   -118.265366     1.1867378],20.0000,0.0000,[304.2201   -93.72272    5.331263],20.0000,0.0000,[81.6252    48.551956   1.1436704],20.0000,0.0000,[93.74852   95.5607     1.2689748],20.0000,4.0000,[ 2.5846350e+02 -1.0808360e+02  1.2073349e-01],20.0000,4.0000
614,[ 228.80013    -117.26578       0.67497194],20.0000,0.0000,[304.91928   -94.56485     5.0175853],20.0000,0.0000,[82.113655   49.528934    0.84926754],20.0000,6.0000,[93.920555  96.11329    1.2689749],20.0000,4.0000,[ 2.59040955e+02 -1.08037964e+02  1.17027149e-01],20.0000,4.0000
615,[ 2.29586029e+02 -1.16500854e+02  1.65847689e-01],20.0000,6.0000,[305.39374   -95.559814    4.5662374],20.0000,6.0000,[82.81723   50.363804   0.9336095],20.0000,6.0000,[94.0926   96.66587   1.268975],20.0000,4.0000,[ 2.59618347e+02 -1.07992424e+02  1.13937758e-01],20.0000,4.0000
616,[ 230.62825    -116.1154        0.23666176],20.0000,6.0000,[305.45615  -96.67232    4.671086],20.0000,6.0000,[83.467575  51.240467   1.1499722],20.0000,0.0000,[94.26463  97.21846   1.268975],20.0000,4.0000,[ 2.6019565e+02 -1.0794691e+02  1.1131436e-01],20.0000,4.0000
617,[ 231.6584     -115.73103       0.53421825],20.0000,6.0000,[305.54297  -97.76839    4.994411],20.0000,0.0000,[83.94616   52.22216    0.8560657],20.0000,6.0000,[94.43667   97.77105    1.2689751],20.0000,4.0000,[ 2.6077292e+02 -1.0790138e+02  1.0905392e-01],20.0000,4.0000
618,[ 232.58037  -115.14567     0.852329],20.0000,6.0000,[305.89038  -98.804184   4.768503],20.0000,6.0000,[84.64147  53.064026  0.941317],20.0000,6.0000,[94.6087    98.32364    1.2689753],20.0000,4.0000,[ 2.61350128e+02 -1.07855804e+02  1.07083507e-01],20.0000,4.0000
619,[ 233.33342   -114.35416      1.1398723],20.0000,6.0000,[306.03616   -99.88927     4.8812113],20.0000,0.0000,[85.282684  53.947395   1.1584227],20.0000,0.0000,[94.78074   98.87623    1.2689754],20.0000,4.0000,[ 2.61927307e+02 -1.07810165e+02  1.05349682e-01],20.0000,4.0000
620,[ 233.89116   -113.40919      1.4105995],20.0000,0.0000,[ 306.28116   -100.9548       4.5713453],20.0000,6.0000,[85.75055    54.934155    0.86484337],20.0000,6.0000,[94.952774  99.42881    1.2689755],20.0000,4.0000,[ 2.6250446e+02 -1.0776445e+02  1.0381206e-01],20.0000,4.0000
621,[ 234.2059    -112.35433      1.1049836],20.0000,0.0000,[ 306.24634   -102.05236      4.6659575],20.0000,6.0000,[86.436745  55.78354    0.9506537],20.0000,6.0000,[95.12481   99.9814     1.2689755],20.0000,4.0000,[ 2.6308157e+02 -1.0771865e+02  1.0243939e-01],20.0000,4.0000
622,[ 234.72565   -111.3939       0.5953805],20.0000,0.0000,[ 306.27     -103.14619     4.914973],20.0000,0.0000,[87.06813   56.67396    1.1682574],20.0000,0.0000,[ 95.29685   100.53399     1.2689756],20.0000,4.0000,[ 2.6365863e+02 -1.0767276e+02  1.0120696e-01],20.0000,4.0000
623,[ 2.35570114e+02 -1.10694244e+02  8.66308212e-02],20.0000,6.0000,[ 306.5118   -104.21086     4.644108],20.0000,0.0000,[87.5247     57.66594     0.87492245],20.0000,6.0000,[ 95.46889   101.08658     1.2689757],20.0000,4.0000,[ 2.6423569e+02 -1.0762678e+02  1.0009489e-01],20.0000,4.0000
624,[ 2.3663962e+02 -1.1039290e+02  1.5731220e-01],20.0000,6.0000,[ 306.53015 -105.30621    4.19052],20.0000,6.0000,[88.201195  58.523125   0.9610882],20.0000,6.0000,[ 95.64092   101.63917     1.2689757],20.0000,4.0000,[ 2.6481274e+02 -1.0758071e+02  9.9086970e-02],20.0000,4.0000
625,[ 237.69702  -110.091576    0.45447 ],20.0000,6.0000,[ 306.1442    -106.34344      4.2649937],20.0000,6.0000,[88.82225   59.420784   1.1790215],20.0000,0.0000,[ 95.81296   102.19175     1.2689759],20.0000,4.0000,[ 2.65389740e+02 -1.07534546e+02  9.81698111e-02],20.0000,4.0000
626,[ 238.66269    -109.581535      0.77237546],20.0000,6.0000,[ 305.77826 -107.37856    4.5443 ],20.0000,6.0000,[89.267105   60.418037    0.88585377],20.0000,6.0000,[ 95.98499   102.74434     1.2689759],20.0000,4.0000,[ 2.6596674e+02 -1.0748830e+02  9.7332247e-02],20.0000,4.0000
627,[ 239.47653   -108.85268      1.0598656],20.0000,6.0000,[ 305.6247    -108.45966      4.8501434],20.0000,0.0000,[89.93347    61.28315     0.97224367],20.0000,6.0000,[ 96.15703  103.29693    1.268976],20.0000,4.0000,[ 2.66543701e+02 -1.07441956e+02  9.65648890e-02],20.0000,4.0000
628,[ 240.10797   -107.95528      1.3305868],20.0000,6.0000,[ 305.74557  -109.5449      4.583274],20.0000,0.0000,[90.54383  62.188126  1.190391],20.0000,0.0000,[ 96.32906  103.84952    1.268976],20.0000,4.0000,[ 2.6712067e+02 -1.0739553e+02  9.5859759e-02],20.0000,4.0000
629,[ 240.52332   -106.93319      1.5755417],20.0000,0.0000,[ 305.64813   -110.63296      4.1261377],20.0000,6.0000,[90.976685  63.190628   0.8973339],20.0000,6.0000,[ 96.50111   104.40211     1.2689761],20.0000,4.0000,[ 2.67697632e+02 -1.07349014e+02  9.52100381e-02],20.0000,4.0000
630,[ 240.68626  -105.84085     1.237034],20.0000,0.0000,[ 305.16333   -111.62133      4.1857395],20.0000,6.0000,[91.632614   64.0637      0.98386526],20.0000,6.0000,[ 96.67314   104.95469     1.2689761],20.0000,4.0000,[ 2.6827454e+02 -1.0730242e+02  9.4609886e-02],20.0000,4.0000
631,[ 241.08144   -104.82257      0.7027023],20.0000,0.0000,[ 304.6989    -112.61396      4.4341106],20.0000,6.0000,[92.232     64.975975   1.2021499],20.0000,0.0000,[ 96.84518   105.50728     1.2689762],20.0000,4.0000,[ 2.6885147e+02 -1.0725575e+02  9.4054237e-02],20.0000,4.0000
632,[ 2.41845184e+02 -1.04035385e+02  1.88873023e-01],20.0000,6.0000,[ 304.4208    -113.66973      4.7221518],20.0000,0.0000,[92.652626  65.98366    0.9091647],20.0000,6.0000,[ 97.01721   106.05987     1.2689762],20.0000,4.0000,[ 2.6942838e+02 -1.0720900e+02  9.3538679e-02],20.0000,4.0000
633,[ 242.87785    -103.62398       0.25942782],20.0000,6.0000,[ 304.4005   -114.761536    4.449771],20.0000,6.0000,[93.29789   66.864655   0.9957851],20.0000,6.0000,[ 97.18925   106.61246     1.2689763],20.0000,4.0000,[ 2.7000528e+02 -1.0716218e+02  9.3059368e-02],20.0000,4.0000
634,[ 243.89871   -103.215195     0.5586057],20.0000,6.0000,[ 304.14175   -115.82229      4.5414543],20.0000,0.0000,[93.8861    67.78419    1.2141573],20.0000,0.0000,[ 97.36129   107.16505     1.2689763],20.0000,4.0000,[ 2.7058215e+02 -1.0711528e+02  9.2612930e-02],20.0000,4.0000
635,[ 244.80597    -102.60728       0.87774277],20.0000,6.0000,[ 303.97305  -116.900856    4.210115],20.0000,6.0000,[94.29433   68.79694    0.9212184],20.0000,6.0000,[ 97.533325  107.71763     1.2689764],20.0000,4.0000,[ 2.7115903e+02 -1.0706831e+02  9.2196390e-02],20.0000,4.0000
636,[ 245.53868   -101.79688      1.1655897],20.0000,6.0000,[ 303.52234  -117.89868     4.291557],20.0000,6.0000,[94.92874   69.6858     1.0078949],20.0000,6.0000,[ 97.70536   108.27022     1.2689764],20.0000,4.0000,[ 2.71735901e+02 -1.07021286e+02  9.18071195e-02],20.0000,4.0000
637,[ 246.072     -100.83791      1.4363931],20.0000,6.0000,[ 303.12384  -118.916214    4.521476],20.0000,6.0000,[95.50561   70.612495   1.2263227],20.0000,0.0000,[ 97.877396  108.82281     1.2689766],20.0000,4.0000,[ 2.7231277e+02 -1.0697419e+02  9.1442764e-02],20.0000,4.0000
638,[246.37718   -99.777695    1.6813138],20.0000,0.0000,[ 302.908     -119.98625      4.7893953],20.0000,0.0000,[95.90132   71.630196   0.9334132],20.0000,6.0000,[ 98.04943   109.3754      1.2689766],20.0000,4.0000,[ 2.72889618e+02 -1.06927025e+02  9.11012590e-02],20.0000,4.0000
639,[246.42397   -98.674255    1.3427279],20.0000,0.0000,[ 302.93655  -121.07884     4.509333],20.0000,6.0000,[96.52473   72.52681    1.0201252],20.0000,6.0000,[ 98.221466  109.92798     1.2689766],20.0000,4.0000,[ 2.7346646e+02 -1.0687981e+02  9.0780728e-02],20.0000,4.0000
640,[246.70952    -97.619965     0.80833703],20.0000,0.0000,[ 302.72253   -122.14923      4.5937696],20.0000,0.0000,[97.0901   73.460556  1.238588],20.0000,0.0000,[ 98.39351   110.48057     1.2689767],20.0000,4.0000,[ 2.7404330e+02 -1.0683253e+02  9.0479515e-02],20.0000,4.0000
641,[247.386     -96.75664     0.2944966],20.0000,0.0000,[ 302.59412   -123.23321      4.2581573],20.0000,6.0000,[97.473206   74.48308     0.94569725],20.0000,6.0000,[ 98.565544  111.03316     1.2689767],20.0000,4.0000,[ 2.74620117e+02 -1.06785194e+02  9.01961029e-02],20.0000,4.0000
642,[248.36436   -96.22157     6.0976863],20.0000,6.0000,[ 302.1788    -124.24513      4.3375893],20.0000,6.0000,[98.08547   75.38733    1.0324315],20.0000,6.0000,[ 98.73758   111.58575     1.2689767],20.0000,4.0000,[ 2.7519696e+02 -1.0673781e+02  8.9929149e-02],20.0000,4.0000
643,[249.48735  -96.155624   6.253595],20.0000,6.0000,[ 301.81723  -125.27587     4.562069],20.0000,0.0000,[98.63925   76.328      1.2509166],20.0000,0.0000,[ 98.909615  112.138336    1.2689768],20.0000,4.0000,[ 2.7577377e+02 -1.0669037e+02  8.9677423e-02],20.0000,4.0000
644,[250.58255    -96.048515     0.35839358],20.0000,6.0000,[ 301.65454  -126.35523     4.275451],20.0000,6.0000,[99.00965   77.355194   0.9580376],20.0000,6.0000,[ 99.08165   112.69092     1.2689768],20.0000,4.0000,[ 2.76350586e+02 -1.06642876e+02  8.94398242e-02],20.0000,4.0000
645,[251.59949    -95.65158      0.70249474],20.0000,6.0000,[ 301.24554   -127.36895      4.3667917],20.0000,6.0000,[99.610664  78.26697    1.0447859],20.0000,6.0000,[ 99.25369   113.24351     1.2689768],20.0000,4.0000,[ 2.7692740e+02 -1.0659534e+02  8.9215338e-02],20.0000,4.0000
646,[252.47786   -94.99977     0.9933242],20.0000,6.0000,[ 300.90225  -128.4055      4.592106],20.0000,0.0000,[100.15274    79.21444     1.2632849],20.0000,0.0000,[ 99.42573   113.7961      1.2689769],20.0000,4.0000,[ 2.7750421e+02 -1.0654775e+02  8.9003049e-02],20.0000,4.0000
647,[253.18529   -94.1579      1.2589447],20.0000,6.0000,[ 300.7607    -129.48788      4.3035135],20.0000,6.0000,[100.51036     80.24614      0.97041357],20.0000,6.0000,[ 99.59776   114.34869     1.2689769],20.0000,4.0000,[ 2.7808099e+02 -1.0650013e+02  8.8802122e-02],20.0000,4.0000
648,[253.6855    -93.17228     1.4922192],20.0000,0.0000,[ 300.37085  -130.50858     4.393585],20.0000,6.0000,[101.10001    81.165306    1.0571706],20.0000,6.0000,[ 99.7698    114.901276    1.2689769],20.0000,4.0000,[ 2.7865781e+02 -1.0645245e+02  8.8611789e-02],20.0000,4.0000
649,[253.94394  -92.0977     1.141705],20.0000,0.0000,[ 300.0474   -131.55128     4.616059],20.0000,0.0000,[101.63029    82.11943     1.2756785],20.0000,6.0000,[ 99.94183   115.45386     1.2689769],20.0000,4.0000,[ 2.7923459e+02 -1.0640475e+02  8.8431358e-02],20.0000,4.0000
650,[254.43396   -91.12152     0.6008435],20.0000,0.0000,[ 299.92484   -132.63608      4.3255177],20.0000,6.0000,[101.992134   83.15031     1.5333637],20.0000,6.0000,[100.11388  116.00645    1.268977],20.0000,4.0000,[ 2.79811371e+02 -1.06356995e+02  8.82601812e-02],20.0000,4.0000
651,[ 2.5527254e+02 -9.0414253e+01  8.6164616e-02],20.0000,6.0000,[ 299.55194   -133.66283      4.4143677],20.0000,6.0000,[102.13797    84.23716     1.7962291],20.0000,6.0000,[100.28591  116.55904    1.268977],20.0000,4.0000,[ 2.80388153e+02 -1.06309204e+02  8.80976692e-02],20.0000,4.0000
652,[ 2.5634180e+02 -9.0109039e+01  1.5756832e-01],20.0000,6.0000,[ 299.24548   -134.71059      4.6352057],20.0000,6.0000,[102.0434     85.335365    2.0421426],20.0000,6.0000,[100.45795  117.111626   1.268977],20.0000,4.0000,[ 2.80964935e+02 -1.06261375e+02  8.79432857e-02],20.0000,4.0000
653,[257.3988     -89.80547      0.45859763],20.0000,6.0000,[ 299.1218   -135.79582     4.894213],20.0000,6.0000,[101.70983    86.3905      2.2587366],20.0000,6.0000,[100.62998  117.66421    1.268977],20.0000,4.0000,[ 2.8154169e+02 -1.0621351e+02  8.7796524e-02],20.0000,4.0000
654,[258.36224   -89.291176    0.7786176],20.0000,6.0000,[ 299.2213   -136.88737     5.158701],20.0000,6.0000,[101.16496    87.3556      2.4483542],20.0000,6.0000,[100.80202   118.2168      1.2689772],20.0000,4.0000,[ 2.8211847e+02 -1.0616561e+02  8.7656923e-02],20.0000,4.0000
655,[259.17172   -88.55744     1.0666771],20.0000,6.0000,[ 299.55753   -137.93658      5.4073353],20.0000,6.0000,[100.447395   88.20003     2.6228952],20.0000,6.0000,[100.97406   118.76939     1.2689772],20.0000,4.0000,[ 2.8269522e+02 -1.0611768e+02  8.7524049e-02],20.0000,4.0000
656,[259.79736   -87.65595     1.3374872],20.0000,6.0000,[ 300.11804   -138.89041      5.6268854],20.0000,6.0000,[99.592155  88.90362    2.7935588],20.0000,6.0000,[101.146095  119.321976    1.2689772],20.0000,4.0000,[ 2.83272003e+02 -1.06069725e+02  8.73975158e-02],20.0000,4.0000
657,[260.2059    -86.63109     1.5822943],20.0000,0.0000,[ 300.86594  -139.70825     5.818529],20.0000,6.0000,[98.628815  89.448906   2.9659352],20.0000,6.0000,[101.31813   119.874565    1.2689772],20.0000,4.0000,[ 2.8384875e+02 -1.0602173e+02  8.7276958e-02],20.0000,4.0000
658,[260.36163   -85.537674    1.2435606],20.0000,0.0000,[ 301.756   -140.36844    5.99385],20.0000,6.0000,[97.586     89.819626   3.1410139],20.0000,6.0000,[101.490166  120.42715     1.2689772],20.0000,4.0000,[ 2.8442551e+02 -1.0597371e+02  8.7162025e-02],20.0000,4.0000
659,[260.75018   -84.51684     0.7090744],20.0000,0.0000,[ 302.74872   -140.8595       6.1644983],20.0000,6.0000,[96.49455   90.00296    3.3178213],20.0000,6.0000,[101.66221   120.97974     1.2689773],20.0000,4.0000,[ 2.8500226e+02 -1.0592566e+02  8.7052412e-02],20.0000,4.0000
660,[ 2.6150885e+02 -8.3724785e+01  1.9521838e-01],20.0000,6.0000,[ 3.0381079e+02 -1.4117169e+02  5.3421315e-02],20.0000,6.0000,[95.38782   89.9918     3.4952142],20.0000,6.0000,[101.83424   121.532326    1.2689773],20.0000,4.0000,[ 2.8557904e+02 -1.0587758e+02  8.6947814e-02],20.0000,4.0000
661,[262.5389     -83.3068       0.26578128],20.0000,6.0000,[ 3.0491055e+02 -1.4129597e+02  2.2827967e-01],20.0000,6.0000,[94.3003    89.78582    3.6725368],20.0000,6.0000,[102.00628   122.084915    1.2689773],20.0000,4.0000,[ 2.86155762e+02 -1.05829475e+02  8.68479609e-02],20.0000,3.0000
662,[263.55713    -82.89154      0.56498516],20.0000,6.0000,[ 306.0151    -141.22688      0.4049873],20.0000,6.0000,[93.26609   89.39138    3.8496048],20.0000,6.0000,[102.178314  122.6375      1.2689773],20.0000,4.0000,[ 286.73227  -105.77839     6.278179],20.0000,3.0000
663,[264.4605    -82.27784     0.8841357],20.0000,6.0000,[ 307.09048    -140.96501       0.58236784],20.0000,6.0000,[92.31751   88.82096    4.0264773],20.0000,6.0000,[102.35035   123.19009     1.2689773],20.0000,4.0000,[ 287.31113   -105.758766     6.1527047],20.0000,4.0000
664,[265.18802  -81.46278    1.171986],20.0000,6.0000,[ 308.10294    -140.51778       0.75971293],20.0000,6.0000,[91.48411   88.09253    4.2032666],20.0000,6.0000,[102.52239   123.742676    1.2689773],20.0000,4.0000,[ 287.89108  -105.78721     6.109109],20.0000,4.0000
665,[265.71518   -80.50043     1.4427899],20.0000,0.0000,[ 309.02075   -139.89906      0.9368043],20.0000,6.0000,[90.79184   87.22886    4.3800497],20.0000,0.0000,[102.69443   124.295265    1.2689774],20.0000,4.0000,[ 288.47012   -105.836136     6.0978928],20.0000,4.0000
666,[265.9959    -79.436       1.1371573],20.0000,0.0000,[ 309.81525   -139.12837      1.1136894],20.0000,6.0000,[90.27913  86.251076  4.006303],20.0000,6.0000,[102.86646   124.847855    1.2689774],20.0000,4.0000,[ 289.04813   -105.89382      6.0998397],20.0000,4.0000
667,[266.48453    -78.45935      0.62750447],20.0000,0.0000,[ 310.4617    -138.2299       1.2904818],20.0000,6.0000,[89.53536   85.450775   4.0158334],20.0000,0.0000,[103.0385    125.40044     1.2689774],20.0000,4.0000,[ 289.62543   -105.954865     6.1063786],20.0000,4.0000
668,[ 2.67306091e+02 -7.77329559e+01  1.18738465e-01],20.0000,6.0000,[ 310.94003   -137.23172      1.4672632],20.0000,6.0000,[88.80982   84.63459    3.6473424],20.0000,6.0000,[103.21053   125.953026    1.2689774],20.0000,4.0000,[ 290.20227  -106.01691     6.113796],20.0000,4.0000
669,[ 2.6836536e+02 -7.7397453e+01  1.8940702e-01],20.0000,6.0000,[ 311.23535   -136.16498      1.6440657],20.0000,6.0000,[87.87842  84.06335   3.715454],20.0000,0.0000,[103.382576  126.505615    1.2689774],20.0000,4.0000,[ 290.77878  -106.07902     6.120663],20.0000,5.0000
670,[269.41257   -77.062355    0.4865495],20.0000,6.0000,[ 311.33844   -135.06293      1.8208903],20.0000,6.0000,[86.9848    83.43505    3.3796408],20.0000,6.0000,[103.55461   127.058205    1.2689774],20.0000,4.0000,[ 291.35464  -106.14385     6.218338],20.0000,6.0000
671,[270.3614     -76.52161      0.80444896],20.0000,6.0000,[ 311.24606   -133.95992      1.9977264],20.0000,6.0000,[85.94983   83.07133    3.4636064],20.0000,0.0000,[103.72665   127.61079     1.2689774],20.0000,4.0000,[ 2.9193225e+02 -1.0617993e+02  1.5694074e-01],20.0000,6.0000
672,[271.15143   -75.76701     1.0919379],20.0000,0.0000,[ 310.9611    -132.89037      2.1745656],20.0000,6.0000,[84.94198   82.64316    3.1534443],20.0000,0.0000,[103.89868   128.16338     1.2689774],20.0000,4.0000,[ 292.5121     -106.14124       0.41523737],20.0000,6.0000
673,[271.73795    -74.84161      0.81210756],20.0000,0.0000,[ 310.49243  -131.88762     2.351403],20.0000,6.0000,[83.85237   82.47267    2.7050936],20.0000,0.0000,[104.070724  128.71596     1.2689775],20.0000,4.0000,[ 293.08618   -106.00879      0.6769803],20.0000,6.0000
674,[272.4935     -74.0538       0.33327508],20.0000,0.0000,[ 309.85464   -130.98296      2.5282383],20.0000,0.0000,[82.760345  82.71374    2.2623696],20.0000,0.0000,[104.24276   129.26855     1.2689775],20.0000,4.0000,[ 293.63562  -105.768555    0.920283],20.0000,6.0000
675,[273.48547   -73.58256     6.1164446],20.0000,6.0000,[ 309.0574    -130.2192       2.1545203],20.0000,6.0000,[81.84402  83.37219   1.887941],20.0000,0.0000,[104.414795  129.82114     1.2689775],20.0000,4.0000,[ 294.13214   -105.41915      1.1339587],20.0000,5.0000
676,[274.59772  -73.55075    6.195375],20.0000,6.0000,[ 308.49475   -129.28265      2.1640563],20.0000,6.0000,[81.234665  84.32103    1.5704764],20.0000,0.0000,[104.58683   130.37373     1.2689775],20.0000,4.0000,[ 294.54834  -104.97474     1.229836],20.0000,5.0000
677,[ 2.7569684e+02 -7.3512833e+01  2.1930104e-01],20.0000,0.0000,[ 307.92657   -128.34927      2.3461175],20.0000,6.0000,[80.96768  85.412674  1.262555],20.0000,0.0000,[104.758865  130.92632     1.2689775],20.0000,4.0000,[ 294.89804   -104.484726     1.2848115],20.0000,5.0000
678,[276.75116  -73.22553    6.273655],20.0000,6.0000,[ 307.22748   -127.50603      2.5865238],20.0000,0.0000,[81.0516     86.531494    0.94013506],20.0000,6.0000,[104.93091   131.4789      1.2689775],20.0000,4.0000,[ 295.19937 -103.97008    1.34163],20.0000,5.0000
679,[ 2.77843506e+02 -7.31456757e+01  1.03528775e-01],20.0000,6.0000,[ 306.36276   -126.82926      2.2814307],20.0000,6.0000,[81.4995    87.556015   1.1568121],20.0000,0.0000,[105.10294   132.0315      1.2689775],20.0000,4.0000,[ 295.45816   -103.43616      1.4123588],20.0000,5.0000
680,[278.92416   -72.98429     0.3463549],20.0000,0.0000,[ 305.6779    -125.97856      2.3350601],20.0000,6.0000,[81.81829    88.60821     0.98425084],20.0000,6.0000,[105.27498   132.58408     1.2689775],20.0000,4.0000,[ 295.67285   -102.88438      1.4951639],20.0000,5.0000
681,[ 2.799498e+02 -7.261070e+01  6.664686e-02],20.0000,6.0000,[ 304.95865   -125.15595      2.5355139],20.0000,6.0000,[82.30699   89.594055   1.1435045],20.0000,0.0000,[105.447014  133.13667     1.2689775],20.0000,4.0000,[ 295.83972   -102.31661      1.5851363],20.0000,4.0000
682,[ 2.8103500e+02 -7.2479111e+01  1.5984115e-01],20.0000,6.0000,[ 304.1154    -124.4564       2.7815552],20.0000,6.0000,[82.67715   90.62489    0.8738861],20.0000,6.0000,[105.61906   133.68925     1.2689775],20.0000,4.0000,[ 295.95248   -101.73619      1.5865333],20.0000,4.0000
683,[282.10815    -72.277466     0.38596588],20.0000,6.0000,[ 303.14365  -123.939476    3.027178],20.0000,6.0000,[83.276535  91.54665    0.9874062],20.0000,0.0000,[105.79109   134.24184     1.2689775],20.0000,4.0000,[ 296.04474   -101.155914     1.5567623],20.0000,4.0000
684,[283.13016   -71.89299     0.6481765],20.0000,6.0000,[ 302.07913 -123.64171    3.25061],20.0000,6.0000,[83.7974    92.51074    0.6987119],20.0000,6.0000,[105.96313   134.79443     1.2689776],20.0000,4.0000,[ 296.1337    -100.57836      1.5234946],20.0000,4.0000
685,[284.05487    -71.306        0.91524184],20.0000,6.0000,[ 300.97348   -123.572464     3.4474895],20.0000,6.0000,[84.54227   93.321075   0.8096333],20.0000,6.0000,[106.13516   135.34702     1.2689776],20.0000,4.0000,[ 296.2255    -100.00331      1.4964433],20.0000,4.0000
686,[284.83386  -70.52806    1.168079],20.0000,6.0000,[ 299.87503   -123.71887      3.6261911],20.0000,6.0000,[85.23348   94.17017    1.0756922],20.0000,0.0000,[106.307205  135.8996      1.2689776],20.0000,4.0000,[296.32092   -99.43006     1.4766592],20.0000,4.0000
687,[285.4247    -69.5933      1.3924066],20.0000,0.0000,[ 298.8215   -124.06091     3.797952],20.0000,0.0000,[85.72848   95.14341    0.8132901],20.0000,6.0000,[106.47924   136.4522      1.2689776],20.0000,4.0000,[296.41922   -98.858025    1.4625826],20.0000,4.0000
688,[285.78885   -68.5498      1.0369517],20.0000,6.0000,[ 297.85483 -124.59468    3.41933],20.0000,6.0000,[86.422585   95.98936     0.91298676],20.0000,6.0000,[106.651276  137.00478     1.2689776],20.0000,4.0000,[296.51938  -98.28675    1.452461],20.0000,4.0000
689,[286.39243   -67.63858     1.0455186],20.0000,6.0000,[ 296.79245   -124.84962      3.4267924],20.0000,6.0000,[87.05716   96.87847    1.1465483],20.0000,0.0000,[106.82331   137.55737     1.2689776],20.0000,4.0000,[296.62067  -97.715965   1.444972],20.0000,3.0000
690,[286.99036   -66.723495    1.2252123],20.0000,0.0000,[ 295.731     -125.108894     3.6081653],20.0000,0.0000,[87.507286 97.87289   0.862636],20.0000,6.0000,[106.995346  138.10995     1.2689776],20.0000,4.0000,[296.7197    -97.145134    1.3474777],20.0000,3.0000
691,[287.43457   -65.72329     0.9125616],20.0000,6.0000,[ 294.72363  -125.53542     3.298001],20.0000,6.0000,[88.17467   98.73848    0.9545984],20.0000,6.0000,[107.16739   138.66254     1.2689776],20.0000,4.0000,[296.8499    -96.58122     1.2178643],20.0000,3.0000
692,[288.10577   -64.86249     0.9814641],20.0000,6.0000,[ 293.64545   -125.70584      3.3698666],20.0000,0.0000,[88.78423  99.64435   1.179563],20.0000,0.0000,[107.339424  139.21513     1.2689776],20.0000,4.0000,[297.0239    -96.02854     1.0795634],20.0000,3.0000
693,[288.73248  -63.968445   1.190521],20.0000,0.0000,[ 292.58173  -125.95071     3.029577],20.0000,6.0000,[ 89.21194   100.64869     0.8905698],20.0000,6.0000,[107.51146   139.76772     1.2689776],20.0000,4.0000,[297.24588   -95.490944    0.9406469],20.0000,3.0000
694,[289.1894     -62.975548     0.89282084],20.0000,6.0000,[ 291.48926   -125.8974       3.1077769],20.0000,0.0000,[ 89.86233   101.52655     0.9803738],20.0000,6.0000,[107.683495  140.32031     1.2689776],20.0000,4.0000,[297.5188     -94.973656     0.80712634],20.0000,3.0000
695,[289.86578    -62.118755     0.97266126],20.0000,6.0000,[ 290.3964    -125.91809      2.7807794],20.0000,6.0000,[ 90.45474   102.44354     1.2024289],20.0000,0.0000,[107.85554   140.8729      1.2689776],20.0000,4.0000,[297.8435    -94.48329     0.6830967],20.0000,3.0000
696,[290.49033  -61.223446   1.186256],20.0000,0.0000,[ 289.33273   -125.64512      2.8700712],20.0000,0.0000,[ 90.86527  103.45513    0.911621],20.0000,6.0000,[108.02757   141.42548     1.2689776],20.0000,4.0000,[298.218      -94.02656      0.56988484],20.0000,3.0000
697,[290.94196    -60.22867      0.89100564],20.0000,6.0000,[ 288.25604   -125.44255      2.5667832],20.0000,0.0000,[ 91.50129   104.34319     1.0002757],20.0000,0.0000,[108.19961   141.97807     1.2689776],20.0000,4.0000,[298.6378   -93.60899    0.466149],20.0000,3.0000
698,[291.61368   -59.368084    0.9739399],20.0000,0.0000,[ 287.25253   -124.98401      2.1224687],20.0000,0.0000,[ 92.06406    105.27903      0.67032194],20.0000,6.0000,[108.37164   142.53065     1.2689776],20.0000,4.0000,[299.09723   -93.23448     0.3690691],20.0000,4.0000
699,[292.21667    -58.45812      0.63875085],20.0000,6.0000,[ 286.4726    -124.18229      1.6824626],20.0000,0.0000,[ 92.85831  106.03423    0.753843],20.0000,6.0000,[108.543686  143.08325     1.2689776],20.0000,4.0000,[299.59167    -92.90847      0.36749855],20.0000,4.0000
700,[293.0441     -57.74143      0.71891767],20.0000,6.0000,[ 286.0673    -123.12934      1.3092893],20.0000,0.0000,[ 93.61211  106.826096   0.989412],20.0000,0.0000,[108.71572   143.63583     1.2689776],20.0000,4.0000,[300.0942     -92.60293      0.39945775],20.0000,4.0000
701,[293.83276    -56.985165     0.94725925],20.0000,6.0000,[ 286.0765    -122.00184      0.9916262],20.0000,6.0000,[ 94.19865   107.746796    0.7108307],20.0000,6.0000,[108.88776   144.18842     1.2689776],20.0000,4.0000,[300.59518    -92.30156      0.43490326],20.0000,4.0000
702,[294.47858   -56.105087    1.2141979],20.0000,6.0000,[ 286.46524   -120.9518       1.2336987],20.0000,6.0000,[ 94.97992   108.512344    0.8050774],20.0000,6.0000,[109.05979   144.74101     1.2689778],20.0000,4.0000,[301.09244    -91.99825      0.46342868],20.0000,4.0000
703,[294.92957   -55.108257    1.4843333],20.0000,0.0000,[ 286.72247   -119.8853       1.6262379],20.0000,6.0000,[ 95.70949   109.32512     1.0346992],20.0000,0.0000,[109.23183   145.2936      1.2689778],20.0000,4.0000,[301.58636   -91.691986    0.4840644],20.0000,4.0000
704,[295.13727  -54.030613   1.19273 ],20.0000,0.0000,[ 286.6679    -118.79509      1.9557012],20.0000,0.0000,[ 96.27003    110.261765     0.74888265],20.0000,6.0000,[109.40387   145.84618     1.2689778],20.0000,4.0000,[302.07797   -91.383354    0.4985979],20.0000,4.0000
705,[295.55652    -53.02264      0.70205605],20.0000,0.0000,[ 286.32135   -117.757774     1.6911092],20.0000,0.0000,[ 97.03271   111.04454     0.8402083],20.0000,6.0000,[109.575905  146.39877     1.2689778],20.0000,4.0000,[302.56805    -91.07317      0.50895727],20.0000,4.0000
706,[ 2.9631641e+02 -5.2230793e+01  1.9882976e-01],20.0000,6.0000,[ 286.18054   -116.67529      1.2255547],20.0000,0.0000,[ 97.742836  111.87388     1.0644718],20.0000,0.0000,[109.74794   146.95135     1.2689778],20.0000,4.0000,[303.0572    -90.76206     0.5165698],20.0000,4.0000
707,[ 2.9734460e+02 -5.1807369e+01  2.7398476e-01],20.0000,6.0000,[ 286.4253    -115.60331      0.7287569],20.0000,6.0000,[ 98.28413   112.82186     0.7750625],20.0000,6.0000,[109.919975  147.50395     1.2689778],20.0000,4.0000,[303.54578   -90.450424    0.5223714],20.0000,4.0000
708,[298.35944    -51.383907     0.57636386],20.0000,6.0000,[ 287.09106   -114.710014     0.8141228],20.0000,6.0000,[ 99.03209   113.61817     0.8646385],20.0000,6.0000,[110.09202   148.05653     1.2689778],20.0000,4.0000,[304.03403   -90.138504    0.5269499],20.0000,4.0000
709,[299.25626   -50.760742    0.8962599],20.0000,0.0000,[ 287.7415   -113.82292     1.129688],20.0000,6.0000,[ 99.72707   114.46007     1.0864013],20.0000,0.0000,[110.26405   148.60912     1.2689778],20.0000,4.0000,[304.52203   -89.82647     0.5306726],20.0000,4.0000
710,[299.96066    -49.92641      0.63357204],20.0000,0.0000,[ 288.17838   -112.82209      1.4546304],20.0000,6.0000,[100.25258   115.417       0.7954153],20.0000,6.0000,[110.43609   149.16171     1.2689778],20.0000,4.0000,[305.00995   -89.51439     0.5337731],20.0000,4.0000
711,[ 3.0081516e+02 -4.9245838e+01  1.7758636e-01],20.0000,0.0000,[ 288.3541   -111.74364     1.743443],20.0000,6.0000,[100.98771   116.22491     0.8839377],20.0000,6.0000,[110.60812   149.7143      1.2689778],20.0000,4.0000,[305.49777   -89.202324    0.5364046],20.0000,4.0000
712,[301.86133   -48.895805    5.9698577],20.0000,6.0000,[ 288.28033   -110.648476     2.0137396],20.0000,6.0000,[101.66947   117.07747     1.1043775],20.0000,0.0000,[110.78017   150.26689     1.2689778],20.0000,4.0000,[305.9856    -88.890305    0.5386712],20.0000,4.0000
713,[302.97333  -49.005108   6.071978],20.0000,6.0000,[ 287.95944   -109.59255      2.2569902],20.0000,6.0000,[102.18078    118.04213      0.81259686],20.0000,6.0000,[110.9522    150.81947     1.2689778],20.0000,4.0000,[306.4734     -88.578354     0.54064643],20.0000,4.0000
714,[ 3.0406982e+02 -4.9097805e+01  1.2470133e-01],20.0000,0.0000,[ 287.4125   -108.62957     2.467052],20.0000,6.0000,[102.90407    118.86052      0.90046716],20.0000,6.0000,[111.12424   151.37206     1.2689778],20.0000,4.0000,[306.96118    -88.26647      0.54238427],20.0000,4.0000
715,[305.14706   -48.915638    6.1891785],20.0000,6.0000,[ 286.68063   -107.797035     2.6511383],20.0000,6.0000,[103.57356   119.72272     1.1201533],20.0000,6.0000,[111.29627   151.92465     1.2689778],20.0000,4.0000,[307.449      -87.95468      0.54392517],20.0000,4.0000
716,[ 3.0624170e+02 -4.8934303e+01  2.1014556e-02],20.0000,6.0000,[ 285.80743  -107.114944    2.823077],20.0000,6.0000,[104.08755   120.68664     1.3784889],20.0000,6.0000,[111.468315  152.47723     1.2689778],20.0000,4.0000,[307.93686   -87.642975    0.5453006],20.0000,4.0000
717,[ 3.0733209e+02 -4.8867653e+01  2.6230779e-01],20.0000,6.0000,[ 284.82907  -106.59634     2.993391],20.0000,6.0000,[104.39643   121.73855     1.6422163],20.0000,6.0000,[111.64035   153.02982     1.2689778],20.0000,4.0000,[308.4247    -87.33135     0.5465354],20.0000,3.0000
718,[308.39114    -48.602577     0.53159666],20.0000,0.0000,[ 283.77658  -106.2537      3.166325],20.0000,6.0000,[104.46951   122.83812     1.8895758],20.0000,6.0000,[111.812386  153.58241     1.2689778],20.0000,4.0000,[308.91107    -87.01728      0.45589086],20.0000,3.0000
719,[ 3.0936505e+02 -4.8105381e+01  2.5112733e-01],20.0000,6.0000,[ 282.68085   -106.09816      3.3419895],20.0000,6.0000,[104.299355 123.93143    2.107727],20.0000,6.0000,[111.98442   154.135       1.2689778],20.0000,4.0000,[309.41476    -86.729935     0.33163586],20.0000,3.0000
720,[310.42273   -47.83556     0.3328224],20.0000,0.0000,[ 281.57477   -106.136375     3.5191128],20.0000,6.0000,[103.90577  124.967445   2.298401],20.0000,6.0000,[112.156456  154.68759     1.2689778],20.0000,4.0000,[ 3.0994165e+02 -8.6482506e+01  1.9853814e-01],20.0000,3.0000
721,[311.4564   -47.48468    6.279136],20.0000,6.0000,[ 280.49255  -106.36851     3.696583],20.0000,6.0000,[103.32255   125.90972     2.4733422],20.0000,6.0000,[112.3285    155.24017     1.2689778],20.0000,4.0000,[ 3.1049191e+02 -8.6283226e+01  6.8043776e-02],20.0000,4.0000
722,[ 3.125482e+02 -4.742450e+01  7.466654e-02],20.0000,0.0000,[ 279.4682    -106.78778      3.8738673],20.0000,6.0000,[102.581795  126.733025    2.6439922],20.0000,6.0000,[112.500534  155.79276     1.2689778],20.0000,4.0000,[ 3.1106232e+02 -8.6141197e+01  3.7630025e-02],20.0000,3.0000
723,[313.6327    -47.289413    6.0297594],20.0000,6.0000,[ 278.53372   -107.38105      4.0508766],20.0000,6.0000,[101.71051   127.41586     2.8162262],20.0000,6.0000,[112.67257   156.34535     1.2689778],20.0000,4.0000,[311.63702  -86.02246    6.239745],20.0000,3.0000
724,[314.71875   -47.44966     6.1178856],20.0000,6.0000,[ 277.71832   -108.129585     4.2277117],20.0000,6.0000,[100.734665 127.938      2.99119 ],20.0000,6.0000,[112.844604  156.89793     1.2689778],20.0000,4.0000,[312.2197   -85.944626   6.138042],20.0000,3.0000
725,[ 3.1580759e+02 -4.7556305e+01  8.0135703e-02],20.0000,0.0000,[ 277.04736  -109.0099      4.404488],20.0000,6.0000,[ 99.68281   128.28218     3.1679459],20.0000,6.0000,[113.01665   157.45053     1.2689778],20.0000,4.0000,[312.80853  -85.91759    6.031651],20.0000,3.0000
726,[316.8938   -47.445797   6.091314],20.0000,6.0000,[ 276.5417    -109.994514     4.5812726],20.0000,6.0000,[ 98.586815  128.43637     3.3453329],20.0000,6.0000,[113.18868   158.00311     1.2689778],20.0000,4.0000,[313.3988    -85.946014    5.9274797],20.0000,3.0000
727,[317.9798    -47.579372    6.1880403],20.0000,6.0000,[ 276.21704  -111.052704    4.758083],20.0000,6.0000,[ 97.480736  128.39508     3.5226676],20.0000,6.0000,[113.36072   158.5557      1.2689778],20.0000,4.0000,[313.98456  -86.03115    5.827487],20.0000,3.0000
728,[ 3.1907034e+02 -4.7641964e+01  1.3706128e-01],20.0000,0.0000,[ 276.08362  -112.151505    4.934913],20.0000,6.0000,[ 96.39922   128.15948     3.6997478],20.0000,6.0000,[113.53275   159.10829     1.2689778],20.0000,4.0000,[314.56      -86.172134    5.7312346],20.0000,3.0000
729,[320.15173   -47.493496    6.1359224],20.0000,6.0000,[ 276.14557   -113.25664      5.1117516],20.0000,6.0000,[ 95.376114  127.737076    3.8766267],20.0000,6.0000,[113.704796  159.66087     1.2689778],20.0000,4.0000,[315.11966   -86.36701     5.6374745],20.0000,3.0000
730,[321.23978   -47.59787     6.2277904],20.0000,6.0000,[ 276.40094  -114.33364     5.288591],20.0000,6.0000,[ 94.443306  127.14122     4.0534177],20.0000,6.0000,[113.87683   160.21346     1.2689778],20.0000,4.0000,[315.65866   -86.61337     5.5450125],20.0000,4.0000
731,[ 3.2233109e+02 -4.7631992e+01  1.6960986e-01],20.0000,0.0000,[ 276.8418    -115.34892      5.4654274],20.0000,6.0000,[ 93.62985 126.39058   4.2302 ],20.0000,6.0000,[114.04887   160.76605     1.2689778],20.0000,4.0000,[316.1705    -86.91081     5.5447917],20.0000,4.0000
732,[323.40906  -47.459732   6.163852],20.0000,0.0000,[ 277.4544    -116.27081      5.6422625],20.0000,6.0000,[ 92.96111   125.50857     4.4070034],20.0000,6.0000,[114.2209    161.31863     1.2689778],20.0000,4.0000,[316.66812  -87.22387    5.576635],20.0000,3.0000
733,[324.50052   -47.52559     5.7031403],20.0000,6.0000,[ 278.2196   -117.070564    5.819096],20.0000,6.0000,[ 92.45793   124.52269     4.5838284],20.0000,6.0000,[114.392944  161.87123     1.2689778],20.0000,4.0000,[317.16348   -87.53499     5.5197964],20.0000,4.0000
734,[325.50226  -47.988422   5.767057],20.0000,6.0000,[ 279.1136    -117.723236     5.9959292],20.0000,6.0000,[ 92.13602  123.46367    4.760665],20.0000,6.0000,[114.56498   162.42381     1.2689778],20.0000,4.0000,[317.64093  -87.87313    5.514021],20.0000,4.0000
735,[326.50507  -48.432915   6.028458],20.0000,6.0000,[ 280.1084   -118.20847     6.172763],20.0000,6.0000,[ 92.00542   122.36453     4.9375043],20.0000,6.0000,[114.737015  162.9764      1.2689778],20.0000,4.0000,[318.10977  -88.22092    5.527566],20.0000,4.0000
736,[ 3.2756827e+02 -4.8681602e+01  4.1672703e-02],20.0000,6.0000,[ 2.8117310e+02 -1.1851113e+02  6.6411242e-02],20.0000,6.0000,[ 92.07021   121.25956     5.1143413],20.0000,6.0000,[114.90905   163.52899     1.2689778],20.0000,4.0000,[318.57547  -88.5706     5.545524],20.0000,4.0000
737,[ 3.2866083e+02 -4.8682796e+01  3.2263899e-01],20.0000,6.0000,[ 2.8227441e+02 -1.1862177e+02  2.4324514e-01],20.0000,6.0000,[ 92.328384 120.18322    5.291177],20.0000,6.0000,[115.08109   164.08157     1.2689778],20.0000,4.0000,[319.04056   -88.91937     5.5618973],20.0000,4.0000
738,[329.73126   -48.442043    0.5915302],20.0000,0.0000,[ 283.37802    -118.53696       0.42007908],20.0000,0.0000,[ 92.771866  119.16908     5.4680104],20.0000,6.0000,[115.25313   164.63417     1.2689778],20.0000,4.0000,[319.5059    -89.2666      5.5751343],20.0000,4.0000
739,[ 3.3071616e+02 -4.7950668e+01  2.8585976e-01],20.0000,0.0000,[ 2.8444223e+02 -1.1824304e+02  4.6361111e-02],20.0000,6.0000,[ 93.38684  118.24877    5.644844],20.0000,6.0000,[115.42516   165.18675     1.2689778],20.0000,4.0000,[319.97168   -89.612465    5.5854115],20.0000,4.0000
740,[331.77252   -47.673817    6.0600915],20.0000,0.0000,[ 2.8553479e+02 -1.1823907e+02  5.5897634e-02],20.0000,6.0000,[ 94.15411   117.451       5.8216777],20.0000,6.0000,[115.5972    165.73933     1.2689778],20.0000,4.0000,[320.43777  -89.95732    5.593355],20.0000,4.0000
741,[332.8605   -47.811836   5.551584],20.0000,6.0000,[ 2.8662747e+02 -1.1822873e+02  2.3795906e-01],20.0000,0.0000,[ 95.04977   116.80064     5.9985113],20.0000,6.0000,[115.76923   166.29193     1.2689778],20.0000,4.0000,[320.9041    -90.3015      5.5995736],20.0000,4.0000
742,[333.81165   -48.386337    5.6224933],20.0000,6.0000,[ 287.7055   -118.04248     6.210999],20.0000,6.0000,[ 96.04585  116.31798    6.175345],20.0000,6.0000,[115.94128   166.84451     1.2689778],20.0000,4.0000,[321.37057   -90.64525     5.6045384],20.0000,4.0000
743,[334.75452  -48.951942   5.919946],20.0000,6.0000,[ 288.7942    -118.121544     6.2825704],20.0000,6.0000,[9.7111313e+01 1.1601807e+02 6.8993650e-02],20.0000,6.0000,[116.11331   167.3971      1.2689778],20.0000,4.0000,[321.83707   -90.98872     5.6085863],20.0000,4.0000
744,[335.78705   -49.30769     6.2379713],20.0000,0.0000,[ 2.8988571e+02 -1.1814291e+02  2.0952339e-01],20.0000,6.0000,[ 98.21292    115.91026      0.24582757],20.0000,6.0000,[116.28535   167.94969     1.2689778],20.0000,4.0000,[322.30356  -91.33205    5.611952],20.0000,4.0000
745,[336.8762   -49.3851     5.974934],20.0000,0.0000,[ 290.9681     -117.985         0.46306175],20.0000,0.0000,[ 99.316315   115.99793      0.42266148],20.0000,6.0000,[116.45738   168.50227     1.2689778],20.0000,4.0000,[322.77005  -91.675285   5.614797],20.0000,5.0000
746,[337.92953  -49.674744   5.519008],20.0000,6.0000,[ 2.9199234e+02 -1.1759282e+02  1.6825178e-01],20.0000,6.0000,[100.38708    116.278336     0.59949535],20.0000,6.0000,[116.629425  169.05487     1.2689778],20.0000,4.0000,[323.23462  -92.020836   5.708996],20.0000,5.0000
747,[338.8163   -50.327003   5.578843],20.0000,6.0000,[ 2.93073425e+02 -1.17439095e+02  2.30667457e-01],20.0000,6.0000,[101.391815  116.74272     0.7763293],20.0000,6.0000,[116.80146   169.60745     1.2689778],20.0000,4.0000,[323.71713   -92.34046     5.8363504],20.0000,4.0000
748,[339.71112   -50.959705    5.8271675],20.0000,6.0000,[ 294.1466     -117.234474      0.43521836],20.0000,6.0000,[102.29919    117.37662      0.95316315],20.0000,6.0000,[116.973495  170.16003     1.2689778],20.0000,4.0000,[324.22507  -92.61977    5.881842],20.0000,4.0000
749,[340.70102  -51.420227   6.115112],20.0000,6.0000,[ 295.1753    -116.85788      0.6832632],20.0000,6.0000,[103.0809   118.16025    1.129997],20.0000,6.0000,[117.14553   170.71263     1.2689778],20.0000,4.0000,[324.74243   -92.88211     5.8963246],20.0000,5.0000
750,[ 3.41769012e+02 -5.16510277e+01  1.10054284e-01],20.0000,0.0000,[ 296.11023    -116.2774        0.93033576],20.0000,6.0000,[103.71258   119.06917     1.3068309],20.0000,0.0000,[117.31757   171.26521     1.2689778],20.0000,4.0000,[325.26242   -93.139694    5.9898615],20.0000,4.0000
751,[342.86432  -51.624992   6.110398],20.0000,0.0000,[ 296.90186   -115.506004     1.1549042],20.0000,0.0000,[104.157295  120.0797      0.9331129],20.0000,6.0000,[117.48961   171.81781     1.2689778],20.0000,4.0000,[325.79962  -93.362755   6.019792],20.0000,5.0000
752,[343.93863 -51.81838   5.63065],20.0000,6.0000,[ 297.4995   -114.57669     0.801906],20.0000,0.0000,[104.84463   120.928955    0.9426494],20.0000,6.0000,[117.661644  172.37039     1.2689778],20.0000,4.0000,[326.34235   -93.57297     6.1152735],20.0000,4.0000
753,[344.86893  -52.39874    5.681085],20.0000,6.0000,[ 2.9828558e+02 -1.1381840e+02  2.6187354e-01],20.0000,6.0000,[105.527115  121.78234     1.1247108],20.0000,6.0000,[117.83368   172.92297     1.2689778],20.0000,4.0000,[326.90042   -93.74375     6.1416287],20.0000,4.0000
754,[345.8095    -52.957302    5.9067087],20.0000,6.0000,[ 2.9931589e+02 -1.1344618e+02  2.9825917e-01],20.0000,6.0000,[106.0801    122.72784     1.3651172],20.0000,0.0000,[118.00572   173.47557     1.2689778],20.0000,4.0000,[327.46323   -93.89653     6.1393824],20.0000,4.0000
755,[346.8279   -53.350304   6.179088],20.0000,0.0000,[ 300.3395    -113.06125      0.5142219],20.0000,6.0000,[106.41997   123.77199     1.0600244],20.0000,6.0000,[118.17776   174.02815     1.2689778],20.0000,4.0000,[328.02692   -94.04239     6.1271753],20.0000,4.0000
756,[347.90942  -53.503193   5.901164],20.0000,6.0000,[ 301.28644    -112.51824       0.78216654],20.0000,6.0000,[106.98481   124.70672     1.1136538],20.0000,6.0000,[118.34979   174.58073     1.2689778],20.0000,4.0000,[328.59012  -94.18646    6.113365],20.0000,5.0000
757,[348.92947  -53.892284   5.989801],20.0000,6.0000,[ 302.1018    -111.79019      1.0534792],20.0000,6.0000,[107.511505  125.6641      1.3141074],20.0000,0.0000,[118.52183   175.13333     1.2689778],20.0000,4.0000,[329.15207 -94.33369   6.19285],20.0000,4.0000
758,[349.97272   -54.213455    6.2072277],20.0000,0.0000,[ 302.74466   -110.900085     1.3172889],20.0000,6.0000,[107.862885 126.7004     1.009597],20.0000,6.0000,[118.69387   175.68591     1.2689778],20.0000,4.0000,[329.72284  -94.44763    6.216359],20.0000,4.0000
759,[351.05804   -54.33664     5.9134483],20.0000,6.0000,[ 303.1764    -109.884346     1.5574218],20.0000,0.0000,[108.447754  127.62205     1.0813665],20.0000,6.0000,[118.865906  176.23851     1.2689779],20.0000,4.0000,[330.29626  -94.5467     6.216731],20.0000,4.0000
760,[352.08398  -54.7101     5.997824],20.0000,6.0000,[ 303.35974   -108.79515      1.2157274],20.0000,0.0000,[108.9829    128.57375     1.2914335],20.0000,0.0000,[119.03794   176.79109     1.2689779],20.0000,4.0000,[330.8701    -94.63983     6.2086234],20.0000,4.0000
761,[353.13086  -55.01911    6.214118],20.0000,0.0000,[ 303.77603   -107.78534      0.6801852],20.0000,0.0000,[109.33841    129.60735      0.99392736],20.0000,6.0000,[119.20998   177.34367     1.2689779],20.0000,4.0000,[331.44363   -94.7311      6.1985683],20.0000,4.0000
762,[354.21732   -55.130756    5.9201717],20.0000,6.0000,[ 3.0455682e+02 -1.0701494e+02  1.6629532e-01],20.0000,6.0000,[109.92561  130.52754    1.073553],20.0000,6.0000,[119.38201   177.89627     1.2689779],20.0000,4.0000,[332.01675  -94.822205   6.189171],20.0000,4.0000
763,[355.247     -55.49396     6.0052996],20.0000,6.0000,[ 3.05598419e+02 -1.06626366e+02  2.37185150e-01],20.0000,6.0000,[110.45749   131.48083     1.2870121],20.0000,0.0000,[119.554054  178.44885     1.2689779],20.0000,4.0000,[332.58945   -94.913666    6.1811843],20.0000,4.0000
764,[356.29703   -55.792152    6.2222943],20.0000,0.0000,[ 306.62805   -106.24018      0.5369754],20.0000,6.0000,[110.807465   132.5158       0.99166524],20.0000,6.0000,[119.72609   179.00145     1.2689779],20.0000,4.0000,[333.1618    -95.00555     6.1746197],20.0000,4.0000
765,[357.38452   -55.89208     5.9286613],20.0000,6.0000,[ 307.54825    -105.65204       0.85639215],20.0000,6.0000,[111.38981   133.43921     1.0744152],20.0000,6.0000,[119.898125  179.55403     1.2689779],20.0000,4.0000,[333.73392  -95.09776    6.169256],20.0000,4.0000
766,[358.4181   -56.244263   6.014387],20.0000,0.0000,[ 308.2982    -104.85754      1.1443037],20.0000,6.0000,[111.91462   134.39633     1.2896553],20.0000,0.0000,[120.07016   180.10661     1.2689779],20.0000,4.0000,[334.30588  -95.19021    6.164846],20.0000,4.0000
767,[359.47607   -56.513718    5.6813617],20.0000,6.0000,[ 308.85187   -103.91017      1.4151062],20.0000,6.0000,[112.25576    135.43398      0.99525243],20.0000,6.0000,[120.2422    180.65921     1.2689779],20.0000,4.0000,[334.8777   -95.282776   6.161176],20.0000,4.0000
768,[360.4265    -57.057934    5.7628117],20.0000,6.0000,[ 309.17963   -102.8567       1.6599854],20.0000,6.0000,[112.83041   136.3623      1.0795944],20.0000,6.0000,[120.41424   181.21179     1.2689779],20.0000,4.0000,[335.44943   -95.3754      6.1580815],20.0000,4.0000
769,[361.40097  -57.552826   5.994224],20.0000,0.0000,[ 309.2677    -101.752914     1.8718989],20.0000,6.0000,[113.346306  137.32425     1.2959571],20.0000,0.0000,[120.58627   181.76437     1.2689779],20.0000,4.0000,[336.0211   -95.46802    6.155439],20.0000,4.0000
770,[362.4505   -57.853058   5.712804],20.0000,6.0000,[ 309.12833   -100.65322      2.0572078],20.0000,0.0000,[113.677     138.36513     1.0020505],20.0000,6.0000,[120.75831   182.31697     1.2689779],20.0000,4.0000,[336.59268   -95.56061     6.1531563],20.0000,4.0000
771,[363.40552   -58.38591     5.8059964],20.0000,0.0000,[308.7708    -99.6075      1.6790241],20.0000,0.0000,[114.242455  139.29918     1.0873019],20.0000,6.0000,[120.93035   182.86955     1.2689779],20.0000,4.0000,[337.16428   -95.65314     6.1511645],20.0000,4.0000
772,[364.39938  -58.84034    5.483757],20.0000,6.0000,[308.68436   -98.51891     1.1320205],20.0000,0.0000,[114.748344  140.26642     1.3044076],20.0000,0.0000,[121.10239   183.42215     1.2689779],20.0000,4.0000,[337.7358    -95.7456      6.1494117],20.0000,4.0000
773,[365.24265  -59.542896   5.573032],20.0000,6.0000,[309.04135   -97.48067     0.6181304],20.0000,0.0000,[115.06769   141.31075     1.0108283],20.0000,6.0000,[121.27442   183.97473     1.2689779],20.0000,4.0000,[338.30734   -95.837975    6.1478577],20.0000,4.0000
774,[366.1173   -60.199886   5.817776],20.0000,6.0000,[ 3.0979428e+02 -9.6655930e+01  1.4304802e-01],20.0000,6.0000,[115.62303   142.25092     1.0966386],20.0000,6.0000,[121.44646   184.52731     1.2689779],20.0000,4.0000,[338.87888  -95.93026    6.146471],20.0000,4.0000
775,[367.09457   -60.686165    6.0955143],20.0000,6.0000,[ 3.1083563e+02 -9.6229134e+01  3.0676854e-01],20.0000,6.0000,[116.11817   143.22371     1.3142421],20.0000,0.0000,[121.6185    185.07991     1.2689779],20.0000,4.0000,[339.45038   -96.02245     6.1452265],20.0000,4.0000
776,[ 3.6815512e+02 -6.0952171e+01  8.5994735e-02],20.0000,0.0000,[311.83444   -95.76766     0.6995937],20.0000,6.0000,[116.42558   144.27155     1.0209073],20.0000,6.0000,[121.790535  185.63249     1.2689779],20.0000,4.0000,[340.0219   -96.114555   6.144104],20.0000,4.0000
777,[369.2517    -60.96367     6.0817027],20.0000,0.0000,[312.6613    -95.05492     1.0440755],20.0000,6.0000,[116.97019  145.21802    1.107073],20.0000,6.0000,[121.96257   186.18509     1.2689779],20.0000,4.0000,[340.5934   -96.206566   6.143087],20.0000,4.0000
778,[370.31863  -61.194664   5.595939],20.0000,6.0000,[313.2723    -94.147545    1.3347677],20.0000,6.0000,[117.45406   146.19649     1.3250064],20.0000,0.0000,[122.134605  186.73767     1.2689779],20.0000,4.0000,[341.16492   -96.29848     6.1421614],20.0000,4.0000
779,[371.2252   -61.810654   5.644663],20.0000,6.0000,[313.65857   -93.11776     1.5997583],20.0000,0.0000,[117.74912   147.24783     1.0318385],20.0000,6.0000,[122.30665   187.29025     1.2689779],20.0000,4.0000,[341.73645  -96.3903     6.141317],20.0000,4.0000
780,[372.1429   -62.405643   5.86769 ],20.0000,0.0000,[313.78366   -92.022125    1.2814636],20.0000,0.0000,[118.282555  148.20068     1.1182286],20.0000,6.0000,[122.47868   187.84285     1.2689779],20.0000,4.0000,[342.30795   -96.48203     6.1405435],20.0000,4.0000
781,[373.15164   -62.823505    5.5877776],20.0000,6.0000,[314.13196   -90.98692     0.7597806],20.0000,0.0000,[118.754776  149.18481     1.3363758],20.0000,0.0000,[122.65072   188.39543     1.2689779],20.0000,4.0000,[342.8795    -96.57368     6.1398325],20.0000,4.0000
782,[374.04062   -63.46187     5.6826496],20.0000,6.0000,[ 3.1485138e+02 -9.0159370e+01  2.4807514e-01],20.0000,6.0000,[119.03719   150.23962     1.0433187],20.0000,6.0000,[122.822754  188.94801     1.2689779],20.0000,4.0000,[343.45102  -96.66524    6.139178],20.0000,3.0000
783,[374.9663    -64.04203     5.9153275],20.0000,6.0000,[315.85852  -89.69005    0.317807],20.0000,6.0000,[119.55914 151.19882   1.12985],20.0000,6.0000,[122.99479   189.50061     1.2689779],20.0000,4.0000,[344.02298   -96.75377     6.0468144],20.0000,4.0000
784,[375.9791    -64.44942     6.1823373],20.0000,0.0000,[316.85413    -89.22343      0.61459243],20.0000,6.0000,[120.01945   152.1886      1.3481346],20.0000,0.0000,[123.16683   190.05319     1.2689779],20.0000,4.0000,[344.58878   -96.876205    6.0126705],20.0000,4.0000
785,[377.05887   -64.62103     5.9015164],20.0000,6.0000,[317.72598    -88.565765     0.93250906],20.0000,6.0000,[120.28902   153.24673     1.0551496],20.0000,6.0000,[123.33887   190.60579     1.2689779],20.0000,4.0000,[345.15173   -97.011925    6.0003147],20.0000,4.0000
786,[378.0723    -65.026566    5.9840083],20.0000,0.0000,[318.41306   -87.71634     1.2200432],20.0000,6.0000,[120.79926 154.21223   1.14177],20.0000,6.0000,[123.5109    191.15837     1.2689779],20.0000,4.0000,[345.71338   -97.1532      5.9967127],20.0000,4.0000
787,[379.11426   -65.351845    5.6474905],20.0000,6.0000,[318.89313   -86.72967     1.4908147],20.0000,0.0000,[121.24745   155.20755     1.3601421],20.0000,6.0000,[123.68294   191.71095     1.2689779],20.0000,4.0000,[346.2744    -97.29685     5.9966216],20.0000,3.0000
788,[380.0322    -65.94625     5.7264595],20.0000,0.0000,[319.1222    -85.65298     1.1853021],20.0000,0.0000,[121.521454  156.26518     1.6177552],20.0000,6.0000,[123.85498   192.26355     1.2689779],20.0000,4.0000,[346.83597  -97.4387     5.906095],20.0000,4.0000
789,[380.98825   -66.47592     5.3990464],20.0000,6.0000,[319.56314    -84.65391      0.67580587],20.0000,0.0000,[121.575516 157.36049    1.880515],20.0000,6.0000,[124.027016  192.81613     1.2689779],20.0000,4.0000,[347.38873   -97.61474     5.8743215],20.0000,4.0000
790,[381.77182  -67.24502    5.487726],20.0000,6.0000,[ 3.2034866e+02 -8.3888657e+01  1.6708413e-01],20.0000,6.0000,[121.38905   158.4469      2.1262515],20.0000,6.0000,[124.19905   193.36873     1.2689779],20.0000,4.0000,[347.93695  -97.80513    5.866103],20.0000,3.0000
791,[382.58923   -67.97228     5.7339563],20.0000,6.0000,[ 3.2139047e+02 -8.3502335e+01  2.3777835e-01],20.0000,6.0000,[120.9681    159.47034     2.3426569],20.0000,6.0000,[124.371086  193.92131     1.2689779],20.0000,4.0000,[348.48413   -97.99886     5.7756543],20.0000,4.0000
792,[383.52325   -68.53718     6.0129714],20.0000,0.0000,[322.42026    -83.11699      0.53494644],20.0000,6.0000,[120.34426   160.38637     2.5321481],20.0000,6.0000,[124.54313   194.47389     1.2689779],20.0000,4.0000,[349.01883  -98.22819    5.747197],20.0000,4.0000
793,[384.5634   -68.87124    5.736534],20.0000,6.0000,[323.3418    -82.530975    0.8528549],20.0000,6.0000,[119.55853   161.16777     2.7066424],20.0000,6.0000,[124.715164  195.02649     1.2689779],20.0000,4.0000,[349.54678 -98.47265   5.74433],20.0000,4.0000
794,[385.5036   -69.42595    5.824607],20.0000,0.0000,[324.09442   -81.739044    1.1403453],20.0000,6.0000,[118.64742   161.79733     2.8773084],20.0000,6.0000,[124.8872    195.57907     1.2689779],20.0000,4.0000,[350.0714   -98.72298    5.751193],20.0000,3.0000
795,[386.486    -69.90183    5.490872],20.0000,6.0000,[324.65167  -80.79379    1.411066],20.0000,0.0000,[117.64184   162.2601      3.0497022],20.0000,6.0000,[125.059235  196.13165     1.2689779],20.0000,4.0000,[350.5961    -98.97248     5.6688995],20.0000,4.0000
796,[387.30762   -70.62463     5.5710707],20.0000,6.0000,[324.96588   -79.738785    1.1054678],20.0000,0.0000,[116.57166   162.54228     3.2247946],20.0000,6.0000,[125.23128   196.68425     1.2689779],20.0000,4.0000,[351.10562   -99.25422     5.6446223],20.0000,3.0000
797,[388.16394  -71.30306    5.797877],20.0000,0.0000,[325.48514   -78.77808     0.5958884],20.0000,0.0000,[115.468704 162.63364    3.401608],20.0000,6.0000,[125.40331   197.23683     1.2689779],20.0000,4.0000,[351.609     -99.54707     5.5525775],20.0000,4.0000
798,[389.13165   -71.80812     5.5129952],20.0000,6.0000,[ 3.2632925e+02 -7.8078003e+01  8.7145440e-02],20.0000,0.0000,[114.36678   162.52989     3.5790017],20.0000,6.0000,[125.57535   197.78943     1.2689779],20.0000,4.0000,[352.09146   -99.87589     5.5282507],20.0000,4.0000
799,[389.9581    -72.523834    5.6049232],20.0000,6.0000,[327.39706   -77.75834     5.8904643],20.0000,6.0000,[113.30032   162.23363     3.7563229],20.0000,6.0000,[125.74738   198.34201     1.2689779],20.0000,4.0000,[ 352.563    -100.21931     5.531861],20.0000,3.0000
800,[390.82736   -73.18476     5.8312974],20.0000,6.0000,[328.50912   -77.92596     6.0441465],20.0000,6.0000,[112.30275   161.75401     3.9333894],20.0000,6.0000,[125.919426  198.89459     1.2689779],20.0000,4.0000,[ 353.0318    -100.565254     5.4531875],20.0000,4.0000
801,[391.79785  -73.68513    6.093968],20.0000,0.0000,[ 3.2960269e+02 -7.8048782e+01  1.4691669e-01],20.0000,6.0000,[111.40523  161.10622    4.110261],20.0000,0.0000,[126.09146   199.44719     1.2689779],20.0000,4.0000,[ 353.47858   -100.94095      5.4341407],20.0000,4.0000
802,[392.85663  -73.95981    5.810887],20.0000,0.0000,[330.68018    -77.87352      0.49063787],20.0000,6.0000,[110.65041   160.30049     3.7364984],20.0000,6.0000,[126.2635    199.99977     1.2689779],20.0000,4.0000,[ 353.91443   -101.32833      5.4394584],20.0000,4.0000
803,[393.8344   -74.4452     5.339655],20.0000,6.0000,[331.67566   -77.42039     0.7814517],20.0000,0.0000,[109.72022  159.7274     3.745989],20.0000,0.0000,[126.43553   200.55237     1.2689779],20.0000,4.0000,[ 354.34576   -101.719215     5.4526916],20.0000,4.0000
804,[394.5713   -75.2592     5.392647],20.0000,6.0000,[332.53137  -76.733055   0.496714],20.0000,0.0000,[108.80335   159.13419     3.3774776],20.0000,6.0000,[126.607574  201.10495     1.2689779],20.0000,4.0000,[ 354.77576  -102.110275    5.466608],20.0000,3.0000
805,[395.32214   -76.055786    5.6259756],20.0000,0.0000,[ 3.3350052e+02 -7.6230423e+01  7.4390825e-03],20.0000,6.0000,[107.75336  158.83194    3.445582],20.0000,0.0000,[126.77961   201.65753     1.2689779],20.0000,4.0000,[ 355.20786   -102.49842      5.3869057],20.0000,4.0000
806,[396.20648   -76.69653     5.3534894],20.0000,6.0000,[ 3.3459134e+02 -7.6128822e+01  5.4659169e-02],20.0000,6.0000,[106.72458   158.46465     3.1097646],20.0000,0.0000,[126.951645  202.21013     1.2689779],20.0000,4.0000,[ 355.6171   -102.91222     5.363113],20.0000,4.0000
807,[396.9274   -77.52053    5.451387],20.0000,6.0000,[ 3.3567770e+02 -7.6003868e+01  2.7498463e-01],20.0000,6.0000,[105.62953  158.3722     2.643176],20.0000,0.0000,[127.12368   202.76271     1.2689779],20.0000,4.0000,[ 356.01538   -103.33638      5.3624296],20.0000,4.0000
808,[397.69815  -78.29495    5.687014],20.0000,0.0000,[336.727     -75.70306     0.5437048],20.0000,6.0000,[104.561455  158.69313     2.1801188],20.0000,0.0000,[127.295715  203.31529     1.2689779],20.0000,4.0000,[ 356.40894  -103.76419     5.370265],20.0000,3.0000
809,[398.60382   -78.90425     5.4051085],20.0000,0.0000,[337.69254    -75.19034      0.81505173],20.0000,0.0000,[103.702835  159.425       1.7888159],20.0000,0.0000,[127.46776   203.86789     1.2689779],20.0000,4.0000,[ 356.8031    -104.191        5.2883525],20.0000,4.0000
810,[399.36133  -79.6941     4.947232],20.0000,0.0000,[338.51596    -74.46643      0.52769214],20.0000,0.0000,[103.186165  160.42856     1.4672153],20.0000,0.0000,[127.63979   204.42047     1.2689779],20.0000,4.0000,[ 357.17133   -104.64196      5.2641673],20.0000,3.0000
811,[399.8003   -80.71143    4.465263],20.0000,6.0000,[ 3.3946445e+02 -7.3926102e+01  4.3228790e-02],20.0000,0.0000,[103.03069   161.54214     1.1630805],20.0000,0.0000,[127.81183   204.97307     1.2689779],20.0000,4.0000,[ 357.52975   -105.10092      5.1720934],20.0000,4.0000
812,[399.7793    -81.83189     4.5898476],20.0000,0.0000,[340.54987  -73.760735   5.825028],20.0000,0.0000,[103.22538  162.64708    0.844117],20.0000,6.0000,[127.983864  205.52565     1.2689779],20.0000,4.0000,[ 357.85544  -105.58547     5.147698],20.0000,4.0000
813,[399.80267   -82.93456     4.3976507],20.0000,6.0000,[341.63165   -74.03505     5.3519955],20.0000,6.0000,[103.77011   163.62334     1.0615278],20.0000,0.0000,[128.1559    206.07823     1.2689779],20.0000,4.0000,[ 358.1656   -106.07952     5.151228],20.0000,3.0000
814,[399.61713  -84.0221     4.566183],20.0000,6.0000,[342.50137  -74.748535   5.512982],20.0000,6.0000,[104.18806   164.64015     0.8883238],20.0000,6.0000,[128.32794   206.63083     1.2689779],20.0000,4.0000,[ 358.47223   -106.57491      5.0724854],20.0000,4.0000
815,[399.541    -85.11421    4.863141],20.0000,6.0000,[343.3811    -75.409325    5.9026837],20.0000,6.0000,[104.769104  165.57451     1.0470922],20.0000,0.0000,[128.49998   207.18341     1.2689779],20.0000,4.0000,[ 358.74738   -107.08973      5.0533905],20.0000,4.0000
816,[399.70505   -86.19337     5.1589584],20.0000,6.0000,[344.3997    -75.80194     6.2464533],20.0000,6.0000,[105.23681    166.56491      0.77718693],20.0000,6.0000,[128.67201   207.73601     1.2689779],20.0000,4.0000,[ 359.00803  -107.61135     5.058673],20.0000,4.0000
817,[400.11182   -87.20883     5.4370036],20.0000,6.0000,[ 3.454879e+02 -7.591310e+01  2.538848e-01],20.0000,6.0000,[105.92236    167.42453      0.89061904],20.0000,6.0000,[128.84406   208.28859     1.2689779],20.0000,4.0000,[ 359.26315  -108.13455     5.071882],20.0000,3.0000
818,[400.73706  -88.11316    5.698895],20.0000,0.0000,[346.5781     -75.76859      0.51913977],20.0000,6.0000,[106.54778   168.32259     1.1524689],20.0000,0.0000,[129.01608   208.84117     1.2689779],20.0000,4.0000,[ 359.51978   -108.65638      4.9940248],20.0000,4.0000
819,[401.56274  -88.84346    5.381613],20.0000,0.0000,[347.61224    -75.37823      0.75188816],20.0000,0.0000,[106.970406   169.32927      0.88655096],20.0000,6.0000,[129.18813   209.39377     1.2689779],20.0000,4.0000,[ 359.74518 -109.19366    4.97255],20.0000,4.0000
820,[402.211   -89.72245   4.86215],20.0000,0.0000,[348.52795    -74.75934      0.40091985],20.0000,0.0000,[107.60296    170.22194      0.98482597],20.0000,0.0000,[129.36017   209.94635     1.2689779],20.0000,4.0000,[ 359.95633   -109.73635      4.9743276],20.0000,3.0000
821,[402.47784  -90.786095   4.351115],20.0000,6.0000,[349.54834  -74.369644   6.143038],20.0000,0.0000,[108.15887   171.16307     0.6664267],20.0000,6.0000,[129.5322    210.49893     1.2689779],20.0000,4.0000,[ 360.16473   -110.27967      4.8925247],20.0000,4.0000
822,[402.28656   -91.8807      4.4212484],20.0000,0.0000,[350.64447  -74.41377    5.628341],20.0000,0.0000,[108.94415   171.9303      0.7576684],20.0000,6.0000,[129.70424   211.05153     1.2689779],20.0000,4.0000,[ 360.3386   -110.83627     4.870633],20.0000,4.0000
823,[402.11697  -92.96939    4.167897],20.0000,6.0000,[351.6503    -74.896164    5.1492352],20.0000,6.0000,[109.68651   172.73393     1.0044372],20.0000,0.0000,[129.87628   211.60411     1.2689779],20.0000,4.0000,[ 360.49686  -111.39709     4.873429],20.0000,3.0000
824,[401.6968   -93.99104    4.314388],20.0000,6.0000,[352.35907 -75.7699    5.30701],20.0000,6.0000,[110.25313    173.66718      0.73268867],20.0000,6.0000,[130.04831   212.15671     1.2689779],20.0000,4.0000,[ 360.65207  -111.958206    4.792968],20.0000,4.0000
825,[401.3609    -95.03392     4.6103525],20.0000,6.0000,[353.08588  -76.5961     5.696286],20.0000,0.0000,[111.01416   174.4533      0.8294138],20.0000,6.0000,[130.22035   212.70929     1.2689779],20.0000,4.0000,[ 360.77164  -112.52918     4.772224],20.0000,4.0000
826,[401.25818  -96.12067    4.910076],20.0000,6.0000,[354.0127   -77.17366    5.489983],20.0000,6.0000,[111.72121   175.2859      1.0614216],20.0000,0.0000,[130.39238   213.26187     1.2689779],20.0000,4.0000,[ 360.87537  -113.10276     4.776018],20.0000,4.0000
827,[401.4091   -97.203674   5.189659],20.0000,6.0000,[354.8273    -77.903435    5.6060586],20.0000,6.0000,[112.25441    176.23837      0.77694225],20.0000,6.0000,[130.56442   213.81447     1.2689779],20.0000,4.0000,[ 360.97318   -113.676445     4.7880797],20.0000,4.0000
828,[401.7986   -98.23112    5.453921],20.0000,6.0000,[355.6975   -78.56313    5.842685],20.0000,6.0000,[112.99344   177.04364     0.8687503],20.0000,6.0000,[130.73647   214.36705     1.2689779],20.0000,4.0000,[ 361.0696   -114.24954     4.801204],20.0000,3.0000
829,[402.41162   -99.14987     5.6905284],20.0000,6.0000,[356.6727  -79.05439   6.10831],20.0000,6.0000,[113.67843   177.89392     1.0936543],20.0000,0.0000,[130.9085    214.91965     1.2689779],20.0000,4.0000,[ 361.16934  -114.8217      4.721002],20.0000,4.0000
830,[403.2115    -99.91625     5.8949656],20.0000,0.0000,[ 3.5773172e+02 -7.9334091e+01  9.3093015e-02],20.0000,6.0000,[114.190704   178.85788      0.80464536],20.0000,6.0000,[131.08054   215.47223     1.2689779],20.0000,4.0000,[ 361.2351    -115.39991      4.6969156],20.0000,4.0000
831,[ 404.15558   -100.491425     5.5254903],20.0000,0.0000,[ 3.5883197e+02 -7.9376152e+01  3.4585539e-01],20.0000,0.0000,[114.91402    179.6767       0.89444774],20.0000,6.0000,[131.25256   216.02481     1.2689779],20.0000,4.0000,[ 361.28583   -115.97951      4.6960244],20.0000,4.0000
832,[ 404.9243   -101.26721     4.978917],20.0000,0.0000,[ 3.5991309e+02 -7.9156593e+01  1.9117903e-02],20.0000,0.0000,[115.582924  180.53947     1.1165079],20.0000,0.0000,[131.4246    216.57741     1.2689779],20.0000,4.0000,[ 361.33054   -116.55907      4.7037134],20.0000,4.0000
833,[ 405.32236   -102.29002      4.4643574],20.0000,6.0000,[361.0052    -79.17387     5.7764106],20.0000,0.0000,[116.07873  181.51212    0.825704],20.0000,6.0000,[131.59665   217.12999     1.2689779],20.0000,4.0000,[ 361.37338   -117.13821      4.7134614],20.0000,3.0000
834,[ 405.26364   -103.40117      4.5381923],20.0000,6.0000,[362.011    -79.610985   5.264158],20.0000,6.0000,[116.7886     182.34233      0.91436213],20.0000,6.0000,[131.76868   217.68257     1.2689779],20.0000,4.0000,[ 361.41898  -117.71691     4.630889],20.0000,4.0000
835,[ 405.20764   -104.49963      4.8432994],20.0000,6.0000,[362.7611    -80.43103     5.3344636],20.0000,6.0000,[117.4437    183.21556     1.1349648],20.0000,0.0000,[131.94072   218.23517     1.2689779],20.0000,4.0000,[ 361.42984   -118.29848      4.6052547],20.0000,4.0000
836,[ 405.38428  -105.577354    5.165099],20.0000,6.0000,[363.50497  -81.2408     5.632508],20.0000,0.0000,[117.924866   184.19559      0.84327996],20.0000,6.0000,[132.11276   218.78775     1.2689779],20.0000,4.0000,[ 361.42545   -118.88009      4.6031356],20.0000,4.0000
837,[ 405.8196   -106.57942     5.453549],20.0000,6.0000,[364.40524  -81.860275   5.400482],20.0000,6.0000,[118.62242    185.03604      0.93123466],20.0000,6.0000,[132.28479   219.34035     1.2689779],20.0000,4.0000,[ 361.41486   -119.46114      4.6098914],20.0000,3.0000
838,[ 406.4732    -107.46095      5.7243266],20.0000,0.0000,[365.16968  -82.64491    5.512948],20.0000,6.0000,[119.26483   185.91861     1.1510156],20.0000,0.0000,[132.45683   219.89293     1.2689779],20.0000,4.0000,[ 361.40527   -120.04196      4.5272155],20.0000,4.0000
839,[ 407.32278  -108.1611      5.418275],20.0000,0.0000,[365.98825  -83.36877    5.756295],20.0000,0.0000,[119.73229   186.9053      0.8588534],20.0000,6.0000,[132.62886   220.44551     1.2689779],20.0000,4.0000,[ 361.36008   -120.62231      4.5025334],20.0000,4.0000
840,[ 408.00552  -109.01344     4.908131],20.0000,0.0000,[366.934    -83.91381    5.477103],20.0000,0.0000,[120.418144   187.75525      0.94636875],20.0000,6.0000,[132.8009    220.99811     1.2689779],20.0000,4.0000,[ 361.29932  -121.2011      4.501833],20.0000,4.0000
841,[ 408.32132   -110.06362      4.3992305],20.0000,6.0000,[367.74594   -84.64751     5.0199294],20.0000,6.0000,[121.04844   188.64648     1.1656649],20.0000,0.0000,[132.97295   221.55069     1.2689779],20.0000,4.0000,[ 361.2325   -121.77864     4.509965],20.0000,4.0000
842,[ 408.18256  -111.166046    4.469829],20.0000,6.0000,[368.24002  -85.635864   5.088452],20.0000,6.0000,[121.502686   189.63937      0.87322885],20.0000,6.0000,[133.14497   222.10329     1.2689779],20.0000,4.0000,[ 361.16394 -122.35538    4.52016],20.0000,4.0000
843,[ 408.04846   -112.25734      4.7669067],20.0000,6.0000,[368.74612   -86.60959     5.3580456],20.0000,6.0000,[122.17717   190.4983      0.9604685],20.0000,6.0000,[133.31702   222.65587     1.2689779],20.0000,4.0000,[ 361.0953    -122.931625     4.5297093],20.0000,4.0000
844,[ 408.14224  -113.3454      5.084785],20.0000,6.0000,[369.42578  -87.46422    5.658935],20.0000,6.0000,[122.79566   191.39777     1.1794713],20.0000,6.0000,[133.48906   223.20845     1.2689779],20.0000,4.0000,[ 361.02713   -123.507576     4.5378246],20.0000,3.0000
845,[ 408.4967    -114.37882      5.3722706],20.0000,6.0000,[370.28418   -88.14007     5.9412403],20.0000,6.0000,[123.253456  192.3897      1.4374244],20.0000,6.0000,[133.66109   223.76105     1.2689779],20.0000,4.0000,[ 360.9624    -124.08384      4.4527307],20.0000,4.0000
846,[ 409.0774    -115.30985      5.6429944],20.0000,0.0000,[371.2752   -88.61099    6.210488],20.0000,6.0000,[123.501495  193.45775     1.7006632],20.0000,6.0000,[133.83313   224.31363     1.2689779],20.0000,4.0000,[ 360.8632   -124.65631     4.424687],20.0000,4.0000
847,[ 409.86774   -116.076096     5.3374057],20.0000,0.0000,[ 3.7235229e+02 -8.8849297e+01  1.7215362e-01],20.0000,0.0000,[123.51133  194.55986    1.947203],20.0000,6.0000,[134.00516   224.86621     1.2689779],20.0000,4.0000,[ 360.7491    -125.226105     4.4200454],20.0000,4.0000
848,[ 410.47968  -116.98058     4.827837],20.0000,0.0000,[373.45642  -88.827446   6.117314],20.0000,0.0000,[123.27894   195.64174     2.1644676],20.0000,6.0000,[134.1772    225.41881     1.2689779],20.0000,4.0000,[ 360.6289   -125.79432     4.424557],20.0000,4.0000
849,[ 410.7104    -118.0527       4.3190966],20.0000,6.0000,[374.52646  -89.046745   5.583458],20.0000,0.0000,[122.82729   196.65381     2.3545372],20.0000,6.0000,[134.34924   225.97139     1.2689779],20.0000,4.0000,[ 360.50656   -126.36168      4.4318657],20.0000,3.0000
850,[ 410.4839    -119.1405       4.3897834],20.0000,0.0000,[375.43048  -89.66778    5.069734],20.0000,6.0000,[122.19205   197.5618      2.5292475],20.0000,6.0000,[134.52127   226.52399     1.2689779],20.0000,4.0000,[ 360.38663  -126.92941     4.347542],20.0000,4.0000
851,[ 410.27988   -120.22323      4.1363945],20.0000,6.0000,[376.00922  -90.61686    5.140305],20.0000,6.0000,[121.406395 198.34235    2.699904],20.0000,6.0000,[134.69331   227.07657     1.2689779],20.0000,4.0000,[ 360.2323    -127.49         4.3207207],20.0000,4.0000
852,[ 409.8276    -121.23106      4.2827144],20.0000,0.0000,[376.58337  -91.55471    5.439465],20.0000,0.0000,[120.49828   198.97537     2.8722188],20.0000,6.0000,[134.86534   227.62915     1.2689779],20.0000,4.0000,[ 360.06323   -128.04633      4.3176055],20.0000,4.0000
853,[ 409.475     -122.27018      4.0279603],20.0000,6.0000,[377.3481    -92.33534     5.2080355],20.0000,6.0000,[119.49474   199.44206     3.0472481],20.0000,6.0000,[135.03738   228.18175     1.2689779],20.0000,4.0000,[ 359.88824   -128.6004       4.3235693],20.0000,3.0000
854,[ 408.897     -123.20738      4.1544075],20.0000,0.0000,[377.9483    -93.25173     5.3206844],20.0000,6.0000,[118.425255  199.72678     3.2240336],20.0000,6.0000,[135.20943   228.73433     1.2689779],20.0000,4.0000,[ 359.71414   -129.15451      4.2403092],20.0000,4.0000
855,[ 408.40536   -124.18724      3.8772423],20.0000,6.0000,[378.61337  -94.11872    5.564064],20.0000,0.0000,[117.322334  199.8193      3.4014242],20.0000,6.0000,[135.38145   229.28693     1.2689779],20.0000,4.0000,[ 359.50598  -129.69804     4.215232],20.0000,4.0000
856,[ 407.69168   -125.025375     3.9932497],20.0000,0.0000,[379.43753   -94.83448     5.2848577],20.0000,6.0000,[116.220314 199.71608    3.578752],20.0000,6.0000,[135.5535    229.83951     1.2689779],20.0000,4.0000,[ 359.2833    -130.23569      4.2142134],20.0000,4.0000
857,[ 407.04987   -125.91425      3.7111878],20.0000,6.0000,[380.07925   -95.719505    5.3782277],20.0000,6.0000,[115.15371   199.42021     3.7558253],20.0000,6.0000,[135.72554   230.39209     1.2689779],20.0000,4.0000,[ 359.0551   -130.77039     4.222103],20.0000,3.0000
858,[ 406.20853   -126.62449      3.8263216],20.0000,6.0000,[380.77637   -96.55997     5.6046605],20.0000,0.0000,[114.15588   198.94113     3.9327006],20.0000,6.0000,[135.89757   230.94469     1.2689779],20.0000,4.0000,[ 358.82806   -131.30522      4.1403685],20.0000,4.0000
859,[ 405.41754  -127.381645    4.095595],20.0000,0.0000,[381.6198    -97.25294     5.3165236],20.0000,6.0000,[113.257935 198.29393    4.109491],20.0000,0.0000,[136.06961   231.49727     1.2689779],20.0000,3.0000,[ 358.56827  -131.82628     4.116369],20.0000,4.0000
860,[ 404.80804   -128.28758      3.8344417],20.0000,6.0000,[382.27972   -98.12376     5.4067583],20.0000,0.0000,[112.50252   197.48877     3.7357213],20.0000,6.0000,[136.2388    232.05074     1.1772192],20.0000,4.0000,[ 358.2947   -132.34007     4.116241],20.0000,4.0000
861,[ 404.01712   -129.04375      3.9344664],20.0000,0.0000,[383.00723  -98.93839    5.078819],20.0000,6.0000,[111.5719    196.9164      3.7452328],20.0000,0.0000,[136.44086   232.5935      1.1436006],20.0000,4.0000,[ 358.0161   -132.85042     4.124816],20.0000,3.0000
862,[ 403.29303   -129.8627       3.6174839],20.0000,6.0000,[383.4947   -99.9205     5.163765],20.0000,6.0000,[110.65459   196.32385     3.3767333],20.0000,6.0000,[136.65599  233.13145    1.132157],20.0000,3.0000,[ 357.7387   -133.36102     4.043568],20.0000,4.0000
863,[ 402.37714  -130.46825     3.709471],20.0000,6.0000,[ 384.029    -100.874535    5.401831],20.0000,0.0000,[109.60437   196.02238     3.4448428],20.0000,0.0000,[136.87398   233.66847     1.0379658],20.0000,3.0000,[ 357.43015  -133.85484     4.019883],20.0000,4.0000
864,[ 401.4968    -131.11786      3.9569945],20.0000,0.0000,[ 384.73688   -101.705635     5.1248827],20.0000,6.0000,[108.575325 195.65584    3.109029],20.0000,0.0000,[137.12405   234.19289     0.9141718],20.0000,3.0000,[ 357.1086   -134.34007     4.019996],20.0000,4.0000
865,[ 400.7651    -131.92818      3.6856372],20.0000,6.0000,[ 385.24036  -102.676796    5.219735],20.0000,6.0000,[107.48021   195.5642      2.6424427],20.0000,0.0000,[137.41783    234.69716      0.78400564],20.0000,3.0000,[ 356.78244   -134.82144      4.0287476],20.0000,3.0000
866,[ 399.8702    -132.55775      3.7824929],20.0000,6.0000,[ 385.80432   -103.61217      5.4500275],20.0000,0.0000,[106.41237   195.88591     2.1793883],20.0000,0.0000,[137.75941    235.17424      0.65808904],20.0000,3.0000,[ 356.45746 -135.30318    3.94762],20.0000,4.0000
867,[ 399.0197  -133.24318    4.01459],20.0000,0.0000,[ 386.53644   -104.42178      5.1646075],20.0000,0.0000,[105.55428   196.61841     1.7880882],20.0000,0.0000,[138.14859   235.6171      0.5410332],20.0000,3.0000,[ 356.10306   -135.76523      3.9240103],20.0000,4.0000
868,[ 398.31757   -134.07893      3.7301517],20.0000,6.0000,[ 387.0787    -105.37189      4.7055316],20.0000,0.0000,[105.038345  197.62234     1.4664887],20.0000,0.0000,[138.58185    236.01971      0.43348524],20.0000,3.0000,[ 355.7366    -136.21751      3.9241786],20.0000,4.0000
869,[ 397.44083   -134.7316       3.8219728],20.0000,6.0000,[ 387.25705   -106.46469      4.2215023],20.0000,0.0000,[104.88368   198.73605     1.1623534],20.0000,0.0000,[139.05383    236.37782      0.33360425],20.0000,3.0000,[ 355.3659  -136.6655     3.93297],20.0000,3.0000
870,[ 396.60876   -135.43858      4.0468903],20.0000,6.0000,[ 386.98038   -107.55451      3.7919712],20.0000,0.0000,[105.07917   199.84084     0.8433893],20.0000,0.0000,[139.55864    236.68863      0.23865537],20.0000,3.0000,[ 354.99637   -137.11397      3.8518689],20.0000,4.0000
871,[ 395.91104  -136.27856     4.308441],20.0000,6.0000,[ 386.2888    -108.448235     3.4463782],20.0000,6.0000,[105.61129    200.82855      0.51024806],20.0000,6.0000,[1.4009062e+02 2.3695023e+02 1.4621092e-01],20.0000,3.0000,[ 354.59946   -137.54004      3.8282757],20.0000,4.0000
872,[ 395.3977    -137.24625      4.5751047],20.0000,6.0000,[ 385.32547   -109.02356      3.6931055],20.0000,0.0000,[106.44411   201.57553     0.7243006],20.0000,0.0000,[1.4064456e+02 2.3716112e+02 5.4655358e-02],20.0000,3.0000,[ 354.19144  -137.95523     3.828456],20.0000,4.0000
873,[ 395.10547   -138.30779      4.8273444],20.0000,6.0000,[ 384.46417   -109.70672      3.5468845],20.0000,6.0000,[107.17342   202.39853     0.5535155],20.0000,0.0000,[141.21548  237.31995    6.246341],20.0000,3.0000,[ 353.77963   -138.36574      3.8372557],20.0000,4.0000
874,[ 395.05417   -139.41252      5.0509887],20.0000,0.0000,[ 383.51315   -110.25855      3.7139237],20.0000,0.0000,[1.0801933e+02 2.0310609e+02 1.6367517e-01],20.0000,6.0000,[141.79852   237.42558     6.1545973],20.0000,3.0000,[ 353.367    -138.77457     3.847919],20.0000,4.0000
875,[ 395.2533  -140.49965    4.69503],20.0000,0.0000,[ 382.64117   -110.920555     3.4432857],20.0000,6.0000,[109.06222    203.49031      0.28239918],20.0000,0.0000,[142.38876  237.47717    6.062584],20.0000,3.0000,[ 352.95474  -139.18303     3.857779],20.0000,4.0000
876,[ 395.19635   -141.59038      4.1528587],20.0000,0.0000,[ 381.63684   -111.3667       3.5543826],20.0000,0.0000,[1.1007158e+02 2.0392871e+02 4.7727711e-02],20.0000,6.0000,[142.98122   237.47423     5.9703774],20.0000,4.0000,[ 352.54306   -139.59158      3.8660963],20.0000,4.0000
877,[ 394.71103   -142.57439      3.6383224],20.0000,6.0000,[ 380.67465   -111.890625     3.2625237],20.0000,6.0000,[1.1115432e+02 2.0413930e+02 1.9340876e-01],20.0000,6.0000,[143.56998  237.4139     5.969824],20.0000,4.0000,[ 352.13196   -140.00034      3.8728924],20.0000,4.0000
878,[ 393.853     -143.28201      3.7104843],20.0000,0.0000,[ 379.608     -112.16155      3.3717084],20.0000,6.0000,[112.20857    204.43564      0.48182026],20.0000,0.0000,[144.15231  237.33354    6.001231],20.0000,4.0000,[ 351.72128  -140.40923     3.878418],20.0000,4.0000
879,[ 393.01532   -143.99823      3.4622028],20.0000,6.0000,[ 378.56458   -112.4932       3.6365628],20.0000,0.0000,[113.16498    204.96225      0.22650544],20.0000,6.0000,[144.73097  237.25108    6.035832],20.0000,4.0000,[ 351.3109    -140.81822      3.8829446],20.0000,4.0000
880,[ 392.03296   -144.50346      3.6113162],20.0000,0.0000,[ 377.61682   -113.03539      3.3737235],20.0000,6.0000,[114.21245    205.2777       0.32768497],20.0000,0.0000,[145.308     237.17236     6.0636997],20.0000,4.0000,[ 350.9007  -141.22723    3.8867 ],20.0000,4.0000
881,[ 391.11023   -145.09726      3.3576787],20.0000,6.0000,[ 376.5723    -113.361565     3.4733138],20.0000,6.0000,[1.1522818e+02 2.0568118e+02 9.7052939e-03],20.0000,6.0000,[145.88437   237.09789     6.0839186],20.0000,4.0000,[ 350.49063  -141.63626     3.889859],20.0000,4.0000
882,[ 390.07495   -145.47203      3.4842024],20.0000,6.0000,[ 375.5538    -113.75638      3.7068942],20.0000,0.0000,[1.16318565e+02 2.05807449e+02 1.00524507e-01],20.0000,6.0000,[146.4604    237.02661     6.0982094],20.0000,4.0000,[ 350.08063   -142.04524      3.8925514],20.0000,4.0000
883,[ 389.0749    -145.91737      3.7572534],20.0000,0.0000,[ 374.63165 -114.34046    3.42302],20.0000,6.0000,[117.39735   205.98897     0.3462245],20.0000,0.0000,[147.03625  236.95743    6.108431],20.0000,4.0000,[ 349.67062   -142.45418      3.8948739],20.0000,4.0000
884,[ 388.19748   -146.56714      3.4961092],20.0000,6.0000,[ 373.59866   -114.69762      3.5149992],20.0000,6.0000,[1.1841671e+02 2.0637993e+02 7.3766038e-02],20.0000,6.0000,[147.61195  236.88953    6.115965],20.0000,4.0000,[ 349.26062   -142.86304      3.8968976],20.0000,4.0000
885,[ 387.19943   -147.0153       3.5957642],20.0000,6.0000,[ 372.59186   -115.12018      3.7399988],20.0000,0.0000,[1.1949978e+02 2.0653500e+02 1.7022268e-01],20.0000,6.0000,[148.18756 236.82237   6.12172],20.0000,4.0000,[ 348.85062   -143.27184      3.8986766],20.0000,4.0000
886,[ 386.23563   -147.52919      3.8283238],20.0000,0.0000,[ 371.68304   -115.7249       3.4510293],20.0000,6.0000,[120.56871    206.75978      0.40197316],20.0000,0.0000,[148.76306   236.75563     6.1262693],20.0000,4.0000,[ 348.44055   -143.68054      3.9002528],20.0000,4.0000
887,[ 385.38974   -148.21909      3.5436416],20.0000,6.0000,[ 370.65753  -116.10167     3.540847],20.0000,6.0000,[1.21573769e+02 2.07185623e+02 1.17350474e-01],20.0000,6.0000,[149.33849  236.68912    6.129973],20.0000,4.0000,[ 348.03046  -144.08919     3.901658],20.0000,4.0000
888,[ 384.40652  -148.69635     3.635299],20.0000,6.0000,[ 369.659    -116.54297     3.762921],20.0000,0.0000,[122.65127    207.36891      0.20910856],20.0000,6.0000,[149.91385   236.62271     6.1330605],20.0000,4.0000,[ 347.62033   -144.49774      3.9029186],20.0000,4.0000
889,[ 383.45706   -149.23544      3.8597658],20.0000,6.0000,[ 368.76056   -117.1632       3.4721248],20.0000,6.0000,[123.71366    207.62088      0.43394673],20.0000,0.0000,[150.48914   236.55634     6.1356816],20.0000,4.0000,[ 347.21014   -144.90622      3.9040549],20.0000,4.0000
890,[ 382.61453  -149.93011     4.120999],20.0000,6.0000,[ 367.74146   -117.556404     3.5607882],20.0000,6.0000,[1.2470930e+02 2.0806848e+02 1.4489661e-01],20.0000,6.0000,[151.06438  236.48994    6.137941],20.0000,5.0000,[ 346.7999   -145.31462     3.905084],20.0000,4.0000
891,[ 381.9291  -150.78467    4.38742],20.0000,6.0000,[ 366.75012   -118.013466     3.7813966],20.0000,0.0000,[125.78271    208.27203      0.23467629],20.0000,6.0000,[151.63913   236.42056     6.2316685],20.0000,4.0000,[ 346.3896    -145.72295      3.9060194],20.0000,4.0000
892,[ 381.44333 -151.77284    4.63925],20.0000,6.0000,[ 365.86105   -118.64717      3.4897153],20.0000,6.0000,[126.84008   208.54367     0.4567064],20.0000,0.0000,[152.21684   236.38553     6.2669053],20.0000,4.0000,[ 345.97925   -146.13121      3.9068732],20.0000,4.0000
893,[ 381.18604  -152.84846     4.862415],20.0000,6.0000,[ 364.84793  -119.05523     3.577673],20.0000,6.0000,[1.2782804e+02 2.0900818e+02 1.6588409e-01],20.0000,6.0000,[152.79532   236.36406     6.2801447],20.0000,4.0000,[ 345.56882  -146.53938     3.907655],20.0000,4.0000
894,[ 381.16013  -153.95634     5.056653],20.0000,6.0000,[ 363.8633    -119.52655      3.7974572],20.0000,0.0000,[128.89783    209.22896      0.25452873],20.0000,6.0000,[1.5337402e+02 2.3634814e+02 1.5238718e-03],20.0000,5.0000,[ 345.15836   -146.9475       3.9083729],20.0000,4.0000
895,[ 381.34808   -155.04854      5.2330475],20.0000,0.0000,[ 362.98315  -120.17264     3.505297],20.0000,6.0000,[129.95071    209.51726      0.47511506],20.0000,0.0000,[1.5395279e+02 2.3633163e+02 9.4361305e-02],20.0000,4.0000,[ 344.74783   -147.35555      3.9090338],20.0000,4.0000
896,[ 381.7436    -156.08003      4.8531857],20.0000,0.0000,[ 361.97583  -120.59461     3.592814],20.0000,0.0000,[1.3093166e+02 2.0999658e+02 1.8342061e-01],20.0000,6.0000,[1.5453232e+02 2.3635083e+02 1.2745580e-01],20.0000,4.0000,[ 344.33725   -147.76353      3.9096441],20.0000,4.0000
897,[ 381.86743   -157.16495      4.3077426],20.0000,0.0000,[ 361.00552   -121.09537      3.2615604],20.0000,6.0000,[131.99797   210.23296     0.2713669],20.0000,6.0000,[1.5511140e+02 2.3638509e+02 1.3688987e-01],20.0000,4.0000,[ 343.92664  -148.17145     3.910209],20.0000,4.0000
898,[ 381.54727   -158.21527      3.7944472],20.0000,0.0000,[ 359.93317   -121.320175     3.3441825],20.0000,6.0000,[133.04655    210.53642      0.49113843],20.0000,0.0000,[1.5569000e+02 2.3642581e+02 1.3669433e-01],20.0000,4.0000,[ 343.51596   -148.57932      3.9107327],20.0000,4.0000
899,[ 380.82388   -159.06624      3.3200698],20.0000,6.0000,[ 358.8758    -121.597534     3.5780392],20.0000,0.0000,[1.3402077e+02 2.1102939e+02 1.9897072e-01],20.0000,6.0000,[1.5626823e+02 2.3646918e+02 1.3295379e-01],20.0000,4.0000,[ 343.10522   -148.98712      3.9112196],20.0000,4.0000
900,[ 379.7983    -159.52977      3.4845812],20.0000,0.0000,[ 357.89243   -122.07152      3.2983067],20.0000,6.0000,[135.08366    211.28043      0.28648078],20.0000,6.0000,[1.5684621e+02 2.3651353e+02 1.2827794e-01],20.0000,5.0000,[ 342.69446   -149.39487      3.9116728],20.0000,4.0000
901,[ 378.8228    -160.04376      3.3272493],20.0000,6.0000,[ 356.82504   -122.31022      3.3921251],20.0000,6.0000,[136.128      211.59816      0.50577134],20.0000,6.0000,[1.5742438e+02 2.3655522e+02 2.1547638e-01],20.0000,4.0000,[ 342.28363   -149.80257      3.9120955],20.0000,4.0000
902,[ 377.7779    -160.39372      3.5051525],20.0000,6.0000,[ 355.7766    -122.61617      3.6212387],20.0000,0.0000,[137.1042    212.0885      0.7638839],20.0000,6.0000,[158.00005    236.63185      0.24482374],20.0000,4.0000,[ 341.87274   -150.21022      3.9124904],20.0000,4.0000
903,[ 376.78473   -160.85292      3.7993948],20.0000,0.0000,[ 354.80634   -123.11621      3.3351138],20.0000,6.0000,[137.96379   212.76912     1.0273322],20.0000,6.0000,[158.57367    236.72357      0.25055957],20.0000,4.0000,[ 341.46185 -150.61781    3.91286],20.0000,4.0000
904,[ 375.92865   -161.53026      3.5412166],20.0000,6.0000,[ 353.74545   -123.378685     3.4263184],20.0000,6.0000,[138.65834   213.6248      1.2742233],20.0000,6.0000,[159.146      236.82156      0.24694692],20.0000,4.0000,[ 341.05087  -151.02536     3.913206],20.0000,4.0000
905,[ 374.9475   -162.01271     3.640599],20.0000,6.0000,[ 352.70462   -123.70841      3.6504111],20.0000,0.0000,[139.15077   214.6157      1.4918667],20.0000,6.0000,[159.71758    236.92186      0.24033248],20.0000,4.0000,[ 340.6399   -151.43286     3.913531],20.0000,4.0000
906,[ 374.0034   -162.56142     3.869848],20.0000,6.0000,[ 351.7445    -124.22794      3.3608935],20.0000,6.0000,[139.42801   215.68874     1.6821936],20.0000,6.0000,[1.6028873e+02 2.3702275e+02 2.3340529e-01],20.0000,4.0000,[ 340.22885   -151.84033      3.9138362],20.0000,4.0000
907,[ 373.17026  -163.2672      4.133213],20.0000,6.0000,[ 350.68893   -124.50949      3.4504056],20.0000,6.0000,[139.49658   216.79477     1.8570017],20.0000,6.0000,[1.6085962e+02 2.3712360e+02 2.2714299e-01],20.0000,4.0000,[ 339.81778   -152.24776      3.9141233],20.0000,4.0000
908,[ 372.49756  -164.13153     4.400689],20.0000,6.0000,[ 349.65427   -124.85771      3.6720848],20.0000,0.0000,[139.36798   217.89476     2.0276546],20.0000,6.0000,[1.6143036e+02 2.3722426e+02 2.2177815e-01],20.0000,4.0000,[ 339.40665   -152.65514      3.9143937],20.0000,4.0000
909,[ 372.02664  -165.12662     4.653793],20.0000,6.0000,[ 348.7028    -125.39305      3.3810477],20.0000,6.0000,[139.0517   218.9556     2.199935],20.0000,6.0000,[1.6200099e+02 2.3732471e+02 2.1726146e-01],20.0000,4.0000,[ 338.9955    -153.06247      3.9146485],20.0000,4.0000
910,[ 371.7859    -166.20592      4.8783236],20.0000,6.0000,[ 347.65198   -125.69113      3.4695313],20.0000,6.0000,[138.55717   219.94571     2.3749363],20.0000,6.0000,[1.6257153e+02 2.3742502e+02 2.1346231e-01],20.0000,4.0000,[ 338.58432  -153.46977     3.914889],20.0000,4.0000
911,[ 371.77777  -167.31403     5.073537],20.0000,6.0000,[ 346.62286   -126.05531      3.6899247],20.0000,0.0000,[137.89774   220.83453     2.5517092],20.0000,6.0000,[1.6314200e+02 2.3752525e+02 2.1024592e-01],20.0000,4.0000,[ 338.1731    -153.87704      3.9151163],20.0000,4.0000
912,[ 371.984     -168.40295      5.2503376],20.0000,0.0000,[ 345.67935   -126.60465      3.3981168],20.0000,6.0000,[137.09247   221.59383     2.7290983],20.0000,6.0000,[1.6371239e+02 2.3762546e+02 2.0749749e-01],20.0000,4.0000,[ 337.76184   -154.28429      3.9153311],20.0000,4.0000
913,[ 372.39713  -169.42754     4.870494],20.0000,0.0000,[ 344.63303   -126.91785      3.4859629],20.0000,6.0000,[136.16597   222.19942     2.9064293],20.0000,6.0000,[1.6428273e+02 2.3772568e+02 2.0512567e-01],20.0000,4.0000,[ 337.3506    -154.69148      3.9155345],20.0000,4.0000
914,[ 372.53964  -170.51016     4.324937],20.0000,0.0000,[ 343.60922  -127.29663     3.705622],20.0000,0.0000,[135.14723   222.63222     3.0835054],20.0000,6.0000,[1.6485301e+02 2.3782593e+02 2.0305964e-01],20.0000,4.0000,[ 336.93927  -155.09865     3.915727],20.0000,4.0000
915,[ 372.23755   -171.56583      3.8116078],20.0000,0.0000,[ 342.67334   -127.85897      3.4133904],20.0000,6.0000,[134.06818   222.87885     3.2603824],20.0000,6.0000,[1.6542325e+02 2.3792624e+02 2.0124468e-01],20.0000,3.0000,[ 336.52792   -155.5058       3.9159095],20.0000,4.0000
916,[ 371.52884   -172.42905      3.3371997],20.0000,6.0000,[ 341.63144   -128.18642      3.5008376],20.0000,6.0000,[132.96255   222.93175     3.4371727],20.0000,6.0000,[1.6599284e+02 2.3802953e+02 1.0787964e-01],20.0000,3.0000,[ 336.11655   -155.9129       3.9160826],20.0000,4.0000
917,[ 370.51138   -172.91008      3.5016806],20.0000,0.0000,[ 340.61288   -128.57901      3.7200606],20.0000,6.0000,[131.8649   222.78932    3.613955],20.0000,6.0000,[166.56715  238.1017     6.264351],20.0000,3.0000,[ 335.70517  -156.31999     3.916247],20.0000,4.0000
918,[ 369.5448   -173.44069     3.344335],20.0000,6.0000,[ 339.67477   -129.13881      3.9781353],20.0000,0.0000,[130.80939   222.45609     3.7907593],20.0000,6.0000,[167.14653 238.12949   6.12751],20.0000,4.0000,[ 335.29376  -156.72704     3.916403],20.0000,4.0000
919,[ 368.506     -173.80846      3.5222375],20.0000,0.0000,[ 338.87997  -129.89186     3.690983],20.0000,6.0000,[129.82895   221.94237     3.9675846],20.0000,6.0000,[167.72826  238.10333    6.082461],20.0000,3.0000,[ 334.8823    -157.13406      3.9165514],20.0000,4.0000
920,[ 367.52744   -174.3011       3.2659323],20.0000,6.0000,[ 337.94083   -130.44838      3.7641459],20.0000,6.0000,[128.95416  221.2642     4.144421],20.0000,6.0000,[168.30931   238.05637     5.9829426],20.0000,4.0000,[ 334.47083   -157.54108      3.9166925],20.0000,4.0000
921,[ 366.46063   -174.5669       3.3842833],20.0000,6.0000,[ 337.0332    -131.05583      3.9740193],20.0000,0.0000,[128.21231 220.44273   4.32126],20.0000,6.0000,[168.88663  237.9642     5.957427],20.0000,3.0000,[ 334.05936   -157.94806      3.9168267],20.0000,4.0000
922,[ 365.4196    -174.90402      3.6475177],20.0000,0.0000,[ 336.24933   -131.81837      3.6749368],20.0000,6.0000,[127.62654   219.50357     4.4980974],20.0000,6.0000,[169.46075   237.85541     5.8706584],20.0000,4.0000,[ 333.64783   -158.35501      3.9169545],20.0000,4.0000
923,[ 364.47507   -175.4516       3.3814647],20.0000,6.0000,[ 335.3105    -132.37517      3.7513974],20.0000,6.0000,[127.215126  218.476       4.6749325],20.0000,6.0000,[170.0265    237.7046      5.8528595],20.0000,4.0000,[ 333.2363    -158.76195      3.9170763],20.0000,4.0000
924,[ 363.43204  -175.78156     3.479537],20.0000,6.0000,[ 334.4046    -132.98448      3.9633465],20.0000,0.0000,[126.99089   217.39209     4.8517666],20.0000,6.0000,[170.5862    237.53662     5.8628263],20.0000,4.0000,[ 332.82474   -159.16885      3.9171925],20.0000,4.0000
925,[ 362.41495  -176.17969     3.711196],20.0000,6.0000,[ 333.62326   -133.74846      3.6669965],20.0000,6.0000,[126.96082   216.28563     5.0285997],20.0000,6.0000,[171.1428    237.3636      5.8808527],20.0000,4.0000,[ 332.41318  -159.57576     3.917303],20.0000,4.0000
926,[ 361.48447   -176.75075      3.9767034],20.0000,6.0000,[ 332.6856    -134.3075       3.7481234],20.0000,6.0000,[127.12587   215.19113     5.2054334],20.0000,6.0000,[171.69815 237.19058   5.89846],20.0000,3.0000,[ 332.0016   -159.98262     3.917409],20.0000,4.0000
927,[ 360.68954   -177.50352      4.2455583],20.0000,6.0000,[ 331.78326  -134.92178     3.962378],20.0000,0.0000,[127.48088  214.14275    5.382267],20.0000,6.0000,[172.25421  237.02184    5.821258],20.0000,4.0000,[ 331.58997   -160.38948      3.9175096],20.0000,4.0000
928,[ 360.07422   -178.41576      4.5010686],20.0000,6.0000,[ 331.00745   -135.69084      3.6674728],20.0000,6.0000,[128.01477  213.17314    5.559101],20.0000,6.0000,[172.80052  236.8206     5.799014],20.0000,4.0000,[ 331.17834   -160.79631      3.9176059],20.0000,4.0000
929,[ 359.6741   -179.4463      4.728545],20.0000,6.0000,[ 330.07352   -136.25629      3.7509425],20.0000,6.0000,[128.7109    212.31259     5.7359347],20.0000,6.0000,[173.34135  236.60558    5.799469],20.0000,4.0000,[ 330.7667   -161.20312     3.917698],20.0000,4.0000
930,[ 359.50125   -180.5408       4.9260345],20.0000,6.0000,[ 329.1763    -136.87798      3.9666657],20.0000,0.0000,[129.54758  211.58792    5.912769],20.0000,6.0000,[173.87946   236.38544     5.8081203],20.0000,4.0000,[ 330.355    -161.60992     3.917786],20.0000,5.0000
931,[ 359.54495   -181.64827      5.1038775],20.0000,6.0000,[ 328.40768  -137.65398     3.672486],20.0000,6.0000,[130.49867  211.02173    6.089603],20.0000,6.0000,[174.41638  236.164      5.818517],20.0000,4.0000,[ 329.94125  -162.01459     4.009629],20.0000,4.0000
932,[ 359.7873   -182.72913     5.274708],20.0000,0.0000,[ 327.47888   -138.2279       3.7572298],20.0000,6.0000,[131.53453   210.63168     6.2664366],20.0000,6.0000,[174.95285  235.94272    5.828124],20.0000,4.0000,[ 329.55212  -162.44345     4.043335],20.0000,4.0000
933,[ 360.228     -183.74162      4.8955927],20.0000,0.0000,[ 326.58777   -138.85832      3.9739096],20.0000,0.0000,[1.3262286e+02 2.1042993e+02 1.6008525e-01],20.0000,0.0000,[175.48917   235.72202     5.8362374],20.0000,4.0000,[ 329.1732   -162.88164     4.054991],20.0000,5.0000
934,[ 360.3992  -184.82004    4.35243],20.0000,0.0000,[ 325.82736   -139.64218      3.6801305],20.0000,6.0000,[133.72687   210.4404      6.0695524],20.0000,6.0000,[176.02544   235.50186     5.8428802],20.0000,4.0000,[ 328.7964   -163.32188     4.149462],20.0000,5.0000
935,[ 360.1269    -185.88385      3.8397262],20.0000,0.0000,[ 324.90445  -140.22571     3.765623],20.0000,6.0000,[134.7837   210.16338    6.079089],20.0000,6.0000,[176.56169   235.28214     5.8482933],20.0000,4.0000,[ 328.44547   -163.78479      4.2735515],20.0000,4.0000
936,[ 359.44296   -186.7669       3.3657522],20.0000,6.0000,[ 324.02014   -140.8656       3.9829416],20.0000,6.0000,[135.84233   209.89247     6.2611504],20.0000,6.0000,[177.0979    235.0627      5.8527374],20.0000,4.0000,[ 328.13513   -164.27846      4.3123255],20.0000,4.0000
937,[ 358.43964   -187.2768       3.5305955],20.0000,6.0000,[ 323.2552    -141.6459       4.2400174],20.0000,6.0000,[136.93161    209.77748      0.21837154],20.0000,0.0000,[177.63406   234.84344     5.8564305],20.0000,4.0000,[ 327.84418  -164.7838      4.315878],20.0000,4.0000
938,[ 357.48203   -187.81854      3.9239388],20.0000,0.0000,[ 322.6621   -142.56866     4.501909],20.0000,6.0000,[138.02312  209.89734    6.196464],20.0000,6.0000,[178.17018  234.62428    5.859542],20.0000,4.0000,[ 327.5615    -165.29286      4.3061314],20.0000,4.0000
939,[ 356.7293    -188.60965      3.7178504],20.0000,6.0000,[ 322.28207  -143.60365     4.746191],20.0000,6.0000,[139.10747   209.76714     6.2500935],20.0000,6.0000,[178.70624  234.40517    5.862198],20.0000,5.0000,[ 327.28152  -165.80246     4.293125],20.0000,5.0000
940,[ 355.8504    -189.26042      3.8337204],20.0000,6.0000,[ 322.13626   -144.70076      4.9610643],20.0000,6.0000,[1.4019678e+02 2.0968100e+02 1.6736180e-01],20.0000,0.0000,[179.24103  234.18333    5.956249],20.0000,5.0000,[ 326.99924  -166.31027     4.372695],20.0000,4.0000
941,[ 355.029     -189.9799       4.0697784],20.0000,6.0000,[ 322.21887   -145.80598      5.1495423],20.0000,6.0000,[141.28586   209.78714     6.1460366],20.0000,6.0000,[179.78693  233.991      6.083494],20.0000,4.0000,[ 326.74713  -166.835       4.396022],20.0000,4.0000
942,[ 354.35114  -190.83598     4.335027],20.0000,6.0000,[ 322.50815  -146.87566     5.323668],20.0000,6.0000,[142.36653   209.63329     6.2178063],20.0000,6.0000,[180.34764   233.84393     6.1289225],20.0000,4.0000,[ 326.50888   -167.36597      4.3961024],20.0000,4.0000
943,[ 353.86334   -191.8168       4.6027493],20.0000,6.0000,[ 322.9816    -147.87677      5.4943604],20.0000,6.0000,[1.4345412e+02 2.0953711e+02 1.4468773e-01],20.0000,0.0000,[180.9134    233.71565     6.1433077],20.0000,4.0000,[ 326.27628   -167.8988       4.3877096],20.0000,4.0000
944,[ 353.6      -192.88597     4.855119],20.0000,6.0000,[ 323.62027   -148.78088      5.6668963],20.0000,6.0000,[144.54245  209.63838    6.130367],20.0000,6.0000,[181.48096   233.5956      6.1449723],20.0000,4.0000,[ 326.04553   -168.4318       4.3774247],20.0000,4.0000
945,[ 353.579    -193.99174     5.078478],20.0000,6.0000,[ 324.4054  -149.56094    5.8421 ],20.0000,6.0000,[145.62276  209.48181    6.209993],20.0000,6.0000,[182.04906   233.479       6.1417594],20.0000,4.0000,[ 325.815     -168.96436      4.3678603],20.0000,4.0000
946,[ 353.79114   -195.07944      5.2727175],20.0000,0.0000,[ 325.31445   -150.19218      6.0189614],20.0000,6.0000,[1.4671045e+02 2.0938927e+02 1.4026640e-01],20.0000,0.0000,[182.61723  233.36377    6.137069],20.0000,5.0000,[ 325.58423  -169.49643     4.359758],20.0000,4.0000
947,[ 354.22397   -196.0965       4.8984942],20.0000,0.0000,[ 326.3203    -150.65396      6.1963596],20.0000,6.0000,[147.79774   209.49614     6.1281047],20.0000,6.0000,[183.18489   233.24606     6.2240653],20.0000,4.0000,[ 325.35312  -170.02808     4.353113],20.0000,4.0000
948,[ 354.39316   -197.17538      4.3515983],20.0000,0.0000,[ 3.2739185e+02 -1.5093130e+02  9.0483278e-02],20.0000,6.0000,[148.87898  209.3453     6.210855],20.0000,6.0000,[183.75972   233.16272     6.2531657],20.0000,4.0000,[ 325.1217   -170.55939     4.347695],20.0000,4.0000
949,[ 354.1167    -198.23775      3.8373842],20.0000,0.0000,[ 3.2849554e+02 -1.5101547e+02  2.6753783e-01],20.0000,6.0000,[1.4996727e+02 2.0926080e+02 1.4290962e-01],20.0000,6.0000,[184.33669  233.09447    6.258598],20.0000,4.0000,[ 324.89014  -171.09047     4.343245],20.0000,4.0000
950,[ 353.4294    -199.11766      3.3615327],20.0000,6.0000,[ 329.59677    -150.90395       0.44440338],20.0000,6.0000,[151.05591    209.35916      0.39905864],20.0000,0.0000,[184.9141   233.03264    6.254691],20.0000,5.0000,[ 324.65848   -171.62138      4.3395467],20.0000,4.0000
951,[ 352.4239    -199.62297      3.5242267],20.0000,0.0000,[ 330.66122   -150.60037      0.6211912],20.0000,6.0000,[1.5209920e+02 2.0969435e+02 1.0843996e-01],20.0000,6.0000,[1.8549129e+02 2.3297021e+02 5.6403331e-02],20.0000,4.0000,[ 324.42676   -172.1522       4.3364305],20.0000,4.0000
952,[ 351.4696    -200.17554      3.3659272],20.0000,6.0000,[ 331.65564   -150.1143       0.7979751],20.0000,6.0000,[1.5318686e+02 2.0978941e+02 1.7633322e-01],20.0000,6.0000,[1.8607248e+02 2.3294342e+02 8.2660012e-02],20.0000,4.0000,[ 324.19507   -172.68295      4.3337708],20.0000,4.0000
953,[ 350.43912   -200.56604      3.5437272],20.0000,0.0000,[ 332.5491     -149.46092       0.97478145],20.0000,6.0000,[154.26877    209.93997      0.38361287],20.0000,0.0000,[1.8665413e+02 2.3293236e+02 8.4687769e-02],20.0000,4.0000,[ 323.96344  -173.21367     4.331475],20.0000,4.0000
954,[ 349.47147   -201.07986      3.2876391],20.0000,6.0000,[ 333.3137    -148.66057      1.1516082],20.0000,6.0000,[1.5530757e+02 2.1028265e+02 8.2778960e-02],20.0000,6.0000,[1.8723535e+02 2.3292764e+02 7.7596255e-02],20.0000,4.0000,[ 323.73184   -173.74435      4.3294725],20.0000,3.0000
955,[ 348.4107    -201.36891      3.4061544],20.0000,0.0000,[ 333.92557   -147.7382       1.3284452],20.0000,6.0000,[1.5639546e+02 2.1037187e+02 1.5738447e-01],20.0000,6.0000,[1.8781606e+02 2.3292494e+02 6.8153165e-02],20.0000,4.0000,[ 323.50308   -174.27615      4.2359524],20.0000,3.0000
956,[ 347.38196   -201.746        3.1189775],20.0000,6.0000,[ 334.36563   -146.7226       1.5052841],20.0000,6.0000,[157.47699   210.52121     0.3685797],20.0000,0.0000,[1.8839632e+02 2.3292252e+02 5.9116121e-02],20.0000,4.0000,[ 323.24582   -174.79465      4.1091166],20.0000,3.0000
957,[ 346.2875    -201.86118      3.2297428],20.0000,6.0000,[ 334.6202    -145.64539      1.6821213],20.0000,6.0000,[1.5851480e+02 2.1086382e+02 7.1731180e-02],20.0000,6.0000,[1.8897624e+02 2.3291975e+02 5.1341701e-02],20.0000,5.0000,[ 322.94876   -175.29279      3.9721901],20.0000,3.0000
958,[ 345.2076    -202.04128      3.4949434],20.0000,0.0000,[ 334.68127   -144.5402       1.8589562],20.0000,6.0000,[1.5960272e+02 2.1095354e+02 1.5214767e-01],20.0000,6.0000,[1.8955608e+02 2.3291360e+02 1.3666303e-01],20.0000,4.0000,[ 322.6077    -175.7651       3.8352373],20.0000,3.0000
959,[ 344.19263   -202.44376      3.2319813],20.0000,6.0000,[ 334.547   -143.44151    2.03579],20.0000,6.0000,[160.68335    211.10791      0.36601272],20.0000,0.0000,[1.9013634e+02 2.3294217e+02 1.6485685e-01],20.0000,4.0000,[ 322.22104  -176.20529     3.704654],20.0000,3.0000
960,[ 343.11246   -202.61864      3.3314703],20.0000,6.0000,[ 334.22156   -142.38358      2.2126236],20.0000,6.0000,[1.6171864e+02 2.1145673e+02 7.0893534e-02],20.0000,6.0000,[1.9071577e+02 2.3298584e+02 1.6963004e-01],20.0000,4.0000,[ 321.78998   -176.60666      3.5840485],20.0000,3.0000
961,[ 342.0483    -202.86517      3.5648663],20.0000,6.0000,[ 333.71506  -141.3994      2.389457],20.0000,6.0000,[1.6280611e+02 2.1155310e+02 1.5400743e-01],20.0000,6.0000,[1.9129440e+02 2.3303580e+02 1.6522762e-01],20.0000,4.0000,[ 321.31857   -176.96342      3.4739838],20.0000,3.0000
962,[ 341.04535   -203.29634      3.8314223],20.0000,6.0000,[ 333.04333   -140.51965      2.5662906],20.0000,6.0000,[163.88545   211.71591     0.3694873],20.0000,0.0000,[1.9187244e+02 2.3308798e+02 1.5800387e-01],20.0000,4.0000,[ 320.8127    -177.27164      3.3725772],20.0000,3.0000
963,[ 340.15088   -203.92738      4.1007643],20.0000,6.0000,[ 332.22733   -139.7718       2.7431245],20.0000,6.0000,[1.6491742e+02 2.1207376e+02 7.5196922e-02],20.0000,6.0000,[1.9245009e+02 2.3314070e+02 1.5063111e-01],20.0000,4.0000,[ 320.27872   -177.52911      3.2768888],20.0000,4.0000
964,[ 339.41135   -204.74196      4.3569674],20.0000,6.0000,[ 331.29248   -139.17915      2.9199586],20.0000,6.0000,[1.6600409e+02 2.1217964e+02 1.5973976e-01],20.0000,6.0000,[1.9302747e+02 2.3319334e+02 1.4405085e-01],20.0000,4.0000,[ 319.72223   -177.73166      3.2759619],20.0000,3.0000
965,[ 338.86795  -205.70459     4.585275],20.0000,6.0000,[ 330.26794   -138.76021      3.0967925],20.0000,6.0000,[167.08183    212.35272      0.37625912],20.0000,0.0000,[1.9360468e+02 2.3324574e+02 1.3845973e-01],20.0000,4.0000,[ 319.1631   -177.91562     3.216376],20.0000,4.0000
966,[ 338.54074   -206.7632       4.7834125],20.0000,6.0000,[ 329.1857    -138.52802      3.2736263],20.0000,6.0000,[1.6810999e+02 2.1272104e+02 8.2415648e-02],20.0000,6.0000,[1.9418175e+02 2.3329793e+02 1.3378000e-01],20.0000,5.0000,[ 318.59366  -178.06184     3.218269],20.0000,4.0000
967,[ 338.4265    -207.86565      4.9615574],20.0000,0.0000,[ 328.0795    -138.48982      3.4504602],20.0000,6.0000,[1.6919560e+02 2.1283789e+02 1.6778690e-01],20.0000,6.0000,[1.9475911e+02 2.3334700e+02 2.2161959e-01],20.0000,4.0000,[ 318.02335   -178.19386      3.2414145],20.0000,4.0000
968,[ 338.53027   -208.96558      4.5818753],20.0000,0.0000,[ 326.98383  -138.64684     3.627294],20.0000,6.0000,[170.27145    213.02231      0.38499764],20.0000,0.0000,[195.33348  233.43079    0.251778],20.0000,4.0000,[ 317.45465   -178.32326      3.2670102],20.0000,4.0000
969,[ 338.35843   -210.04393      4.0360174],20.0000,0.0000,[ 325.93286  -138.99413     3.804128],20.0000,6.0000,[1.7129543e+02 2.1340186e+02 9.1469057e-02],20.0000,6.0000,[195.9057     233.52943      0.25854766],20.0000,4.0000,[ 316.88785   -178.45427      3.2883766],20.0000,4.0000
970,[ 337.7679    -210.96965      3.5225878],20.0000,0.0000,[ 324.95938   -139.52089      3.9809618],20.0000,6.0000,[1.7237976e+02 2.1353061e+02 1.7735624e-01],20.0000,6.0000,[196.47661   233.63434     0.2559581],20.0000,4.0000,[ 316.3225    -178.58762      3.3045826],20.0000,4.0000
971,[ 336.84256   -211.59499      3.0480752],20.0000,0.0000,[ 324.09372  -140.2107      4.157796],20.0000,6.0000,[173.45349    213.72704      0.39503023],20.0000,6.0000,[197.04677  233.74162    0.250217],20.0000,4.0000,[ 315.75824   -178.72289      3.3165553],20.0000,4.0000
972,[ 335.72852  -211.7837      2.661893],20.0000,6.0000,[ 323.36295   -141.042        4.3346295],20.0000,6.0000,[174.47986   214.10182     0.6522826],20.0000,6.0000,[197.61652    233.8496       0.24397138],20.0000,4.0000,[ 315.19467   -178.85947      3.3254626],20.0000,4.0000
973,[ 334.63544   -211.5197       2.8993282],20.0000,6.0000,[ 322.78976   -141.98892      4.5114636],20.0000,6.0000,[175.41243    214.67915      0.91447705],20.0000,6.0000,[198.18604    233.95764      0.23821858],20.0000,4.0000,[ 314.63156  -178.9969      3.332241],20.0000,4.0000
974,[ 333.54724   -211.37321      3.3118665],20.0000,0.0000,[ 322.39212   -143.0219       4.6882973],20.0000,6.0000,[176.20111   215.4495      1.1592665],20.0000,6.0000,[1.9875540e+02 2.3406555e+02 2.3322926e-01],20.0000,4.0000,[ 314.06876   -179.13481      3.3375456],20.0000,4.0000
975,[ 332.47357   -211.57047      3.0993655],20.0000,6.0000,[ 322.1824    -144.10872      4.8651314],20.0000,6.0000,[176.80507   216.37688     1.3746707],20.0000,6.0000,[1.9932465e+02 2.3417332e+02 2.2899035e-01],20.0000,4.0000,[ 313.50613   -179.27301      3.3418117],20.0000,4.0000
976,[ 331.38083  -211.57599     3.211451],20.0000,6.0000,[ 322.1671   -145.21548     5.041965],20.0000,6.0000,[177.20601   217.41011     1.5634973],20.0000,6.0000,[1.9989383e+02 2.3428098e+02 2.2539963e-01],20.0000,4.0000,[ 312.94366   -179.41133      3.3453255],20.0000,4.0000
977,[ 330.29318   -211.6701       3.4423375],20.0000,0.0000,[ 322.34677  -146.30766     5.218799],20.0000,6.0000,[177.40482   218.50024     1.7377483],20.0000,6.0000,[2.0046292e+02 2.3438858e+02 2.2234267e-01],20.0000,4.0000,[ 312.3813   -179.5497      3.348278],20.0000,4.0000
978,[ 329.24435   -211.97319      3.1539948],20.0000,6.0000,[ 322.71576  -147.35123     5.395633],20.0000,6.0000,[177.40773   219.60768     1.9084305],20.0000,6.0000,[2.0103195e+02 2.3449617e+02 2.1971872e-01],20.0000,4.0000,[ 311.81894   -179.68805      3.3507993],20.0000,4.0000
979,[ 328.15335  -212.02496     3.242966],20.0000,6.0000,[ 323.26257  -148.3136      5.572467],20.0000,6.0000,[177.21974  220.69855    2.080917],20.0000,6.0000,[2.0160092e+02 2.3460378e+02 2.1744604e-01],20.0000,4.0000,[ 311.25668   -179.82637      3.3529801],20.0000,4.0000
980,[ 327.06854  -212.14673     3.463154],20.0000,6.0000,[ 323.97015  -149.16476     5.749301],20.0000,6.0000,[176.84625   221.74037     2.2560823],20.0000,6.0000,[2.0216985e+02 2.3471143e+02 2.1546040e-01],20.0000,4.0000,[ 310.69443   -179.96463      3.3548868],20.0000,4.0000
981,[ 326.01947   -212.45126      3.7216635],20.0000,0.0000,[ 324.81644   -149.87819      5.9261346],20.0000,6.0000,[176.29688   222.70113     2.4329271],20.0000,6.0000,[2.0273872e+02 2.3481914e+02 2.1371165e-01],20.0000,4.0000,[ 310.13217  -180.1028      3.356568],20.0000,4.0000
982,[ 325.06033   -212.97913      3.4349248],20.0000,6.0000,[ 325.77502   -150.43163      6.1029687],20.0000,6.0000,[175.58727   223.5505      2.6103237],20.0000,6.0000,[2.0330754e+02 2.3492693e+02 2.1216053e-01],20.0000,4.0000,[ 309.56995  -180.24089     3.358062],20.0000,4.0000
983,[ 324.0111    -213.28047      3.5086625],20.0000,6.0000,[ 326.816     -150.80779      6.2798023],20.0000,6.0000,[174.73907   224.26163     2.7876372],20.0000,6.0000,[2.0387633e+02 2.3503479e+02 2.1077599e-01],20.0000,4.0000,[ 309.00772  -180.37889     3.359398],20.0000,4.0000
984,[ 322.97968   -213.63948      3.7188091],20.0000,0.0000,[ 3.2790692e+02 -1.5099496e+02  1.7345101e-01],20.0000,6.0000,[173.77881  224.81213    2.964696],20.0000,6.0000,[2.0444508e+02 2.3514275e+02 2.0953321e-01],20.0000,4.0000,[ 308.44547   -180.5168       3.3605988],20.0000,4.0000
985,[ 322.029     -214.17989      3.4199152],20.0000,0.0000,[ 329.01376   -150.98732      0.3502849],20.0000,6.0000,[172.73659   225.18492     3.1415634],20.0000,6.0000,[2.0501379e+02 2.3525078e+02 2.0841216e-01],20.0000,4.0000,[ 307.88324   -180.6546       3.3616836],20.0000,4.0000
986,[ 320.98505  -214.49936     2.946037],20.0000,0.0000,[ 330.102     -150.78508      0.5271188],20.0000,6.0000,[171.64503   225.3685      3.3183517],20.0000,6.0000,[2.0558249e+02 2.3535890e+02 2.0739639e-01],20.0000,4.0000,[ 307.32098   -180.79233      3.3626678],20.0000,3.0000
987,[ 319.88617   -214.42921      2.4487557],20.0000,6.0000,[ 331.1377     -150.39458       0.70395267],20.0000,6.0000,[170.53822   225.35721     3.4951353],20.0000,6.0000,[2.0615114e+02 2.3546712e+02 2.0647237e-01],20.0000,4.0000,[ 306.7594    -180.93285      3.2718055],20.0000,3.0000
988,[ 318.89862   -213.90993      2.5408173],20.0000,6.0000,[ 332.08853    -149.82796       0.88078654],20.0000,6.0000,[169.45065   225.15141     3.6719413],20.0000,6.0000,[2.0671976e+02 2.3557542e+02 2.0562875e-01],20.0000,4.0000,[ 306.19006   -181.04251      3.1473496],20.0000,3.0000
989,[ 317.92004  -213.40692     2.866108],20.0000,6.0000,[ 332.92487   -149.1029       1.0576204],20.0000,6.0000,[168.41624   224.75755     3.8487678],20.0000,6.0000,[2.0728836e+02 2.3568381e+02 2.0485604e-01],20.0000,3.0000,[ 305.61166  -181.107       3.013957],20.0000,3.0000
990,[ 316.8612    -213.13992      3.1947482],20.0000,0.0000,[ 333.6206    -148.24203      1.2344543],20.0000,6.0000,[167.46724   224.18787     4.0256047],20.0000,6.0000,[2.0785632e+02 2.3579518e+02 1.1238751e-01],20.0000,3.0000,[ 305.0267    -181.11848      2.8830466],20.0000,3.0000
991,[ 315.7694    -213.16429      2.9336941],20.0000,6.0000,[ 334.15408   -147.2722       1.4112883],20.0000,6.0000,[166.63324   223.46013     4.2024436],20.0000,6.0000,[208.42967   235.87555     6.2695827],20.0000,4.0000,[ 304.4403   -181.07224     2.760399],20.0000,4.0000
992,[ 314.69717   -212.95885      3.0279393],20.0000,6.0000,[ 334.5086    -146.22365      1.5881221],20.0000,6.0000,[165.94028  222.59702    4.379281],20.0000,6.0000,[209.00893   235.90855     6.2251472],20.0000,4.0000,[ 303.8603    -180.96373      2.7396643],20.0000,3.0000
993,[ 313.61334   -212.82915      3.2474313],20.0000,6.0000,[ 334.67316  -145.12907     1.764956],20.0000,6.0000,[165.40996  221.62546    4.556116],20.0000,6.0000,[209.5894   235.92163    6.212419],20.0000,4.0000,[ 303.28702  -180.83296     2.667491],20.0000,4.0000
994,[ 312.52164   -212.88582      3.5047853],20.0000,6.0000,[ 334.6426    -144.02263      1.9417899],20.0000,6.0000,[165.0588    220.57576     4.7329497],20.0000,6.0000,[210.16992  235.92604    6.212664],20.0000,3.0000,[ 302.7249    -180.66068      2.6634345],20.0000,3.0000
995,[ 311.46017   -213.1654       3.7647212],20.0000,0.0000,[ 334.41788   -142.93883      2.1186237],20.0000,6.0000,[164.89781  219.48067    4.909783],20.0000,6.0000,[210.7504    235.92995     6.1259017],20.0000,4.0000,[ 302.16867   -180.47617      2.5925264],20.0000,4.0000
996,[ 310.49066   -213.68674      3.4545782],20.0000,0.0000,[ 334.00598   -141.91144      2.2954576],20.0000,6.0000,[164.93195   218.37433     5.0866165],20.0000,6.0000,[211.33122  235.89748    6.098771],20.0000,4.0000,[ 301.62582  -180.25452     2.584289],20.0000,3.0000
997,[ 309.44232   -213.99255      2.9438016],20.0000,0.0000,[ 333.4198    -140.97253      2.4722915],20.0000,6.0000,[165.16017 217.29124   5.26345],20.0000,6.0000,[211.91092   235.84906     6.0962653],20.0000,4.0000,[ 301.08908   -180.02155      2.5081866],20.0000,4.0000
998,[ 308.351     -213.88301      2.4350998],20.0000,0.0000,[ 332.67758   -140.1514       2.6491253],20.0000,6.0000,[165.57538   216.2652      5.4402843],20.0000,6.0000,[212.48956 235.79425   6.10309],20.0000,4.0000,[ 300.56888   -179.7521       2.4959676],20.0000,4.0000
999,[ 307.37372   -213.3467       1.9558277],20.0000,6.0000,[ 331.8025    -139.47362      2.8259592],20.0000,6.0000,[166.1646    215.3282      5.6171184],20.0000,6.0000,[213.06747   235.73741     6.1123857],20.0000,4.0000,[ 300.0577    -179.46881      2.5087965],20.0000,3.0000
1000,[ 306.71255  -212.43684     2.110473],20.0000,,[ 330.82184   -138.96036      3.0027933],20.0000,,[166.90947  214.50946    5.793952],20.0000,,[213.64493   235.68031     6.1213436],20.0000,,[ 299.54846  -179.18456     2.436341],20.0000,
