step,pos_red1,health_red1,action_red1,pos_red2,health_red2,action_red2,pos_red3,health_red3,action_red3,pos_red4,health_red4,action_red4,pos_red5,health_red5,action_red5,pos_blue1,health_blue1,action_blue1,pos_blue2,health_blue2,action_blue2,pos_blue3,health_blue3,action_blue3
0,[0. 0. 0.],20.0000,6.0000,[ 0. 20.  0.],20.0000,6.0000,[  0. -20.   0.],20.0000,6.0000,[ 0. 40.  0.],20.0000,6.0000,[  0. -40.   0.],20.0000,6.0000,[177.1115   -28.65327    5.287119],20.0000,4.0000,[ 99.41277   -33.082912    1.1824712],20.0000,4.0000,[108.18084   -19.581017    1.9066823],20.0000,4.0000
1,[ 1.0915738  -0.00594422  0.18351729],20.0000,6.0000,[ 1.0915738  19.994057    0.18351729],20.0000,6.0000,[  1.0915738  -20.005943     0.18351729],20.0000,6.0000,[ 1.0915738  39.994057    0.18351729],20.0000,6.0000,[  1.0915738  -40.005943     0.18351729],20.0000,6.0000,[177.53632  -29.30921    5.287119],20.0000,4.0000,[ 99.70867   -32.3596      1.1824712],20.0000,3.0000,[107.923256  -18.843191    1.9066823],20.0000,4.0000
2,[2.1740324  0.14350085 0.43028393],20.0000,6.0000,[ 2.1740324  20.143501    0.43028393],20.0000,0.0000,[  2.1740324  -19.856499     0.43028393],20.0000,6.0000,[ 2.1740324  40.1435      0.43028393],20.0000,1.0000,[  2.1740324  -39.8565       0.43028393],20.0000,6.0000,[177.91531  -29.89438    5.287119],20.0000,4.0000,[ 99.9699    -31.713205    1.0907125],20.0000,3.0000,[107.69346   -18.18497     1.9066823],20.0000,4.0000
3,[3.21033   0.5024226 0.6893175],20.0000,0.0000,[ 3.2028916  20.51863     0.13876562],20.0000,6.0000,[  3.21033   -19.497578    0.6893175],20.0000,0.0000,[ 3.2041314  40.51593     0.23052426],20.0000,6.0000,[  3.21033   -39.497578    0.6893175],20.0000,0.0000,[178.27036  -30.442566   5.287119],20.0000,4.0000,[100.2498     -31.122599     0.96533525],20.0000,3.0000,[107.47819   -17.568352    1.9066823],20.0000,4.0000
4,[4.138695   1.0922748  0.38323882],20.0000,6.0000,[ 4.2862744  20.652985    0.20972788],20.0000,0.0000,[  4.138695   -18.907724     0.38323882],20.0000,6.0000,[ 4.2763114 40.724846   0.3262586],20.0000,0.0000,[  4.138695   -38.907726     0.38323882],20.0000,6.0000,[178.61122  -30.968874   5.287119],20.0000,4.0000,[100.563896  -30.577396    0.8302383],20.0000,3.0000,[107.27151   -16.976343    1.9066823],20.0000,4.0000
5,[5.1683025  1.4576793  0.42819834],20.0000,0.0000,[ 5.3577437 20.862225   6.1513677],20.0000,6.0000,[  5.1683025  -18.54232      0.42819834],20.0000,6.0000,[ 5.325062  41.031013   6.2732363],20.0000,6.0000,[  5.1683025  -38.54232      0.42819834],20.0000,6.0000,[178.9432   -31.481474   5.287119],20.0000,4.0000,[100.91798  -30.073633   0.696606],20.0000,3.0000,[107.07021   -16.399752    1.9066823],20.0000,4.0000
6,[6.177702   1.8750046  0.07310999],20.0000,6.0000,[ 6.446973 20.772652  6.227756],20.0000,6.0000,[  6.1851068 -18.141218    0.6236619],20.0000,0.0000,[ 6.416845  41.04871    0.0627958],20.0000,6.0000,[  6.1851068 -38.141216    0.6236619],20.0000,0.0000,[179.26945  -31.985205   5.287119],20.0000,4.0000,[101.314095  -29.611807    0.5706256],20.0000,3.0000,[106.8724    -15.833138    1.9066823],20.0000,4.0000
7,[7.2634764  1.993823   0.14292988],20.0000,6.0000,[ 7.538398 20.74008   0.163598],20.0000,0.0000,[  7.1189475  -17.570147     0.31601766],20.0000,6.0000,[ 7.505861   41.12334     0.27572775],20.0000,0.0000,[  7.1189475  -37.57015      0.31601766],20.0000,6.0000,[179.59192  -32.48308    5.287119],20.0000,4.0000,[101.7512     -29.194653     0.45491815],20.0000,3.0000,[106.67689   -15.273106    1.9066823],20.0000,4.0000
8,[8.341585   2.1653814  0.35647848],20.0000,0.0000,[ 8.616892 20.908676  6.156355],20.0000,6.0000,[  8.15886    -17.238289     0.38522753],20.0000,0.0000,[ 8.563803 41.39358   6.264384],20.0000,6.0000,[  8.15886    -37.23829      0.38522753],20.0000,6.0000,[179.91185  -32.977055   5.287119],20.0000,4.0000,[102.22558    -28.825071     0.34899926],20.0000,4.0000,[106.4829    -14.717468    1.9066823],20.0000,2.0000
9,[9.371033  2.5288026 0.0629849],20.0000,6.0000,[ 9.705971  20.81996    6.2460756],20.0000,6.0000,[  9.173995   -16.836943     0.04368687],20.0000,6.0000,[ 9.655796   41.406742    0.06762493],20.0000,6.0000,[  9.1806965  -36.853466     0.59423876],20.0000,0.0000,[180.23007  -33.4684     5.287119],20.0000,4.0000,[102.73311    -28.507898     0.34218976],20.0000,4.0000,[106.28434   -14.166747    1.7231649],20.0000,2.0000
10,[10.4577875   2.6392717   0.15096311],20.0000,6.0000,[10.797558   20.800629    0.18560496],20.0000,0.0000,[ 10.261774   -16.72675      0.12103524],20.0000,6.0000,[10.744324 41.48834   0.286162],20.0000,0.0000,[ 10.117995   -36.29097      0.29612216],20.0000,6.0000,[180.54715  -33.957962   5.287119],20.0000,4.0000,[103.247406   -28.213463     0.37154308],20.0000,3.0000,[106.1458    -13.597912    1.4763983],20.0000,2.0000
11,[11.534712    2.8179855   0.37145665],20.0000,0.0000,[11.873373  20.986038   6.1785026],20.0000,6.0000,[ 11.341163  -16.560604    0.3424599],20.0000,0.0000,[11.799304 41.76989   6.276553],20.0000,6.0000,[ 11.15964    -35.964577     0.37505877],20.0000,6.0000,[180.86343  -34.44632    5.287119],20.0000,4.0000,[103.75815    -27.92167      0.31431252],20.0000,4.0000,[106.09505   -13.008671    1.2173648],20.0000,2.0000
12,[12.559707    3.193945    0.07981385],20.0000,6.0000,[12.963467 20.91496   6.26757 ],20.0000,6.0000,[ 12.370658   -16.197777     0.05379755],20.0000,6.0000,[12.891055   41.796165    0.08028121],20.0000,6.0000,[ 12.180449  -35.57775     0.5881805],20.0000,0.0000,[181.17918  -34.933853   5.287119],20.0000,4.0000,[104.28364    -27.659307     0.30891708],20.0000,4.0000,[106.15245    -12.410726     0.97289157],20.0000,3.0000
13,[13.644707    3.3194537   0.16787593],20.0000,6.0000,[14.055131  20.9136     0.2055231],20.0000,0.0000,[ 13.457708   -16.084797     0.14436866],20.0000,6.0000,[13.978483   41.891273    0.29896244],20.0000,0.0000,[ 13.114819  -35.011467    0.2926397],20.0000,6.0000,[181.49458  -35.420826   5.287119],20.0000,4.0000,[104.81291   -27.409454    0.3230441],20.0000,3.0000,[106.33153   -11.830723    0.8483258],20.0000,3.0000
14,[14.718933   3.5135338  0.3878078],20.0000,0.0000,[15.127995  21.115818   6.1973476],20.0000,6.0000,[ 14.534322   -15.903102     0.36842927],20.0000,0.0000,[1.5029855e+01 4.2186043e+01 6.1911363e-03],20.0000,6.0000,[ 14.155033  -34.680206    0.3750878],20.0000,6.0000,[181.80972  -35.907417   5.287119],20.0000,4.0000,[105.34095    -27.16056      0.24975052],20.0000,4.0000,[106.59032    -11.286031     0.77617097],20.0000,3.0000
15,[15.738601    3.9038587   0.09573634],20.0000,6.0000,[1.6218891e+01 2.1061296e+01 2.3928331e-03],20.0000,6.0000,[ 15.557391   -15.5223255    0.07901467],20.0000,6.0000,[16.121181   42.226063    0.09306747],20.0000,6.0000,[ 15.173045  -34.286278    0.5901352],20.0000,0.0000,[182.12471  -36.39375    5.287119],20.0000,4.0000,[105.883606  -26.943716    0.2329294],20.0000,4.0000,[106.90036   -10.774763    0.7134398],20.0000,3.0000
16,[16.821674    4.0444527   0.18334264],20.0000,6.0000,[17.31041    21.076263    0.22249052],20.0000,0.0000,[ 16.64192   -15.39047     0.1686293],20.0000,6.0000,[17.207325   42.334854    0.31169617],20.0000,0.0000,[ 16.102541   -33.712543     0.29563943],20.0000,6.0000,[182.43958  -36.879898   5.287119],20.0000,4.0000,[106.43086    -26.741272     0.23904377],20.0000,4.0000,[107.25038    -10.294117     0.64273584],20.0000,3.0000
17,[17.893105    4.2533236   0.40273866],20.0000,0.0000,[18.380318 21.293875  6.213696],20.0000,6.0000,[ 17.714996   -15.189686     0.39048073],20.0000,0.0000,[1.8254917e+01 4.2642799e+01 1.8894231e-02],20.0000,6.0000,[ 17.140142   -33.372864     0.37981755],20.0000,6.0000,[182.75435  -37.36593    5.287119],20.0000,4.0000,[106.97882    -26.544086     0.25242668],20.0000,4.0000,[107.63756    -9.845088    0.5618307],20.0000,3.0000
18,[18.907454    4.6573677   0.11035857],20.0000,6.0000,[1.9471790e+01 2.1254772e+01 1.8199524e-02],20.0000,6.0000,[ 18.73168    -14.791929     0.09955429],20.0000,6.0000,[19.34565    42.696514    0.10573261],20.0000,6.0000,[ 18.15452   -32.96971     0.5960554],20.0000,0.0000,[183.06908  -37.851875   5.287119],20.0000,4.0000,[107.52616   -26.348032    0.2662431],20.0000,4.0000,[108.06105    -9.431062    0.4737278],20.0000,3.0000
19,[19.988504    4.8124385   0.19765642],20.0000,6.0000,[20.562973   21.284964    0.23768485],20.0000,0.0000,[ 19.813778   -14.642885     0.18812455],20.0000,6.0000,[20.430342   42.818913    0.32432234],20.0000,0.0000,[ 19.078188  -32.38693     0.3020975],20.0000,6.0000,[183.38377  -38.337765   5.287119],20.0000,4.0000,[108.07263    -26.151594     0.27813882],20.0000,4.0000,[108.519394    -9.056164     0.38183597],20.0000,3.0000
20,[21.057056    5.0355115   0.41672045],20.0000,0.0000,[21.629864 21.517105  6.22854 ],20.0000,6.0000,[ 20.88352  -14.425344   0.408623],20.0000,0.0000,[2.1474001e+01 4.3139946e+01 3.1499363e-02],20.0000,6.0000,[ 20.112503   -32.037117     0.38725197],20.0000,0.0000,[183.69844  -38.823616   5.287119],20.0000,4.0000,[108.61832    -25.954432     0.28773737],20.0000,3.0000,[109.009926    -8.724343     0.28851214],20.0000,4.0000
21,[22.066057    5.452795    0.12415552],20.0000,6.0000,[22.721714   21.492722    0.03270354],20.0000,0.0000,[ 21.894236   -14.01248      0.11687705],20.0000,6.0000,[22.563974   43.207302    0.11831323],20.0000,0.0000,[ 21.115957   -31.607069     0.05372224],20.0000,6.0000,[184.01309  -39.30944    5.287119],20.0000,4.0000,[109.16257    -25.753778     0.20358407],20.0000,4.0000,[109.52985     -8.441833     0.28676462],20.0000,4.0000
22,[23.14497     5.621932    0.21125855],20.0000,0.0000,[23.811804  21.555311   5.9844546],20.0000,6.0000,[ 22.973944   -13.847732     0.20477822],20.0000,0.0000,[23.644947  43.36096    6.0695114],20.0000,6.0000,[ 22.20122    -31.460764     0.13485287],20.0000,6.0000,[184.32773  -39.795246   5.287119],20.0000,4.0000,[109.71883    -25.585495     0.17613319],20.0000,4.0000,[110.05596     -8.179616     0.31728387],20.0000,4.0000
23,[24.206799  5.876265  6.162752],20.0000,6.0000,[24.882774  21.324213   6.0669546],20.0000,6.0000,[ 24.036804  -13.597422    6.1571326],20.0000,6.0000,[24.731337 43.220097  6.15164 ],20.0000,6.0000,[ 23.275614  -31.260582    0.3655427],20.0000,0.0000,[184.64236  -40.28104    5.287119],20.0000,4.0000,[110.27933   -25.431683    0.1719829],20.0000,4.0000,[110.58036     -7.921419     0.35138896],20.0000,4.0000
24,[25.301687   5.8380294  6.245078 ],20.0000,6.0000,[2.5961477e+01 2.1147236e+01 1.7382864e-02],20.0000,0.0000,[ 25.13177  -13.639386   6.240044],20.0000,6.0000,[25.820992   43.13386     0.10131513],20.0000,0.0000,[ 24.291313  -30.860645    0.0836138],20.0000,6.0000,[184.95699  -40.766823   5.287119],20.0000,4.0000,[110.84111    -25.283998     0.17689238],20.0000,4.0000,[111.1014     -7.6611876   0.3790371],20.0000,3.0000
25,[26.39466     5.854456    0.19515686],20.0000,0.0000,[27.052628  21.179829   6.0206704],20.0000,6.0000,[ 26.224884   -13.626753     0.19127981],20.0000,0.0000,[26.905647 43.257053  6.104087],20.0000,6.0000,[ 25.373499   -30.703217     0.17661873],20.0000,6.0000,[185.2716   -41.2526     5.287119],20.0000,4.0000,[111.40305    -25.138565     0.18450287],20.0000,4.0000,[111.61842     -7.395154     0.30742142],20.0000,4.0000
26,[27.46292    6.079148   6.1982055],20.0000,6.0000,[28.124691  20.963192   6.1144276],20.0000,6.0000,[ 27.293789 -13.40509    6.195115],20.0000,6.0000,[27.991926  43.12991    6.1976523],20.0000,6.0000,[ 26.442015   -30.477499     0.40467575],20.0000,0.0000,[185.58623  -41.738377   5.287119],20.0000,4.0000,[111.96477    -24.993715     0.19215502],20.0000,4.0000,[112.150314    -7.157872     0.28795996],20.0000,4.0000
27,[2.8556366e+01 6.0549774e+00 8.6886752e-03],20.0000,6.0000,[29.20684    20.81568     0.06028011],20.0000,0.0000,[ 2.8387234e+01 -1.3431770e+01  5.8903401e-03],20.0000,6.0000,[29.082556   43.072426    0.14326504],20.0000,0.0000,[ 27.44763    -30.05293      0.11789232],20.0000,6.0000,[185.90083  -42.22415    5.287119],20.0000,4.0000,[112.526184   -24.84883      0.19893233],20.0000,4.0000,[112.687515    -6.933657     0.28996027],20.0000,4.0000
28,[29.647564    6.1005974   0.23761642],20.0000,0.0000,[30.296667  20.877203   6.0572944],20.0000,6.0000,[ 29.478552   -13.388558     0.23517594],20.0000,0.0000,[30.163578  43.223747   6.1401315],20.0000,6.0000,[ 28.525457   -29.872625     0.20882563],20.0000,6.0000,[186.21545  -42.70992    5.287119],20.0000,4.0000,[113.08733   -24.703749    0.2046622],20.0000,4.0000,[113.22613     -6.7146225    0.29947355],20.0000,4.0000
29,[30.70948   6.353264  6.234563],20.0000,6.0000,[31.372463  20.68483    6.1484804],20.0000,6.0000,[ 30.54097   -13.138018    6.2323413],20.0000,6.0000,[31.251564 43.120777  6.231258],20.0000,6.0000,[ 29.588512   -29.623762     0.43253034],20.0000,0.0000,[186.53006  -43.19569    5.287119],20.0000,4.0000,[113.64827    -24.558485     0.20944093],20.0000,4.0000,[113.76468     -6.497126     0.31032714],20.0000,4.0000
30,[31.802336   6.353488   0.0425364],20.0000,6.0000,[32.457355   20.562042    0.08936142],20.0000,0.0000,[ 31.633842   -13.139821     0.04040238],20.0000,6.0000,[32.34288    43.08789     0.17205411],20.0000,0.0000,[ 30.585754   -29.17967      0.14276671],20.0000,6.0000,[186.84468  -43.681458   5.287119],20.0000,4.0000,[114.20905    -24.413097     0.21343225],20.0000,4.0000,[114.30274     -6.279706     0.32016572],20.0000,4.0000
31,[32.891884    6.4238067   0.26656404],20.0000,0.0000,[33.545807  20.645468   6.0830126],20.0000,6.0000,[ 32.723526   -13.071507     0.26455402],20.0000,0.0000,[33.420753  43.260757   6.1656513],20.0000,6.0000,[ 31.659878   -28.980354     0.23212932],20.0000,6.0000,[187.1593   -44.167225   5.287119],20.0000,4.0000,[114.769714   -24.267647     0.21679308],20.0000,4.0000,[114.84026     -6.061923     0.32839453],20.0000,4.0000
32,[33.94861    6.6977143  6.2601905],20.0000,6.0000,[34.624535  20.472645   6.1725144],20.0000,6.0000,[ 33.780727  -12.799472    6.2582593],20.0000,6.0000,[34.510048 43.177414  6.255121],20.0000,6.0000,[ 32.71831    -28.712992     0.45361483],20.0000,0.0000,[187.4739   -44.652992   5.287119],20.0000,4.0000,[115.33029    -24.122185     0.21965286],20.0000,4.0000,[115.37735    -5.8437443   0.3350945],20.0000,3.0000
33,[35.04091     6.7176557   0.06649267],20.0000,6.0000,[35.711315   20.369225    0.11099567],20.0000,0.0000,[ 34.87307    -12.781419     0.06460813],20.0000,6.0000,[35.60165    43.163895    0.19356023],20.0000,0.0000,[ 33.708298  -28.252748    0.1624596],20.0000,6.0000,[187.78851  -45.13876    5.287119],20.0000,4.0000,[115.89082    -23.976746     0.22211252],20.0000,3.0000,[115.913124    -5.622456     0.24877742],20.0000,4.0000
34,[36.128906   6.8073297  0.2881399],20.0000,0.0000,[36.79833  20.470581  6.103136],20.0000,6.0000,[ 35.961224   -12.693613     0.28631645],20.0000,0.0000,[36.676624  43.35445    6.1856747],20.0000,6.0000,[ 34.77902    -28.036787     0.25085175],20.0000,0.0000,[188.10313  -45.624527   5.287119],20.0000,4.0000,[116.45066    -23.82846      0.13249063],20.0000,4.0000,[116.46219     -5.4332557    0.21976134],20.0000,4.0000
35,[37.181065   7.0986066  6.2802687],20.0000,6.0000,[37.879456 20.314777  6.191613],20.0000,0.0000,[ 37.013866  -12.404109    6.2784824],20.0000,6.0000,[37.76691   43.288223   6.2741327],20.0000,0.0000,[ 35.828762  -27.736004    6.2037706],20.0000,6.0000,[188.41774  -46.110294   5.287119],20.0000,4.0000,[ 1.1701926e+02 -2.3713911e+01  1.0088632e-01],20.0000,4.0000,[117.01613     -5.258327     0.21414262],20.0000,4.0000
36,[38.272728    7.135704    0.08555167],20.0000,0.0000,[38.969284 20.245947  5.861448],20.0000,6.0000,[ 38.1056     -12.368831     0.08379406],20.0000,0.0000,[38.8587    43.30938    5.9439435],20.0000,6.0000,[ 3.6924614e+01 -2.7725357e+01  3.8878229e-03],20.0000,6.0000,[188.73236  -46.596058   5.287119],20.0000,4.0000,[ 1.17590836e+02 -2.36138763e+01  9.24865976e-02],20.0000,4.0000,[117.5717     -5.089543    0.2177803],20.0000,4.0000
37,[39.357635  7.259942  6.038561],20.0000,6.0000,[40.005234 19.888369  5.944821],20.0000,6.0000,[ 39.190712 -12.246391   6.036837],20.0000,6.0000,[39.92057   43.038322   6.0273004],20.0000,6.0000,[ 38.015923   -27.660292     0.23905136],20.0000,0.0000,[189.04697  -47.081825   5.287119],20.0000,4.0000,[ 1.18163376e+02 -2.35201416e+01  9.34887305e-02],20.0000,4.0000,[118.127625    -4.9231224    0.22438362],20.0000,4.0000
38,[40.440372   7.0904527  6.1219263],20.0000,6.0000,[41.055145  19.583578   6.1801157],20.0000,6.0000,[ 40.27318   -12.417661    6.1202264],20.0000,6.0000,[40.992012  42.821026   6.2625647],20.0000,0.0000,[ 39.07286  -27.387169   6.243385],20.0000,6.0000,[189.36159  -47.567593   5.287119],20.0000,4.0000,[ 1.18736115e+02 -2.34289761e+01  9.78613272e-02],20.0000,4.0000,[118.68343    -4.7574196   0.231289 ],20.0000,4.0000
39,[41.527557    6.9753857   0.07402202],20.0000,0.0000,[42.140633   19.468664    0.16871828],20.0000,0.0000,[ 41.360176   -12.534514     0.07236608],20.0000,6.0000,[42.08365   42.8137     5.9837804],20.0000,6.0000,[ 40.16634    -27.360535     0.05434593],20.0000,6.0000,[189.6762   -48.05336    5.287119],20.0000,4.0000,[ 1.1930879e+02 -2.3338747e+01  1.0301943e-01],20.0000,4.0000,[119.23901     -4.591798     0.23752928],20.0000,4.0000
40,[42.614994   7.0712686  6.078434 ],20.0000,6.0000,[43.225178 19.602125  6.173159],20.0000,6.0000,[ 42.44906   -12.4581785   0.3441742],20.0000,0.0000,[43.147343 42.558815  6.077952],20.0000,6.0000,[ 41.25426   -27.264132    0.2838511],20.0000,0.0000,[189.99081  -48.539124   5.287119],20.0000,4.0000,[ 1.19881325e+02 -2.32487850e+01  1.07942358e-01],20.0000,4.0000,[119.79436    -4.426067    0.2428753],20.0000,4.0000
41,[43.69802    6.9180675  6.1726093],20.0000,6.0000,[44.31124   19.492336   6.2591987],20.0000,6.0000,[ 43.493645   -12.137434     0.06543595],20.0000,6.0000,[4.422357e+01 4.237280e+01 2.430099e-02],20.0000,0.0000,[ 42.303154  -26.961922    6.2811494],20.0000,6.0000,[190.30542  -49.02489    5.287119],20.0000,4.0000,[ 1.20453712e+02 -2.31588535e+01  1.12307265e-01],20.0000,4.0000,[120.34951     -4.2602115    0.24737689],20.0000,4.0000
42,[44.787018    6.834611    0.11896347],20.0000,0.0000,[45.402153   19.452457    0.19175214],20.0000,0.0000,[ 44.5822     -12.055933     0.15148233],20.0000,6.0000,[45.31489  42.39573   6.021617],20.0000,6.0000,[ 43.394814   -26.910166     0.08926266],20.0000,6.0000,[190.62003  -49.51066    5.287119],20.0000,4.0000,[ 1.21025986e+02 -2.30688934e+01  1.16075218e-01],20.0000,4.0000,[120.90452    -4.0942717   0.2511642],20.0000,4.0000
43,[45.87128    6.9605985  6.1162825],20.0000,6.0000,[46.482777  19.613726   6.1801753],20.0000,6.0000,[ 45.66332    -11.904744     0.36722463],20.0000,0.0000,[46.38328  42.16563   6.112922],20.0000,6.0000,[ 44.479843  -26.788525    0.3134879],20.0000,0.0000,[190.93465  -49.996426   5.287119],20.0000,4.0000,[ 1.2159816e+02 -2.2978912e+01  1.1930643e-01],20.0000,4.0000,[121.459435    -3.9282951    0.25437126],20.0000,4.0000
44,[46.95664    6.832523   6.2075887],20.0000,6.0000,[47.57025   19.518023   6.2627482],20.0000,6.0000,[ 46.699192   -11.557293     0.07246447],20.0000,6.0000,[47.463196   42.00478     0.05397196],20.0000,0.0000,[ 4.5522427e+01 -2.6464958e+01  2.4054335e-02],20.0000,6.0000,[191.24925  -50.48219    5.287119],20.0000,4.0000,[ 1.22170265e+02 -2.28889389e+01  1.22084305e-01],20.0000,4.0000,[122.01427     -3.7623231    0.25711235],20.0000,4.0000
45,[48.04692     6.774475    0.14864002],20.0000,0.0000,[48.661438   19.488842    0.19461037],20.0000,0.0000,[ 47.786674   -11.46167      0.15504092],20.0000,6.0000,[48.553898 42.04999   6.04773 ],20.0000,6.0000,[ 46.61257    -26.393314     0.11361609],20.0000,6.0000,[191.56387  -50.967957   5.287119],20.0000,4.0000,[122.742325   -22.798998     0.12448766],20.0000,4.0000,[122.56906     -3.5963871    0.25947824],20.0000,4.0000
46,[49.128464   6.9225893  6.142399 ],20.0000,6.0000,[49.74031  19.65972   6.183276],20.0000,6.0000,[ 48.866196  -11.299895    0.3700905],20.0000,0.0000,[49.625927  41.839516   6.1372952],20.0000,6.0000,[ 47.695107   -26.252201     0.33536035],20.0000,0.0000,[191.87848  -51.453724   5.287119],20.0000,4.0000,[123.31434    -22.70911      0.12658286],20.0000,4.0000,[123.12382    -3.430509    0.2615395],20.0000,4.0000
47,[50.21559   6.814394  6.231965],20.0000,0.0000,[50.82864  19.572992  6.267358],20.0000,6.0000,[ 49.898666   -10.943286     0.07557219],20.0000,6.0000,[50.708427   41.698135    0.07585885],20.0000,0.0000,[ 4.8732262e+01 -2.5911354e+01  4.4362873e-02],20.0000,6.0000,[192.1931   -51.939487   5.287119],20.0000,4.0000,[123.88632    -22.619291     0.12842342],20.0000,4.0000,[123.67856    -3.264704    0.2633505],20.0000,4.0000
48,[51.30752    6.793785   5.9031625],20.0000,6.0000,[51.920025   19.553728    0.20033301],20.0000,0.0000,[ 50.985424   -10.838672     0.15965559],20.0000,0.0000,[51.798317  41.761448   6.0680494],20.0000,6.0000,[ 49.820942   -25.822496     0.13287666],20.0000,0.0000,[192.5077   -52.425255   5.287119],20.0000,4.0000,[124.45829    -22.529552     0.13005187],20.0000,4.0000,[124.23329     -3.0989814    0.26495358],20.0000,4.0000
49,[52.358753  6.482901  5.987499],20.0000,6.0000,[52.99702   19.73513    6.1895275],20.0000,6.0000,[ 52.060574 -10.64949    6.108451],20.0000,6.0000,[52.873352  41.56799    6.1565657],20.0000,0.0000,[ 50.898735  -25.646904    6.0859394],20.0000,6.0000,[192.82233  -52.911022   5.287119],20.0000,4.0000,[125.03024    -22.439901     0.13150197],20.0000,4.0000,[124.788025   -2.9333472   0.266382 ],20.0000,4.0000
50,[53.42139    6.225415   6.2245293],20.0000,0.0000,[54.08622   19.65892    6.2746177],20.0000,0.0000,[ 53.150257 -10.755681   6.189061],20.0000,6.0000,[53.960114  41.461155   5.8264456],20.0000,6.0000,[ 51.98831   -25.764784    6.1693425],20.0000,6.0000,[193.13693  -53.39679    5.287119],20.0000,4.0000,[125.60218    -22.350342     0.13280079],20.0000,4.0000,[125.34276     -2.7678053    0.26766226],20.0000,4.0000
51,[54.512047   6.1780987  5.9469104],20.0000,6.0000,[55.177895 19.668606  5.941033],20.0000,6.0000,[ 54.241844   -10.806749     0.13532884],20.0000,0.0000,[54.98297   41.067654   5.9098506],20.0000,6.0000,[ 53.07974    -25.828094     0.12150836],20.0000,0.0000,[193.45154  -53.882553   5.287119],20.0000,4.0000,[126.17412    -22.260874     0.13397013],20.0000,4.0000,[125.89751     -2.6023567    0.26881555],20.0000,4.0000
52,[55.565998   5.8852453  6.0415144],20.0000,6.0000,[56.235577 19.384924  6.022129],20.0000,6.0000,[ 55.322212 -10.650642   6.135703],20.0000,6.0000,[56.02161  40.726418  6.145205],20.0000,0.0000,[ 54.161392 -25.680637   6.125967],20.0000,6.0000,[193.76616  -54.36832    5.287119],20.0000,4.0000,[126.746056   -22.171501     0.13502775],20.0000,4.0000,[126.45226     -2.4370017    0.26985928],20.0000,4.0000
53,[56.634933   5.6609406  6.2715387],20.0000,0.0000,[57.304028  19.155155   6.2527394],20.0000,0.0000,[ 56.411507 -10.746486   6.228385],20.0000,6.0000,[57.10489  40.591404  5.866481],20.0000,6.0000,[ 55.250484 -25.782158   6.22016 ],20.0000,6.0000,[194.08076  -54.854088   5.287119],20.0000,4.0000,[127.31799    -22.082224     0.13598834],20.0000,4.0000,[127.00703    -2.2717392   0.2708077],20.0000,4.0000
54,[57.726376   5.6452355  5.985962 ],20.0000,6.0000,[58.39539   19.132273   5.9707546],20.0000,6.0000,[ 57.503258   -10.772794     0.17279898],20.0000,0.0000,[58.13147   40.21384    5.9606743],20.0000,6.0000,[ 56.342216   -25.813723     0.16653396],20.0000,0.0000,[194.39539  -55.339855   5.287119],20.0000,4.0000,[127.88993    -21.993038     0.13686405],20.0000,4.0000,[127.56181    -2.1065683   0.2716728],20.0000,4.0000
55,[58.786034   5.3776727  6.0773787],20.0000,6.0000,[59.454517 18.859964  6.063739],20.0000,6.0000,[ 58.57965   -10.591392    6.1689086],20.0000,6.0000,[59.17856   39.903214   6.1902347],20.0000,0.0000,[ 57.41926  -25.636293   6.163865],20.0000,6.0000,[194.70999  -55.82562    5.287119],20.0000,4.0000,[128.46187    -21.903942     0.13766512],20.0000,4.0000,[128.11661     -1.9414867    0.27246445],20.0000,4.0000
56,[5.9859627e+01 5.1789360e+00 1.8585127e-02],20.0000,0.0000,[6.052738e+01 1.865593e+01 8.581719e-03],20.0000,0.0000,[ 59.669975  -10.664521    6.2597156],20.0000,6.0000,[60.265068  39.79835    5.9043813],20.0000,6.0000,[ 58.509483 -25.71258    6.255176],20.0000,6.0000,[195.02461  -56.311386   5.287119],20.0000,4.0000,[129.03381    -21.814936     0.13840017],20.0000,4.0000,[128.67143     -1.7764922    0.27319115],20.0000,4.0000
57,[60.95124    5.1858535  6.012442 ],20.0000,6.0000,[61.618946  18.659597   6.0049653],20.0000,6.0000,[ 60.761757   -10.667558     0.20005299],20.0000,0.0000,[61.29922   39.44489    5.9956923],20.0000,6.0000,[ 59.60129  -25.71868    0.196234],20.0000,0.0000,[195.33922  -56.797153   5.287119],20.0000,4.0000,[129.60577    -21.726017     0.13907656],20.0000,4.0000,[129.22626    -1.6115826   0.2738601],20.0000,4.0000
58,[62.01525    4.9379487  6.102065 ],20.0000,6.0000,[62.682873 18.410042  6.095891],20.0000,6.0000,[ 61.834568  -10.46556     6.1933594],20.0000,6.0000,[62.352913 39.158855  6.219936],20.0000,0.0000,[ 60.67456  -25.519264   6.189997],20.0000,6.0000,[195.65382  -57.282917   5.287119],20.0000,4.0000,[130.17772    -21.63718      0.13970059],20.0000,4.0000,[129.7811      -1.4467553    0.27447748],20.0000,4.0000
59,[6.3092140e+01 4.7587481e+00 4.0704343e-02],20.0000,0.0000,[6.3759624e+01 1.8229435e+01 3.6399256e-02],20.0000,0.0000,[ 62.92568  -10.519536   6.28265 ],20.0000,6.0000,[63.44142  39.076214  5.930514],20.0000,6.0000,[ 61.765606  -25.5756      6.2795653],20.0000,6.0000,[195.96844  -57.768684   5.287119],20.0000,4.0000,[130.74968   -21.548428    0.1402777],20.0000,4.0000,[130.33597     -1.2820076    0.27504864],20.0000,4.0000
60,[64.18357    4.783904   6.0329413],20.0000,6.0000,[64.851    18.254324  6.029814],20.0000,6.0000,[ 64.017235   -10.5037       0.22085743],20.0000,0.0000,[64.48148   38.741825   6.0200825],20.0000,6.0000,[ 62.857216   -25.562052     0.21813314],20.0000,0.0000,[196.28305  -58.25445    5.287119],20.0000,4.0000,[131.32166    -21.459753     0.14081262],20.0000,4.0000,[130.89085     -1.1173369    0.27557817],20.0000,4.0000
61,[65.2512     4.552984   6.1214924],20.0000,6.0000,[65.91884  18.023726  6.119172],20.0000,6.0000,[ 65.08674   -10.2844515   6.2128315],20.0000,6.0000,[65.54002   38.474834   6.2418356],20.0000,0.0000,[ 63.927113 -25.344828   6.210326],20.0000,6.0000,[196.59767  -58.74022    5.287119],20.0000,4.0000,[131.89363    -21.371153     0.14130944],20.0000,4.0000,[131.44576     -0.9527406    0.27607012],20.0000,4.0000
62,[6.6330696e+01 4.3906407e+00 5.8780838e-02],20.0000,0.0000,[6.6998466e+01 1.7861958e+01 5.7466649e-02],20.0000,0.0000,[ 6.6178383e+01 -1.0321550e+01  1.7993903e-02],20.0000,6.0000,[66.629845  38.41027    5.9508433],20.0000,6.0000,[ 6.5018723e+01 -2.5383886e+01  1.5658800e-02],20.0000,6.0000,[196.91228  -59.225983   5.287119],20.0000,4.0000,[132.4656     -21.282629     0.14177176],20.0000,4.0000,[132.00067     -0.78821605   0.27652803],20.0000,4.0000
63,[67.4217     4.4320054  6.0502057],20.0000,6.0000,[68.08937   17.904537   6.0494933],20.0000,6.0000,[ 67.26953    -10.289121     0.23822731],20.0000,0.0000,[67.67488   38.092434   6.0393615],20.0000,6.0000,[ 66.109924  -25.353361    0.2360931],20.0000,0.0000,[197.2269   -59.71175    5.287119],20.0000,4.0000,[133.0376     -21.194176     0.14220278],20.0000,4.0000,[132.5556      -0.62376076   0.276955  ],20.0000,4.0000
64,[68.49246    4.216632   6.1380935],20.0000,6.0000,[69.1605    17.690601   6.1378827],20.0000,6.0000,[ 68.33579   -10.054334    6.2295113],20.0000,6.0000,[68.7374    37.841957   6.2597957],20.0000,0.0000,[ 67.17656   -25.120312    6.2274947],20.0000,6.0000,[197.5415   -60.197517   5.287119],20.0000,4.0000,[133.60959    -21.10579      0.14260525],20.0000,4.0000,[133.11055     -0.4593722    0.27735382],20.0000,4.0000
65,[69.57414     4.0697613   0.07461431],20.0000,0.0000,[70.242424   17.545366    0.07497973],20.0000,0.0000,[ 6.94277649e+01 -1.00758505e+01  3.40873674e-02],20.0000,6.0000,[69.82811  37.793526  5.968012],20.0000,6.0000,[ 6.8268509e+01 -2.5143560e+01  3.2176614e-02],20.0000,6.0000,[197.85612  -60.68328    5.287119],20.0000,4.0000,[134.1816     -21.017471     0.14298168],20.0000,4.0000,[133.66551     -0.29504788   0.27772692],20.0000,4.0000
66,[70.66452    4.126252   6.0655947],20.0000,6.0000,[71.33266   17.603872   6.0662923],20.0000,6.0000,[ 70.51832    -10.02806      0.25365248],20.0000,0.0000,[70.87754  37.490883  6.055879],20.0000,6.0000,[ 69.359146   -25.097462     0.25185964],20.0000,0.0000,[198.17073  -61.16905    5.287119],20.0000,4.0000,[134.7536     -20.929216     0.14333425],20.0000,4.0000,[ 1.3422049e+02 -1.3078551e-01  2.7807641e-01],20.0000,4.0000
67,[71.73807    3.9255955  6.153068 ],20.0000,6.0000,[72.40665   17.405313   6.1540794],20.0000,6.0000,[71.58131   -9.778688   6.2445526],20.0000,6.0000,[71.9435    37.255604   6.2755623],20.0000,0.0000,[ 70.42249  -24.849667   6.242827],20.0000,6.0000,[198.48534  -61.654816   5.287119],20.0000,4.0000,[135.32562    -20.841022     0.14366496],20.0000,4.0000,[1.3477548e+02 3.3417266e-02 2.7840430e-01],20.0000,4.0000
68,[72.82163     3.7934222   0.08913406],20.0000,0.0000,[73.49049    17.275383    0.09048808],20.0000,0.0000,[ 7.2673416e+01 -9.7853899e+00  4.8761617e-02],20.0000,6.0000,[73.03483  37.222267  5.983344],20.0000,6.0000,[ 7.1514603e+01 -2.4857964e+01  4.7102079e-02],20.0000,6.0000,[198.79996  -62.140583   5.287119],20.0000,4.0000,[135.89764    -20.752888     0.14397556],20.0000,4.0000,[135.33049      0.19756265   0.2787123 ],20.0000,4.0000
69,[73.91119    3.8644168  6.0798583],20.0000,6.0000,[74.579865  17.348852   6.0814047],20.0000,6.0000,[73.76322    -9.722949    0.26792783],20.0000,0.0000,[74.08824  36.934036  6.070805],20.0000,6.0000,[ 72.6045    -24.797089    0.2663394],20.0000,0.0000,[199.11456  -62.626347   5.287119],20.0000,4.0000,[136.46968   -20.66481     0.1442676],20.0000,3.0000,[135.88551      0.3616528    0.27900195],20.0000,4.0000
70,[74.98727    3.6779869  6.167072 ],20.0000,6.0000,[75.656395 17.164923  6.168815],20.0000,6.0000,[74.82285   -9.45956    6.2586045],20.0000,6.0000,[7.5157272e+01 3.6713226e+01 6.8569020e-03],20.0000,0.0000,[ 73.66449   -24.53518     6.2570558],20.0000,6.0000,[199.42918  -63.112114   5.287119],20.0000,4.0000,[ 1.3704129e+02 -2.0573845e+01  5.2783903e-02],20.0000,4.0000,[136.44055     0.5256898   0.2792747],20.0000,4.0000
71,[76.072464    3.5600586   0.10286149],20.0000,0.0000,[76.741875   17.049599    0.10481333],20.0000,0.0000,[ 7.5914925e+01 -9.4519129e+00  6.2582903e-02],20.0000,6.0000,[76.24898   36.694397   5.9975734],20.0000,6.0000,[ 7.4756577e+01 -2.4529043e+01  6.1075769e-02],20.0000,6.0000,[199.74379  -63.59788    5.287119],20.0000,4.0000,[ 1.3761784e+02 -2.0517185e+01  1.9475030e-02],20.0000,4.0000,[136.99559      0.6896756    0.27953178],20.0000,4.0000
72,[77.161026   3.6451814  6.093433 ],20.0000,6.0000,[77.83021  17.137468  6.0955  ],20.0000,6.0000,[77.003815   -9.375253    0.28150597],20.0000,0.0000,[77.306076 36.420116  6.084779],20.0000,6.0000,[ 75.84557    -24.453873     0.28004247],20.0000,0.0000,[200.05841  -64.08365    5.287119],20.0000,4.0000,[ 1.3819588e+02 -2.0474657e+01  8.6670024e-03],20.0000,4.0000,[137.55066      0.8536122    0.27977434],20.0000,4.0000
73,[78.2394     3.4726858  6.180483 ],20.0000,6.0000,[78.909035  16.967724   6.1826735],20.0000,6.0000,[78.059975 -9.098203  6.272049],20.0000,6.0000,[7.8377907e+01 3.6213356e+01 2.0560017e-02],20.0000,0.0000,[ 76.9021    -24.178242    6.2706094],20.0000,6.0000,[200.37302  -64.56941    5.287119],20.0000,4.0000,[ 1.3877434e+02 -2.0438221e+01  7.0309690e-03],20.0000,4.0000,[138.10573      1.0175015    0.28000343],20.0000,4.0000
74,[79.32602     3.3687344   0.11610293],20.0000,0.0000,[79.995926   16.866598    0.11842203],20.0000,0.0000,[ 7.915184e+01 -9.076496e+00  7.588214e-02],20.0000,6.0000,[79.46979  36.208675  6.011127],20.0000,6.0000,[ 7.7993996e+01 -2.4157995e+01  7.4468799e-02],20.0000,6.0000,[200.68762  -65.055176   5.287119],20.0000,4.0000,[ 1.3935286e+02 -2.0404388e+01  8.9512421e-03],20.0000,4.0000,[138.66083      1.181345     0.28022003],20.0000,4.0000
75,[80.41343    3.4677503  6.1065817],20.0000,6.0000,[81.08305   16.968523   6.1089706],20.0000,6.0000,[80.239655   -8.985883    0.29465517],20.0000,0.0000,[80.53032   35.948086   6.0981717],20.0000,6.0000,[ 79.081924   -24.068825     0.29326886],20.0000,0.0000,[201.00224  -65.54095    5.287119],20.0000,4.0000,[ 1.3993134e+02 -2.0371637e+01  1.2029786e-02],20.0000,4.0000,[139.21593      1.3451447    0.28042495],20.0000,4.0000
76,[81.4939     3.309016   6.1935287],20.0000,6.0000,[82.163956 16.812698  6.195996],20.0000,6.0000,[ 8.1292213e+01 -8.6954069e+00  1.9310842e-03],20.0000,6.0000,[8.160471e+01 3.575513e+01 3.378644e-02],20.0000,0.0000,[ 8.0134865e+01 -2.3779730e+01  5.5944454e-04],20.0000,6.0000,[201.31685  -66.02671    5.287119],20.0000,4.0000,[ 1.4050974e+02 -2.0339323e+01  1.5274669e-02],20.0000,4.0000,[139.77103      1.5089023    0.28061903],20.0000,4.0000
77,[82.58175     3.218881    0.12904324],20.0000,0.0000,[83.25205    16.725525    0.13159011],20.0000,0.0000,[82.3837     -8.659824    0.08885833],20.0000,6.0000,[82.69658   35.764385   6.0242624],20.0000,6.0000,[ 81.226395   -23.745573     0.08750322],20.0000,6.0000,[201.63147  -66.51248    5.287119],20.0000,4.0000,[ 1.4108806e+02 -2.0307186e+01  1.8313564e-02],20.0000,4.0000,[140.32616      1.6726192    0.28080294],20.0000,4.0000
78,[83.66782    3.3316383  6.119465 ],20.0000,6.0000,[84.33781  16.841291  6.122055],20.0000,6.0000,[83.470276   -8.555429    0.30753806],20.0000,0.0000,[83.76033  35.51733   6.111206],20.0000,6.0000,[ 82.31311   -23.642593    0.3061998],20.0000,0.0000,[201.94608  -66.998245   5.287119],20.0000,4.0000,[ 1.4166632e+02 -2.0275137e+01  2.1037618e-02],20.0000,4.0000,[140.88129      1.8362969    0.28097737],20.0000,4.0000
79,[84.750206   3.1865652  6.206347 ],20.0000,6.0000,[85.42059   16.699228   6.2089863],20.0000,6.0000,[ 8.4519089e+01 -8.2516918e+00  1.4763498e-02],20.0000,6.0000,[8.4837090e+01 3.5338036e+01 4.6717402e-02],20.0000,0.0000,[ 8.3362312e+01 -2.3340210e+01  1.3434338e-02],20.0000,6.0000,[202.2607   -67.48401    5.287119],20.0000,4.0000,[ 1.4224452e+02 -2.0243151e+01  2.3442062e-02],20.0000,4.0000,[141.43643      1.999937     0.28114295],20.0000,4.0000
80,[85.8391     3.1101503  0.1417958],20.0000,0.0000,[86.509705   16.625862    0.14448476],20.0000,0.0000,[85.61003    -8.20235     0.10163329],20.0000,6.0000,[85.92876  35.36109   6.037137],20.0000,6.0000,[ 84.45332    -23.292273     0.10031454],20.0000,6.0000,[202.5753   -67.96978    5.287119],20.0000,4.0000,[ 1.4282268e+02 -2.0211229e+01  2.5557863e-02],20.0000,4.0000,[141.99158     2.163541    0.2813002],20.0000,4.0000
81,[86.923676   3.2365472  6.132182 ],20.0000,6.0000,[87.59391   16.755327   6.1348977],20.0000,6.0000,[86.695206  -8.084287   0.3202547],20.0000,0.0000,[86.99554   35.12749    6.1240172],20.0000,6.0000,[ 85.53864   -23.175604    0.3189465],20.0000,0.0000,[202.88992  -68.45554    5.287119],20.0000,4.0000,[ 1.4340080e+02 -2.0179379e+01  2.7424080e-02],20.0000,4.0000,[142.54674      2.32711      0.28144965],20.0000,4.0000
82,[88.00779    3.1050794  6.219023 ],20.0000,6.0000,[88.6784    16.626934   6.2217703],20.0000,6.0000,[ 8.7740135e+01 -7.7674084e+00  2.7448764e-02],20.0000,6.0000,[8.8074463e+01 3.4961781e+01 5.9464127e-02],20.0000,0.0000,[ 8.6583977e+01 -2.2860062e+01  2.6146231e-02],20.0000,6.0000,[203.20453  -68.94131    5.287119],20.0000,4.0000,[ 1.4397890e+02 -2.0147608e+01  2.9077711e-02],20.0000,4.0000,[143.10191      2.4906454    0.28159177],20.0000,4.0000
83,[89.097565    3.0423281   0.15443085],20.0000,0.0000,[89.76834    16.567287    0.15720877],20.0000,0.0000,[88.83037    -7.7043843   0.11428238],20.0000,0.0000,[89.165764 34.99855   6.049849],20.0000,6.0000,[ 87.67429    -22.798431     0.11298641],20.0000,6.0000,[203.51913  -69.42708    5.287119],20.0000,4.0000,[ 1.4455698e+02 -2.0115923e+01  3.0550707e-02],20.0000,4.0000,[143.65709      2.6541486    0.28172702],20.0000,4.0000
84,[90.18047   3.182292  6.144795],20.0000,6.0000,[90.850845  16.710354   6.1475897],20.0000,6.0000,[89.91194   -7.5550175  6.0655007],20.0000,6.0000,[90.23539  34.778362  6.136689],20.0000,0.0000,[ 88.758064  -22.668161    0.3315779],20.0000,0.0000,[203.83376  -69.91284    5.287119],20.0000,4.0000,[ 1.4513503e+02 -2.0084328e+01  3.1869706e-02],20.0000,4.0000,[144.21228     2.8176205   0.2818558],20.0000,4.0000
85,[91.26614    3.0644004  6.231611 ],20.0000,6.0000,[91.93685   16.59558    6.2344246],20.0000,0.0000,[90.99777  -7.700178  6.147642],20.0000,6.0000,[91.31891  34.643837  5.804729],20.0000,6.0000,[ 8.9799370e+01 -2.2339560e+01  3.8755886e-02],20.0000,6.0000,[204.14836  -70.398605   5.287119],20.0000,4.0000,[ 1.4571307e+02 -2.0052826e+01  3.3056673e-02],20.0000,4.0000,[144.76747      2.9810624    0.28197846],20.0000,4.0000
86,[92.35661    3.0152795  0.1669922],20.0000,0.0000,[93.02833  16.567408  5.902459],20.0000,6.0000,[92.08708    -7.790726    0.09734473],20.0000,0.0000,[92.33061   34.223648   5.8868747],20.0000,6.0000,[ 90.888824   -22.26429      0.12557086],20.0000,0.0000,[204.46298  -70.88438    5.287119],20.0000,4.0000,[ 1.4629109e+02 -2.0021416e+01  3.4129694e-02],20.0000,4.0000,[145.32268     3.1444757   0.2820954],20.0000,4.0000
87,[93.4377     3.1687555  6.1573424],20.0000,6.0000,[94.076195 16.247925  5.984602],20.0000,6.0000,[93.17221   -7.6718144  6.1001353],20.0000,6.0000,[93.35975  33.855328  6.119772],20.0000,0.0000,[ 91.96865   -22.10279     6.0767703],20.0000,6.0000,[204.77759  -71.37014    5.287119],20.0000,4.0000,[ 1.4686911e+02 -1.9990101e+01  3.5103742e-02],20.0000,4.0000,[145.87788     3.307861    0.2822069],20.0000,4.0000
88,[94.52475    3.0644274  6.244142 ],20.0000,6.0000,[95.13636  15.981766  6.217492],20.0000,0.0000,[94.25798   -7.803227   6.1937075],20.0000,6.0000,[94.43886  33.690464  5.839383],20.0000,6.0000,[ 93.05603   -22.23576     6.1588993],20.0000,6.0000,[205.09221  -71.85591    5.287119],20.0000,4.0000,[ 1.4744711e+02 -1.9958878e+01  3.5991285e-02],20.0000,4.0000,[146.4331       3.4712195    0.28231326],20.0000,4.0000
89,[95.615746    3.0289176   0.17950726],20.0000,0.0000,[96.22641   15.922967   5.9370985],20.0000,6.0000,[95.34838    -7.8649955   0.13932927],20.0000,0.0000,[95.454056  33.28358    5.9329576],20.0000,6.0000,[ 94.146286   -22.31408      0.10857611],20.0000,0.0000,[205.40681  -72.341675   5.287119],20.0000,4.0000,[ 1.4802512e+02 -1.9927746e+01  3.6802787e-02],20.0000,4.0000,[146.98834     3.6345525   0.2824148],20.0000,4.0000
90,[96.69483    3.1958609  6.1698484],20.0000,6.0000,[97.27645   15.617062   6.0306716],20.0000,6.0000,[96.429985 -7.717919  6.136201],20.0000,6.0000,[96.49167  32.9428    6.161768],20.0000,0.0000,[ 95.23002   -22.183014    6.1113486],20.0000,6.0000,[205.72142  -72.82744    5.287119],20.0000,4.0000,[ 1.4860312e+02 -1.9896704e+01  3.7547085e-02],20.0000,4.0000,[147.54356      3.7978604    0.28251174],20.0000,4.0000
91,[97.783104  3.105093  6.256638],20.0000,6.0000,[98.34236   15.379127   6.2594795],20.0000,0.0000,[97.51756   -7.8251557  6.2273297],20.0000,6.0000,[97.57463   32.806065   5.8754563],20.0000,6.0000,[ 96.31719   -22.302263    6.2049146],20.0000,6.0000,[206.03604  -73.31321    5.287119],20.0000,4.0000,[ 1.4918111e+02 -1.9865747e+01  3.8231716e-02],20.0000,4.0000,[148.09882      3.9611444    0.28260437],20.0000,4.0000
92,[98.87446     3.0831826   0.19199318],20.0000,0.0000,[99.4335    15.348694   5.9731665],20.0000,6.0000,[98.60874    -7.862319    0.16812919],20.0000,0.0000,[98.5978    32.42208    5.9665856],20.0000,6.0000,[ 97.40821    -22.351824     0.15052795],20.0000,0.0000,[206.35065  -73.79897    5.287119],20.0000,4.0000,[ 1.4975911e+02 -1.9834877e+01  3.8863115e-02],20.0000,4.0000,[148.65405      4.1244054    0.28269288],20.0000,4.0000
93,[99.951385   3.2635548  6.182329 ],20.0000,6.0000,[100.48924    15.066352    6.0642953],20.0000,6.0000,[99.68729   -7.693677   6.1617284],20.0000,6.0000,[99.64252   32.10487    6.1905713],20.0000,0.0000,[ 98.488106  -22.192656    6.1473947],20.0000,6.0000,[206.66527  -74.28474    5.287119],20.0000,4.0000,[ 1.5033710e+02 -1.9804089e+01  3.9446842e-02],20.0000,4.0000,[149.2093       4.2876444    0.28277752],20.0000,4.0000
94,[101.040695    3.1863487   6.269112 ],20.0000,6.0000,[1.0155992e+02 1.4852569e+01 5.0948788e-03],20.0000,0.0000,[100.776245   -7.7812862   6.2511997],20.0000,6.0000,[100.72808   31.989767   5.900986],20.0000,6.0000,[ 99.57681  -22.287722   6.238521],20.0000,6.0000,[206.97987  -74.77051    5.287119],20.0000,4.0000,[ 1.5091508e+02 -1.9773378e+01  3.9987717e-02],20.0000,4.0000,[149.76457      4.450862     0.28285843],20.0000,4.0000
95,[102.13224      3.1780303    0.20446077],20.0000,0.0000,[102.651535   14.843914    5.9986944],20.0000,6.0000,[101.86778     -7.799082     0.18964012],20.0000,0.0000,[101.757645   31.624388    5.9904575],20.0000,6.0000,[100.66834    -22.31268      0.17931762],20.0000,0.0000,[207.2945   -75.25627    5.287119],20.0000,4.0000,[ 1.5149307e+02 -1.9742746e+01  4.0489923e-02],20.0000,4.0000,[150.31984     4.6140585   0.2829359],20.0000,4.0000
96,[103.20683     3.3717952   6.194793 ],20.0000,6.0000,[103.71184    14.580714    6.0881653],20.0000,6.0000,[102.9435     -7.612739    6.1817555],20.0000,6.0000,[102.80771   31.3258     6.212084],20.0000,0.0000,[101.74493  -22.131987   6.172915],20.0000,6.0000,[207.6091   -75.742035   5.287119],20.0000,4.0000,[ 1.5207104e+02 -1.9712189e+01  4.0957138e-02],20.0000,4.0000,[150.8751      4.7772355   0.28301  ],20.0000,4.0000
97,[104.29703     3.308155    6.2815723],20.0000,0.0000,[1.0478602e+02 1.4385984e+01 2.6606187e-02],20.0000,0.0000,[104.033516  -7.683236   6.270214],20.0000,6.0000,[103.895096   31.228529    5.9210143],20.0000,6.0000,[102.8348   -22.207415   6.262385],20.0000,6.0000,[207.92372  -76.227806   5.287119],20.0000,4.0000,[ 1.5264903e+02 -1.9681702e+01  4.1392583e-02],20.0000,4.0000,[151.43039      4.9403934    0.28308094],20.0000,4.0000
98,[105.38862     3.3312562   5.94955  ],20.0000,6.0000,[105.87771   14.395254   6.018722],20.0000,6.0000,[105.125145    -7.6841846    0.20739272],20.0000,0.0000,[104.9301     30.879414    6.0094733],20.0000,6.0000,[103.926476 -22.213005   0.200824],20.0000,0.0000,[208.23833  -76.71357    5.287119],20.0000,4.0000,[ 1.5322702e+02 -1.9651285e+01  4.1799109e-02],20.0000,4.0000,[151.98567      5.103533     0.28314888],20.0000,4.0000
99,[106.45031     3.0612943   6.0316553],20.0000,6.0000,[106.941826   14.148769    6.1071806],20.0000,6.0000,[106.19807    -7.4820304   6.198753 ],20.0000,6.0000,[105.98459    30.597078    6.2298374],20.0000,0.0000,[105.00003  -22.014647   6.192939],20.0000,6.0000,[208.55293  -77.19934    5.287119],20.0000,4.0000,[ 1.5380501e+02 -1.9620935e+01  4.2179238e-02],20.0000,4.0000,[152.54095     5.2666545   0.283214 ],20.0000,4.0000
100,[107.52179     2.8451796   6.2644677],20.0000,0.0000,[1.0801883e+02 1.3970648e+01 4.4358995e-02],20.0000,0.0000,[ 1.0728889e+02 -7.5368137e+00  3.3979442e-03],20.0000,6.0000,[107.07336   30.515806   5.938012],20.0000,6.0000,[106.09077   -22.072954    6.2813964],20.0000,6.0000,[208.86755  -77.685104   5.287119],20.0000,4.0000,[ 1.5438300e+02 -1.9590651e+01  4.2535212e-02],20.0000,4.0000,[153.09624      5.429759     0.28327638],20.0000,4.0000
101,[108.61339     2.837552    5.9840207],20.0000,6.0000,[109.11034   13.995974   6.035719],20.0000,6.0000,[108.380394   -7.522253    0.2230397],20.0000,0.0000,[108.11318    30.181665    6.0258427],20.0000,6.0000,[107.18234    -22.061699     0.21857418],20.0000,0.0000,[209.18216  -78.17087    5.287119],20.0000,4.0000,[ 1.5496098e+02 -1.9560427e+01  4.2869028e-02],20.0000,4.0000,[153.65154      5.592847     0.28333616],20.0000,4.0000
102,[109.676605   2.581175   6.077574],20.0000,6.0000,[110.177795   13.764863    6.1235495],20.0000,6.0000,[109.45047    -7.3053174   6.2139835],20.0000,6.0000,[109.17155   29.914349   6.245485],20.0000,0.0000,[108.25294   -21.847563    6.2099338],20.0000,6.0000,[209.49678  -78.65664    5.287119],20.0000,4.0000,[ 1.5553897e+02 -1.9530264e+01  4.3182485e-02],20.0000,4.0000,[154.20685     5.755919    0.2833935],20.0000,4.0000
103,[1.10752495e+02 2.39343071e+00 2.31710188e-02],20.0000,0.0000,[1.11257195e+02 1.36020660e+01 6.00061007e-02],20.0000,0.0000,[ 1.1054188e+02 -7.3452077e+00  1.8235540e-02],20.0000,6.0000,[110.26138    29.848091    5.9532433],20.0000,6.0000,[ 1.0934430e+02 -2.1890148e+01  1.4578485e-02],20.0000,6.0000,[209.81139  -79.1424     5.287119],20.0000,4.0000,[ 1.5611696e+02 -1.9500158e+01  4.3477181e-02],20.0000,4.0000,[154.76215      5.918976     0.28344846],20.0000,4.0000
104,[111.84386     2.4141269   6.0200276],20.0000,6.0000,[112.34829   13.642438   6.05095 ],20.0000,6.0000,[111.63307   -7.315901   0.237448],20.0000,0.0000,[111.30561   29.52819    6.040681],20.0000,6.0000,[110.43558    -21.863386     0.23421976],20.0000,0.0000,[210.126    -79.62817    5.287119],20.0000,4.0000,[ 1.5669495e+02 -1.9470108e+01  4.3754574e-02],20.0000,4.0000,[155.31746     6.0820174   0.2835012],20.0000,4.0000
105,[112.91167     2.181522    6.1111503],20.0000,6.0000,[113.418755  13.425928   6.138387],20.0000,6.0000,[112.70021    -7.084792    6.2281504],20.0000,6.0000,[112.367485   29.2752      6.2598934],20.0000,0.0000,[111.50316  -21.634502   6.225163],20.0000,6.0000,[210.44061  -80.11394    5.287119],20.0000,4.0000,[ 1.5727293e+02 -1.9440111e+01  4.4015959e-02],20.0000,4.0000,[155.87277     6.245045    0.2835518],20.0000,4.0000
106,[1.1399118e+02 2.0180991e+00 5.1940855e-02],20.0000,0.0000,[1.1450024e+02 1.3277732e+01 7.4414484e-02],20.0000,0.0000,[ 1.13792015e+02 -7.11028433e+00  3.21559906e-02],20.0000,6.0000,[113.45813    29.223394    5.9674106],20.0000,6.0000,[ 1.1259495e+02 -2.1662189e+01  2.9415047e-02],20.0000,6.0000,[210.75522  -80.5997     5.287119],20.0000,4.0000,[ 1.5785092e+02 -1.9410164e+01  4.4262521e-02],20.0000,4.0000,[156.42809      6.408059     0.28360036],20.0000,4.0000
107,[115.082       2.0605528   6.0455346],20.0000,6.0000,[115.59073   13.332566   6.065117],20.0000,6.0000,[114.88273     -7.066688     0.25110745],20.0000,0.0000,[114.506454   28.917303    6.0546017],20.0000,6.0000,[113.68575    -21.620687     0.24862722],20.0000,0.0000,[211.06984  -81.085464   5.287119],20.0000,4.0000,[ 1.5842891e+02 -1.9380268e+01  4.4495333e-02],20.0000,4.0000,[156.98341      6.5710597    0.28364697],20.0000,4.0000
108,[116.15346     1.8472731   6.135002 ],20.0000,6.0000,[116.66392   13.130199   6.152308],20.0000,6.0000,[115.9468    -6.821783   6.241666],20.0000,6.0000,[115.57154   28.678246   6.273553],20.0000,0.0000,[114.75024  -21.377665   6.23933 ],20.0000,6.0000,[211.38445  -81.571236   5.287119],20.0000,4.0000,[ 1.5900691e+02 -1.9350420e+01  4.4715367e-02],20.0000,4.0000,[157.53874      6.7340474    0.28369173],20.0000,4.0000
109,[1.1723557e+02 1.7030357e+00 7.3438480e-02],20.0000,0.0000,[1.17747246e+02 1.29961815e+01 8.80739689e-02],20.0000,0.0000,[ 1.1703882e+02 -6.8331823e+00  4.5516279e-02],20.0000,0.0000,[116.66279    28.640558    5.9809265],20.0000,6.0000,[ 1.15842255e+02 -2.13909512e+01  4.33348715e-02],20.0000,6.0000,[211.69907  -82.057      5.287119],20.0000,4.0000,[ 1.5958490e+02 -1.9320618e+01  4.4923510e-02],20.0000,4.0000,[158.09407     6.897023    0.2837347],20.0000,4.0000
110,[118.32564     1.7633922   6.0655513],20.0000,6.0000,[118.83696    13.065127    6.0786324],20.0000,6.0000,[118.12807   -6.757763   5.99694 ],20.0000,6.0000,[117.71496   28.348026   6.067962],20.0000,6.0000,[116.93241    -21.335165     0.26228616],20.0000,0.0000,[212.01367  -82.54276    5.287119],20.0000,4.0000,[ 1.6016289e+02 -1.9290859e+01  4.5120571e-02],20.0000,4.0000,[158.6494      7.0599866   0.283776 ],20.0000,4.0000
111,[119.40012     1.5669817   6.154008 ],20.0000,6.0000,[119.91265   12.876631   6.165668],20.0000,6.0000,[119.20158    -6.9763846   6.0792193],20.0000,6.0000,[1.1878302e+02 2.8122673e+01 3.5673010e-03],20.0000,0.0000,[117.99368   -21.07838     6.2528443],20.0000,6.0000,[212.3283   -83.028534   5.287119],20.0000,4.0000,[ 1.6074089e+02 -1.9261145e+01  4.5307294e-02],20.0000,4.0000,[159.20473      7.222939     0.28381565],20.0000,4.0000
112,[1.2048428e+02 1.4394624e+00 9.1183946e-02],20.0000,0.0000,[1.20997604e+02 1.27565422e+01 1.01273447e-01],20.0000,0.0000,[ 1.2028223e+02 -7.1407738e+00  2.9203450e-02],20.0000,0.0000,[119.874664  28.098904   5.994038],20.0000,6.0000,[ 1.1908576e+02 -2.1077574e+01  5.6694776e-02],20.0000,6.0000,[212.6429   -83.5143     5.287119],20.0000,4.0000,[ 1.6131889e+02 -1.9231468e+01  4.5484349e-02],20.0000,4.0000,[159.76007      7.38588      0.28385374],20.0000,4.0000
113,[121.5734      1.5158447   6.0825424],20.0000,6.0000,[122.086365   12.839377    6.0917444],20.0000,6.0000,[121.37293    -7.0957336   6.0321875],20.0000,6.0000,[120.930466  27.819794   6.080976],20.0000,6.0000,[120.17511    -21.007786     0.27548528],20.0000,0.0000,[212.95752  -84.00007    5.287119],20.0000,4.0000,[ 1.6189688e+02 -1.9201834e+01  4.5652371e-02],20.0000,4.0000,[160.31541      7.5488105    0.28389037],20.0000,4.0000
114,[122.65051     1.3349459   6.170372 ],20.0000,6.0000,[123.16435    12.664593    6.1786823],20.0000,6.0000,[122.447334   -7.300344    6.1258316],20.0000,6.0000,[1.22001305e+02 2.76080151e+01 1.64815504e-02],20.0000,0.0000,[121.233025 -20.73749    6.265956],20.0000,6.0000,[213.27213  -84.48583    5.287119],20.0000,4.0000,[ 1.6247488e+02 -1.9172235e+01  4.5811921e-02],20.0000,4.0000,[160.87076      7.7117305    0.28392556],20.0000,4.0000
115,[1.23736351e+02 1.22284341e+00 1.06826805e-01],20.0000,0.0000,[1.2425074e+02 1.2558285e+01 1.1418764e-01],20.0000,0.0000,[ 1.2353105e+02 -7.4357600e+00  7.1543686e-02],20.0000,0.0000,[123.09317    27.59804     6.0068984],20.0000,6.0000,[ 1.2232500e+02 -2.0722778e+01  6.9708645e-02],20.0000,6.0000,[213.58673  -84.971596   5.287119],20.0000,4.0000,[ 1.6305289e+02 -1.9142675e+01  4.5963533e-02],20.0000,4.0000,[161.4261      7.874641    0.2839594],20.0000,4.0000
116,[124.82436     1.3142346   6.0977697],20.0000,6.0000,[125.33837    12.654868    6.1046042],20.0000,6.0000,[124.62013    -7.362157    6.0684714],20.0000,6.0000,[124.1524    27.33228    6.093775],20.0000,6.0000,[123.41337    -20.639172     0.28839928],20.0000,0.0000,[213.90135  -85.45737    5.287119],20.0000,4.0000,[ 1.6363089e+02 -1.9113150e+01  4.6107691e-02],20.0000,3.0000,[161.98146      8.037541     0.28399193],20.0000,4.0000
117,[125.90378     1.148059    6.1852064],20.0000,6.0000,[126.41848   12.493704   6.191481],20.0000,6.0000,[125.697975   -7.54265     6.1596227],20.0000,6.0000,[1.25225815e+02 2.71340065e+01 2.92178243e-02],20.0000,0.0000,[124.4678    -20.35553     6.2788157],20.0000,6.0000,[214.21596  -85.94313    5.287119],20.0000,4.0000,[164.20876   -19.080688    6.2376714],20.0000,4.0000,[162.5368      8.200433    0.2840232],20.0000,4.0000
118,[1.2699102e+02 1.0506372e+00 1.2123264e-01],20.0000,0.0000,[1.2750612e+02 1.2401090e+01 1.2692389e-01],20.0000,0.0000,[ 1.2678416e+02 -7.6534691e+00  1.0045445e-01],20.0000,0.0000,[126.317726  27.137745   6.019601],20.0000,6.0000,[ 1.2555949e+02 -2.0327038e+01  8.2507133e-02],20.0000,0.0000,[214.53058  -86.428894   5.287119],20.0000,4.0000,[164.78801   -19.082817    6.2042136],20.0000,4.0000,[163.09216     8.363316    0.2840533],20.0000,4.0000
119,[128.07774     1.156446    6.1119347],20.0000,6.0000,[128.59245    12.511326    6.1173067],20.0000,6.0000,[127.87162    -7.5580792   6.0940742],20.0000,6.0000,[127.3802     26.885302    6.1064386],20.0000,6.0000,[126.64525   -20.211956    6.0337687],20.0000,6.0000,[214.84518  -86.914665   5.287119],20.0000,4.0000,[165.36728  -19.099041   6.193123],20.0000,4.0000,[163.64752      8.52619      0.28408223],20.0000,4.0000
120,[129.15923     1.0045242   6.199125 ],20.0000,6.0000,[129.67448   12.363732   6.204145],20.0000,6.0000,[128.95218    -7.7190475   6.1835575],20.0000,6.0000,[1.2845602e+02 2.6700502e+01 4.1842677e-02],20.0000,6.0000,[127.72595  -20.391369   6.115939],20.0000,6.0000,[215.1598   -87.40043    5.287119],20.0000,4.0000,[165.94638  -19.121311   6.19114 ],20.0000,4.0000,[164.20288      8.689055     0.28411007],20.0000,4.0000
121,[130.24765      0.9213512    0.13489059],20.0000,6.0000,[130.76321     12.284761     0.13954872],20.0000,6.0000,[ 1.3004002e+02 -7.8105321e+00  1.2201415e-01],20.0000,0.0000,[129.54855    26.700087    0.2995713],20.0000,0.0000,[ 1.2881186e+02 -2.0516308e+01  6.5701231e-02],20.0000,0.0000,[215.47441  -87.88619    5.287119],20.0000,4.0000,[166.52528   -19.146164    6.1927176],20.0000,4.0000,[164.75824      8.851913     0.28413686],20.0000,4.0000
122,[131.33534      1.0235467    0.39281538],20.0000,0.0000,[131.85057     12.390924     0.39727736],20.0000,0.0000,[131.12587    -7.6972666   6.1141396],20.0000,6.0000,[1.3061717e+02 2.6939072e+01 1.1947316e-02],20.0000,6.0000,[129.9002    -20.431726    6.0685325],20.0000,6.0000,[215.78902  -88.37196    5.287119],20.0000,4.0000,[167.10406   -19.1721      6.1954904],20.0000,4.0000,[165.31361      9.014763     0.28416264],20.0000,4.0000
123,[1.3237671e+02 1.3618380e+00 1.0546399e-01],20.0000,6.0000,[1.32890778e+02 1.27330132e+01 1.09653346e-01],20.0000,6.0000,[132.20863    -7.841215    6.2026057],20.0000,0.0000,[1.3170885e+02 2.6935253e+01 8.4389731e-02],20.0000,6.0000,[130.9813    -20.597334    6.1621203],20.0000,0.0000,[216.10364  -88.85773    5.287119],20.0000,4.0000,[167.68272   -19.19848     6.1984777],20.0000,4.0000,[165.86897      9.177606     0.28418744],20.0000,4.0000
124,[133.46391      1.4606019    0.17832282],20.0000,0.0000,[133.97762     12.835708     0.18209575],20.0000,6.0000,[133.29915    -7.898106    5.8724265],20.0000,6.0000,[132.7996     26.990763    0.2939152],20.0000,0.0000,[132.07135   -20.675772    5.8403945],20.0000,6.0000,[216.41824  -89.3435     5.287119],20.0000,4.0000,[168.2613    -19.22505     6.2013054],20.0000,4.0000,[166.42435     9.340441    0.2842113],20.0000,4.0000
125,[134.5414      1.6362183   6.120683 ],20.0000,6.0000,[135.05775     12.997357     0.39162123],20.0000,0.0000,[134.33894    -8.244323    5.9557896],20.0000,6.0000,[133.8638    27.242704   6.277776],20.0000,6.0000,[133.10713   -21.039085    5.9300146],20.0000,6.0000,[216.73286  -89.82926    5.287119],20.0000,4.0000,[168.8398   -19.251715   6.203858],20.0000,4.0000,[166.97972      9.503269     0.28423432],20.0000,4.0000
126,[135.62735     1.5132003   6.1972537],20.0000,6.0000,[1.360923e+02 1.335191e+01 9.229641e-02],20.0000,6.0000,[135.39214   -8.537601   6.191067],20.0000,0.0000,[1.3495535e+02 2.7238438e+01 7.0778891e-02],20.0000,6.0000,[134.15639   -21.34861     6.1752095],20.0000,0.0000,[217.04747  -90.315025   5.287119],20.0000,4.0000,[169.41826   -19.278452    6.2061224],20.0000,4.0000,[167.5351       9.666091     0.28425643],20.0000,4.0000
127,[1.3671727e+02 1.4472594e+00 1.3314417e-01],20.0000,0.0000,[137.17906     13.4541445    0.16848491],20.0000,6.0000,[136.48045    -8.622879    5.9122915],20.0000,6.0000,[136.04556    27.295938    0.2826137],20.0000,0.0000,[135.24396   -21.444286    5.9026556],20.0000,6.0000,[217.36209  -90.8008     5.287119],20.0000,4.0000,[169.99666  -19.305256   6.208123],20.0000,4.0000,[168.09047      9.828907     0.28427774],20.0000,4.0000
128,[137.80042     1.5828389   6.1259003],20.0000,6.0000,[138.25847    13.617723    0.3803197],20.0000,0.0000,[137.52322   -8.953084   6.006466],20.0000,6.0000,[137.10841   27.55005    6.269374],20.0000,6.0000,[136.28532   -21.779999    5.9991136],20.0000,0.0000,[217.6767   -91.28656    5.287119],20.0000,4.0000,[170.57501   -19.332132    6.2098947],20.0000,4.0000,[168.64584      9.991715     0.28429824],20.0000,4.0000
129,[138.88626     1.4609087   6.2156124],20.0000,6.0000,[1.3929146e+02 1.3974306e+01 8.3894379e-02],20.0000,6.0000,[138.58342   -9.215491   6.236004],20.0000,0.0000,[1.3820004e+02 2.7548033e+01 6.7205697e-02],20.0000,6.0000,[137.34952  -22.029795   5.68039 ],20.0000,6.0000,[217.99132  -91.77232    5.287119],20.0000,4.0000,[171.15335   -19.35909     6.2114687],20.0000,4.0000,[169.20122   10.154519   0.284318],20.0000,4.0000
130,[139.97676      1.4082601    0.15511803],20.0000,0.0000,[140.37808    14.078786    0.1649117],20.0000,6.0000,[139.6736    -9.270557   5.950137],20.0000,6.0000,[139.2898     27.611475    0.2813989],20.0000,0.0000,[138.316    -22.550858   5.771847],20.0000,6.0000,[218.30592  -92.258095   5.287119],20.0000,4.0000,[171.73164  -19.386133   6.212875],20.0000,4.0000,[169.75659   10.317316   0.284337],20.0000,4.0000
131,[141.05772     1.5607235   6.1479993],20.0000,6.0000,[141.45645     14.248232     0.37910488],20.0000,0.0000,[140.72282   -9.576369   6.041443],20.0000,6.0000,[140.35054    27.87266     6.2696457],20.0000,6.0000,[139.30429  -23.020182   6.019209],20.0000,0.0000,[218.62053  -92.74386    5.287119],20.0000,4.0000,[172.3099    -19.413267    6.2141366],20.0000,4.0000,[170.31198     10.480108     0.28435534],20.0000,4.0000
132,[142.14514     1.4563779   6.237055 ],20.0000,6.0000,[1.4248665e+02 1.4611648e+01 8.4166400e-02],20.0000,6.0000,[141.7885     -9.813932    6.2656794],20.0000,0.0000,[1.4144228e+02 2.7877945e+01 6.9874167e-02],20.0000,6.0000,[140.36404   -23.282776    5.7478576],20.0000,6.0000,[218.93515  -93.22962    5.287119],20.0000,4.0000,[172.88817   -19.44049     6.2152743],20.0000,4.0000,[170.86737   10.642895   0.284373],20.0000,4.0000
133,[143.23625      1.4216638    0.17499314],20.0000,0.0000,[143.57265     14.723406     0.16758017],20.0000,6.0000,[142.87964    -9.846727    5.9762526],20.0000,6.0000,[142.53143     27.9503       0.28555876],20.0000,0.0000,[141.34148  -23.774548   5.844733],20.0000,0.0000,[219.24976  -93.71539    5.287119],20.0000,4.0000,[173.46638  -19.467806   6.216305],20.0000,4.0000,[171.42274    10.8056755   0.28439  ],20.0000,4.0000
134,[144.3148      1.5909985   6.1668086],20.0000,6.0000,[144.64957     14.901663     0.38326475],20.0000,0.0000,[143.9339    -10.133226    6.0658183],20.0000,0.0000,[143.58955   28.221087   6.274547],20.0000,6.0000,[142.35475   -24.18469     5.5263324],20.0000,6.0000,[219.56438  -94.20116    5.287119],20.0000,4.0000,[174.0446   -19.495214   6.217242],20.0000,4.0000,[171.97813     10.9684515    0.28440636],20.0000,4.0000
135,[145.40352     1.5031594   6.2550316],20.0000,0.0000,[1.4567622e+02 1.5274380e+01 8.9067705e-02],20.0000,6.0000,[145.00739   -10.334138    5.7370157],20.0000,6.0000,[1.4468127e+02 2.8236212e+01 7.6073512e-02],20.0000,6.0000,[143.22997   -24.84773     5.6179547],20.0000,6.0000,[219.87898  -94.68693    5.287119],20.0000,4.0000,[174.62279   -19.522713    6.2180963],20.0000,4.0000,[172.53352     11.131223     0.28442216],20.0000,4.0000
136,[146.49548     1.502579    5.9245687],20.0000,6.0000,[146.76126     15.395931     0.17377952],20.0000,0.0000,[145.99272   -10.814598    5.8213525],20.0000,6.0000,[145.76967     28.31915      0.29272777],20.0000,0.0000,[144.13472 -25.46291   5.86548],20.0000,0.0000,[220.1936   -95.17269    5.287119],20.0000,4.0000,[175.20097  -19.5503     6.218879],20.0000,4.0000,[173.08891     11.293989     0.28443736],20.0000,4.0000
137,[147.55165     1.2103217   6.007735 ],20.0000,6.0000,[147.8333     15.602212    6.1230674],20.0000,6.0000,[146.99815  -11.244281   6.058382],20.0000,0.0000,[146.82481    28.600864    6.2821226],20.0000,6.0000,[145.14178  -25.884634   5.594211],20.0000,6.0000,[220.50821  -95.658455   5.287119],20.0000,4.0000,[175.77913  -19.577976   6.219598],20.0000,4.0000,[173.6443      11.456752     0.28445202],20.0000,4.0000
138,[148.6185      0.9716225   6.2426424],20.0000,0.0000,[148.92468    15.513645    6.2039714],20.0000,6.0000,[148.06596  -11.471323   5.780763],20.0000,6.0000,[1.4791640e+02 2.8627214e+01 8.4410459e-02],20.0000,6.0000,[146.03246   -26.52018     5.6911144],20.0000,6.0000,[220.82281  -96.144226   5.287119],20.0000,4.0000,[176.35728   -19.605736    6.2202597],20.0000,4.0000,[174.19969     11.61951      0.28446615],20.0000,4.0000
139,[149.70976     0.9422266   5.963619 ],20.0000,6.0000,[150.01701     15.480111     0.15094772],20.0000,0.0000,[149.05696  -11.93445    5.875367],20.0000,6.0000,[149.00386     28.721739     0.30171186],20.0000,0.0000,[146.96109   -27.095325    5.9232836],20.0000,0.0000,[221.13744  -96.62999    5.287119],20.0000,4.0000,[176.93542  -19.63358    6.220871],20.0000,4.0000,[174.75508     11.782263     0.28447974],20.0000,4.0000
140,[150.76802     0.6657147   6.057702 ],20.0000,6.0000,[151.09468    15.653951    6.1518292],20.0000,6.0000,[150.07408   -12.332451    6.1053915],20.0000,0.0000,[1.5005576e+02 2.9015087e+01 8.2275812e-03],20.0000,6.0000,[147.98239   -27.480612    5.6388917],20.0000,6.0000,[221.45204  -97.11575    5.287119],20.0000,4.0000,[177.51357   -19.661505    6.2214365],20.0000,4.0000,[175.31049     11.945012     0.28449288],20.0000,4.0000
141,[1.5184023e+02 4.5776647e-01 3.9468701e-03],20.0000,0.0000,[152.18547   15.576397   6.244696],20.0000,6.0000,[151.1479    -12.528447    5.8198147],20.0000,6.0000,[1.5114703e+02 2.9053499e+01 9.4180666e-02],20.0000,6.0000,[148.88887   -28.091312    5.7307296],20.0000,6.0000,[221.76666  -97.601524   5.287119],20.0000,4.0000,[178.09169  -19.689507   6.221961],20.0000,4.0000,[175.86588     12.1077585    0.28450552],20.0000,4.0000
142,[152.93178      0.45834896   6.0012    ],20.0000,6.0000,[153.27753     15.568448     0.18937577],20.0000,0.0000,[152.14871   -12.967575    5.9112315],20.0000,6.0000,[152.23335     29.16027      0.31191543],20.0000,0.0000,[149.83177   -28.641851    5.9556723],20.0000,0.0000,[222.08127  -98.08729    5.287119],20.0000,4.0000,[178.6698    -19.717583    6.2224483],20.0000,4.0000,[176.42126    12.2705      0.2845177],20.0000,4.0000
143,[153.99522      0.20637931   6.092481  ],20.0000,6.0000,[154.3507     15.768082    6.1856556],20.0000,6.0000,[153.17465  -13.341131   6.135623],20.0000,0.0000,[1.5328175e+02 2.9465723e+01 1.8646521e-02],20.0000,6.0000,[150.86134  -29.004642   5.666687],20.0000,6.0000,[222.39589  -98.57305    5.287119],20.0000,4.0000,[179.24791  -19.745733   6.222902],20.0000,4.0000,[176.97667     12.433238     0.28452945],20.0000,4.0000
144,[1.5507161e+02 2.3402050e-02 3.3495992e-02],20.0000,0.0000,[155.44212    15.713574    6.2765365],20.0000,6.0000,[154.25238   -13.514845    5.8462944],20.0000,6.0000,[1.54372543e+02 2.95167389e+01 1.04902394e-01],20.0000,6.0000,[151.7789   -29.597738   5.756502],20.0000,6.0000,[222.7105   -99.05882    5.287119],20.0000,4.0000,[179.826     -19.773954    6.2233253],20.0000,4.0000,[177.53207     12.595973     0.28454077],20.0000,4.0000
145,[1.5616301e+02 4.6202037e-02 6.0272322e+00],20.0000,6.0000,[156.5338      15.729189     0.21698037],20.0000,0.0000,[155.26074  -13.935306   5.935918],20.0000,6.0000,[155.45757     29.636194     0.32292116],20.0000,0.0000,[152.7318    -30.130478    5.9785795],20.0000,0.0000,[223.02512  -99.544586   5.287119],20.0000,4.0000,[180.4041    -19.802242    6.2237206],20.0000,4.0000,[178.08746     12.758704     0.28455168],20.0000,4.0000
146,[157.23048     -0.18626252   6.1167846 ],20.0000,6.0000,[157.60298    15.949547    6.2103543],20.0000,6.0000,[156.29317  -14.290139   6.157742],20.0000,0.0000,[1.5650224e+02 2.9954048e+01 2.9797461e-02],20.0000,6.0000,[153.7675    -30.475653    5.6877866],20.0000,6.0000,[ 223.33972  -100.03036     5.287119],20.0000,4.0000,[180.98218  -19.830597   6.22409 ],20.0000,4.0000,[178.64287    12.9214325   0.2845622],20.0000,4.0000
147,[ 1.5830984e+02 -3.4986350e-01  5.5331334e-02],20.0000,0.0000,[1.5869487e+02 1.5914320e+01 1.6501842e-02],20.0000,6.0000,[157.37372   -14.445835    5.8667936],20.0000,6.0000,[1.5759238e+02 3.0018011e+01 1.1624425e-01],20.0000,6.0000,[154.69432   -31.053738    5.7764525],20.0000,6.0000,[ 223.65433  -100.51612     5.287119],20.0000,4.0000,[181.56026   -19.859015    6.2244368],20.0000,4.0000,[179.19827     13.084157     0.28457236],20.0000,4.0000
148,[159.4008      -0.30897653   6.0475116 ],20.0000,6.0000,[159.786      15.948915    0.2379491],20.0000,0.0000,[158.38846   -14.8501425   5.9553447],20.0000,6.0000,[158.67587     30.150427     0.33444652],20.0000,0.0000,[155.6555   -31.571253   5.997064],20.0000,0.0000,[ 223.96895  -101.001884    5.287119],20.0000,4.0000,[182.13834  -19.887493   6.224762],20.0000,4.0000,[179.75368     13.246879     0.28458214],20.0000,4.0000
149,[160.47163    -0.5245074   6.1360197],20.0000,6.0000,[160.85156   16.186544   6.229956],20.0000,6.0000,[159.42624  -15.188782   6.175819],20.0000,0.0000,[1.5971663e+02 3.0480858e+01 4.1418217e-02],20.0000,6.0000,[156.69635  -31.900839   5.705385],20.0000,6.0000,[ 224.28355  -101.487656    5.287119],20.0000,4.0000,[182.7164    -19.916029    6.2250676],20.0000,4.0000,[180.30907    13.409597    0.2845916],20.0000,4.0000
150,[ 1.6155336e+02 -6.7131251e-01  7.3257394e-02],20.0000,0.0000,[1.6194370e+02 1.6168262e+01 3.5144586e-02],20.0000,6.0000,[160.50906  -15.328423   5.884058],20.0000,6.0000,[1.6080592e+02 3.0557985e+01 1.2798534e-01],20.0000,6.0000,[157.63145   -32.465214    5.7933445],20.0000,6.0000,[ 224.59818  -101.97342     5.287119],20.0000,4.0000,[183.29446  -19.944622   6.225355],20.0000,4.0000,[180.86447     13.572313     0.28460068],20.0000,4.0000
151,[162.64366     -0.61429787   6.064652  ],20.0000,6.0000,[163.03412     16.2195       0.25540856],20.0000,0.0000,[161.52945   -15.7179165   5.9719462],20.0000,6.0000,[161.88776     30.703533     0.34630507],20.0000,0.0000,[158.59998  -32.968773   6.013131],20.0000,0.0000,[ 224.91278  -102.45918     5.287119],20.0000,4.0000,[183.87253   -19.97327     6.2256255],20.0000,4.0000,[181.41988     13.735026     0.28460947],20.0000,4.0000
152,[163.71739    -0.8142969   6.1525135],20.0000,6.0000,[164.09616    16.472652    6.2467103],20.0000,6.0000,[162.57195   -16.041658    6.1916523],20.0000,0.0000,[1.6292439e+02 3.1046635e+01 5.3338476e-02],20.0000,6.0000,[159.64537   -33.283806    5.7209716],20.0000,6.0000,[ 225.2274   -102.944954    5.287119],20.0000,4.0000,[184.45058   -20.00197     6.2258806],20.0000,4.0000,[181.97528     13.8977375    0.28461793],20.0000,4.0000
153,[ 1.6480107e+02 -9.4565314e-01  8.9004390e-02],20.0000,0.0000,[1.6518835e+02 1.6469990e+01 5.1302668e-02],20.0000,6.0000,[163.65666  -16.166275   5.899447],20.0000,6.0000,[1.6401266e+02 3.1137056e+01 1.3998145e-01],20.0000,6.0000,[160.58812   -33.835186    5.8084903],20.0000,6.0000,[ 225.542    -103.43072     5.287119],20.0000,4.0000,[185.02863   -20.030722    6.2261214],20.0000,4.0000,[182.5307     14.060446    0.2846261],20.0000,4.0000
154,[165.89052    -0.8735633   6.0799675],20.0000,6.0000,[166.27792    16.536608    0.2708858],20.0000,0.0000,[164.68224  -16.541718   5.986921],20.0000,6.0000,[165.09264    31.29584     0.3583759],20.0000,0.0000,[161.56342   -34.325474    6.0277896],20.0000,0.0000,[ 225.85661  -103.91648     5.287119],20.0000,4.0000,[185.60667  -20.05952    6.226349],20.0000,4.0000,[183.0861      14.223151     0.28463396],20.0000,4.0000
155,[166.96683    -1.058841    6.1674247],20.0000,6.0000,[167.33644    16.80431     6.2617965],20.0000,6.0000,[165.72902  -16.851274   6.206172],20.0000,0.0000,[1.6612497e+02 3.1651648e+01 6.5448828e-02],20.0000,6.0000,[162.61296   -34.626514    5.7353554],20.0000,6.0000,[ 226.17123  -104.40225     5.287119],20.0000,4.0000,[186.18472  -20.088367   6.226564],20.0000,4.0000,[183.64151     14.385854     0.28464156],20.0000,4.0000
156,[ 1.6805217e+02 -1.1755060e+00  1.0347251e-01],20.0000,0.0000,[1.6842850e+02 1.6816484e+01 6.6015288e-02],20.0000,6.0000,[166.8153    -16.961452    5.9137106],20.0000,6.0000,[1.6721207e+02 3.1755444e+01 1.5213959e-01],20.0000,6.0000,[163.56291  -35.16531    5.822597],20.0000,6.0000,[ 226.48584  -104.888016    5.287119],20.0000,4.0000,[186.76276   -20.117258    6.2267675],20.0000,4.0000,[184.19691     14.548555     0.28464887],20.0000,4.0000
157,[169.14061    -1.0889494   6.094187 ],20.0000,6.0000,[169.51706     16.897755     0.28519237],20.0000,0.0000,[167.84573  -17.323282   6.000924],20.0000,6.0000,[168.29        31.92751      0.37058145],20.0000,0.0000,[164.54457   -35.642693    6.0416017],20.0000,0.0000,[ 226.80046  -105.37378     5.287119],20.0000,4.0000,[187.34079  -20.146193   6.22696 ],20.0000,4.0000,[184.75232     14.711253     0.28465596],20.0000,4.0000
158,[170.21924    -1.2599869   6.1813893],20.0000,6.0000,[170.57198   17.17943    6.275875],20.0000,6.0000,[168.89648  -17.61906    6.219899],20.0000,0.0000,[1.6931786e+02 3.2296032e+01 7.7679507e-02],20.0000,6.0000,[165.59796  -35.93006    5.749004],20.0000,6.0000,[ 227.11507  -105.85955     5.287119],20.0000,4.0000,[187.91882  -20.175169   6.227143],20.0000,4.0000,[185.30774     14.87395      0.28466275],20.0000,4.0000
159,[ 1.7130600e+02 -1.3624035e+00  1.1716846e-01],20.0000,0.0000,[1.7166376e+02 1.7205963e+01 7.9859890e-02],20.0000,6.0000,[169.98415   -17.715141    5.9272857],20.0000,6.0000,[1.7040359e+02 3.2413242e+01 1.6440037e-01],20.0000,6.0000,[166.5548    -36.456486    5.8360715],20.0000,6.0000,[ 227.42969  -106.345314    5.287119],20.0000,4.0000,[188.49686  -20.204185   6.227316],20.0000,4.0000,[185.86314     15.036645     0.28466934],20.0000,4.0000
160,[172.39325    -1.2617489   6.1077337],20.0000,6.0000,[172.75116     17.301447     0.29878965],20.0000,0.0000,[171.01913   -18.063608    6.0143356],20.0000,6.0000,[171.47931    32.598618    0.3828722],20.0000,0.0000,[167.54254  -36.921165   6.054895],20.0000,0.0000,[ 227.7443   -106.831085    5.287119],20.0000,4.0000,[189.07489   -20.233242    6.2274804],20.0000,4.0000,[186.41855    15.199337    0.2846757],20.0000,4.0000
161,[173.47397    -1.4188336   6.194777 ],20.0000,6.0000,[1.7380237e+02 1.7596729e+01 6.1509474e-03],20.0000,6.0000,[172.07361  -18.345837   6.233141],20.0000,0.0000,[1.7250253e+02 3.2979828e+01 8.9986198e-02],20.0000,6.0000,[168.59953   -37.19504     5.7621984],20.0000,6.0000,[ 228.05891  -107.31685     5.287119],20.0000,4.0000,[189.65291   -20.262335    6.2276363],20.0000,4.0000,[186.97397    15.362027    0.2846818],20.0000,4.0000
162,[ 1.7456197e+02 -1.5072660e+00  1.3039045e-01],20.0000,0.0000,[1.7489369e+02 1.7637323e+01 9.3173482e-02],20.0000,6.0000,[173.16241  -18.428024   5.940434],20.0000,6.0000,[173.58673     33.11047      0.17672601],20.0000,6.0000,[169.56299  -37.7092     5.849157],20.0000,6.0000,[ 228.37352  -107.80261     5.287119],20.0000,4.0000,[190.23094  -20.291464   6.227785],20.0000,4.0000,[187.52937    15.524716    0.2846877],20.0000,4.0000
163,[175.64784    -1.392745    6.1208653],20.0000,6.0000,[175.97977     17.746746     0.31195065],20.0000,0.0000,[174.20175   -18.763266    6.0273814],20.0000,6.0000,[174.66006     33.30916      0.39521676],20.0000,0.0000,[170.55656   -38.161274    6.0678678],20.0000,6.0000,[ 228.68813  -108.28838     5.287119],20.0000,4.0000,[190.80896   -20.320625    6.2279263],20.0000,4.0000,[188.0848     15.687403    0.2846934],20.0000,4.0000
164,[176.73047    -1.5360478   6.2078085],20.0000,6.0000,[1.7702715e+02 1.8055393e+01 1.9228820e-02],20.0000,6.0000,[175.25972  -19.032072   6.246081],20.0000,0.0000,[1.75678482e+02 3.37030258e+01 1.02340855e-01],20.0000,6.0000,[ 1.7161314e+02 -3.8439175e+01  4.2476907e-02],20.0000,0.0000,[ 229.00275  -108.77415     5.287119],20.0000,4.0000,[191.38698   -20.349823    6.2280607],20.0000,4.0000,[188.6402      15.850088     0.28469887],20.0000,4.0000
165,[ 1.7781950e+02 -1.6106551e+00  1.4331867e-01],20.0000,0.0000,[1.7811786e+02 1.8109861e+01 1.0615860e-01],20.0000,6.0000,[176.34947  -19.100487   5.953317],20.0000,6.0000,[176.76099     33.847103     0.18909262],20.0000,6.0000,[172.70738  -38.47945    6.038131],20.0000,6.0000,[ 229.31735  -109.25991     5.287119],20.0000,4.0000,[191.965     -20.379051    6.2281885],20.0000,4.0000,[189.19562     16.012772     0.28470418],20.0000,4.0000
166,[178.90385    -1.4824183   6.133738 ],20.0000,6.0000,[179.20245    18.233047    0.3248409],20.0000,0.0000,[177.39296   -19.422571    6.0401998],20.0000,0.0000,[177.83177    34.05909     0.4075953],20.0000,0.0000,[173.76228  -38.76042    6.110716],20.0000,6.0000,[ 229.63197  -109.74568     5.287119],20.0000,4.0000,[192.543     -20.40831     6.2283106],20.0000,4.0000,[189.75104    16.175453    0.2847093],20.0000,4.0000
167,[179.98819    -1.6120392   6.220618 ],20.0000,6.0000,[1.8024586e+02 1.8554893e+01 3.2067746e-02],20.0000,6.0000,[178.45851   -19.660711    5.7082815],20.0000,6.0000,[1.7884523e+02 3.4465569e+01 1.1472577e-01],20.0000,6.0000,[ 1.7483139e+02 -3.8983665e+01  3.7124686e-02],20.0000,0.0000,[ 229.94658  -110.231445    5.287119],20.0000,4.0000,[193.12102   -20.4376      6.2284265],20.0000,4.0000,[190.30644     16.338135     0.28471422],20.0000,3.0000
168,[ 1.8107808e+02 -1.6729169e+00  1.5606368e-01],20.0000,6.0000,[1.8133578e+02 1.8623112e+01 1.1893914e-01],20.0000,6.0000,[179.42513  -20.176268   5.790456],20.0000,0.0000,[179.92586     34.623074     0.20148505],20.0000,6.0000,[175.92468  -39.010136   6.021033],20.0000,6.0000,[ 230.2612   -110.71721     5.287119],20.0000,4.0000,[193.69902   -20.466917    6.2285376],20.0000,4.0000,[190.86102     16.503666     0.19296034],20.0000,4.0000
169,[182.16351     -1.5486829    0.41381496],20.0000,6.0000,[182.41876     18.759941     0.33756217],20.0000,6.0000,[180.4225    -20.626163    5.4728594],20.0000,6.0000,[180.99393     34.84834      0.41999528],20.0000,0.0000,[176.97939  -39.291348   6.097275],20.0000,0.0000,[ 230.5758   -111.20298     5.287119],20.0000,4.0000,[194.27704   -20.496264    6.2286434],20.0000,4.0000,[1.9142488e+02 1.6635908e+01 1.5934771e-01],20.0000,4.0000
170,[183.20505    -1.205667    0.6767751],20.0000,0.0000,[183.46394     19.078035     0.59530896],20.0000,0.0000,[181.27074  -21.325796   5.569333],20.0000,6.0000,[1.8200224e+02 3.5267376e+01 1.2712975e-01],20.0000,6.0000,[178.0518    -39.494907    5.7585797],20.0000,6.0000,[ 230.89043  -111.68874     5.287119],20.0000,4.0000,[194.85504  -20.525635   6.228744],20.0000,4.0000,[1.9199197e+02 1.6754587e+01 1.4791860e-01],20.0000,4.0000
171,[184.14073     -0.62749785   0.3722957 ],20.0000,6.0000,[184.41647    19.618162    0.3077109],20.0000,6.0000,[182.14981   -21.978123    5.8253555],20.0000,6.0000,[183.08084     35.43829      0.21389379],20.0000,6.0000,[179.03117   -39.98183     5.8371706],20.0000,6.0000,[ 231.20503  -112.174515    5.287119],20.0000,4.0000,[195.43304   -20.555033    6.2288404],20.0000,4.0000,[1.9256030e+02 1.6867430e+01 1.4550504e-01],20.0000,4.0000
172,[185.17442     -0.27376312   0.4176743 ],20.0000,6.0000,[185.46184     19.932756     0.38019285],20.0000,6.0000,[183.13313  -22.452124   6.109768],20.0000,6.0000,[184.14604     35.676807     0.43240872],20.0000,0.0000,[180.03305  -40.416904   6.060851],20.0000,6.0000,[ 231.51964  -112.66028     5.287119],20.0000,4.0000,[196.01105   -20.584455    6.2289324],20.0000,4.0000,[1.9312907e+02 1.6977747e+01 1.4664637e-01],20.0000,3.0000
173,[1.8619557e+02 1.1621453e-01 6.1321080e-01],20.0000,0.0000,[186.48903     20.303865     0.58973753],20.0000,0.0000,[ 1.8419795e+02 -2.2699591e+01  1.0237324e-01],20.0000,6.0000,[1.8514906e+02 3.6108341e+01 1.3954575e-01],20.0000,6.0000,[ 1.8109380e+02 -4.0675037e+01  4.1136634e-02],20.0000,0.0000,[ 231.83426  -113.14604     5.287119],20.0000,4.0000,[196.58905   -20.613901    6.2290206],20.0000,4.0000,[1.9369753e+02 1.7089914e+01 5.7265624e-02],20.0000,4.0000
174,[187.13554      0.6771779    0.30548146],20.0000,6.0000,[187.43353   20.855135   0.290426],20.0000,6.0000,[185.29617    -22.708532     0.36689404],20.0000,0.0000,[186.22545     36.29265      0.22631276],20.0000,6.0000,[182.18701   -40.693092    6.0423884],20.0000,6.0000,[ 232.14886  -113.63181     5.287119],20.0000,4.0000,[197.16705   -20.64337     6.2291045],20.0000,4.0000,[1.9427278e+02 1.7167381e+01 2.6511507e-02],20.0000,3.0000
175,[188.17899     0.9977979   0.37453  ],20.0000,6.0000,[188.4789      21.169308     0.36662927],20.0000,6.0000,[ 1.8636794e+02 -2.2454533e+01  5.5409271e-02],20.0000,6.0000,[187.2876      36.544384     0.44483072],20.0000,0.0000,[183.24722   -40.952812    6.1243114],20.0000,6.0000,[ 232.46349  -114.11758     5.287119],20.0000,4.0000,[197.74506  -20.672861   6.229185],20.0000,4.0000,[194.85      17.232723   6.210926],20.0000,4.0000
176,[189.20496      1.3714515    0.58346903],20.0000,0.0000,[189.50497     21.542189     0.57847023],20.0000,0.0000,[ 1.8746071e+02 -2.2446371e+01  9.1900304e-02],20.0000,6.0000,[1.8828520e+02 3.6988354e+01 1.5196931e-01],20.0000,6.0000,[ 1.8432155e+02 -4.1147163e+01  5.4944217e-02],20.0000,0.0000,[ 232.77809  -114.60334     5.287119],20.0000,4.0000,[198.32306   -20.702374    6.2292624],20.0000,4.0000,[195.432     17.256735   6.180716],20.0000,3.0000
177,[190.14838     1.9236621   0.2853017],20.0000,6.0000,[190.44756   22.095163   0.282049],20.0000,6.0000,[188.55325    -22.406942     0.28293318],20.0000,0.0000,[189.3592      37.186024     0.23873821],20.0000,0.0000,[185.41447   -41.142       6.0420475],20.0000,6.0000,[ 233.09271  -115.08911     5.287119],20.0000,4.0000,[198.90105  -20.731907   6.229336],20.0000,4.0000,[196.0147    17.26534    6.087122],20.0000,4.0000
178,[191.19353      2.238624     0.36417276],20.0000,0.0000,[191.49234     22.411526     0.36307225],20.0000,0.0000,[189.62483  -22.182747   6.256242],20.0000,6.0000,[190.41393    37.468273    6.1898913],20.0000,6.0000,[186.47704 -41.3921    6.12252],20.0000,6.0000,[ 233.40732  -115.574875    5.287119],20.0000,4.0000,[199.47905   -20.76146     6.2294064],20.0000,4.0000,[196.59795    17.231138    6.0631614],20.0000,3.0000
179,[1.9221217e+02 2.6308603e+00 2.6710676e-02],20.0000,6.0000,[1.9250990e+02 2.2806631e+01 2.6716847e-02],20.0000,6.0000,[ 1.9071574e+02 -2.2220922e+01  4.0952526e-02],20.0000,6.0000,[191.50935  37.45876   6.27199],20.0000,6.0000,[ 1.8755264e+02 -4.1578388e+01  5.3173080e-02],20.0000,0.0000,[ 233.72192  -116.06064     5.287119],20.0000,4.0000,[200.05704  -20.79103    6.229474],20.0000,4.0000,[197.17984   17.18123    5.976114],20.0000,3.0000
180,[1.93301361e+02 2.73408461e+00 1.05821356e-01],20.0000,6.0000,[1.9359898e+02 2.2913673e+01 1.0629681e-01],20.0000,6.0000,[191.80754   -22.204254    0.2494403],20.0000,6.0000,[192.60149     37.503876     0.22160283],20.0000,0.0000,[188.64507   -41.565716    6.0411882],20.0000,6.0000,[ 234.03654  -116.54641     5.287119],20.0000,4.0000,[200.63504  -20.820621   6.229539],20.0000,4.0000,[197.75867   17.09192    5.865692],20.0000,4.0000
181,[194.3822       2.8927267    0.33118775],20.0000,0.0000,[194.67944     23.075747     0.33303788],20.0000,0.0000,[192.88432   -22.009447    0.5016337],20.0000,6.0000,[193.66353   37.75627    6.224332],20.0000,6.0000,[189.70927  -41.80921    6.124161],20.0000,6.0000,[ 234.35115  -117.03217     5.287119],20.0000,4.0000,[201.21303  -20.85023    6.229601],20.0000,4.0000,[198.3286    16.94945    5.842989],20.0000,3.0000
182,[1.9541348e+02 3.2504499e+00 4.5378193e-02],20.0000,6.0000,[1.9570934e+02 2.3437445e+01 4.8250429e-02],20.0000,6.0000,[193.90355   -21.597897    0.7550725],20.0000,0.0000,[1.9475722e+02 3.7760300e+01 3.4695949e-02],20.0000,0.0000,[ 1.9078625e+02 -4.1987103e+01  5.6356620e-02],20.0000,6.0000,[ 234.66577  -117.517944    5.287119],20.0000,4.0000,[201.79102  -20.879854   6.22966 ],20.0000,4.0000,[198.89221   16.787851   5.763971],20.0000,3.0000
183,[1.9650117e+02 3.3601825e+00 1.3699798e-01],20.0000,0.0000,[1.9679663e+02 2.3552155e+01 1.4022373e-01],20.0000,0.0000,[194.80142    -20.95923      0.43659282],20.0000,6.0000,[195.84625    37.851826    5.9961076],20.0000,6.0000,[191.87929   -41.982727    0.3125711],20.0000,0.0000,[ 234.98038  -118.00371     5.287119],20.0000,4.0000,[202.369     -20.909494    6.2297173],20.0000,4.0000,[199.44447    16.587774    5.6618094],20.0000,3.0000
184,[197.57602     3.5562875   6.095522 ],20.0000,6.0000,[197.87062    23.753172    6.0993576],20.0000,6.0000,[195.81271    -20.545076     0.46952227],20.0000,0.0000,[196.92581    37.65348     6.0856957],20.0000,0.0000,[ 1.9294753e+02 -4.1738537e+01  2.2088014e-02],20.0000,6.0000,[ 235.295    -118.48947     5.287119],20.0000,4.0000,[202.94699  -20.939152   6.229772],20.0000,4.0000,[199.97906   16.34028    5.554146],20.0000,4.0000
185,[198.6691      3.461556    6.1830683],20.0000,0.0000,[198.96425    23.66372     6.1873546],20.0000,0.0000,[ 1.9680533e+02 -2.0089012e+01  1.0869036e-01],20.0000,6.0000,[198.01387    37.52784     5.7802973],20.0000,6.0000,[ 1.940393e+02 -4.173738e+01  9.017914e-02],20.0000,0.0000,[ 235.6096   -118.97524     5.287119],20.0000,4.0000,[203.52498   -20.968824    6.2298245],20.0000,4.0000,[200.4875    16.040726   5.540448],20.0000,3.0000
186,[199.76392     3.4394817   5.8748374],20.0000,6.0000,[200.05923    23.647026    5.8797827],20.0000,6.0000,[ 1.9788629e+02 -1.9932638e+01  1.7660041e-01],20.0000,0.0000,[199.0382     37.125206    5.8847723],20.0000,0.0000,[195.12856  -41.66253    6.030191],20.0000,6.0000,[ 235.92422  -119.461006    5.287119],20.0000,4.0000,[204.10297   -20.99851     6.2298746],20.0000,4.0000,[200.98326    15.724944    5.4710407],20.0000,3.0000
187,[200.82109     3.134007    5.9775996],20.0000,0.0000,[201.11804    23.347122    5.9829535],20.0000,0.0000,[198.95497 -19.7078    6.12192],20.0000,6.0000,[200.08467    36.797775    5.5977683],20.0000,6.0000,[196.1979   -41.887203   6.105516],20.0000,6.0000,[ 236.23883  -119.94677     5.287119],20.0000,4.0000,[204.68095  -21.028212   6.229923],20.0000,4.0000,[201.45747   15.377022   5.375694],20.0000,3.0000
188,[201.89325    2.904449   5.689173],20.0000,6.0000,[202.19147   23.12345    5.694877],20.0000,6.0000,[200.04874   -19.782362    6.2038803],20.0000,6.0000,[201.0226     36.22043     5.7122965],20.0000,0.0000,[ 1.9727663e+02 -4.2055927e+01  4.0019911e-02],20.0000,0.0000,[ 236.55344  -120.43254     5.287119],20.0000,4.0000,[205.25894   -21.057928    6.2299695],20.0000,4.0000,[201.90198   14.989866   5.272202],20.0000,3.0000
189,[202.87993     2.4150724   5.8031063],20.0000,6.0000,[203.18092    22.639727    5.8089604],20.0000,0.0000,[ 2.0114197e+02 -1.9804609e+01  1.5719600e-01],20.0000,6.0000,[201.99817   35.719513   5.432188],20.0000,6.0000,[198.36778   -42.024273    6.0319114],20.0000,6.0000,[ 236.86806  -120.918304    5.287119],20.0000,4.0000,[205.83693  -21.087656   6.230014],20.0000,4.0000,[202.30989   14.5625     5.168983],20.0000,3.0000
190,[203.88872     1.988959    6.0733056],20.0000,0.0000,[204.20032   22.235374   5.528673],20.0000,6.0000,[202.22008    -19.633837     0.43029106],20.0000,6.0000,[202.82764    34.995068    5.5491014],20.0000,0.0000,[199.43684   -42.24973     6.1211667],20.0000,6.0000,[ 237.18266  -121.40407     5.287119],20.0000,4.0000,[206.41492  -21.117397   6.230057],20.0000,4.0000,[202.67593   14.097497   5.068998],20.0000,3.0000
191,[204.96213     1.7888407   5.813058 ],20.0000,6.0000,[205.0958    21.594276   5.645573],20.0000,0.0000,[203.23978    -19.238743     0.70252025],20.0000,0.0000,[203.70825   34.341618   5.269466],20.0000,6.0000,[ 2.0051721e+02 -4.2406769e+01  6.0035959e-02],20.0000,0.0000,[ 237.49728  -121.88984     5.287119],20.0000,4.0000,[206.9929   -21.14715    6.230098],20.0000,3.0000,[202.9962     13.599208    4.9724193],20.0000,3.0000
192,[205.97032     1.3633683   5.913465 ],20.0000,0.0000,[206.0353     21.028742    5.3659906],20.0000,6.0000,[204.1424     -18.615564     0.41390815],20.0000,6.0000,[204.40872   33.491943   5.386109],20.0000,0.0000,[201.60788  -42.359127   6.052518],20.0000,6.0000,[ 237.81189  -122.3756      5.287119],20.0000,4.0000,[207.57104   -21.173948    6.1383786],20.0000,3.0000,[203.268     13.072639   4.878315],20.0000,3.0000
193,[207.0096      1.024371    5.5968647],20.0000,6.0000,[206.8144    20.250551   5.482675],20.0000,0.0000,[205.15454   -18.20563     0.4775103],20.0000,0.0000,[205.17128    32.703983    5.1059165],20.0000,6.0000,[202.6801    -42.567917    6.1412992],20.0000,6.0000,[ 238.12651  -122.86137     5.287119],20.0000,4.0000,[208.1474    -21.232307    6.0130496],20.0000,3.0000,[203.48935    12.522899    4.7856092],20.0000,3.0000
194,[207.92941      0.42471543   5.6890755 ],20.0000,6.0000,[207.6494     19.539793    5.2025175],20.0000,6.0000,[ 2.0613808e+02 -1.7731188e+01  1.3161951e-01],20.0000,6.0000,[205.72388    31.751522    5.2222304],20.0000,0.0000,[ 2.0376274e+02 -4.2707844e+01  7.8895286e-02],20.0000,0.0000,[ 238.44112  -123.34714     5.287119],20.0000,4.0000,[208.71927   -21.335815    5.8780756],20.0000,3.0000,[203.6587    11.955018   4.693498],20.0000,3.0000
195,[ 2.0887555e+02 -1.2468145e-01  5.9368443e+00],20.0000,6.0000,[208.29129    18.645073    5.3188457],20.0000,6.0000,[ 2.0721434e+02 -1.7543793e+01  2.0520362e-01],20.0000,0.0000,[206.34763   30.849688   4.941814],20.0000,6.0000,[204.85263  -42.643677   6.070506],20.0000,6.0000,[ 238.75572  -123.8329      5.287119],20.0000,4.0000,[209.2824   -21.491104   5.744665],20.0000,3.0000,[203.77489   11.373971   4.601519],20.0000,3.0000
196,[209.90402     -0.49041387   6.2161703 ],20.0000,0.0000,[208.98448   17.79745    5.588987],20.0000,0.0000,[208.27525   -17.284225    6.1537347],20.0000,6.0000,[206.73723    29.81975     5.0580516],20.0000,0.0000,[205.92769  -42.836544   6.158559],20.0000,0.0000,[ 239.07034  -124.31867     5.287119],20.0000,4.0000,[209.8308    -21.701601    5.6189733],20.0000,3.0000,[203.83704    10.784729    4.5094733],20.0000,3.0000
197,[210.99011     -0.60841155   5.9397664 ],20.0000,6.0000,[209.84053    17.119688    5.3281546],20.0000,6.0000,[209.37125  -17.320936   6.237144],20.0000,0.0000,[207.20522    28.828108    4.7776213],20.0000,6.0000,[207.01445 -42.94294   5.8279 ],20.0000,6.0000,[ 239.38495  -124.804436    5.287119],20.0000,4.0000,[210.35756  -21.967611   5.503555],20.0000,3.0000,[203.84465   10.192291   4.417314],20.0000,3.0000
198,[212.02274    -0.9625196   6.0276937],20.0000,0.0000,[210.53346   16.27281    5.428259],20.0000,0.0000,[210.46552   -17.287083    5.9248967],20.0000,6.0000,[207.42126   27.74834    4.893869],20.0000,0.0000,[208.03725   -43.336246    5.9109306],20.0000,6.0000,[ 239.69957  -125.2902      5.287119],20.0000,4.0000,[210.85611  -22.286507   5.397868],20.0000,3.0000,[203.79767     9.601681    4.3250604],20.0000,3.0000
199,[213.08078    -1.2310098   5.693856 ],20.0000,6.0000,[211.29419    15.487811    5.1112666],20.0000,6.0000,[211.53612   -17.540712    6.0255346],20.0000,0.0000,[207.7209    26.693544   4.613457],20.0000,6.0000,[209.0759    -43.677284    6.1455803],20.0000,0.0000,[ 240.01418  -125.77597     5.287119],20.0000,4.0000,[211.32121   -22.653797    5.2994514],20.0000,3.0000,[203.69646    9.017917   4.23275 ],20.0000,3.0000
200,[214.03096    -1.773747    5.7739987],20.0000,0.0000,[211.8274     14.527996    5.2032237],20.0000,0.0000,[212.6179    -17.719143    5.7355037],20.0000,6.0000,[207.75757    25.592987    4.7297153],20.0000,0.0000,[210.15913  -43.81253    5.866384],20.0000,6.0000,[ 240.3288   -126.261734    5.287119],20.0000,4.0000,[211.74884  -23.064417   5.205398],20.0000,3.0000,[203.54187    8.445966   4.140412],20.0000,3.0000
201,[215.01497    -2.2504342   5.450074 ],20.0000,6.0000,[212.423      13.608654    4.9001417],20.0000,6.0000,[213.62619   -18.16229     5.8488126],20.0000,0.0000,[207.8808     24.503407    4.4493113],20.0000,6.0000,[211.18547   -44.19064     5.9604025],20.0000,0.0000,[ 240.6434   -126.7475      5.287119],20.0000,4.0000,[212.13585   -23.51348     5.1133757],20.0000,3.0000,[203.3352      7.8907022   4.048066 ],20.0000,3.0000
202,[215.84103    -2.9746776   5.541583 ],20.0000,0.0000,[212.76585    12.562712    5.0058017],20.0000,0.0000,[214.66095   -18.525557    5.5682473],20.0000,6.0000,[207.73715   23.41165    4.565572],20.0000,0.0000,[212.23802   -44.48498     5.6392045],20.0000,6.0000,[ 240.95802  -127.23327     5.287119],20.0000,4.0000,[212.47943  -23.996428   5.021947],20.0000,3.0000,[203.07822     7.3568573   3.9557207],20.0000,3.0000
203,[216.71074    -3.6412396   5.241096 ],20.0000,6.0000,[213.18147    11.547999    4.7196074],20.0000,6.0000,[215.5812   -19.13058    5.685147],20.0000,0.0000,[207.68068    22.316576    4.2851677],20.0000,0.0000,[213.18071   -45.047413    5.7291713],20.0000,6.0000,[ 241.27263  -127.71903     5.287119],20.0000,4.0000,[212.77701   -24.508886    4.9304338],20.0000,3.0000,[202.77312     6.8489814   3.8633792],20.0000,3.0000
204,[217.38565   -4.511133   5.348919],20.0000,0.0000,[213.33603   10.457534   4.834417],20.0000,0.0000,[216.54242   -19.658403    5.4056754],20.0000,6.0000,[207.37679    21.255579    3.8508763],20.0000,6.0000,[214.14734  -45.559696   5.974806],20.0000,0.0000,[ 241.58723  -128.2048      5.287119],20.0000,4.0000,[213.02617  -25.046463   4.838632],20.0000,3.0000,[202.42247     6.3714013   3.7710412],20.0000,4.0000
205,[218.11926    -5.3262496   5.064845 ],20.0000,6.0000,[213.5737      9.386951    4.5543675],20.0000,6.0000,[217.35185   -20.405031    5.5224395],20.0000,0.0000,[206.69489   20.37408    3.964697],20.0000,0.0000,[215.19417  -45.86976    5.702503],20.0000,6.0000,[ 241.90186  -128.69057     5.287119],20.0000,4.0000,[213.22484  -25.60464    4.746565],20.0000,3.0000,[202.02754     5.930589    3.7704642],20.0000,4.0000
206,[218.63396    -6.2999864   5.1806345],20.0000,0.0000,[213.54614     8.286017    4.6712513],20.0000,0.0000,[218.21445   -21.082018    5.2423444],20.0000,6.0000,[206.06142    19.472868    3.7416058],20.0000,0.0000,[216.14806 -46.4057    5.79905],20.0000,0.0000,[ 242.21646  -129.17633     5.287119],20.0000,4.0000,[213.37129  -26.178719   4.654322],20.0000,3.0000,[201.62018     5.5067616   3.8018909],20.0000,4.0000
207,[219.22076   -7.226419   4.901068],20.0000,6.0000,[213.6059      7.191081    4.3915515],20.0000,6.0000,[218.89146  -21.950472   5.358698],20.0000,0.0000,[205.26173    18.70858     3.3448079],20.0000,0.0000,[217.14142  -46.861927   5.480398],20.0000,6.0000,[ 242.53108  -129.6621      5.287119],20.0000,4.0000,[213.46423  -26.76385    4.561991],20.0000,3.0000,[201.21326     5.0871587   3.8365176],20.0000,4.0000
208,[219.56879   -8.27124    5.018047],20.0000,0.0000,[213.39957    6.109402   4.508157],20.0000,0.0000,[219.6321    -22.759068    5.0782957],20.0000,6.0000,[204.24146   18.251427   2.926184],20.0000,6.0000,[217.98515   -47.564568    5.5718937],20.0000,0.0000,[ 242.84569  -130.14786     5.287119],20.0000,4.0000,[213.50285   -27.355057    4.4696293],20.0000,3.0000,[200.81033     4.6666617   3.8644047],20.0000,4.0000
209,[219.99701    -9.280724    4.7382817],20.0000,6.0000,[213.28033     5.0193753   4.227938 ],20.0000,6.0000,[220.15819   -23.726423    5.1945333],20.0000,0.0000,[203.11938    18.229973    3.1054075],20.0000,6.0000,[218.87221   -48.20731     5.2687435],20.0000,6.0000,[ 243.16031  -130.63364     5.287119],20.0000,4.0000,[213.4868   -27.947313   4.377265],20.0000,3.0000,[200.41122     4.244218    3.8846357],20.0000,4.0000
210,[220.17046   -10.368151    4.8548155],20.0000,0.0000,[212.90042     3.9858267   4.344243 ],20.0000,6.0000,[220.75674  -24.645172   4.914098],20.0000,6.0000,[202.02385    18.139652    3.4896123],20.0000,6.0000,[219.56906   -49.059364    5.3744774],20.0000,6.0000,[ 243.47491  -131.1194      5.287119],20.0000,4.0000,[213.41621   -28.535568    4.2849092],20.0000,3.0000,[200.01491     3.82015     3.8989334],20.0000,4.0000
211,[220.42863  -11.433846   4.574527],20.0000,6.0000,[212.58826     2.9362962   4.614377 ],20.0000,0.0000,[221.11768  -25.685507   5.030341],20.0000,6.0000,[201.00108    17.758125    3.8274465],20.0000,0.0000,[220.30846  -49.867      5.638975],20.0000,0.0000,[ 243.78952  -131.60516     5.287119],20.0000,4.0000,[213.29167   -29.114809    4.1925635],20.0000,3.0000,[199.6204      3.3950038   3.909159 ],20.0000,4.0000
212,[220.4224    -12.534989    4.6907997],20.0000,0.0000,[212.5081      1.8473608   4.3535447],20.0000,6.0000,[221.54109  -26.695307   5.300478],20.0000,0.0000,[200.12129    17.109653    3.5657566],20.0000,0.0000,[221.19827   -50.499886    5.3766875],20.0000,6.0000,[ 244.10414  -132.09093     5.287119],20.0000,4.0000,[213.11424   -29.680098    4.1002245],20.0000,3.0000,[199.227      2.969217   3.916695],20.0000,4.0000
213,[220.5031   -13.628539   4.410366],20.0000,6.0000,[212.1964      0.7984646   4.45365  ],20.0000,0.0000,[222.16896  -27.588604   5.039662],20.0000,6.0000,[199.13458    16.64247     3.1046104],20.0000,6.0000,[221.93286  -51.31105    5.476611],20.0000,0.0000,[ 244.41875  -132.57669     5.287119],20.0000,4.0000,[212.88545  -30.22662    4.007889],20.0000,3.0000,[198.83429     2.5430803   3.9224515],20.0000,4.0000
214,[220.31702   -14.713869    4.5266023],20.0000,0.0000,[211.97397     -0.27180523   4.13666   ],20.0000,6.0000,[222.59233   -28.597616    5.1397758],20.0000,0.0000,[198.03923   16.560259   3.159967],20.0000,6.0000,[222.7317    -52.057358    5.1601334],20.0000,6.0000,[ 244.73337  -133.06247     5.287119],20.0000,4.0000,[212.60725   -30.749716    3.9155552],20.0000,3.0000,[198.44196     2.1167715   3.9270017],20.0000,4.0000
215,[220.21791   -15.805908    4.2461762],20.0000,6.0000,[211.47914    -1.2519491   4.228619 ],20.0000,0.0000,[223.09833   -29.566597    4.8227963],20.0000,6.0000,[196.94942    16.455395    3.3960214],20.0000,6.0000,[223.31213 -52.98951   5.25258],20.0000,6.0000,[ 245.04797  -133.54823     5.287119],20.0000,4.0000,[212.282    -31.244934   3.823222],20.0000,4.0000,[198.04985     1.6903967   3.9307058],20.0000,3.0000
216,[219.85696  -16.846235   4.362427],20.0000,0.0000,[211.05284    -2.2610126   3.925539 ],20.0000,6.0000,[223.33646   -30.638437    4.9147615],20.0000,6.0000,[195.89706    16.165062    3.6756434],20.0000,0.0000,[223.93764   -53.887184    5.5007463],20.0000,0.0000,[ 245.3626   -134.034       5.287119],20.0000,4.0000,[211.9106    -31.705744    3.8226469],20.0000,4.0000,[197.65999     1.2619239   3.8420346],20.0000,4.0000
217,[219.58072  -17.907398   4.082019],20.0000,6.0000,[210.37984    -3.1319985   4.0312004],20.0000,0.0000,[223.62846   -31.692816    5.1622415],20.0000,0.0000,[194.9398     15.639382    3.4002976],20.0000,6.0000,[224.72809  -54.640316   5.229762],20.0000,0.0000,[ 245.6772   -134.51976     5.287119],20.0000,4.0000,[211.52588   -32.15024     3.8540742],20.0000,4.0000,[197.24442      0.85696155   3.8111866 ],20.0000,4.0000
218,[219.05461   -18.874754    4.1982784],20.0000,0.0000,[209.77356    -4.045678    3.7450066],20.0000,6.0000,[224.12366   -32.665848    4.8908563],20.0000,6.0000,[193.89043    15.338037    3.4905376],20.0000,0.0000,[225.34924  -55.54276    4.776199],20.0000,6.0000,[ 245.99182  -135.00552     5.287119],20.0000,4.0000,[211.1414   -32.5905     3.888701],20.0000,4.0000,[196.8184       0.46267313   3.8036475 ],20.0000,4.0000
219,[218.60867   -19.87651     3.9178746],20.0000,6.0000,[208.95801    -4.7858605   3.8598166],20.0000,0.0000,[224.3917   -33.726665   4.987702],20.0000,0.0000,[192.86981   14.950651   3.158372],20.0000,6.0000,[225.60132   -56.62043     4.8508625],20.0000,0.0000,[ 246.30643  -135.49129     5.287119],20.0000,4.0000,[210.76096   -33.03144     3.9165878],20.0000,4.0000,[1.9638820e+02 7.3199362e-02 3.8054967e+00],20.0000,3.0000
220,[217.93156   -20.74489     4.0341353],20.0000,0.0000,[208.20558    -5.583666    3.5797672],20.0000,6.0000,[224.74492   -34.761154    4.6692376],20.0000,6.0000,[191.77982   14.848775   3.239433],20.0000,6.0000,[225.88658   -57.682777    4.5799465],20.0000,6.0000,[ 246.62103  -135.97707     5.287119],20.0000,4.0000,[210.38443   -33.474125    3.9368188],20.0000,4.0000,[195.95831    -0.3165746   3.7188478],20.0000,3.0000
221,[217.32793   -21.660313    3.7537313],20.0000,6.0000,[207.27911    -6.1790385   3.696651 ],20.0000,0.0000,[224.81657  -35.85682    4.760813],20.0000,0.0000,[190.69843   14.691739   3.468599],20.0000,6.0000,[225.90591 -58.78655   4.7138 ],20.0000,0.0000,[ 246.93565  -136.46283     5.287119],20.0000,4.0000,[210.01077   -33.918285    3.9511163],20.0000,4.0000,[195.5058     -0.6822616   3.5994916],20.0000,3.0000
222,[216.518     -22.406376    3.8699915],20.0000,0.0000,[206.40663    -6.843283    3.4169514],20.0000,6.0000,[224.96152   -36.942627    4.4577265],20.0000,6.0000,[189.66158   14.350375   3.735997],20.0000,0.0000,[226.0199    -59.87794     4.4516788],20.0000,6.0000,[ 247.25026  -136.9486      5.287119],20.0000,4.0000,[209.63898   -34.36343     3.9613416],20.0000,4.0000,[195.02266    -1.0111257   3.4727738],20.0000,4.0000
223,[215.7729   -23.210855   3.589587],20.0000,6.0000,[205.3957     -7.2799067   3.5335565],20.0000,6.0000,[224.82376   -38.0347      4.5634885],20.0000,0.0000,[188.72571    13.785757    3.4557412],20.0000,6.0000,[225.88017  -60.970394   4.576221],20.0000,0.0000,[ 247.56488  -137.43436     5.287119],20.0000,4.0000,[209.26833   -34.80916     3.9688778],20.0000,4.0000,[194.50719    -1.2918397   3.4417412],20.0000,3.0000
224,[214.85196   -23.814543    3.7058468],20.0000,6.0000,[204.41997    -7.7768216   3.8038895],20.0000,0.0000,[224.76517  -39.129673   4.277449],20.0000,6.0000,[187.68932    13.443064    3.5399349],20.0000,6.0000,[225.83438  -62.065872   4.299496],20.0000,6.0000,[ 247.87949  -137.92012     5.287119],20.0000,4.0000,[208.89836   -35.2552      3.9746342],20.0000,4.0000,[193.98192    -1.5521697   3.3584075],20.0000,3.0000
225,[213.97588  -24.471382   3.975994],20.0000,0.0000,[203.57565   -8.469154   3.543125],20.0000,6.0000,[224.4383   -40.18142    4.392346],20.0000,0.0000,[186.67642    13.035833    3.7547603],20.0000,0.0000,[225.5279   -63.123302   4.416288],20.0000,0.0000,[ 248.1941   -138.4059      5.287119],20.0000,4.0000,[208.52881   -35.70139     3.9791844],20.0000,4.0000,[193.4384     -1.7750907   3.2545197],20.0000,4.0000
226,[213.26262  -25.298117   3.715181],20.0000,6.0000,[202.60081    -8.966161    3.6432455],20.0000,0.0000,[224.19513  -41.25077    4.112353],20.0000,6.0000,[185.75436   12.449416   3.459409],20.0000,6.0000,[225.30806   -64.19746     4.1351233],20.0000,6.0000,[ 248.50871  -138.89166     5.287119],20.0000,4.0000,[208.15948   -36.147636    3.9828885],20.0000,4.0000,[192.87547    -1.9473504   3.2382164],20.0000,3.0000
227,[212.3873    -25.954735    3.8152955],20.0000,0.0000,[201.67201    -9.54261     3.3262491],20.0000,6.0000,[223.69928  -42.234104   4.229255],20.0000,0.0000,[184.72182    12.095099    3.5410295],20.0000,0.0000,[224.83348   -65.19101     4.2507033],20.0000,0.0000,[ 248.82332  -139.37743     5.287119],20.0000,4.0000,[207.79028  -36.59388    3.985976],20.0000,4.0000,[192.30885    -2.1004848   3.164473 ],20.0000,3.0000
228,[211.57094   -26.68172     3.4983153],20.0000,6.0000,[200.62079    -9.859556    3.4181983],20.0000,0.0000,[223.28493   -43.24937     3.9495573],20.0000,6.0000,[183.71954    11.662652    3.2049518],20.0000,6.0000,[224.44041   -66.21464     3.9696746],20.0000,6.0000,[ 249.13794  -139.86319     5.287119],20.0000,4.0000,[207.42114   -37.04009     3.9885976],20.0000,4.0000,[191.73259    -2.215765    3.0656207],20.0000,3.0000
229,[210.58951   -27.174011    3.5902803],20.0000,6.0000,[199.59584   -10.246092    3.1151025],20.0000,6.0000,[222.63574   -44.138836    4.0661592],20.0000,0.0000,[182.63515   11.515227   3.284635],20.0000,6.0000,[223.80913   -67.11688     4.0856605],20.0000,0.0000,[ 249.45255  -140.34895     5.287119],20.0000,4.0000,[207.05202  -37.48624    3.990857],20.0000,4.0000,[191.14713    -2.2820969   2.9597912],20.0000,3.0000
230,[209.63815   -27.714296    3.8377593],20.0000,0.0000,[198.50092   -10.35871     3.2207541],20.0000,6.0000,[222.0617    -45.073112    3.7859352],20.0000,6.0000,[181.56143    11.313157    3.5115943],20.0000,0.0000,[223.25346   -68.062195    3.8051338],20.0000,6.0000,[ 249.76717  -140.83472     5.287119],20.0000,4.0000,[206.68288  -37.93233    3.992826],20.0000,4.0000,[190.55653    -2.2937977   2.8552122],20.0000,3.0000
231,[208.81523   -28.431799    3.5663733],20.0000,6.0000,[197.41962   -10.531309    3.4851043],20.0000,0.0000,[221.27621   -45.844822    3.9022374],20.0000,6.0000,[180.54572    10.913361    3.2269616],20.0000,6.0000,[222.48299   -68.84893     3.9213762],20.0000,0.0000,[ 250.08177  -141.3205      5.287119],20.0000,4.0000,[206.31372  -38.37835    3.994559],20.0000,4.0000,[189.96646    -2.2487936   2.7545686],20.0000,3.0000
232,[207.85179   -28.95041     3.6632185],20.0000,6.0000,[196.40137  -10.925585   3.222733],20.0000,6.0000,[220.5451    -46.659958    4.1723695],20.0000,0.0000,[179.46347    10.758127    3.3189888],20.0000,0.0000,[221.78021   -69.69064     3.6409967],20.0000,6.0000,[ 250.3964   -141.80626     5.287119],20.0000,4.0000,[205.9445   -38.824295   3.996096],20.0000,4.0000,[189.38284    -2.1473231   2.6577635],20.0000,3.0000
233,[206.92577   -29.529755    3.8953059],20.0000,0.0000,[195.31975  -11.092068   3.322627],20.0000,6.0000,[220.00685   -47.609955    3.9115367],20.0000,6.0000,[178.3977     10.5171385   2.9950242],20.0000,6.0000,[220.89151   -70.34087     3.7572792],20.0000,0.0000,[ 250.711    -142.29202     5.287119],20.0000,4.0000,[205.57526   -39.27017     3.9974678],20.0000,4.0000,[188.81125    -1.9908991   2.5636501],20.0000,3.0000
234,[206.12917   -30.276014    3.6108627],20.0000,6.0000,[194.25368   -11.33033     3.5566826],20.0000,0.0000,[219.27643  -48.424713   4.011642],20.0000,0.0000,[177.30148    10.565642    3.0830836],20.0000,6.0000,[220.06065   -71.05645     3.4768949],20.0000,6.0000,[ 251.02562  -142.77779     5.287119],20.0000,4.0000,[205.20593   -39.715965    3.9986997],20.0000,4.0000,[188.25679    -1.7816067   2.4710133],20.0000,3.0000
235,[205.18098  -30.819693   3.702682],20.0000,0.0000,[193.25476   -11.770388    3.2731116],20.0000,6.0000,[218.61757   -49.29698     3.6946518],20.0000,6.0000,[176.20769   10.559176   3.326154],20.0000,0.0000,[219.07767  -71.55275    3.593164],20.0000,0.0000,[ 251.34023  -143.26355     5.287119],20.0000,4.0000,[204.83656   -40.16169     3.9998114],20.0000,5.0000,[187.72418    -1.521774    2.3789754],20.0000,3.0000
236,[204.28017   -31.437723    3.3770454],20.0000,6.0000,[192.18007   -11.969768    3.3651993],20.0000,0.0000,[217.75104   -49.97126     3.7866108],20.0000,6.0000,[175.13852   10.338265   3.052349],20.0000,6.0000,[218.14107   -72.122955    3.3127632],20.0000,6.0000,[ 251.65483  -143.74933     5.287119],20.0000,4.0000,[204.46487   -40.6054      4.0925775],20.0000,4.0000,[187.21788    -1.2139056   2.2870483],20.0000,3.0000
237,[203.24394   -31.797422    3.4636545],20.0000,6.0000,[191.12555  -12.255118   3.039808],20.0000,6.0000,[216.92334  -50.686745   4.034083],20.0000,0.0000,[174.04468    10.36151     3.1483588],20.0000,0.0000,[217.0902    -72.451965    3.4290235],20.0000,6.0000,[ 251.96945  -144.23509     5.287119],20.0000,4.0000,[204.12022   -41.070454    4.1270533],20.0000,5.0000,[186.74214     -0.86073035   2.1950307 ],20.0000,3.0000
238,[202.22997   -32.20725     3.7043893],20.0000,0.0000,[190.02863  -12.252027   3.126565],20.0000,6.0000,[216.2562    -51.550983    3.7626934],20.0000,6.0000,[172.95355    10.296146    2.8292458],20.0000,6.0000,[216.06795   -72.84436     3.6991699],20.0000,0.0000,[ 252.28406  -144.72086     5.287119],20.0000,4.0000,[203.78398  -41.54192    4.231499],20.0000,4.0000,[186.30095     -0.46526596   2.1028824 ],20.0000,3.0000
239,[201.31714   -32.80608     3.4291272],20.0000,6.0000,[188.93617   -12.303638    3.3675025],20.0000,0.0000,[215.41241   -52.247566    3.8595374],20.0000,6.0000,[171.87842   10.518903   2.920488],20.0000,6.0000,[215.1559    -73.44469     3.4383564],20.0000,6.0000,[ 252.59868  -145.20662     5.287119],20.0000,4.0000,[203.48065  -42.036446   4.268342],20.0000,5.0000,[ 1.8589807e+02 -3.0855924e-02  2.0106311e+00],20.0000,3.0000
240,[200.29118   -33.185905    3.5246012],20.0000,6.0000,[187.87674  -12.567191   3.092362],20.0000,6.0000,[214.61719  -52.99641    4.091624],20.0000,6.0000,[170.79718    10.685936    3.1676233],20.0000,0.0000,[214.13445   -73.837074    3.5384703],20.0000,6.0000,[ 252.91328  -145.69238     5.287119],20.0000,4.0000,[203.1891    -42.538647    4.3701515],20.0000,4.0000,[185.53693      0.43882644   1.9183184 ],20.0000,3.0000
241,[199.29344   -33.630398    3.7555258],20.0000,6.0000,[186.7829   -12.586753   3.18788 ],20.0000,0.0000,[213.96693  -53.87335    4.357732],20.0000,0.0000,[169.70659    10.634602    2.8961518],20.0000,6.0000,[213.14359   -74.29682     3.7720418],20.0000,0.0000,[ 253.2279   -146.17815     5.287119],20.0000,4.0000,[202.93414  -43.0622     4.401915],20.0000,5.0000,[185.22061     0.9397981   1.8259779],20.0000,3.0000
242,[198.3898    -34.243015    4.0210204],20.0000,0.0000,[185.69516   -12.6945095   2.868294 ],20.0000,6.0000,[213.52733   -54.87455     4.0764017],20.0000,6.0000,[168.6294     10.826507    2.9929872],20.0000,6.0000,[212.26112   -74.939285    3.4880474],20.0000,6.0000,[ 253.54251  -146.66393     5.287119],20.0000,4.0000,[202.69331  -43.59273    4.496491],20.0000,5.0000,[184.95184   1.4678    1.73363],20.0000,3.0000
243,[197.64351   -35.042274    3.7394311],20.0000,6.0000,[184.61229  -12.513469   2.95926 ],20.0000,0.0000,[212.87833   -55.75221     4.1580324],20.0000,6.0000,[167.5438     10.947605    3.2251098],20.0000,6.0000,[211.25337   -75.36239     3.5799687],20.0000,6.0000,[ 253.85712  -147.14969     5.287119],20.0000,4.0000,[202.48874  -44.14037    4.612805],20.0000,5.0000,[184.7329      2.0183365   1.6412835],20.0000,3.0000
244,[196.74052   -35.65554     3.8207703],20.0000,6.0000,[183.52219   -12.405766    2.6555338],20.0000,6.0000,[212.28397  -56.66805    4.371709],20.0000,0.0000,[166.45448    10.875259    3.4912484],20.0000,0.0000,[210.27599  -75.84909    3.804838],20.0000,0.0000,[ 254.17174  -147.63545     5.287119],20.0000,4.0000,[202.33228   -44.706367    4.7317924],20.0000,5.0000,[184.56564     2.5867171   1.5489415],20.0000,3.0000
245,[195.8763   -36.322742   4.034329],20.0000,0.0000,[182.49092   -12.021044    2.7609582],20.0000,0.0000,[211.86644   -57.678143    4.0754395],20.0000,6.0000,[165.40689   10.561911   3.209934],20.0000,6.0000,[209.40807   -76.511185    3.5157788],20.0000,6.0000,[ 254.48634  -148.12122     5.287119],20.0000,4.0000,[202.23059   -45.287197    4.8454585],20.0000,5.0000,[184.4515      3.1680984   1.4566033],20.0000,3.0000
246,[195.14763   -37.13743     3.7379723],20.0000,6.0000,[181.43869  -11.712487   2.474682],20.0000,6.0000,[211.22523   -58.561577    4.1555586],20.0000,6.0000,[164.31783   10.488128   3.291588],20.0000,0.0000,[208.40898   -76.95328     3.6055443],20.0000,0.0000,[ 254.80096  -148.60698     5.287119],20.0000,4.0000,[202.18677  -45.876976   4.951612],20.0000,5.0000,[184.39148     3.7575269   1.3642676],20.0000,3.0000
247,[194.24991   -37.758472    3.8179622],20.0000,6.0000,[180.49025   -11.152591    2.5894942],20.0000,0.0000,[210.63763   -59.481564    4.3692083],20.0000,0.0000,[163.23773    10.330329    2.9547217],20.0000,6.0000,[207.44894   -77.473976    3.2769947],20.0000,6.0000,[ 255.11557  -149.09274     5.287119],20.0000,4.0000,[202.20128  -46.46915    5.051173],20.0000,5.0000,[184.38603     4.34998     1.2719332],20.0000,4.0000
248,[193.3906   -38.431694   4.031545],20.0000,0.0000,[179.50548  -10.670037   2.309481],20.0000,6.0000,[210.22691  -60.49395    4.073926],20.0000,6.0000,[162.15306   10.468999   3.033492],20.0000,6.0000,[206.38113   -77.72222     3.3615093],20.0000,6.0000,[ 255.43019  -149.57852     5.287119],20.0000,4.0000,[202.27295   -47.05752     5.1462708],20.0000,5.0000,[184.4381      4.939535    1.2713578],20.0000,4.0000
249,[192.6675    -39.250694    3.7362235],20.0000,6.0000,[178.66252    -9.961334    2.4263902],20.0000,0.0000,[209.59088   -61.381233    4.1567097],20.0000,6.0000,[161.06393   10.550472   3.256152],20.0000,6.0000,[205.32977  -78.02254    3.598846],20.0000,0.0000,[ 255.7448   -150.06429     5.287119],20.0000,4.0000,[202.39996   -47.636528    5.2389793],20.0000,5.0000,[184.51028     5.5229483   1.302785 ],20.0000,3.0000
250,[191.7733    -39.87697     3.8189433],20.0000,6.0000,[177.76976   -9.324595   2.14671 ],20.0000,6.0000,[209.0103    -62.305595    4.3719664],20.0000,0.0000,[159.9772     10.445968    3.5187356],20.0000,0.0000,[204.35783  -78.519646   3.321426],20.0000,6.0000,[ 256.05942  -150.55005     5.287119],20.0000,4.0000,[202.58032   -48.201107    5.3307548],20.0000,6.0000,[184.58179     6.1034904   1.2456532],20.0000,4.0000
251,[190.9191   -40.556583   4.034158],20.0000,0.0000,[177.05344    -8.488253    2.2633228],20.0000,0.0000,[208.60832  -63.321217   4.07757 ],20.0000,6.0000,[158.93839   10.10454    3.236317],20.0000,6.0000,[203.29668  -78.78524    3.416104],20.0000,0.0000,[ 256.37402  -151.03581     5.287119],20.0000,4.0000,[202.80962   -48.748253    5.5141478],20.0000,6.0000,[184.68541     6.6793046   1.2397196],20.0000,4.0000
252,[190.20312   -41.38148     3.7397423],20.0000,6.0000,[176.2762     -7.7147665   1.9831065],20.0000,6.0000,[207.9797    -64.21389     4.1619205],20.0000,0.0000,[157.85162    10.002292    3.3174927],20.0000,0.0000,[202.26117  -79.13504    3.095657],20.0000,6.0000,[ 256.68863  -151.52158     5.287119],20.0000,4.0000,[203.11958  -49.260178   5.725751],20.0000,6.0000,[184.80148    7.251393   1.253184],20.0000,3.0000
253,[189.3141    -42.01525     3.8240573],20.0000,0.0000,[175.7058     -6.772853    2.0994112],20.0000,0.0000,[207.42296   -65.15293     3.8277373],20.0000,6.0000,[156.77596     9.816702    2.9804523],20.0000,0.0000,[201.16539   -79.201866    3.1861017],20.0000,6.0000,[ 257.00323  -152.00735     5.287119],20.0000,4.0000,[203.51913  -49.71326    5.933383],20.0000,5.0000,[184.91782     7.822368    1.1793474],20.0000,4.0000
254,[188.4775    -42.71657     3.4898472],20.0000,6.0000,[175.06523    -5.8828883   1.818992 ],20.0000,6.0000,[206.63266   -65.91072     3.9084706],20.0000,0.0000,[155.68523     9.909897    2.5086205],20.0000,0.0000,[200.07819   -79.32376     3.4323204],20.0000,0.0000,[ 257.31787  -152.49312     5.287119],20.0000,4.0000,[204.00053   -50.082363    6.0347934],20.0000,5.0000,[185.06873     8.386189    1.1621684],20.0000,4.0000
255,[187.48065   -43.16944     3.5705643],20.0000,0.0000,[174.65636    -4.8604455   1.93523  ],20.0000,0.0000,[205.89531   -66.71863     3.5876722],20.0000,6.0000,[154.68817    10.396178    2.0258043],20.0000,6.0000,[199.03891   -79.658264    3.1603467],20.0000,6.0000,[ 257.63248  -152.97888     5.287119],20.0000,4.0000,[204.52148  -50.38253    6.096934],20.0000,5.0000,[185.23405     8.945272    1.1680324],20.0000,4.0000
256,[186.51714   -43.68716     3.2497272],20.0000,6.0000,[174.16983    -3.877762    1.6548012],20.0000,6.0000,[204.96617   -67.305824    3.6817846],20.0000,0.0000,[153.97676   11.263313   2.155988],20.0000,0.0000,[197.94896  -79.75409    3.257009],20.0000,0.0000,[ 257.94708  -153.46465     5.287119],20.0000,4.0000,[205.06361  -50.630886   6.158148],20.0000,5.0000,[185.40414     9.501896    1.1812515],20.0000,3.0000
257,[185.44586   -43.93304     3.3438103],20.0000,0.0000,[173.93356    -2.8022413   1.7710496],20.0000,0.0000,[204.08072   -67.95173     3.3846018],20.0000,0.0000,[153.24187    12.085796    1.9700059],20.0000,0.0000,[196.87143   -79.938065    2.9384491],20.0000,6.0000,[ 258.2617   -153.95041     5.287119],20.0000,4.0000,[205.62144  -50.833538   6.23058 ],20.0000,5.0000,[185.5721     10.058565    1.1032114],20.0000,4.0000
258,[184.39633   -44.24879     3.0465934],20.0000,0.0000,[173.61418    -1.7532558   1.4906387],20.0000,6.0000,[203.06044   -68.37252     2.9437163],20.0000,6.0000,[152.65466    13.022783    1.5900356],20.0000,6.0000,[195.77835   -79.834236    3.0299923],20.0000,0.0000,[ 258.57632  -154.43617     5.287119],20.0000,4.0000,[ 2.0619278e+02 -5.0989601e+01  3.0407818e-02],20.0000,5.0000,[185.7734    10.60526    1.081529],20.0000,4.0000
259,[183.29425   -44.30743     2.6056893],20.0000,6.0000,[173.55685     -0.65358114   1.6068972 ],20.0000,0.0000,[201.94565   -68.38007     3.0562744],20.0000,0.0000,[152.41557    14.109939    1.7237037],20.0000,0.0000,[194.6833    -79.80432     2.7268898],20.0000,6.0000,[ 258.89093  -154.92195     5.287119],20.0000,4.0000,[ 2.0677504e+02 -5.1096100e+01  1.2002231e-01],20.0000,5.0000,[185.98883    11.146234    1.0830982],20.0000,3.0000
260,[182.24004   -43.944862    2.7182379],20.0000,0.0000,[173.4132       0.43349478   1.326493  ],20.0000,6.0000,[200.84534   -68.435875    2.8342922],20.0000,6.0000,[152.11032    15.167335    1.5018023],20.0000,0.0000,[193.62715   -79.4943      2.8326485],20.0000,0.0000,[ 259.20554  -155.40771     5.287119],20.0000,4.0000,[207.36452    -51.15032      0.21274088],20.0000,5.0000,[186.20671   11.685784   1.001121],20.0000,4.0000
261,[181.18349   -43.632607    2.4962516],20.0000,0.0000,[173.53632     1.5277566   1.4427537],20.0000,0.0000,[199.75597   -68.25996     2.9889965],20.0000,0.0000,[152.01193    16.26829     1.1009799],20.0000,6.0000,[192.5555   -79.26196    2.546611],20.0000,6.0000,[ 259.52014  -155.89348     5.287119],20.0000,4.0000,[207.95667    -51.15054      0.30640137],20.0000,5.0000,[186.45894    12.211515    0.9791067],20.0000,4.0000
262,[180.20338  -43.11961    2.100404],20.0000,6.0000,[173.57222     2.6236968   1.1623498],20.0000,6.0000,[198.66101 -68.19861   2.73189],20.0000,6.0000,[152.30806    17.342134    1.2284932],20.0000,0.0000,[191.56927   -78.77167     2.6615098],20.0000,0.0000,[ 259.83475  -156.37924     5.287119],20.0000,4.0000,[208.54646    -51.096115     0.39997247],20.0000,4.0000,[186.72548   12.729691   0.981807],20.0000,3.0000
263,[179.45863   -42.29075     2.2328238],20.0000,0.0000,[173.87251     3.6831286   1.2786101],20.0000,0.0000,[197.6038   -67.89273    2.854854],20.0000,0.0000,[152.53888    18.418667    1.0079051],20.0000,6.0000,[190.55235  -78.3612     2.381519],20.0000,6.0000,[ 260.14938  -156.865       5.287119],20.0000,4.0000,[209.12764    -50.98456      0.40136918],20.0000,4.0000,[186.99448     13.246007     0.90127695],20.0000,4.0000
264,[178.67435  -41.518085   2.015582],20.0000,0.0000,[174.08702     4.758471    0.9982056],20.0000,6.0000,[196.52858   -67.67979     2.5741162],20.0000,0.0000,[152.98772    19.426142    1.1598502],20.0000,0.0000,[189.6606    -77.71498     2.4984221],20.0000,0.0000,[ 260.464    -157.35078     5.287119],20.0000,4.0000,[209.70067    -50.853344     0.37039623],20.0000,4.0000,[187.29625    13.745242    0.8804903],20.0000,4.0000
265,[178.04681   -40.60799     1.6177652],20.0000,6.0000,[174.5564      5.7545924   1.1144656],20.0000,0.0000,[195.52223   -67.22783     2.1378922],20.0000,0.0000,[153.32828     20.468426     0.89938897],20.0000,6.0000,[188.72433  -77.144135   2.218725],20.0000,6.0000,[ 260.7786   -157.83655     5.287119],20.0000,4.0000,[210.2698    -50.720184    0.3359581],20.0000,4.0000,[187.61143    14.235551    0.8842545],20.0000,4.0000
266,[177.77402   -39.528053    1.7464559],20.0000,0.0000,[174.94374      6.780429     0.83406085],20.0000,6.0000,[194.73242   -66.436714    1.6987432],20.0000,6.0000,[153.89757    21.410252    1.0207664],20.0000,0.0000,[187.94968  -76.361496   2.335327],20.0000,0.0000,[ 261.0932   -158.32231     5.287119],20.0000,4.0000,[210.83766    -50.590816     0.30811986],20.0000,4.0000,[187.931      14.721922    0.8962962],20.0000,3.0000
267,[177.44197   -38.478374    1.5259957],20.0000,6.0000,[175.56958     7.686461    0.9503207],20.0000,0.0000,[194.32912   -65.38805     1.8736095],20.0000,0.0000,[154.38292     22.393059     0.73926103],20.0000,6.0000,[187.11882   -75.645935    2.0551028],20.0000,6.0000,[ 261.4078   -158.80807     5.287119],20.0000,4.0000,[211.4052     -50.465706     0.28788263],20.0000,4.0000,[188.24887    15.208774    0.8176498],20.0000,4.0000
268,[177.33328   -37.380856    1.6777377],20.0000,0.0000,[176.11934      8.635214     0.66991603],20.0000,6.0000,[193.85973   -64.39111     1.7113943],20.0000,0.0000,[155.09372     23.233591     0.85343546],20.0000,0.0000,[186.48215  -74.74749    2.171405],20.0000,0.0000,[ 261.72244  -159.29384     5.287119],20.0000,4.0000,[211.97269   -50.343807    0.2735634],20.0000,4.0000,[188.59608     15.676563     0.79569626],20.0000,4.0000
269,[177.11334   -36.30664     1.4170177],20.0000,6.0000,[176.88483     9.4268      0.7861759],20.0000,0.0000,[193.54167   -63.333694    1.3340613],20.0000,0.0000,[155.73375     24.123774     0.57059705],20.0000,6.0000,[185.77922  -73.90591    1.890985],20.0000,0.0000,[ 262.03705  -159.7796      5.287119],20.0000,4.0000,[212.54018   -50.22401     0.2633158],20.0000,4.0000,[188.9553      16.13484      0.79714024],20.0000,4.0000
270,[177.14206   -35.206505    1.5382696],20.0000,0.0000,[177.58223    10.272963    0.5057712],20.0000,6.0000,[193.5747    -62.21879     0.9108872],20.0000,6.0000,[156.5742    24.835178   0.685639],20.0000,0.0000,[185.28093   -72.921135    1.4566712],20.0000,6.0000,[ 262.35165  -160.26538     5.287119],20.0000,4.0000,[213.10764    -50.1055       0.25576147],20.0000,4.0000,[189.31866     16.588951     0.80686855],20.0000,4.0000
271,[177.07765   -34.112278    1.2567003],20.0000,6.0000,[178.46678     10.928822     0.62203115],20.0000,0.0000,[194.04114  -61.199097   1.077819],20.0000,0.0000,[157.35303    25.60706     0.4045488],20.0000,6.0000,[185.18192   -71.81109     1.5704701],20.0000,0.0000,[ 262.66626  -160.75114     5.287119],20.0000,4.0000,[213.67505    -49.987747     0.24999097],20.0000,4.0000,[189.6828      17.041569     0.81815857],20.0000,4.0000
272,[177.27959   -33.030178    1.3708601],20.0000,0.0000,[179.29309     11.649649     0.34162644],20.0000,6.0000,[194.42635    -60.166943     0.90313804],20.0000,6.0000,[158.29926     26.170326     0.52062804],20.0000,0.0000,[185.034     -70.71948     1.3473622],20.0000,6.0000,[ 262.9809   -161.23691     5.287119],20.0000,4.0000,[214.24242    -49.870426     0.24542993],20.0000,4.0000,[190.04654     17.49385      0.82842153],20.0000,4.0000
273,[177.39551   -31.939928    1.0880276],20.0000,6.0000,[180.27292     12.15215      0.45788637],20.0000,0.0000,[194.98384   -59.21647     1.0715722],20.0000,0.0000,[159.19421     26.803926     0.24025343],20.0000,6.0000,[185.11845   -69.6193      1.5011114],20.0000,0.0000,[ 263.2955   -161.72267     5.287119],20.0000,4.0000,[214.80971   -49.753338    0.2417177],20.0000,4.0000,[190.40958   17.946201   0.836993],20.0000,4.0000
274,[177.77403   -30.905924    1.2030774],20.0000,0.0000,[1.8120590e+02 1.2728262e+01 1.7748165e-01],20.0000,6.0000,[195.42227   -58.212257    0.8119883],20.0000,6.0000,[160.21983    27.204784    0.3565809],20.0000,0.0000,[185.08893   -68.52303     1.2434149],20.0000,6.0000,[ 263.6101   -162.20844     5.287119],20.0000,4.0000,[215.37695    -49.63636      0.23862396],20.0000,4.0000,[190.77199    18.398699    0.8439507],20.0000,4.0000
275,[178.06908   -29.849836    0.9219958],20.0000,6.0000,[182.25467     13.063896     0.29374158],20.0000,0.0000,[196.07628    -57.32814      0.93023354],20.0000,0.0000,[1.6120630e+02 2.7683632e+01 7.6256208e-02],20.0000,6.0000,[185.30673   -67.444214    1.3662094],20.0000,0.0000,[ 263.9247   -162.69421     5.287119],20.0000,4.0000,[215.94412    -49.519417     0.23599721],20.0000,4.0000,[191.13394     18.851315     0.84958184],20.0000,4.0000
276,[178.61281   -28.892244    1.0380791],20.0000,0.0000,[1.8326927e+02 1.3479806e+01 1.3336876e-02],20.0000,6.0000,[196.6513     -56.39533      0.64411134],20.0000,6.0000,[162.28362     27.911581     0.19255617],20.0000,6.0000,[185.4306    -66.35512     1.0854819],20.0000,6.0000,[ 264.23932  -163.17998     5.287119],20.0000,4.0000,[216.51125    -49.402466     0.23373415],20.0000,4.0000,[191.49556     19.303999     0.85417986],20.0000,4.0000
277,[179.07718    -27.898888     0.75770676],20.0000,6.0000,[1.8435878e+02 1.3639550e+01 1.2959680e-01],20.0000,6.0000,[197.43962   -55.627308    0.7557213],20.0000,0.0000,[163.33844    28.205374    0.4627257],20.0000,0.0000,[185.81415   -65.32334     1.1998597],20.0000,0.0000,[ 264.55396  -163.66574     5.287119],20.0000,4.0000,[217.07832    -49.285473     0.23176162],20.0000,4.0000,[191.85698     19.756704     0.85798556],20.0000,4.0000
278,[179.77025    -27.043163     0.87403476],20.0000,6.0000,[185.43001     13.866394     0.39974397],20.0000,0.0000,[198.16371    -54.80409      0.47115034],20.0000,6.0000,[164.30324     28.71662      0.20191903],20.0000,6.0000,[186.11407    -64.26878      0.91698766],20.0000,6.0000,[ 264.86856  -164.1515      5.287119],20.0000,4.0000,[217.64534    -49.16842      0.23002604],20.0000,4.0000,[192.21828     20.209393     0.86118144],20.0000,4.0000
279,[180.40436   -26.150484    1.1442617],20.0000,0.0000,[1.8642506e+02 1.4315907e+01 1.3893120e-01],20.0000,6.0000,[199.07057   -54.179504    0.5855954],20.0000,6.0000,[165.35727     29.010506     0.30203417],20.0000,6.0000,[186.66316   -63.31437     1.0319531],20.0000,0.0000,[ 265.18317  -164.63727     5.287119],20.0000,4.0000,[218.21233    -49.051296     0.22848696],20.0000,4.0000,[192.57953    20.662043    0.8639022],20.0000,4.0000
280,[180.83153   -25.145628    0.8834878],20.0000,6.0000,[187.4955     14.54287     0.2390454],20.0000,0.0000,[199.93231    -53.50394      0.85493624],20.0000,0.0000,[166.3872      29.374348     0.53560424],20.0000,0.0000,[187.13379    -62.323982     0.75077105],20.0000,6.0000,[ 265.49777  -165.12303     5.287119],20.0000,4.0000,[218.77925    -48.934093     0.22711305],20.0000,4.0000,[192.94075    21.11464     0.8662466],20.0000,4.0000
281,[181.4649     -24.253344     0.98361427],20.0000,6.0000,[188.54208    14.858488    6.2052507],20.0000,6.0000,[200.62816   -52.662495    0.5939863],20.0000,6.0000,[167.32654     29.930347     0.25160822],20.0000,6.0000,[187.83275    -61.47305      0.86680394],20.0000,0.0000,[ 265.8124   -165.60881     5.287119],20.0000,4.0000,[219.34616    -48.816807     0.22587956],20.0000,4.0000,[193.30197     21.56717      0.86828804],20.0000,4.0000
282,[182.0355    -23.321901    1.2171917],20.0000,0.0000,[1.8963956e+02 1.4891723e+01 1.4030304e-02],20.0000,6.0000,[201.4897     -51.987854     0.69411105],20.0000,0.0000,[168.36984     30.256107     0.34352908],20.0000,6.0000,[188.45963   -60.573376    0.5864031],20.0000,6.0000,[ 266.127    -166.09457     5.287119],20.0000,4.0000,[219.91301   -48.699432    0.2247666],20.0000,4.0000,[193.66322     22.01963      0.87008166],20.0000,4.0000
283,[182.41467   -22.298319    0.9331991],20.0000,6.0000,[190.72997     14.981155     0.26150918],20.0000,0.0000,[202.29088    -51.244137     0.37725273],20.0000,6.0000,[169.38893    30.648052    0.5683973],20.0000,0.0000,[189.28842    -59.848316     0.70272356],20.0000,0.0000,[ 266.44162  -166.58034     5.287119],20.0000,4.0000,[220.47984    -48.58197      0.22375788],20.0000,4.0000,[194.02452    22.47202     0.8716699],20.0000,4.0000
284,[183.01964  -21.38803    1.025121],20.0000,6.0000,[191.7785     15.285409    6.2733088],20.0000,6.0000,[203.26192    -50.731606     0.46931922],20.0000,6.0000,[170.31564     31.224974     0.27933744],20.0000,6.0000,[190.0539     -59.06319      0.42239994],20.0000,6.0000,[ 266.75623  -167.0661      5.287119],20.0000,4.0000,[221.04663    -48.464424     0.22284004],20.0000,4.0000,[194.38586    22.924335    0.8730855],20.0000,4.0000
285,[183.56409   -20.441603    1.2499901],20.0000,0.0000,[1.9287074e+02 1.5350092e+01 8.6968593e-02],20.0000,6.0000,[204.20186   -50.1717      0.7169356],20.0000,0.0000,[171.35213     31.570457     0.36910257],20.0000,6.0000,[190.98999   -58.483253    0.5387024],20.0000,6.0000,[ 267.07083  -167.55186     5.287119],20.0000,4.0000,[221.6134     -48.346786     0.22200187],20.0000,4.0000,[194.74727    23.376577    0.8743547],20.0000,4.0000
286,[183.92027   -19.409721    0.9609308],20.0000,6.0000,[193.95462     15.485617     0.31905597],20.0000,0.0000,[205.00966   -49.43721     0.4456291],20.0000,6.0000,[172.36359    31.981258    0.5911044],20.0000,0.0000,[191.88257  -57.849007   0.808875],20.0000,0.0000,[ 267.38547  -168.03764     5.287119],20.0000,4.0000,[ 2.2218015e+02 -4.8229065e+01  2.2123396e-01],20.0000,4.0000,[195.10873     23.828749     0.87549853],20.0000,5.0000
287,[184.50749   -18.488419    1.0506963],20.0000,6.0000,[1.9499141e+02 1.5827033e+01 3.4612738e-02],20.0000,6.0000,[205.96207    -48.89859      0.54250246],20.0000,6.0000,[173.28044     32.573902     0.30026338],20.0000,6.0000,[192.61668    -57.040752     0.54806983],20.0000,6.0000,[ 267.70007  -168.5234      5.287119],20.0000,4.0000,[ 2.2274684e+02 -4.8111259e+01  2.2052836e-01],20.0000,4.0000,[195.47253     24.278944     0.96829265],20.0000,5.0000
288,[185.03415   -17.532146    1.2726984],20.0000,6.0000,[1.96080368e+02 1.59208765e+01 1.26432151e-01],20.0000,6.0000,[206.87578   -48.30002     0.7746126],20.0000,0.0000,[174.31102    32.93594     0.3888936],20.0000,6.0000,[193.50848    -56.406685     0.64818543],20.0000,6.0000,[ 268.01468  -169.00917     5.287119],20.0000,4.0000,[ 2.2331354e+02 -4.7993374e+01  2.1987821e-01],20.0000,4.0000,[195.81139    24.748314    1.0945501],20.0000,4.0000
289,[185.3898    -16.49951     1.5324095],20.0000,0.0000,[197.15991     16.08442      0.35134733],20.0000,6.0000,[207.6566     -47.537262     0.49018106],20.0000,6.0000,[175.31581     33.362644     0.60946214],20.0000,6.0000,[194.3539    -55.714985    0.8817557],20.0000,0.0000,[ 268.32928  -169.49493     5.287119],20.0000,4.0000,[ 2.2388020e+02 -4.7875408e+01  2.1927768e-01],20.0000,4.0000,[196.11111    25.24491     1.1392592],20.0000,5.0000
290,[185.51085   -15.4118      1.2470388],20.0000,6.0000,[198.19518     16.431746     0.61289656],20.0000,0.0000,[208.5932     -46.973866     0.58200437],20.0000,0.0000,[176.23395    33.954372    0.8683091],20.0000,0.0000,[195.04887    -54.87327      0.59775984],20.0000,6.0000,[ 268.64392  -169.9807      5.287119],20.0000,4.0000,[ 2.2444684e+02 -4.7757362e+01  2.1872169e-01],20.0000,4.0000,[196.39664    25.750593    1.2442212],20.0000,4.0000
291,[185.86896   -14.380594    1.3229079],20.0000,6.0000,[199.13052    16.99925     0.3290075],20.0000,6.0000,[209.48088    -46.33712      0.25637236],20.0000,6.0000,[177.00201    34.73433     0.5820731],20.0000,6.0000,[195.91977    -54.212856     0.68968064],20.0000,0.0000,[ 268.95853  -170.46646     5.287119],20.0000,4.0000,[ 2.2501346e+02 -4.7639244e+01  2.1820582e-01],20.0000,4.0000,[196.64426    26.27777     1.2769929],20.0000,4.0000
292,[186.16801   -13.330317    1.5340624],20.0000,0.0000,[200.16599   17.344748   0.407084],20.0000,6.0000,[210.50937    -45.95582      0.34298465],20.0000,6.0000,[177.92128   35.323074   0.656632],20.0000,6.0000,[196.73409    -53.48465      0.36399698],20.0000,6.0000,[ 269.27313  -170.95224     5.287119],20.0000,4.0000,[ 2.2558005e+02 -4.7521053e+01  2.1772623e-01],20.0000,4.0000,[196.87431    26.812822    1.2799345],20.0000,5.0000
293,[186.27168  -12.241836   1.235893],20.0000,6.0000,[201.17984     17.75026      0.61924446],20.0000,0.0000,[211.51454    -45.524864     0.58372426],20.0000,0.0000,[178.8066      35.962494     0.86717194],20.0000,6.0000,[197.71574    -52.995323     0.45053542],20.0000,6.0000,[ 269.58774  -171.438       5.287119],20.0000,4.0000,[ 2.2614664e+02 -4.7402790e+01  2.1727954e-01],20.0000,4.0000,[197.09984    27.349432    1.3633643],20.0000,5.0000
294,[186.62648   -11.209543    1.3134315],20.0000,6.0000,[202.1041      18.334166     0.32181692],20.0000,6.0000,[212.41464    -44.90706      0.30846497],20.0000,6.0000,[179.57602    36.741184    1.1191121],20.0000,0.0000,[198.66893    -52.45912      0.69113225],20.0000,0.0000,[ 269.90234  -171.92377     5.287119],20.0000,4.0000,[ 2.2671320e+02 -4.7284462e+01  2.1686277e-01],20.0000,4.0000,[197.29337   27.90013    1.477178],20.0000,4.0000
295,[186.92128   -10.158408    1.5258473],20.0000,0.0000,[203.13766    18.685276    0.4003008],20.0000,6.0000,[213.43242    -44.50584      0.40393996],20.0000,6.0000,[180.15681    37.67264     0.8200135],20.0000,6.0000,[199.49768   -51.748466    0.4157797],20.0000,6.0000,[ 270.21698  -172.40953     5.287119],20.0000,4.0000,[ 2.2727974e+02 -4.7166065e+01  2.1647328e-01],20.0000,4.0000,[197.43779    28.467863    1.5056856],20.0000,4.0000
296,[187.02074    -9.070226    1.2298008],20.0000,6.0000,[204.1491      19.096039     0.61314684],20.0000,0.0000,[214.42062    -44.040565     0.63486564],20.0000,0.0000,[180.92705     38.446884     0.87691104],20.0000,6.0000,[200.46666    -51.240612     0.51121974],20.0000,6.0000,[ 270.5316   -172.8953      5.287119],20.0000,4.0000,[ 2.2784627e+02 -4.7047607e+01  2.1610874e-01],20.0000,3.0000,[197.55978    29.039886    1.4990128],20.0000,4.0000
297,[187.37206    -8.036652    1.3113805],20.0000,6.0000,[205.07        19.684105     0.31737447],20.0000,6.0000,[215.30067  -43.394806   0.349809],20.0000,6.0000,[181.66353    39.254086    1.0786809],20.0000,0.0000,[201.3994     -50.672245     0.74210966],20.0000,0.0000,[ 270.8462   -173.38107     5.287119],20.0000,4.0000,[ 2.2841214e+02 -4.6926182e+01  1.2400840e-01],20.0000,4.0000,[197.67386    29.611927    1.4810418],20.0000,5.0000
298,[187.66037   -6.983826   1.525895],20.0000,0.0000,[206.10213    20.039701    0.3993753],20.0000,6.0000,[216.30717   -42.968742    0.4414176],20.0000,6.0000,[182.24715     40.179726     0.77457434],20.0000,6.0000,[202.20529   -49.936028    0.4570325],20.0000,6.0000,[ 271.1608   -173.86684     5.287119],20.0000,4.0000,[ 2.2898445e+02 -4.6838634e+01  9.0085432e-02],20.0000,4.0000,[197.7896     30.182598    1.5541766],20.0000,4.0000
299,[187.75182    -5.8952813   1.2311275],20.0000,6.0000,[207.11073     20.457159     0.61414045],20.0000,6.0000,[217.2832    -42.47935     0.6660705],20.0000,0.0000,[183.03076    40.939636    0.8463659],20.0000,6.0000,[203.16042   -49.404724    0.5486337],20.0000,0.0000,[ 271.4754   -174.3526      5.287119],20.0000,4.0000,[ 2.2955887e+02 -4.6764587e+01  7.8017578e-02],20.0000,4.0000,[197.87166    30.760063    1.5721079],20.0000,4.0000
300,[188.09569    -4.8590927   1.3148307],20.0000,6.0000,[208.03708   21.037603   0.870054],20.0000,6.0000,[218.14938    -41.81498      0.37690654],20.0000,6.0000,[183.77301    41.74038     1.0564287],20.0000,0.0000,[204.06918    -48.798504     0.22272459],20.0000,6.0000,[ 271.79004  -174.83836     5.287119],20.0000,4.0000,[ 2.3013405e+02 -4.6696270e+01  7.4769668e-02],20.0000,3.0000,[197.93893    31.3389      1.5674852],20.0000,4.0000
301,[188.375     -3.803876   1.530719],20.0000,0.0000,[208.82938    21.797302    1.1294917],20.0000,0.0000,[219.14732   -41.37034     0.4666234],20.0000,6.0000,[184.35963    42.66266     0.7588875],20.0000,6.0000,[205.11002    -48.452496     0.30914715],20.0000,0.0000,[ 272.10464  -175.32413     5.287119],20.0000,4.0000,[230.70926   -46.62747     6.2664733],20.0000,4.0000,[198.00084    31.917446    1.5554346],20.0000,4.0000
302,[188.4562     -2.7147024   1.2366123],20.0000,6.0000,[209.42432    22.723476    0.8192041],20.0000,6.0000,[220.11406    -40.863136     0.68857133],20.0000,0.0000,[185.14513    43.42067     0.8384361],20.0000,6.0000,[206.12387  -48.03911    6.282236],20.0000,6.0000,[ 272.41925  -175.80989     5.287119],20.0000,4.0000,[231.28864   -46.594345    6.2347107],20.0000,4.0000,[198.0616     32.49533     1.5426022],20.0000,5.0000
303,[188.79045    -1.6752789   1.3214895],20.0000,6.0000,[210.20583     23.48714      0.85900223],20.0000,6.0000,[220.96896   -40.184177    0.3976986],20.0000,6.0000,[185.88458    44.2237      1.0518546],20.0000,6.0000,[ 2.0721555e+02 -4.7901890e+01  1.0060687e-01],20.0000,0.0000,[ 272.73386  -176.29567     5.287119],20.0000,4.0000,[231.86893  -46.576607   6.22702 ],20.0000,4.0000,[198.12572    33.072502    1.6231273],20.0000,5.0000
304,[189.05928     -0.61734694   1.5382787 ],20.0000,6.0000,[210.96368    24.274956    1.0518665],20.0000,0.0000,[221.95947   -39.723698    0.4863061],20.0000,6.0000,[186.48169    45.13971     1.3070347],20.0000,0.0000,[208.29123   -47.689644    6.0942802],20.0000,6.0000,[ 273.0485   -176.78143     5.287119],20.0000,4.0000,[232.44922   -46.56546     6.2290225],20.0000,3.0000,[198.15854    33.653763    1.7392403],20.0000,5.0000
305,[189.14685      0.47193494   1.7951019 ],20.0000,0.0000,[211.57697     25.181726     0.74297804],20.0000,6.0000,[222.91805   -39.201363    0.7068477],20.0000,0.0000,[186.86447    46.166996    1.0144879],20.0000,6.0000,[209.39088 -47.75065   6.20773],20.0000,6.0000,[ 273.3631   -177.2672      5.287119],20.0000,4.0000,[233.02945   -46.553932    6.1426163],20.0000,4.0000,[198.14412    34.238365    1.8639336],20.0000,5.0000
306,[188.99371     1.5565968   1.5059671],20.0000,6.0000,[212.38641    25.914087    0.8115052],20.0000,0.0000,[223.76276    -38.509663     0.41512692],20.0000,6.0000,[187.4634     47.07995     1.0796746],20.0000,6.0000,[ 2.1048596e+02 -4.7745174e+01  1.9451556e-01],20.0000,0.0000,[ 273.6777   -177.75296     5.287119],20.0000,4.0000,[233.61049   -46.578392    6.1152554],20.0000,4.0000,[198.07477    34.82197     1.9852608],20.0000,6.0000
307,[189.08458     2.6445482   1.5761011],20.0000,6.0000,[213.14497     26.699055     0.46969646],20.0000,6.0000,[224.74635   -38.03483     0.5030501],20.0000,6.0000,[188.01701    48.021713    1.2856002],20.0000,6.0000,[211.55153  -47.506714   6.217408],20.0000,6.0000,[ 273.9923   -178.23872     5.287119],20.0000,4.0000,[234.19069   -46.618614    6.1122503],20.0000,3.0000,[197.9502     35.39945     2.1903155],20.0000,7.0000
308,[189.11804     3.736294    1.7844957],20.0000,6.0000,[214.09009     27.248724     0.54695576],20.0000,6.0000,[225.69728    -37.498783     0.72279567],20.0000,0.0000,[188.41115    49.043663    1.5344615],20.0000,6.0000,[ 2.1264581e+02 -4.7501137e+01  3.4630049e-02],20.0000,6.0000,[ 274.30692  -178.7245      5.287119],20.0000,4.0000,[234.77045   -46.662292    6.0267873],20.0000,4.0000,[197.738      35.958973    2.5059326],20.0000,7.0000
309,[188.97162    4.821481   2.034951],20.0000,0.0000,[215.00447    27.845852    0.7682928],20.0000,6.0000,[226.53233    -36.795364     0.43061313],20.0000,6.0000,[188.58983    50.12944     1.7823212],20.0000,0.0000,[213.73526   -47.421673    0.2686118],20.0000,0.0000,[ 274.62155  -179.21027     5.287119],20.0000,4.0000,[235.34749  -46.743393   6.002404],20.0000,4.0000,[197.39189    36.464676    2.8327363],20.0000,6.0000
310,[188.58928    5.850767   1.734002],20.0000,6.0000,[215.80463    28.588634    1.0301301],20.0000,0.0000,[227.50923   -36.30707     0.5181087],20.0000,6.0000,[188.51268    51.22931     1.4570858],20.0000,6.0000,[214.78787  -47.13271    6.268058],20.0000,6.0000,[ 274.93616  -179.69603     5.287119],20.0000,4.0000,[235.92175  -46.840736   6.00328 ],20.0000,4.0000,[196.91028    36.859173    3.0361674],20.0000,6.0000
311,[188.44792     6.933743    1.7889882],20.0000,6.0000,[216.42332     29.490353     0.74735385],20.0000,6.0000,[228.45277    -35.758137     0.73738366],20.0000,0.0000,[188.68991    52.307716    1.4850134],20.0000,6.0000,[ 2.1588016e+02 -4.7093048e+01  7.6885909e-02],20.0000,6.0000,[ 275.25076  -180.1818      5.287119],20.0000,4.0000,[236.49422  -46.944164   6.013189],20.0000,3.0000,[196.35712   37.131596   3.183934],20.0000,6.0000
312,[188.26135    8.010438   1.989826],20.0000,0.0000,[217.22525    30.230902    0.8280782],20.0000,6.0000,[229.27838    -35.043625     0.44493568],20.0000,6.0000,[188.84364    53.39008     1.6725532],20.0000,0.0000,[216.96648    -46.983147     0.30188817],20.0000,0.0000,[ 275.56537  -180.66756     5.287119],20.0000,4.0000,[237.06645   -47.04627     5.9331203],20.0000,4.0000,[195.77075    37.29909     3.3292248],20.0000,6.0000
313,[187.88812     9.039135    1.6852379],20.0000,6.0000,[217.98122    31.018675    1.0414058],20.0000,0.0000,[230.2487     -34.542446     0.53216296],20.0000,6.0000,[188.81493   54.484375   1.361777],20.0000,6.0000,[ 2.1801234e+02 -4.6670403e+01  1.2913813e-02],20.0000,6.0000,[ 275.88     -181.15332     5.287119],20.0000,4.0000,[237.63261   -47.18313     5.9103084],20.0000,4.0000,[195.16838    37.36907     3.4899182],20.0000,
314,[187.76874    10.124153    1.7566979],20.0000,0.0000,[218.58144    31.932158    0.7449382],20.0000,0.0000,[231.18492   -33.981148    0.7511527],20.0000,0.0000,[189.04881    55.550602    1.4299152],20.0000,0.0000,[ 2.1910320e+02 -4.6609768e+01  1.0272675e-01],20.0000,0.0000,[ 276.1946   -181.6391      5.287119],20.0000,4.0000,[238.19469   -47.334904    5.9111514],20.0000,4.0000,[195.16838    37.36907     3.4899182],20.0000,
315,[187.5745    11.198309   1.416076],20.0000,0.0000,[219.36539     32.692184     0.27427053],20.0000,6.0000,[232.0012     -33.25596      0.45854685],20.0000,6.0000,[189.2111     56.630062    1.0880032],20.0000,0.0000,[220.18529   -46.461784    6.0574255],20.0000,6.0000,[ 276.50922  -182.12486     5.287119],20.0000,4.0000,[238.75455  -47.492233   5.920467],20.0000,4.0000,[195.16838    37.36907     3.4899182],20.0000,
316,[187.66173     12.289452     0.94324905],20.0000,0.0000,[220.38031     33.115185     0.32890695],20.0000,0.0000,[232.96494   -32.742268    0.5456055],20.0000,0.0000,[189.64621    57.63441     0.6147522],20.0000,0.0000,[221.27196   -46.606735    6.1419854],20.0000,0.0000,[ 276.82382  -182.61063     5.287119],20.0000,4.0000,[239.31332  -47.650963   5.931492],20.0000,4.0000,[195.16838    37.36907     3.4899182],20.0000,
317,[188.14305    13.288801    0.4599036],20.0000,0.0000,[2.2137802e+02 3.3571270e+01 1.9042756e-02],20.0000,0.0000,[ 2.3388458e+02 -3.2153717e+01  2.1386787e-01],20.0000,6.0000,[1.9042459e+02 5.8424469e+01 1.3098325e-01],20.0000,0.0000,[222.36415  -46.6795     5.828848],20.0000,6.0000,[ 277.13843  -183.09639     5.287119],20.0000,4.0000,[239.87164  -47.809505   5.941592],20.0000,4.0000,[195.16838    37.36907     3.4899182],20.0000,
318,[1.8899884e+02 1.4020302e+01 3.9021425e-02],20.0000,0.0000,[222.46606   33.7661     5.862775],20.0000,6.0000,[234.93144   -31.830723    0.2961628],20.0000,0.0000,[191.47083    58.84007     5.9926753],20.0000,0.0000,[223.40471  -47.036205   5.928414],20.0000,0.0000,[ 277.45306  -183.58215     5.287119],20.0000,4.0000,[240.42973   -47.967422    5.9500647],20.0000,4.0000,[195.16838    37.36907     3.4899182],20.0000,
319,[190.07816    14.354866    5.9844446],20.0000,0.0000,[223.55756    33.53307     5.9830136],20.0000,0.0000,[235.95335   -31.439657    6.2619977],20.0000,6.0000,[192.60037   58.807446   5.654535],20.0000,6.0000,[224.46379  -47.319546   5.637043],20.0000,6.0000,[ 277.76767  -184.06793     5.287119],20.0000,4.0000,[240.98772   -48.12473     5.9569616],20.0000,4.0000,[195.16838    37.36907     3.4899182],20.0000,
320,[191.20242    14.296847    5.6820188],20.0000,6.0000,[224.64474    33.353935    5.7693214],20.0000,6.0000,[ 2.3704747e+02 -3.1330244e+01  7.5463086e-02],20.0000,6.0000,[193.6348     58.374012    5.9026685],20.0000,0.0000,[225.42343   -47.859932    5.7496386],20.0000,0.0000,[ 278.08228  -184.5537      5.287119],20.0000,4.0000,[241.54562   -48.281574    5.9625545],20.0000,4.0000,[195.16838    37.36907     3.4899182],20.0000,
321,[192.24013    13.879958    5.9200006],20.0000,0.0000,[225.67422  32.95716   5.92696],20.0000,0.0000,[238.12968    -31.16555      0.33167505],20.0000,0.0000,[194.69637   58.088814   5.75482 ],20.0000,6.0000,[226.41711   -48.323917    5.4686265],20.0000,6.0000,[ 278.39688  -185.03946     5.287119],20.0000,4.0000,[242.10347  -48.438103   5.967127],20.0000,4.0000,[195.16838    37.36907     3.4899182],20.0000,
322,[193.30536    13.610292    5.7546506],20.0000,6.0000,[226.73363   32.67427    5.669963],20.0000,6.0000,[ 2.3915285e+02 -3.0784283e+01  6.5631390e-02],20.0000,6.0000,[195.70549    57.652344    5.9207754],20.0000,0.0000,[227.27269   -49.017418    5.5853887],20.0000,0.0000,[ 278.71152  -185.52522     5.287119],20.0000,4.0000,[242.66125  -48.59444    5.970915],20.0000,4.0000,[195.16838    37.36907     3.4899182],20.0000,
323,[194.31532    13.17521     5.9135466],20.0000,0.0000,[227.70656   32.160114   5.79233 ],20.0000,0.0000,[ 2.4023692e+02 -3.0634586e+01  1.6442478e-01],20.0000,0.0000,[196.75601   57.344135   5.649582],20.0000,6.0000,[228.17659   -49.638287    5.3059106],20.0000,6.0000,[ 279.02612  -186.01099     5.287119],20.0000,4.0000,[243.21898  -48.750675   5.974098],20.0000,4.0000,[195.16838    37.36907     3.4899182],20.0000,
324,[195.36462   12.862061   5.641027],20.0000,6.0000,[228.71602    31.733124    5.5107603],20.0000,6.0000,[241.30385   -30.39623     6.1307306],20.0000,6.0000,[197.7113    56.800793   5.760534],20.0000,0.0000,[228.90768  -50.46179    5.422705],20.0000,6.0000,[ 279.34073  -186.49675     5.287119],20.0000,4.0000,[243.77664  -48.906868   5.976809],20.0000,4.0000,[195.16838    37.36907     3.4899182],20.0000,
325,[196.31674    12.3125925   5.7526264],20.0000,0.0000,[229.59673  31.07287   5.62464],20.0000,0.0000,[242.40096  -30.443445   6.22314 ],20.0000,6.0000,[198.70407   56.3374     5.468694],20.0000,6.0000,[229.68509   -51.232906    5.6932063],20.0000,0.0000,[ 279.65533  -186.98253     5.287119],20.0000,4.0000,[244.33424  -49.06307    5.979146],20.0000,4.0000,[195.16838    37.36907     3.4899182],20.0000,
326,[197.30661    11.84271     5.4623275],20.0000,6.0000,[230.52284   30.486061   5.341415],20.0000,6.0000,[ 2.4349504e+02 -3.0434105e+01  1.8824910e-01],20.0000,0.0000,[199.55524   55.639748   5.577931],20.0000,0.0000,[230.60701   -51.81794     5.4325128],20.0000,6.0000,[ 279.96994  -187.46829     5.287119],20.0000,4.0000,[244.89178  -49.2193     5.981181],20.0000,4.0000,[195.16838    37.36907     3.4899182],20.0000,
327,[198.15388    11.140196    5.5725513],20.0000,0.0000,[231.28203   29.68854    5.456252],20.0000,0.0000,[244.56294   -30.206947    6.2005563],20.0000,6.0000,[200.45303   55.01045    5.292302],20.0000,6.0000,[231.38435  -52.588055   5.532654],20.0000,6.0000,[ 280.28458  -187.95406     5.287119],20.0000,4.0000,[245.44928  -49.375584   5.98297 ],20.0000,4.0000,[195.16838    37.36907     3.4899182],20.0000,
328,[199.04848    10.506298    5.2877173],20.0000,6.0000,[232.09792   28.955942   5.175037],20.0000,6.0000,[ 2.4565703e+02 -3.0221518e+01  1.4403055e-02],20.0000,0.0000,[201.17274   54.177006   5.406591],20.0000,0.0000,[232.21056  -53.302578   5.766214],20.0000,0.0000,[ 280.59918  -188.43982     5.287119],20.0000,4.0000,[246.00673   -49.531933    5.9845543],20.0000,4.0000,[195.16838    37.36907     3.4899182],20.0000,
329,[199.76437     9.669575    5.4023294],20.0000,6.0000,[232.7152    28.044027   5.291079],20.0000,0.0000,[246.74762  -30.146894   5.979288],20.0000,6.0000,[201.95169    53.405178    5.1255937],20.0000,6.0000,[233.15883   -53.843212    5.4822044],20.0000,6.0000,[ 280.9138   -188.92558     5.287119],20.0000,4.0000,[246.56413  -49.68836    5.985966],20.0000,4.0000,[195.16838    37.36907     3.4899182],20.0000,
330,[200.52623    8.883045   5.672009],20.0000,0.0000,[233.39967    27.187355    5.0107036],20.0000,6.0000,[247.82475  -30.360012   6.070955],20.0000,0.0000,[202.52348   52.464016   5.241932],20.0000,0.0000,[233.95856   -54.588207    5.5741196],20.0000,6.0000,[ 281.2284   -189.41135     5.287119],20.0000,4.0000,[247.12148   -49.844864    5.9872327],20.0000,4.0000,[195.16838    37.36907     3.4899182],20.0000,
331,[201.43585     8.2790365   5.4112515],20.0000,6.0000,[233.85939   26.186722   5.12704 ],20.0000,0.0000,[248.91127  -30.49971    5.767964],20.0000,6.0000,[203.1652     51.574833    4.9618735],20.0000,6.0000,[234.8038    -55.279385    5.7989764],20.0000,0.0000,[ 281.54303  -189.89713     5.287119],20.0000,4.0000,[247.67879   -50.001453    5.9883738],20.0000,4.0000,[195.16838    37.36907     3.4899182],20.0000,
332,[202.19702     7.4928875   5.511443 ],20.0000,0.0000,[234.3947    25.229725   4.846728],20.0000,6.0000,[249.931    -30.914131   5.873777],20.0000,6.0000,[203.57558   50.552963   5.078361],20.0000,0.0000,[235.76398  -55.798706   5.509909],20.0000,6.0000,[ 281.85764  -190.38289     5.287119],20.0000,4.0000,[248.23605  -50.15813    5.989407],20.0000,4.0000,[195.16838    37.36907     3.4899182],20.0000,
333,[203.0206      6.7740574   5.1946282],20.0000,6.0000,[234.6848     24.167458    4.9630346],20.0000,6.0000,[250.96684   -31.269129    6.1383247],20.0000,0.0000,[204.06366    49.571053    4.7981267],20.0000,6.0000,[236.57747  -56.528008   5.59967 ],20.0000,6.0000,[ 282.17224  -190.86865     5.287119],20.0000,4.0000,[248.79329   -50.314888    5.9903464],20.0000,4.0000,[195.16838    37.36907     3.4899182],20.0000,
334,[203.63208     5.8620853   5.286714 ],20.0000,6.0000,[235.03934   23.131468   5.233208],20.0000,0.0000,[252.05106   -31.398653    5.8760543],20.0000,6.0000,[204.30179    48.49594     4.9144506],20.0000,6.0000,[237.4353   -57.203236   5.821666],20.0000,0.0000,[ 282.48685  -191.35442     5.287119],20.0000,4.0000,[249.35048   -50.471733    5.9912033],20.0000,4.0000,[195.16838    37.36907     3.4899182],20.0000,
335,[204.28743    4.986005   5.534346],20.0000,0.0000,[235.60574    22.19798     4.9724026],20.0000,6.0000,[253.08438  -31.758995   5.975981],20.0000,0.0000,[204.60558    47.443954    5.1846166],20.0000,0.0000,[238.40425  -57.706207   5.530821],20.0000,6.0000,[ 282.80145  -191.84018     5.287119],20.0000,4.0000,[249.90764  -50.628662   5.991988],20.0000,4.0000,[195.16838    37.36907     3.4899182],20.0000,
336,[205.10255     4.2596536   5.2630467],20.0000,6.0000,[235.96033    21.162794    5.0725183],20.0000,6.0000,[254.14305  -32.03163    5.659502],20.0000,6.0000,[205.12596   46.48405    4.923802],20.0000,6.0000,[239.22919   -58.4222      5.6194487],20.0000,0.0000,[ 283.1161   -192.32596     5.287119],20.0000,4.0000,[250.46477  -50.78567    5.992708],20.0000,5.0000,[195.16838    37.36907     3.4899182],20.0000,
337,[205.73805     3.3689635   5.3599224],20.0000,6.0000,[236.38335   20.155712   5.306088],20.0000,6.0000,[255.09898  -32.572014   5.751946],20.0000,6.0000,[205.42982   45.432858   5.023913],20.0000,6.0000,[240.10852  -59.06971    5.289462],20.0000,6.0000,[ 283.4307   -192.81172     5.287119],20.0000,4.0000,[251.02101 -50.94561   6.08513],20.0000,4.0000,[195.16838    37.36907     3.4899182],20.0000,
338,[206.42912     2.5230374   5.5920334],20.0000,0.0000,[236.97818    19.240265    5.5726438],20.0000,6.0000,[256.07797  -33.060535   6.000108],20.0000,0.0000,[205.80342    44.40641     5.2574787],20.0000,6.0000,[240.7864  -59.93088   5.37296],20.0000,6.0000,[ 283.7453   -193.29749     5.287119],20.0000,4.0000,[251.58589   -51.072197    6.1193233],20.0000,4.0000,[195.16838    37.36907     3.4899182],20.0000,
339,[207.26953     1.8264796   5.3076024],20.0000,6.0000,[237.75162   18.465601   5.84196 ],20.0000,0.0000,[257.13254   -33.343185    5.7291217],20.0000,6.0000,[206.35306    43.46314     5.5240316],20.0000,0.0000,[241.50458   -60.755188    5.6084867],20.0000,0.0000,[ 284.0599   -193.78325     5.287119],20.0000,4.0000,[252.15375  -51.18554    6.131734],20.0000,4.0000,[195.16838    37.36907     3.4899182],20.0000,
340,[207.92802     0.9541058   5.3994255],20.0000,6.0000,[238.68735    17.890858    5.5475235],20.0000,6.0000,[258.10062   -33.853146    5.8261094],20.0000,6.0000,[207.10022   42.66474    5.242795],20.0000,6.0000,[242.3666   -61.425      5.329877],20.0000,6.0000,[ 284.3745   -194.26901     5.287119],20.0000,4.0000,[252.72276   -51.2933      6.1354012],20.0000,4.0000,[195.16838    37.36907     3.4899182],20.0000,
341,[2.0864053e+02 1.2676272e-01 5.6243458e+00],20.0000,0.0000,[239.47044   17.129429   5.603598],20.0000,6.0000,[259.0982    -34.29808     6.0583134],20.0000,0.0000,[207.65146    41.722607    5.3243513],20.0000,6.0000,[243.05597   -62.27424     5.4241133],20.0000,6.0000,[ 284.68915  -194.75478     5.287119],20.0000,4.0000,[253.2922   -51.398643   6.13556 ],20.0000,4.0000,[195.16838    37.36907     3.4899182],20.0000,
342,[209.49606    -0.5512515   5.3353457],20.0000,6.0000,[240.28595    16.401907    5.8044147],20.0000,0.0000,[260.16208  -34.542385   5.773931],20.0000,6.0000,[208.25928   40.81563    5.537993],20.0000,0.0000,[243.79718  -63.076412   5.653723],20.0000,6.0000,[ 285.00375  -195.24055     5.287119],20.0000,4.0000,[253.8618   -51.502922   6.134392],20.0000,4.0000,[195.16838    37.36907     3.4899182],20.0000,
343,[210.17073   -1.4106     5.425153],20.0000,6.0000,[241.21805    15.828298    5.4992757],20.0000,6.0000,[261.14252   -35.025497    5.8657703],20.0000,6.0000,[209.02336   40.03407    5.241683],20.0000,6.0000,[244.66698  -63.736263   5.918451],20.0000,6.0000,[ 285.31836  -195.72632     5.287119],20.0000,4.0000,[254.43147  -51.606693   6.132802],20.0000,4.0000,[195.16838    37.36907     3.4899182],20.0000,
344,[210.89847    -2.2243776   5.647219 ],20.0000,6.0000,[241.98625    15.052802    5.5698695],20.0000,6.0000,[262.15094 -35.44409   6.09071],20.0000,0.0000,[209.58293   39.09681    5.321728],20.0000,6.0000,[245.65665  -64.20442    6.187054],20.0000,6.0000,[ 285.63297  -196.21208     5.287119],20.0000,4.0000,[255.00113   -51.71021     6.1311574],20.0000,4.0000,[195.16838    37.36907     3.4899182],20.0000,
345,[211.75493    -2.9020898   5.906971 ],20.0000,0.0000,[242.7942     14.3183565   5.779423 ],20.0000,0.0000,[263.22      -35.66498     5.8017225],20.0000,6.0000,[210.19717   38.19439    5.535339],20.0000,6.0000,[ 2.4672981e+02 -6.4447571e+01  1.5924349e-01],20.0000,0.0000,[ 285.9476   -196.69785     5.287119],20.0000,4.0000,[255.5708    -51.81356     6.1295958],20.0000,5.0000,[195.16838    37.36907     3.4899182],20.0000,
346,[212.74109   -3.376675   5.621639],20.0000,6.0000,[243.72205    13.740438    5.4815474],20.0000,6.0000,[264.209    -36.12916    5.891536],20.0000,6.0000,[210.95386    37.405067    5.7905846],20.0000,0.0000,[247.83249   -64.42974     6.1192636],20.0000,6.0000,[ 286.2622   -197.18361     5.287119],20.0000,4.0000,[256.14     -51.919727   6.219919],20.0000,5.0000,[195.16838    37.36907     3.4899182],20.0000,
347,[213.5954     -4.0562005   5.697566 ],20.0000,6.0000,[244.4874     12.962105    5.5606723],20.0000,6.0000,[265.22498  -36.528774   6.113611],20.0000,0.0000,[211.86755   36.799282   5.498079],20.0000,6.0000,[248.90038  -64.66245    6.146582],20.0000,6.0000,[ 286.5768   -197.66939     5.287119],20.0000,4.0000,[ 2.5671518e+02 -5.1994564e+01  6.0678776e-02],20.0000,5.0000,[195.16838    37.36907     3.4899182],20.0000,
348,[214.4873     -4.686315    5.9087477],20.0000,0.0000,[245.29713    12.2299795   5.7738805],20.0000,0.0000,[266.29773   -36.731384    5.8228164],20.0000,6.0000,[212.6209    36.008926   5.563301],20.0000,6.0000,[ 2.4997337e+02 -6.4872192e+01  5.0343093e-02],20.0000,0.0000,[ 286.89142  -198.15515     5.287119],20.0000,4.0000,[ 2.5729675e+02 -5.2023521e+01  1.9333190e-01],20.0000,5.0000,[195.16838    37.36907     3.4899182],20.0000,
349,[215.47998   -5.144699   5.610598],20.0000,6.0000,[246.22719    11.656667    5.4783854],20.0000,6.0000,[267.2939    -37.17944     5.9114814],20.0000,6.0000,[213.4126     35.25617     5.7692432],20.0000,0.0000,[251.06773  -64.90064    6.022258],20.0000,6.0000,[ 287.20602  -198.64091     5.287119],20.0000,4.0000,[257.88165    -51.99889      0.32321435],20.0000,5.0000,[195.16838    37.36907     3.4899182],20.0000,
350,[216.33646    -5.8214173   5.688161 ],20.0000,6.0000,[246.99637    10.881974    5.5608983],20.0000,6.0000,[268.316    -37.56286    6.132092],20.0000,0.0000,[214.32733    34.656116    5.4675612],20.0000,6.0000,[252.12025   -65.19008     6.0899453],20.0000,6.0000,[ 287.52066  -199.12668     5.287119],20.0000,4.0000,[258.4644     -51.916355     0.44470006],20.0000,5.0000,[195.16838    37.36907     3.4899182],20.0000,
351,[217.23059    -6.4477634   5.9005876],20.0000,0.0000,[247.81123   10.155655   5.775986],20.0000,0.0000,[269.39175  -37.74933    5.840412],20.0000,6.0000,[215.07382   33.859726   5.54136 ],20.0000,6.0000,[ 2.5318623e+02 -6.5426567e+01  1.5209226e-02],20.0000,0.0000,[ 287.83527  -199.61244     5.287119],20.0000,4.0000,[259.038     -51.77476     0.5561358],20.0000,5.0000,[195.16838    37.36907     3.4899182],20.0000,
352,[218.22441   -6.902051   5.604548],20.0000,6.0000,[248.74574    9.590139   5.48151 ],20.0000,6.0000,[270.39432   -38.18269     5.9283705],20.0000,6.0000,[215.86299   33.105244   5.752233],20.0000,0.0000,[254.27855  -65.46855    6.000112],20.0000,6.0000,[ 288.14987  -200.0982      5.287119],20.0000,4.0000,[259.59576  -51.57578    0.658775],20.0000,5.0000,[195.16838    37.36907     3.4899182],20.0000,
353,[219.08325    -7.5758967   5.686138 ],20.0000,6.0000,[249.52127    8.82166    5.565722],20.0000,6.0000,[271.4218   -38.55129    6.148156],20.0000,0.0000,[216.7763    32.504936   5.455177],20.0000,6.0000,[255.329     -65.76541     6.0790367],20.0000,6.0000,[ 288.46448  -200.58398     5.287119],20.0000,4.0000,[260.1318    -51.32277     0.7553012],20.0000,6.0000,[195.16838    37.36907     3.4899182],20.0000,
354,[219.98116    -8.196656    5.9006586],20.0000,6.0000,[250.3427      8.102816    5.7819858],20.0000,6.0000,[272.5001    -38.72273     5.8559966],20.0000,6.0000,[217.52257    31.708256    5.5353155],20.0000,6.0000,[ 2.5639505e+02 -6.6000298e+01  8.9769587e-03],20.0000,0.0000,[ 288.7791   -201.06975     5.287119],20.0000,4.0000,[260.64334  -51.0218     0.940191],20.0000,6.0000,[195.16838    37.36907     3.4899182],20.0000,
355,[220.9713     -8.6600485   6.1564465],20.0000,0.0000,[251.27406     7.531002    6.0385904],20.0000,0.0000,[273.50848  -39.14219    5.943515],20.0000,6.0000,[218.31482   30.957283   5.749034],20.0000,6.0000,[257.487    -66.03769    5.996633],20.0000,6.0000,[ 289.09372  -201.55551     5.287119],20.0000,4.0000,[261.10852   -50.644833    1.1516287],20.0000,6.0000,[195.16838    37.36907     3.4899182],20.0000,
356,[222.04164    -8.895868    5.8650756],20.0000,6.0000,[252.31049     7.1759458   5.7489705],20.0000,6.0000,[274.54092   -39.496723    6.1628137],20.0000,0.0000,[219.22217    30.34719     6.0043845],20.0000,0.0000,[258.5389    -66.32972     6.0791116],20.0000,6.0000,[ 289.40833  -202.04128     5.287119],20.0000,4.0000,[261.5028    -50.186928    1.3585252],20.0000,6.0000,[195.16838    37.36907     3.4899182],20.0000,
357,[223.02917    -9.361537    5.9318867],20.0000,6.0000,[253.23914     6.601891    5.8183575],20.0000,6.0000,[275.62143  -39.653744   5.870379],20.0000,6.0000,[220.2438     29.94978     5.7121553],20.0000,6.0000,[ 2.5960651e+02 -6.6557129e+01  1.0994027e-02],20.0000,0.0000,[ 289.72293  -202.52704     5.287119],20.0000,4.0000,[261.80554   -49.660133    1.5510231],20.0000,5.0000,[195.16838    37.36907     3.4899182],20.0000,
358,[224.03941   -9.777159   6.138625],20.0000,0.0000,[254.19691     6.076778    6.0263815],20.0000,0.0000,[276.63525  -40.059757   5.95762 ],20.0000,6.0000,[221.1481    29.337906   5.777773],20.0000,6.0000,[260.69846  -66.58559    5.999694],20.0000,6.0000,[ 290.03754  -203.01282     5.287119],20.0000,4.0000,[262.0019    -49.085155    1.6397263],20.0000,5.0000,[195.16838    37.36907     3.4899182],20.0000,
359,[225.10924   -10.005444    5.8374434],20.0000,6.0000,[255.23494     5.731975    5.7260365],20.0000,6.0000,[277.67224  -40.40065    6.176625],20.0000,0.0000,[222.08205   28.771198   5.983914],20.0000,0.0000,[261.75278   -66.86911     6.0838904],20.0000,6.0000,[ 290.35217  -203.49858     5.287119],20.0000,4.0000,[262.12357   -48.496628    1.6952732],20.0000,5.0000,[195.16838    37.36907     3.4899182],20.0000,
360,[226.09344   -10.477468    5.9117117],20.0000,6.0000,[256.1613      5.1545825   5.8011346],20.0000,6.0000,[278.75473  -40.543606   5.884027],20.0000,6.0000,[223.10368   28.380026   5.682357],20.0000,6.0000,[ 2.6282242e+02 -6.7086792e+01  1.6956968e-02],20.0000,0.0000,[ 290.66678  -203.98434     5.287119],20.0000,4.0000,[262.19235   -47.90476     1.7547277],20.0000,5.0000,[195.16838    37.36907     3.4899182],20.0000,
361,[227.1024    -10.894618    6.1227727],20.0000,0.0000,[257.11856     4.6296296   6.0125246],20.0000,0.0000,[279.7737    -40.936436    5.9710946],20.0000,6.0000,[224.00287    27.761196    5.7562714],20.0000,6.0000,[263.91443   -67.10447     6.0061903],20.0000,6.0000,[ 290.98138  -204.47011     5.287119],20.0000,4.0000,[262.2142   -47.312016   1.827614],20.0000,5.0000,[195.16838    37.36907     3.4899182],20.0000,
362,[228.1712    -11.12296     5.8258367],20.0000,6.0000,[258.156       4.2859983   5.715805 ],20.0000,6.0000,[280.81503   -41.263924    6.1899176],20.0000,0.0000,[224.93484   27.19249    5.967191],20.0000,0.0000,[264.97156  -67.37769    6.091356],20.0000,6.0000,[ 291.296    -204.95587     5.287119],20.0000,4.0000,[262.18793   -46.720547    1.9116195],20.0000,5.0000,[195.16838    37.36907     3.4899182],20.0000,
363,[229.15553   -11.594875    5.9061346],20.0000,6.0000,[259.08295     3.7094724   5.7964015],20.0000,6.0000,[281.89926  -41.393024   5.897221],20.0000,6.0000,[225.95525    26.800932    5.6701646],20.0000,6.0000,[ 2.6604337e+02 -6.7584373e+01  2.5201997e-02],20.0000,0.0000,[ 291.61063  -205.44164     5.287119],20.0000,4.0000,[262.11102  -46.133747   2.002072],20.0000,5.0000,[195.16838    37.36907     3.4899182],20.0000,
364,[230.1662    -12.007403    6.1199365],20.0000,0.0000,[260.04266     3.1893058   6.010363 ],20.0000,0.0000,[282.92316  -41.77281    5.984179],20.0000,0.0000,[226.85434   26.181871   5.750342],20.0000,6.0000,[267.1354    -67.59028     6.0147724],20.0000,6.0000,[ 291.92523  -205.92741     5.287119],20.0000,4.0000,[261.982    -45.55605    2.095312],20.0000,5.0000,[195.16838    37.36907     3.4899182],20.0000,
365,[231.23592  -12.229254   5.824782],20.0000,6.0000,[261.08185     2.852351    5.7152977],20.0000,6.0000,[283.97382   -42.06998     5.6523385],20.0000,6.0000,[227.78862   25.617308   5.964081],20.0000,0.0000,[268.19547   -67.85215     6.1005282],20.0000,0.0000,[ 292.23984  -206.41318     5.287119],20.0000,4.0000,[261.80057   -44.99238     2.1892252],20.0000,5.0000,[195.16838    37.36907     3.4899182],20.0000,
366,[232.22316  -12.695308   5.907838],20.0000,6.0000,[262.0125      2.2816038   5.7985005],20.0000,6.0000,[284.91022   -42.63859     5.7345643],20.0000,0.0000,[228.81087   25.231888   5.668891],20.0000,6.0000,[269.27274   -68.02948     5.7675304],20.0000,6.0000,[ 292.55444  -206.89894     5.287119],20.0000,4.0000,[261.56775   -44.44773     2.2828794],20.0000,5.0000,[195.16838    37.36907     3.4899182],20.0000,
367,[233.23694  -13.099968   6.123279],20.0000,0.0000,[262.97626     1.7690849   6.01404  ],20.0000,0.0000,[285.88098  -43.143364   5.417073],20.0000,6.0000,[229.71367   24.61806    5.751889],20.0000,6.0000,[270.2665   -68.4898     5.848998],20.0000,6.0000,[ 292.86905  -207.3847      5.287119],20.0000,4.0000,[261.2854    -43.926903    2.3760338],20.0000,5.0000,[195.16838    37.36907     3.4899182],20.0000,
368,[234.30833  -13.312397   5.828971],20.0000,6.0000,[264.01822    1.44146    5.719777],20.0000,6.0000,[286.68896   -43.889137    5.5136223],20.0000,0.0000,[230.65224   24.060719   5.967292],20.0000,0.0000,[271.28     -68.89892    6.080449],20.0000,6.0000,[ 293.1837   -207.87047     5.287119],20.0000,4.0000,[260.95602  -43.43442    2.468761],20.0000,5.0000,[195.16838    37.36907     3.4899182],20.0000,
369,[235.29967  -13.76992    5.913481],20.0000,6.0000,[264.95392     0.8788826   5.80437  ],20.0000,0.0000,[287.5428    -44.576553    5.2191744],20.0000,6.0000,[231.67757    23.684288    5.6729655],20.0000,6.0000,[ 2.7234790e+02 -6.9125076e+01  6.6422984e-02],20.0000,0.0000,[ 293.4983   -208.35625     5.287119],20.0000,4.0000,[260.5825    -42.974495    2.5612192],20.0000,5.0000,[195.16838    37.36907     3.4899182],20.0000,
370,[236.31723   -14.1649475   6.1299753],20.0000,0.0000,[265.93076     0.3914497   5.470377 ],20.0000,6.0000,[288.20007   -45.460148    5.3302646],20.0000,0.0000,[232.58571   23.078201   5.757444],20.0000,0.0000,[273.4406    -69.10615     6.0700035],20.0000,6.0000,[ 293.8129   -208.84201     5.287119],20.0000,4.0000,[260.1681    -42.551025    2.6535468],20.0000,4.0000,[195.16838    37.36907     3.4899182],20.0000,
371,[237.39061   -14.366442    5.8361216],20.0000,6.0000,[266.7438      -0.34196737   5.5512233 ],20.0000,0.0000,[288.9187    -46.288555    5.0483937],20.0000,6.0000,[233.53842    22.545176    5.4233603],20.0000,6.0000,[274.5091    -69.32952     6.1550574],20.0000,0.0000,[ 294.1275   -209.32777     5.287119],20.0000,4.0000,[259.71503   -42.170216    2.6540732],20.0000,5.0000,[195.16838    37.36907     3.4899182],20.0000,
372,[238.38657   -14.813976    5.9214735],20.0000,0.0000,[267.60294    -1.0189672   5.2306967],20.0000,6.0000,[289.41708   -47.270706    5.1649275],20.0000,0.0000,[234.31586    21.774157    5.5041533],20.0000,0.0000,[275.59195  -69.466934   5.819747],20.0000,6.0000,[ 294.4421   -209.81354     5.287119],20.0000,4.0000,[259.2534    -41.80535     2.7143552],20.0000,5.0000,[195.16838    37.36907     3.4899182],20.0000,
373,[239.41454   -15.181619    5.5881157],20.0000,6.0000,[268.25595    -1.9031508   5.3250136],20.0000,0.0000,[289.98898  -48.206375   4.885485],20.0000,6.0000,[235.14204   21.05732    5.183498],20.0000,6.0000,[276.60056  -69.890495   5.899292],20.0000,0.0000,[ 294.75674  -210.2993      5.287119],20.0000,4.0000,[258.7704    -41.469555    2.8050106],20.0000,5.0000,[195.16838    37.36907     3.4899182],20.0000,
374,[240.30946  -15.812805   5.669354],20.0000,0.0000,[268.9644     -2.7394292   5.02807  ],20.0000,6.0000,[290.32043  -49.25654    5.002363],20.0000,0.0000,[235.75246   20.143242   5.277718],20.0000,0.0000,[277.63498   -70.24402     5.5736175],20.0000,6.0000,[ 295.07135  -210.78506     5.287119],20.0000,4.0000,[258.26086   -41.17332     2.9066198],20.0000,5.0000,[195.16838    37.36907     3.4899182],20.0000,
375,[241.24333  -16.38255    5.349739],20.0000,6.0000,[269.44125    -3.7319763   5.1378636],20.0000,0.0000,[290.73264  -50.272655   4.722411],20.0000,6.0000,[236.42049    19.274363    4.9806614],20.0000,6.0000,[278.54224   -70.86303     5.6637197],20.0000,0.0000,[ 295.38596  -211.27084     5.287119],20.0000,4.0000,[257.7255   -40.92389    3.009434],20.0000,5.0000,[195.16838    37.36907     3.4899182],20.0000,
376,[241.99754   -17.182306    5.4447384],20.0000,0.0000,[269.98813    -4.6825585   4.8551736],20.0000,6.0000,[290.88873   -51.362698    4.8388376],20.0000,0.0000,[236.84976   18.260323   5.090395],20.0000,0.0000,[279.48575   -71.419945    5.3613763],20.0000,6.0000,[ 295.70056  -211.7566      5.287119],20.0000,4.0000,[257.16797  -40.72581    3.109648],20.0000,5.0000,[195.16838    37.36907     3.4899182],20.0000,
377,[242.8012    -17.927618    5.1485786],20.0000,6.0000,[270.28876    -5.7421126   4.9714518],20.0000,0.0000,[291.12985   -52.432384    4.5584774],20.0000,6.0000,[237.35089   17.284859   4.807665],20.0000,6.0000,[280.25958   -72.20301     5.4681344],20.0000,0.0000,[ 296.0152   -212.24237     5.287119],20.0000,4.0000,[256.59354   -40.581608    3.2066145],20.0000,6.0000,[195.16838    37.36907     3.4899182],20.0000,
378,[243.39412   -18.855549    5.2587867],20.0000,0.0000,[270.67023    -6.7702527   4.6919928],20.0000,6.0000,[291.10593   -53.533287    4.6747265],20.0000,0.0000,[237.60089    16.212223    4.9239297],20.0000,0.0000,[281.08478   -72.92525     5.1832695],20.0000,0.0000,[ 296.3298   -212.72813     5.287119],20.0000,4.0000,[256.00757   -40.48942     3.3928044],20.0000,5.0000,[195.16838    37.36907     3.4899182],20.0000,
379,[244.0517    -19.733198    4.9763656],20.0000,6.0000,[270.79364    -7.86455     4.8089237],20.0000,0.0000,[291.16907   -54.62799     4.3942895],20.0000,0.0000,[237.93309    15.167125    4.6444693],20.0000,6.0000,[281.7268  -73.82325   4.74821],20.0000,6.0000,[ 296.6444   -213.2139      5.287119],20.0000,4.0000,[255.40974   -40.488213    3.5136359],20.0000,5.0000,[195.16838    37.36907     3.4899182],20.0000,
380,[244.4782    -20.748644    5.0927305],20.0000,0.0000,[271.00287    -8.9409485   4.5290504],20.0000,6.0000,[290.9825   -55.71577    3.959977],20.0000,6.0000,[238.00438    14.068199    4.7614026],20.0000,0.0000,[281.99182  -74.906006   4.863022],20.0000,0.0000,[ 296.959    -213.69968     5.287119],20.0000,4.0000,[254.81679   -40.56069     3.6030293],20.0000,5.0000,[195.16838    37.36907     3.4899182],20.0000,
381,[244.9812   -21.723097   4.813281],20.0000,6.0000,[270.94662   -10.040678    4.6455197],20.0000,0.0000,[290.40067  -56.666275   4.073785],20.0000,0.0000,[238.16225    12.983077    4.4815326],20.0000,6.0000,[282.30255   -75.9629      4.6413975],20.0000,0.0000,[ 297.27362  -214.18544     5.287119],20.0000,4.0000,[254.23615   -40.692844    3.6828475],20.0000,5.0000,[195.16838    37.36907     3.4899182],20.0000,
382,[245.23608   -22.794426    4.9301972],20.0000,0.0000,[270.97775   -11.13676     4.3651857],20.0000,6.0000,[289.86908   -57.6311      3.8506875],20.0000,0.0000,[238.05383    11.8872595   4.598004 ],20.0000,6.0000,[282.4038   -77.06441    4.245215],20.0000,6.0000,[ 297.58826  -214.6712      5.287119],20.0000,4.0000,[253.67154   -40.876938    3.7637978],20.0000,5.0000,[195.16838    37.36907     3.4899182],20.0000,
383,[245.57397  -23.83761    4.650299],20.0000,6.0000,[270.7428   -12.212567   4.481443],20.0000,6.0000,[289.15735  -58.4779     3.453889],20.0000,6.0000,[238.01514   10.792972   4.868223],20.0000,0.0000,[282.112     -78.13976     4.3771753],20.0000,0.0000,[ 297.90286  -215.15697     5.287119],20.0000,4.0000,[253.12625   -41.10969     3.8489554],20.0000,5.0000,[195.16838    37.36907     3.4899182],20.0000,
384,[245.65117   -24.93607     4.7667546],20.0000,0.0000,[270.57712   -13.294932    4.7515583],20.0000,0.0000,[288.1874    -59.026443    3.5858185],20.0000,0.0000,[238.21098     9.718799    4.6074114],20.0000,6.0000,[281.88855   -79.21782     4.1595764],20.0000,6.0000,[ 298.21747  -215.64273     5.287119],20.0000,4.0000,[252.60413  -41.389584   3.937873],20.0000,5.0000,[195.16838    37.36907     3.4899182],20.0000,
385,[245.8146   -26.020342   4.486412],20.0000,6.0000,[270.64664  -14.384599   4.490724],20.0000,6.0000,[287.26358   -59.625355    3.3684204],20.0000,6.0000,[238.17267    8.62524    4.707519],20.0000,0.0000,[281.44913   -80.2293      4.3122125],20.0000,0.0000,[ 298.53207  -216.1285      5.287119],20.0000,4.0000,[252.10936  -41.71519    4.029156],20.0000,5.0000,[195.16838    37.36907     3.4899182],20.0000,
386,[245.71149  -27.116665   4.602667],20.0000,0.0000,[270.48132   -15.466269    4.5908303],20.0000,6.0000,[286.23535  -60.023983   3.52118 ],20.0000,0.0000,[238.22615     7.5334144   4.39052  ],20.0000,6.0000,[281.11917  -81.27492    4.051423],20.0000,6.0000,[ 298.8467   -216.61427     5.287119],20.0000,4.0000,[251.6463   -42.084503   4.121577],20.0000,5.0000,[195.16838    37.36907     3.4899182],20.0000,
387,[245.69563  -28.213076   4.32223 ],20.0000,6.0000,[270.38965  -16.554739   4.824396],20.0000,0.0000,[285.25983  -60.524532   3.260449],20.0000,6.0000,[237.99332    6.460415   4.482471],20.0000,6.0000,[280.55942  -82.222374   4.172423],20.0000,0.0000,[ 299.16132  -217.10004     5.287119],20.0000,4.0000,[251.21907  -42.49482    4.214359],20.0000,5.0000,[195.16838    37.36907     3.4899182],20.0000,
388,[245.41476  -29.277815   4.438468],20.0000,0.0000,[270.5104    -17.639593    4.5403986],20.0000,6.0000,[284.19254   -60.792694    3.3814592],20.0000,0.0000,[237.81671    5.380697   4.729932],20.0000,0.0000,[280.0838    -83.209915    3.8905442],20.0000,6.0000,[ 299.47592  -217.5858      5.287119],20.0000,4.0000,[250.83145   -42.942825    4.3071246],20.0000,5.0000,[195.16838    37.36907     3.4899182],20.0000,
389,[245.21992   -30.356895    4.1580467],20.0000,0.0000,[270.37854  -18.724585   4.632319],20.0000,0.0000,[283.15594   -61.148907    3.0995715],20.0000,6.0000,[237.85867    4.289712   4.458535],20.0000,6.0000,[279.38113   -84.05726     4.0045447],20.0000,0.0000,[ 299.79053  -218.07156     5.287119],20.0000,4.0000,[250.48683   -43.42474     4.3997493],20.0000,5.0000,[195.16838    37.36907     3.4899182],20.0000,
390,[244.78397   -31.370802    3.7237482],20.0000,6.0000,[270.33472  -19.81613    4.306635],20.0000,6.0000,[282.05936   -61.2451      3.2135627],20.0000,0.0000,[237.6576      3.2141898   4.555377 ],20.0000,6.0000,[278.7496    -84.95349     3.7216156],20.0000,6.0000,[ 300.10513  -218.55733     5.287119],20.0000,4.0000,[250.18817   -43.93643     4.4922347],20.0000,5.0000,[195.16838    37.36907     3.4899182],20.0000,
391,[243.99582   -32.158737    3.8375676],20.0000,6.0000,[270.0029    -20.861597    4.3931737],20.0000,6.0000,[280.97806   -61.426228    2.9306245],20.0000,6.0000,[237.52727     2.1296742   4.7874613],20.0000,0.0000,[277.91592   -85.67281     3.8366365],20.0000,0.0000,[ 300.41977  -219.0431      5.287119],20.0000,4.0000,[249.938     -44.473515    4.5846257],20.0000,4.0000,[195.16838    37.36907     3.4899182],20.0000,
392,[243.24176  -32.958675   4.16503 ],20.0000,6.0000,[269.72458   -21.919233    4.6337705],20.0000,0.0000,[279.88037  -61.33922    3.045641],20.0000,6.0000,[237.60811     1.0411189   4.5030165],20.0000,6.0000,[277.1444    -86.452       3.5555542],20.0000,6.0000,[ 300.73438  -219.52887     5.287119],20.0000,4.0000,[249.74141   -45.031765    4.5852075],20.0000,4.0000,[195.16838    37.36907     3.4899182],20.0000,
393,[242.69542   -33.904007    4.4898477],20.0000,0.0000,[269.6581   -23.008932   4.358418],20.0000,6.0000,[278.78555   -61.320755    3.3151083],20.0000,0.0000,[ 2.3743611e+02 -3.8256753e-02  4.5948358e+00],20.0000,6.0000,[276.20352   -87.02416     3.6716444],20.0000,0.0000,[ 301.04898  -220.01463     5.287119],20.0000,4.0000,[249.5657    -45.59276     4.5537686],20.0000,5.0000,[195.16838    37.36907     3.4899182],20.0000,
394,[242.41772  -34.96032    4.226979],20.0000,6.0000,[269.34842   -24.05819     4.4538584],20.0000,6.0000,[277.71506   -61.53579     3.0541146],20.0000,6.0000,[237.33403    -1.1253387   4.8197503],20.0000,0.0000,[275.31458   -87.666176    3.3912816],20.0000,6.0000,[ 301.3636   -220.5004      5.287119],20.0000,4.0000,[249.39053  -46.150845   4.610887],20.0000,5.0000,[195.16838    37.36907     3.4899182],20.0000,
395,[241.92366   -35.933807    4.3200006],20.0000,0.0000,[269.10742  -25.123531   4.684748],20.0000,0.0000,[276.62097   -61.516872    3.1542034],20.0000,6.0000,[237.4387     -2.2119312   4.530747 ],20.0000,6.0000,[274.2928    -88.07669     3.5076149],20.0000,0.0000,[ 301.67822  -220.98616     5.287119],20.0000,7.0000,[249.24364  -46.717625   4.70857 ],20.0000,4.0000,[195.16838    37.36907     3.4899182],20.0000,
396,[241.51483   -36.94595     3.9882011],20.0000,6.0000,[269.0752   -26.214611   4.399671],20.0000,6.0000,[275.53003  -61.57181    3.387832],20.0000,0.0000,[237.28731    -3.2939355   4.6205525],20.0000,6.0000,[273.31088  -88.56483    3.227293],20.0000,6.0000,[ 301.98535   -221.47678      5.5623946],20.0000,7.0000,[249.14415  -47.295998   4.727361],20.0000,4.0000,[195.16838    37.36907     3.4899182],20.0000,
397,[240.85007   -37.815235    4.0689187],20.0000,6.0000,[268.792    -27.270235   4.491272],20.0000,6.0000,[274.47113  -61.836792   3.103887],20.0000,6.0000,[237.20554    -4.3825774   4.8426166],20.0000,0.0000,[272.23578   -88.80294     3.3435938],20.0000,0.0000,[ 302.3685   -221.91753     5.926563],20.0000,6.0000,[249.06528  -47.87599    4.714564],20.0000,5.0000,[195.16838    37.36907     3.4899182],20.0000,
398,[240.23224   -38.716305    4.2960944],20.0000,6.0000,[268.57745   -28.3408      4.7159147],20.0000,0.0000,[273.37823   -61.851482    3.1958284],20.0000,6.0000,[237.32875    -5.4673147   4.551815 ],20.0000,6.0000,[271.18735   -89.12415     3.0632112],20.0000,6.0000,[ 302.85547  -222.26816     6.206826],20.0000,6.0000,[248.98969  -48.454906   4.784892],20.0000,4.0000,[195.16838    37.36907     3.4899182],20.0000,
399,[239.77899   -39.709396    4.5619445],20.0000,6.0000,[268.56845   -29.43239     4.4267445],20.0000,6.0000,[272.2897    -61.936516    3.4207323],20.0000,6.0000,[237.19485    -6.5514064   4.6404753],20.0000,6.0000,[270.08777   -89.18343     3.1794765],20.0000,0.0000,[ 3.0341776e+02 -2.2250531e+02  1.4603330e-01],20.0000,6.0000,[248.94962   -49.038086    4.7981505],20.0000,4.0000,[195.16838    37.36907     3.4899182],20.0000,
400,[239.53946   -40.777107    4.8316107],20.0000,0.0000,[268.3051   -30.49271    4.516458],20.0000,6.0000,[271.23203   -62.208065    3.6822479],20.0000,0.0000,[237.13037    -7.6411424   4.8610797],20.0000,0.0000,[269.00098   -89.32903     2.8990703],20.0000,6.0000,[ 304.0194     -222.61853       0.32874507],20.0000,6.0000,[248.92459   -49.62112     4.7886896],20.0000,5.0000,[195.16838    37.36907     3.4899182],20.0000,
401,[239.55461   -41.87465     4.5392075],20.0000,0.0000,[268.11032  -31.566893   4.738401],20.0000,0.0000,[270.25806   -62.706436    3.3983228],20.0000,6.0000,[237.26988   -8.723976   4.569396],20.0000,6.0000,[267.9065    -89.20784     3.0153277],20.0000,0.0000,[ 304.6296     -222.61476       0.49533802],20.0000,5.0000,[248.90137  -50.203335   4.864499],20.0000,5.0000,[195.16838    37.36907     3.4899182],20.0000,
402,[239.34828  -42.946686   4.047541],20.0000,6.0000,[268.11975   -32.65857     4.4475255],20.0000,6.0000,[269.20032  -62.97614    3.476336],20.0000,6.0000,[237.1519    -9.809798   4.657352],20.0000,6.0000,[266.8105    -89.17388     2.7349203],20.0000,6.0000,[ 305.22607    -222.5012        0.56995845],20.0000,5.0000,[248.91118  -50.787342   4.974204],20.0000,4.0000,[195.16838    37.36907     3.4899182],20.0000,
403,[238.75    -43.86465   4.09458],20.0000,6.0000,[267.87347  -33.722767   4.536131],20.0000,6.0000,[268.1598   -63.307213   3.688468],20.0000,6.0000,[237.10315   -10.900321    4.8771343],20.0000,6.0000,[265.75052  -88.87547    2.851179],20.0000,6.0000,[ 305.7987     -222.32214       0.62156594],20.0000,5.0000,[248.97203   -51.3702      5.0004406],20.0000,4.0000,[195.16838    37.36907     3.4899182],20.0000,
404,[238.1723   -44.793213   4.315599],20.0000,6.0000,[267.69565  -34.799824   4.75667 ],20.0000,0.0000,[267.1864    -63.807457    3.9415703],20.0000,6.0000,[237.24019   -11.984075    5.1355243],20.0000,0.0000,[264.6799    -88.64579     3.1213253],20.0000,0.0000,[ 306.34998    -222.09789       0.68191344],20.0000,5.0000,[249.05484  -51.949284   4.992416],20.0000,4.0000,[195.16838    37.36907     3.4899182],20.0000,
405,[237.75569  -45.802155   4.584972],20.0000,6.0000,[267.72134   -35.891308    4.4649477],20.0000,6.0000,[266.33197  -64.49924    4.194659],20.0000,0.0000,[237.61172   -13.0138855   4.8487663],20.0000,6.0000,[263.58804   -88.650475    2.8605123],20.0000,6.0000,[ 306.88004    -221.83255       0.75680417],20.0000,5.0000,[249.1447    -52.525646    4.9737096],20.0000,,[195.16838    37.36907     3.4899182],20.0000,
406,[237.55762   -46.87725     4.8565636],20.0000,6.0000,[267.49066   -36.958878    4.5528693],20.0000,6.0000,[265.66025   -65.37285     3.8752093],20.0000,6.0000,[237.74544  -14.097321   4.92253 ],20.0000,6.0000,[262.5181    -88.42122     2.9606266],20.0000,0.0000,[ 307.38593    -221.52533       0.84243786],20.0000,5.0000,[249.1447    -52.525646    4.9737096],20.0000,,[195.16838    37.36907     3.4899182],20.0000,
407,[237.59575   -47.974712    5.1200395],20.0000,6.0000,[267.32834   -38.03835     4.7726135],20.0000,6.0000,[264.8142    -66.06455     3.9072325],20.0000,0.0000,[237.93889  -15.172163   5.132692],20.0000,6.0000,[261.43378   -88.28264     2.6436465],20.0000,0.0000,[ 307.8633    -221.17561      0.9338544],20.0000,5.0000,[249.1447    -52.525646    4.9737096],20.0000,,[195.16838    37.36907     3.4899182],20.0000,
408,[237.87784   -49.041885    5.3594003],20.0000,6.0000,[267.35144  -39.13049    5.030982],20.0000,6.0000,[263.99774   -66.790306    3.5459757],20.0000,0.0000,[238.30786  -16.202868   5.384364],20.0000,6.0000,[260.4096    -87.881134    2.1850595],20.0000,0.0000,[ 308.30746   -220.78427      1.0275315],20.0000,5.0000,[249.1447    -52.525646    4.9737096],20.0000,,[195.16838    37.36907     3.4899182],20.0000,
409,[238.38666   -50.02552     5.5674515],20.0000,6.0000,[267.59647   -40.199066    5.2947493],20.0000,6.0000,[263.01627  -67.27127    3.063205],20.0000,0.0000,[238.88222  -17.140776   5.635465],20.0000,6.0000,[259.59042   -87.12318     1.7281965],20.0000,0.0000,[ 308.71396   -220.35367      1.1215671],20.0000,4.0000,[249.1447    -52.525646    4.9737096],20.0000,,[195.16838    37.36907     3.4899182],20.0000,
410,[239.08397   -50.88712     5.7509947],20.0000,6.0000,[268.07047   -41.193893    5.5421762],20.0000,6.0000,[261.91406  -67.36408    2.570689],20.0000,0.0000,[239.64952  -17.935736   5.864219],20.0000,6.0000,[259.1376    -86.08983     1.3414598],20.0000,0.0000,[ 309.0763    -219.88585      1.1234394],20.0000,4.0000,[249.1447    -52.525646    4.9737096],20.0000,,[195.16838    37.36907     3.4899182],20.0000,
411,[239.92815  -51.604713   5.923145],20.0000,6.0000,[268.75363   -42.06428     5.7604003],20.0000,6.0000,[260.85065  -66.999954   2.134805],20.0000,0.0000,[240.56999   -18.551971    6.0648265],20.0000,6.0000,[259.1071    -84.96181     1.0207826],20.0000,0.0000,[ 309.41946   -219.40858      1.0928146],20.0000,4.0000,[249.1447    -52.525646    4.9737096],20.0000,,[195.16838    37.36907     3.4899182],20.0000,
412,[240.88419  -52.163338   6.093813],20.0000,6.0000,[269.60364  -42.7754     5.951124],20.0000,6.0000,[260.01886   -66.2345      1.7865347],20.0000,0.0000,[241.5941   -18.975586   6.245099],20.0000,6.0000,[259.44818   -83.89055     0.7155048],20.0000,0.0000,[ 309.75836   -218.93236      1.0585684],20.0000,4.0000,[249.1447    -52.525646    4.9737096],20.0000,,[195.16838    37.36907     3.4899182],20.0000,
413,[241.92169  -52.548992   6.266973],20.0000,6.0000,[270.57324  -43.31196    6.126085],20.0000,6.0000,[259.51303   -65.2279      1.4835147],20.0000,0.0000,[ 2.4267767e+02 -1.9205769e+01  1.3376446e-01],20.0000,6.0000,[260.10184   -82.97866     0.3956113],20.0000,0.0000,[ 310.09875   -218.45978      1.0308138],20.0000,4.0000,[249.1447    -52.525646    4.9737096],20.0000,,[195.16838    37.36907     3.4899182],20.0000,
414,[ 2.4301015e+02 -5.2749302e+01  1.5952696e-01],20.0000,6.0000,[ 2.7162207e+02 -4.3667686e+01  1.3549118e-02],20.0000,6.0000,[259.34695   -64.11764     1.1742312],20.0000,0.0000,[243.78418    -19.243782     0.30525523],20.0000,0.0000,[ 2.6100903e+02 -8.2318474e+01  6.2316176e-02],20.0000,6.0000,[ 310.44168   -217.99059      1.0106047],20.0000,4.0000,[249.1447    -52.525646    4.9737096],20.0000,,[195.16838    37.36907     3.4899182],20.0000,
415,[244.11687   -52.75635     0.3366397],20.0000,0.0000,[ 2.7271603e+02 -4.3837032e+01  1.8577673e-01],20.0000,6.0000,[259.53067   -63.011177    0.8462181],20.0000,0.0000,[244.87498   -19.073492    6.2118344],20.0000,6.0000,[262.08322   -82.005745    0.2765969],20.0000,0.0000,[ 310.7867    -217.52382      0.9962899],20.0000,4.0000,[249.1447    -52.525646    4.9737096],20.0000,,[195.16838    37.36907     3.4899182],20.0000,
416,[245.20175   -52.551834    6.2467093],20.0000,6.0000,[273.82257   -43.815075    0.3607348],20.0000,0.0000,[260.0587    -62.0208      0.5094898],20.0000,0.0000,[245.9605   -19.196918   6.220878],20.0000,0.0000,[ 2.6309692e+02 -8.1579582e+01  1.0601784e-01],20.0000,0.0000,[ 311.13312   -217.05864      0.9860382],20.0000,4.0000,[249.1447    -52.525646    4.9737096],20.0000,,[195.16838    37.36907     3.4899182],20.0000,
417,[246.29088  -52.638237   6.256615],20.0000,0.0000,[274.90204   -43.584038    6.2701216],20.0000,6.0000,[ 2.6088260e+02 -6.1257496e+01  1.7394182e-01],20.0000,0.0000,[247.04794  -19.296808   5.852382],20.0000,6.0000,[264.1657   -81.30777    5.999426],20.0000,6.0000,[ 311.48035   -216.59444      0.9784778],20.0000,4.0000,[249.1447    -52.525646    4.9737096],20.0000,,[195.16838    37.36907     3.4899182],20.0000,
418,[247.38118   -52.700165    5.8882723],20.0000,6.0000,[275.9929   -43.644466   6.280189],20.0000,6.0000,[261.91174 -60.80709   6.12536],20.0000,0.0000,[248.06035   -19.707855    5.9206543],20.0000,0.0000,[265.27216   -81.41262     6.1181335],20.0000,0.0000,[ 311.82803    -216.13083       0.97270143],20.0000,4.0000,[249.1447    -52.525646    4.9737096],20.0000,,[195.16838    37.36907     3.4899182],20.0000,
419,[248.40733   -53.07543     5.9564066],20.0000,0.0000,[ 2.7708429e+02 -4.3698143e+01  1.7936505e-01],20.0000,0.0000,[263.03134   -60.717052    5.7954655],20.0000,6.0000,[249.09625  -20.054602   5.585068],20.0000,6.0000,[266.37183   -81.45412     5.8834186],20.0000,0.0000,[ 312.176     -215.66757      0.9681355],20.0000,4.0000,[249.1447    -52.525646    4.9737096],20.0000,,[195.16838    37.36907     3.4899182],20.0000,
420,[249.45476  -53.385616   5.620583],20.0000,6.0000,[278.17136  -43.575146   6.152564],20.0000,6.0000,[264.11108  -61.010944   6.015922],20.0000,0.0000,[250.0031    -20.672022    5.6692085],20.0000,0.0000,[267.446    -81.71635    5.478525],20.0000,6.0000,[ 312.52405   -215.20454      0.9644193],20.0000,4.0000,[249.1447    -52.525646    4.9737096],20.0000,,[195.16838    37.36907     3.4899182],20.0000,
421,[250.38258   -53.9709      5.7045307],20.0000,0.0000,[279.25357   -43.717537    6.2242427],20.0000,0.0000,[265.19876   -61.171856    5.8483443],20.0000,6.0000,[250.94572   -21.229347    5.3593345],20.0000,6.0000,[268.36472   -82.34716     5.6069417],20.0000,0.0000,[ 312.87213    -214.74164       0.96132237],20.0000,4.0000,[249.1447    -52.525646    4.9737096],20.0000,,[195.16838    37.36907     3.4899182],20.0000,
422,[251.3441    -54.4949      5.3943324],20.0000,6.0000,[280.34308   -43.784595    5.8838696],20.0000,6.0000,[266.24683 -61.50658   6.00947],20.0000,0.0000,[251.7153   -22.015999   5.461722],20.0000,0.0000,[269.30673 -82.91734   5.38888],20.0000,6.0000,[ 313.22018   -214.2788       0.9586931],20.0000,4.0000,[249.1447    -52.525646    4.9737096],20.0000,,[195.16838    37.36907     3.4899182],20.0000,
423,[252.14056  -55.254272   5.496509],20.0000,0.0000,[281.37543  -44.145737   5.962015],20.0000,0.0000,[267.32193   -61.715538    5.7400794],20.0000,6.0000,[252.53497   -22.744316    5.1734233],20.0000,6.0000,[270.11334  -83.66957    5.542079],20.0000,0.0000,[ 313.56818  -213.81598     0.956428],20.0000,4.0000,[249.1447    -52.525646    4.9737096],20.0000,,[195.16838    37.36907     3.4899182],20.0000,
424,[252.98502   -55.9537      5.2080207],20.0000,6.0000,[282.42923  -44.43601    5.634853],20.0000,6.0000,[268.32425   -62.167267    5.8533363],20.0000,0.0000,[253.15216  -23.656536   5.28755 ],20.0000,0.0000,[270.98874  -84.32985    5.282041],20.0000,6.0000,[ 313.91614    -213.35318       0.95445377],20.0000,4.0000,[249.1447    -52.525646    4.9737096],20.0000,,[195.16838    37.36907     3.4899182],20.0000,
425,[253.63338   -56.844032    5.3220634],20.0000,0.0000,[283.37167  -44.999638   5.724009],20.0000,6.0000,[269.35648  -62.53495    5.564162],20.0000,6.0000,[253.83481   -24.51485     5.0074134],20.0000,6.0000,[271.69522  -85.1736     5.403412],20.0000,0.0000,[ 314.264     -212.89035      0.9527168],20.0000,4.0000,[249.1447    -52.525646    4.9737096],20.0000,,[195.16838    37.36907     3.4899182],20.0000,
426,[254.34525   -57.678276    5.0418878],20.0000,6.0000,[284.33707   -45.5146      5.9710836],20.0000,0.0000,[270.27078   -63.14772     5.6747947],20.0000,0.0000,[254.29216   -25.516706    5.1244097],20.0000,6.0000,[272.46777   -85.95117     5.1217284],20.0000,6.0000,[ 314.6118    -212.4275       0.9511766],20.0000,4.0000,[249.1447    -52.525646    4.9737096],20.0000,,[195.16838    37.36907     3.4899182],20.0000,
427,[254.83687  -58.66377    5.158878],20.0000,0.0000,[285.3833    -45.826843    5.7000713],20.0000,6.0000,[271.2253    -63.68709     5.3900847],20.0000,6.0000,[254.80904   -26.48206     5.3954487],20.0000,6.0000,[273.0326    -86.89597     5.2357764],20.0000,6.0000,[ 314.9595    -211.96463      0.9498017],20.0000,4.0000,[249.1447    -52.525646    4.9737096],20.0000,,[195.16838    37.36907     3.4899182],20.0000,
428,[255.4028   -59.60303    4.879372],20.0000,6.0000,[286.3366    -46.363987    5.7971606],20.0000,6.0000,[272.0229    -64.44635     5.5046816],20.0000,6.0000,[255.5051    -27.322937    5.6856265],20.0000,0.0000,[273.65182   -87.7989      5.5033855],20.0000,0.0000,[ 315.30713    -211.50172       0.94856733],20.0000,4.0000,[249.1447    -52.525646    4.9737096],20.0000,,[195.16838    37.36907     3.4899182],20.0000,
429,[255.72757  -60.65524    4.996089],20.0000,6.0000,[287.32123   -46.83702     6.0296764],20.0000,0.0000,[272.86108   -65.15097     5.7742887],20.0000,0.0000,[256.38278   -27.973356    5.4123125],20.0000,6.0000,[274.4465   -88.54769    5.241339],20.0000,6.0000,[ 315.65466   -211.03877      0.9474536],20.0000,4.0000,[249.1447    -52.525646    4.9737096],20.0000,,[195.16838    37.36907     3.4899182],20.0000,
430,[256.11615  -61.678944   5.266495],20.0000,0.0000,[288.37778  -47.111202   5.745515],20.0000,6.0000,[273.8276   -65.65898    5.513486],20.0000,6.0000,[257.097    -28.798971   5.501297],20.0000,6.0000,[275.06326   -89.45152     5.3410635],20.0000,0.0000,[ 316.0021    -210.57578      0.9464443],20.0000,4.0000,[249.1447    -52.525646    4.9737096],20.0000,,[195.16838    37.36907     3.4899182],20.0000,
431,[256.71326   -62.59309     5.0057554],20.0000,6.0000,[289.3443    -47.621613    5.8374376],20.0000,0.0000,[274.665    -66.36336    5.613661],20.0000,0.0000,[257.8643    -29.575386    5.7183957],20.0000,0.0000,[275.75275  -90.29979    5.023901],20.0000,6.0000,[ 316.3495    -210.11273      0.9455259],20.0000,4.0000,[249.1447    -52.525646    4.9737096],20.0000,,[195.16838    37.36907     3.4899182],20.0000,
432,[257.1021    -63.615894    5.1058817],20.0000,0.0000,[290.34833  -48.05221    5.511958],20.0000,6.0000,[275.55762   -66.99441     5.2968335],20.0000,6.0000,[258.7624    -30.19739     5.4242682],20.0000,6.0000,[276.2002    -91.30246     5.1158156],20.0000,6.0000,[ 316.69678    -209.64964       0.94468725],20.0000,4.0000,[249.1447    -52.525646    4.9737096],20.0000,,[195.16838    37.36907     3.4899182],20.0000,
433,[257.57492   -64.601494    4.7888823],20.0000,6.0000,[291.20654  -48.73535    5.598681],20.0000,6.0000,[276.25894  -67.83923    5.388913],20.0000,6.0000,[259.48984  -31.011456   5.507661],20.0000,0.0000,[276.6969   -92.277275   5.363287],20.0000,0.0000,[ 317.04398   -209.18651      0.9439189],20.0000,4.0000,[249.1447    -52.525646    4.9737096],20.0000,,[195.16838    37.36907     3.4899182],20.0000,
434,[257.77652  -65.68079    4.880828],20.0000,6.0000,[292.0952   -49.372845   5.83959 ],20.0000,0.0000,[277.00027   -68.64389     5.6365395],20.0000,0.0000,[260.27832  -31.766394   5.172672],20.0000,6.0000,[277.37646   -93.131805    5.0919075],20.0000,6.0000,[ 317.3911    -208.72333      0.9432129],20.0000,4.0000,[249.1447    -52.525646    4.9737096],20.0000,,[195.16838    37.36907     3.4899182],20.0000,
435,[258.03256   -66.74448     5.1282783],20.0000,0.0000,[293.0895    -49.82368     5.5644355],20.0000,6.0000,[277.88522  -69.283295   5.365237],20.0000,6.0000,[260.8369   -32.70779    5.252905],20.0000,6.0000,[277.85095  -94.11772    5.188757],20.0000,6.0000,[ 317.7382     -208.2601        0.94256246],20.0000,4.0000,[249.1447    -52.525646    4.9737096],20.0000,,[195.16838    37.36907     3.4899182],20.0000,
436,[258.49442  -67.733765   4.856876],20.0000,6.0000,[293.95932   -50.48719     5.6599493],20.0000,6.0000,[278.60828  -70.104515   5.462112],20.0000,6.0000,[261.44135  -33.61809    5.481335],20.0000,0.0000,[278.38782  -95.069      5.420852],20.0000,0.0000,[ 318.08517   -207.79683      0.9419616],20.0000,4.0000,[249.1447    -52.525646    4.9737096],20.0000,,[195.16838    37.36907     3.4899182],20.0000,
437,[258.72626  -68.803085   4.953715],20.0000,6.0000,[294.8687   -51.09224    5.890912],20.0000,0.0000,[279.38202   -70.87553     5.6942225],20.0000,0.0000,[262.2058    -34.397285    5.1977787],20.0000,6.0000,[279.0973   -95.898544   5.136414],20.0000,6.0000,[ 318.4321     -207.33353       0.94140536],20.0000,4.0000,[249.1447    -52.525646    4.9737096],20.0000,,[195.16838    37.36907     3.4899182],20.0000,
438,[259.02682  -69.85324    5.185797],20.0000,0.0000,[295.8766    -51.51134     5.6058764],20.0000,6.0000,[280.28912  -71.48272    5.409791],20.0000,6.0000,[262.7718    -35.332832    5.2901897],20.0000,6.0000,[279.59753   -96.870346    5.2282352],20.0000,6.0000,[ 318.77896    -206.87018       0.94088924],20.0000,4.0000,[249.1447    -52.525646    4.9737096],20.0000,,[195.16838    37.36907     3.4899182],20.0000,
439,[259.52356   -70.82521     4.9013515],20.0000,6.0000,[296.7619    -52.152283    5.6974926],20.0000,6.0000,[281.03314  -72.28337    5.501614],20.0000,6.0000,[263.39536   -36.229347    5.5173836],20.0000,0.0000,[280.1587   -97.80698    5.453153],20.0000,0.0000,[ 319.12576   -206.40678      0.9404094],20.0000,4.0000,[249.1447    -52.525646    4.9737096],20.0000,,[195.16838    37.36907     3.4899182],20.0000,
440,[259.7837   -71.886795   4.99317 ],20.0000,6.0000,[297.68564  -52.734398   5.922156],20.0000,0.0000,[281.82635  -73.033714   5.726534],20.0000,0.0000,[264.17728  -36.991      5.230046],20.0000,6.0000,[280.88623   -98.62083     5.1641526],20.0000,6.0000,[ 319.4725    -205.94334      0.9399625],20.0000,4.0000,[249.1447    -52.525646    4.9737096],20.0000,,[195.16838    37.36907     3.4899182],20.0000,
441,[260.11127  -72.92837    5.218084],20.0000,0.0000,[298.70227  -53.131977   5.632998],20.0000,6.0000,[282.74658   -73.62092     5.4375343],20.0000,6.0000,[264.76184  -37.91425    5.320735],20.0000,6.0000,[281.40463  -99.58255    5.253959],20.0000,6.0000,[ 319.81918   -205.47987      0.9395456],20.0000,4.0000,[249.1447    -52.525646    4.9737096],20.0000,,[195.16838    37.36907     3.4899182],20.0000,
442,[260.6292    -73.88929     4.9290805],20.0000,6.0000,[299.59906   -53.755997    5.7227182],20.0000,6.0000,[283.5054    -74.40696     5.5273414],20.0000,6.0000,[265.40384   -38.797325    5.5440893],20.0000,0.0000,[ 281.9831    -100.50841      5.4760246],20.0000,0.0000,[ 320.1658    -205.01636      0.9391559],20.0000,4.0000,[249.1447    -52.525646    4.9737096],20.0000,,[195.16838    37.36907     3.4899182],20.0000,
443,[260.90936   -74.945305    5.0188856],20.0000,6.0000,[300.53323  -54.320923   5.944671],20.0000,0.0000,[284.31235  -75.14226    5.749408],20.0000,0.0000,[266.20007  -39.544144   5.254103],20.0000,6.0000,[ 282.72446  -101.30979     5.185224],20.0000,6.0000,[ 320.51236   -204.55281      0.9387912],20.0000,4.0000,[249.1447    -52.525646    4.9737096],20.0000,,[195.16838    37.36907     3.4899182],20.0000,
444,[261.25626   -75.98043     5.2409496],20.0000,0.0000,[301.55655  -54.701298   5.653801],20.0000,6.0000,[285.24255   -75.713715    5.4586077],20.0000,6.0000,[266.8004   -40.456833   5.343326],20.0000,6.0000,[ 283.2582   -102.26283     5.273885],20.0000,6.0000,[ 320.8589    -204.08923      0.9384494],20.0000,4.0000,[249.1447    -52.525646    4.9737096],20.0000,,[195.16838    37.36907     3.4899182],20.0000,
445,[261.7906   -76.93245    4.950148],20.0000,6.0000,[302.46304   -55.310753    5.7424107],20.0000,6.0000,[286.0138    -76.48725     5.5472684],20.0000,6.0000,[267.45737  -41.328705   5.564632],20.0000,0.0000,[ 283.85123   -103.179344     5.4944906],20.0000,0.0000,[ 321.20535    -203.62561       0.93812853],20.0000,4.0000,[249.1447    -52.525646    4.9737096],20.0000,,[195.16838    37.36907     3.4899182],20.0000,
446,[262.08768  -77.983604   5.038808],20.0000,6.0000,[303.40594  -55.860867   5.962955],20.0000,0.0000,[286.83224   -77.20961     5.7678742],20.0000,0.0000,[268.26547  -42.06277    5.273368],20.0000,6.0000,[ 284.6046    -103.96954      5.2028074],20.0000,6.0000,[ 321.55176    -203.16196       0.93782705],20.0000,4.0000,[249.1447    -52.525646    4.9737096],20.0000,,[195.16838    37.36907     3.4899182],20.0000,
447,[262.45093   -79.01304     5.2594123],20.0000,6.0000,[304.43488   -56.22593     5.6712356],20.0000,6.0000,[287.771     -77.76707     5.4761915],20.0000,6.0000,[268.8797   -42.96599    5.361674],20.0000,6.0000,[ 285.15222  -104.91456     5.290764],20.0000,6.0000,[ 321.89813   -202.69827      0.9375434],20.0000,4.0000,[249.1447    -52.525646    4.9737096],20.0000,,[195.16838    37.36907     3.4899182],20.0000,
448,[262.98428   -79.966255    5.5182805],20.0000,6.0000,[305.35007 -56.82203   5.75916],20.0000,6.0000,[288.5534   -78.52914    5.564148],20.0000,6.0000,[269.5497   -43.82779    5.581858],20.0000,6.0000,[ 285.7584   -105.82239     5.510546],20.0000,6.0000,[ 322.24448   -202.23456      0.9372762],20.0000,4.0000,[249.1447    -52.525646    4.9737096],20.0000,,[195.16838    37.36907     3.4899182],20.0000,
449,[263.7025  -80.79429   5.78262],20.0000,6.0000,[306.30075  -57.358513   5.978907],20.0000,6.0000,[289.3822   -79.23958    5.783931],20.0000,6.0000,[270.35693   -44.563747    5.8404803],20.0000,6.0000,[ 286.5103   -106.6148      5.768937],20.0000,6.0000,[ 322.59076    -201.77083       0.93702424],20.0000,4.0000,[249.1447    -52.525646    4.9737096],20.0000,,[195.16838    37.36907     3.4899182],20.0000,
450,[264.5882   -81.44969    6.031005],20.0000,6.0000,[307.32938   -57.72625     6.2372775],20.0000,6.0000,[290.32013   -79.79955     6.0423217],20.0000,6.0000,[271.3       -45.122593    6.1045456],20.0000,6.0000,[ 287.41058  -107.24045     6.032731],20.0000,6.0000,[ 322.93698   -201.30705      0.9367865],20.0000,4.0000,[249.1447    -52.525646    4.9737096],20.0000,,[195.16838    37.36907     3.4899182],20.0000,
451,[265.6002    -81.89676     6.2502794],20.0000,6.0000,[ 3.0841510e+02 -5.7878235e+01  2.1786153e-01],20.0000,0.0000,[ 2.9135587e+02 -8.0158905e+01  2.2930369e-02],20.0000,6.0000,[ 2.7234741e+02 -4.5464741e+01  6.9286615e-02],20.0000,0.0000,[ 288.4306    -107.65747      6.2802024],20.0000,6.0000,[ 323.2832     -200.84325       0.93656176],20.0000,4.0000,[249.1447    -52.525646    4.9737096],20.0000,,[195.16838    37.36907     3.4899182],20.0000,
452,[ 2.6668484e+02 -8.2124191e+01  1.5854503e-01],20.0000,0.0000,[309.5097   -57.772583   6.197925],20.0000,6.0000,[ 2.924506e+02 -8.028505e+01  2.704019e-01],20.0000,0.0000,[273.44763 -45.55165   6.02069],20.0000,6.0000,[ 2.8952161e+02 -1.0784172e+02  2.1528986e-01],20.0000,0.0000,[ 323.62936    -200.37943       0.93634933],20.0000,1.0000,[249.1447    -52.525646    4.9737096],20.0000,,[195.16838    37.36907     3.4899182],20.0000,
453,[267.7901   -82.12313    6.066423],20.0000,6.0000,[310.59338   -57.911045    6.2446756],20.0000,0.0000,[293.54608  -80.1507     6.221308],20.0000,6.0000,[274.48715  -45.88933    6.042149],20.0000,0.0000,[ 290.6251   -107.7784      6.138681],20.0000,6.0000,[ 323.96832   -199.91028      0.6608723],20.0000,2.0000,[249.1447    -52.525646    4.9737096],20.0000,,[195.16838    37.36907     3.4899182],20.0000,
454,[268.8452   -82.40735    6.070156],20.0000,0.0000,[311.68262  -57.99252    5.890328],20.0000,6.0000,[294.63205  -80.27449    6.242453],20.0000,0.0000,[275.53677   -46.192184    5.6760955],20.0000,6.0000,[ 291.69733  -107.99013     6.145727],20.0000,0.0000,[ 324.38123    -199.49847       0.38820598],20.0000,2.0000,[249.1447    -52.525646    4.9737096],20.0000,,[195.16838    37.36907     3.4899182],20.0000,
455,[269.90466  -82.672516   5.698613],20.0000,6.0000,[312.70596  -58.374367   5.960317],20.0000,0.0000,[295.72092  -80.36242    5.876272],20.0000,6.0000,[276.4553   -46.783188   5.742593],20.0000,0.0000,[ 292.77316   -108.178986     5.7744684],20.0000,6.0000,[ 3.2486771e+02 -1.9915912e+02  1.2770173e-01],20.0000,2.0000,[249.1447    -52.525646    4.9737096],20.0000,,[195.16838    37.36907     3.4899182],20.0000,
456,[270.84106  -83.23544    5.765628],20.0000,0.0000,[313.75186   -58.688583    5.6233416],20.0000,6.0000,[296.73865   -80.75892     5.9427485],20.0000,0.0000,[277.4088    -47.315582    5.4042883],20.0000,6.0000,[ 293.7476    -108.67278      5.8406563],20.0000,0.0000,[ 325.42007   -198.91652      6.1772885],20.0000,3.0000,[249.1447    -52.525646    4.9737096],20.0000,,[195.16838    37.36907     3.4899182],20.0000,
457,[271.8103   -83.73925    5.429166],20.0000,6.0000,[314.67682   -59.277073    5.7055497],20.0000,0.0000,[297.77902  -81.09105    5.604448],20.0000,6.0000,[278.18436  -48.090572   5.486251],20.0000,0.0000,[ 294.7505   -109.10545     5.503106],20.0000,6.0000,[ 326.01526  -198.7925      6.066624],20.0000,3.0000,[249.1447    -52.525646    4.9737096],20.0000,,[195.16838    37.36907     3.4899182],20.0000,
458,[272.60947   -84.49067     5.5128307],20.0000,0.0000,[315.63617  -59.804226   5.391596],20.0000,6.0000,[298.69318   -81.69633     5.6864204],20.0000,0.0000,[279.00644   -48.813416    5.1724935],20.0000,6.0000,[ 295.60117   -109.79762      5.5859375],20.0000,0.0000,[ 326.61646  -198.7534      6.004594],20.0000,3.0000,[249.1447    -52.525646    4.9737096],20.0000,,[195.16838    37.36907     3.4899182],20.0000,
459,[273.45334  -85.18847    5.202322],20.0000,6.0000,[316.4283   -60.567593   5.491154],20.0000,0.0000,[299.6426   -82.24125    5.372689],20.0000,6.0000,[279.61404   -49.730534    5.2722883],20.0000,0.0000,[ 296.49268   -110.43321      5.2740016],20.0000,6.0000,[ 327.2131    -198.7719       5.9463053],20.0000,3.0000,[249.1447    -52.525646    4.9737096],20.0000,,[195.16838    37.36907     3.4899182],20.0000,
460,[274.09015  -86.085945   5.304324],20.0000,0.0000,[317.26807   -61.272457    5.2001343],20.0000,6.0000,[300.42047   -83.0192      5.4725013],20.0000,0.0000,[280.2809    -50.600803    4.9815645],20.0000,6.0000,[ 297.1913   -111.28329     5.375064],20.0000,6.0000,[ 327.80316  -198.83804     5.876427],20.0000,3.0000,[249.1447    -52.525646    4.9737096],20.0000,,[195.16838    37.36907     3.4899182],20.0000,
461,[274.7854   -86.933815   5.015697],20.0000,6.0000,[317.9091    -62.168034    5.3129945],20.0000,0.0000,[301.2471    -83.73946     5.1817966],20.0000,6.0000,[280.71255   -51.614048    5.0945826],20.0000,0.0000,[ 297.93036   -112.09112      5.6361265],20.0000,0.0000,[ 328.38455  -198.9513      5.794887],20.0000,3.0000,[249.1447    -52.525646    4.9737096],20.0000,,[195.16838    37.36907     3.4899182],20.0000,
462,[275.25165   -87.93166     5.1296835],20.0000,0.0000,[318.6134   -63.008667   5.032208],20.0000,6.0000,[301.87167  -84.64661    5.294823],20.0000,0.0000,[281.21802   -52.58732     4.8138957],20.0000,6.0000,[ 298.81842  -112.72648     5.372516],20.0000,6.0000,[ 328.95383  -199.11331     5.705887],20.0000,3.0000,[249.1447    -52.525646    4.9737096],20.0000,,[195.16838    37.36907     3.4899182],20.0000,
463,[275.79086  -88.88661    4.849487],20.0000,6.0000,[319.09564  -63.99881    5.149064],20.0000,0.0000,[302.5606   -85.49989    5.014141],20.0000,6.0000,[281.47433   -53.65841     4.9307823],20.0000,0.0000,[ 299.54993  -113.54046     5.472099],20.0000,0.0000,[ 329.50653  -199.32512     5.613296],20.0000,3.0000,[249.1447    -52.525646    4.9737096],20.0000,,[195.16838    37.36907     3.4899182],20.0000,
464,[276.085    -89.94793    4.966476],20.0000,0.0000,[319.65247  -64.94352    4.869623],20.0000,6.0000,[303.02487  -86.4986     5.131029],20.0000,0.0000,[281.81335   -54.701283    4.6513424],20.0000,6.0000,[ 300.34567 -114.2901     5.15563],20.0000,6.0000,[ 330.03784  -199.58646     5.519558],20.0000,3.0000,[249.1447    -52.525646    4.9737096],20.0000,,[195.16838    37.36907     3.4899182],20.0000,
465,[276.46088  -90.97807    4.686978],20.0000,6.0000,[319.96707   -65.998825    4.9864197],20.0000,0.0000,[303.56454  -87.45319    4.851589],20.0000,6.0000,[281.89194  -55.799675   4.768132],20.0000,0.0000,[ 300.92218   -115.224724     5.2481766],20.0000,0.0000,[ 330.54297   -199.89574      5.4258623],20.0000,4.0000,[249.1447    -52.525646    4.9737096],20.0000,,[195.16838    37.36907     3.4899182],20.0000,
466,[276.5785  -92.07297   4.8037 ],20.0000,0.0000,[320.36295  -67.02141    4.706357],20.0000,6.0000,[303.86005   -88.51401     4.9683785],20.0000,0.0000,[282.05698  -56.883717   4.48806 ],20.0000,6.0000,[ 301.55923   -116.11594      4.9459796],20.0000,6.0000,[ 331.0151   -200.2525      5.424363],20.0000,4.0000,[249.1447    -52.525646    4.9737096],20.0000,,[195.16838    37.36907     3.4899182],20.0000,
467,[276.78192  -93.15046    4.523559],20.0000,6.0000,[320.5015   -68.113815   4.822725],20.0000,0.0000,[304.2374    -89.543564    4.6883054],20.0000,6.0000,[281.95566   -57.98021     4.6044226],20.0000,0.0000,[ 301.95004  -117.14497     5.052175],20.0000,0.0000,[ 331.47125   -200.62332      5.4552693],20.0000,3.0000,[249.1447    -52.525646    4.9737096],20.0000,,[195.16838    37.36907     3.4899182],20.0000,
468,[276.7196   -94.249855   4.63989 ],20.0000,0.0000,[320.72534 -69.18725   4.54233],20.0000,6.0000,[304.3562   -90.6383     4.804668],20.0000,0.0000,[281.9417   -59.076645   4.324024],20.0000,6.0000,[ 302.4124    -118.139275     4.7664094],20.0000,6.0000,[ 331.92523  -200.99219     5.397916],20.0000,4.0000,[249.1447    -52.525646    4.9737096],20.0000,,[195.16838    37.36907     3.4899182],20.0000,
469,[276.74454  -95.34609    4.359476],20.0000,6.0000,[320.6837   -70.28762    4.658569],20.0000,0.0000,[304.56064  -91.71559    4.524269],20.0000,6.0000,[281.66272   -60.141876    4.4402623],20.0000,0.0000,[ 302.61783   -119.22131      4.8813925],20.0000,6.0000,[ 332.35806  -201.38583     5.391926],20.0000,4.0000,[249.1447    -52.525646    4.9737096],20.0000,,[195.16838    37.36907     3.4899182],20.0000,
470,[276.50348  -96.42055    4.475711],20.0000,6.0000,[320.72913  -71.3832     4.378132],20.0000,6.0000,[304.49908  -92.81503    4.640507],20.0000,6.0000,[281.46982   -61.2213      4.1598253],20.0000,6.0000,[ 302.88788  -120.28256     5.151959],20.0000,6.0000,[ 332.78113  -201.78809     5.405403],20.0000,4.0000,[249.1447    -52.525646    4.9737096],20.0000,,[195.16838    37.36907     3.4899182],20.0000,
471,[276.3316   -97.501945   4.745828],20.0000,6.0000,[320.50818   -72.461975    4.4943743],20.0000,6.0000,[304.50696  -93.90998    4.910622],20.0000,6.0000,[281.02048   -62.226616    4.2760677],20.0000,6.0000,[ 303.36127   -121.266174     5.4422736],20.0000,0.0000,[ 333.20078   -202.19188      5.4233575],20.0000,4.0000,[249.1447    -52.525646    4.9737096],20.0000,,[195.16838    37.36907     3.4899182],20.0000,
472,[276.37708   -98.59259     5.0355525],20.0000,0.0000,[320.35654 -73.5464    4.76451],20.0000,6.0000,[304.7307    -94.97839     5.2003446],20.0000,0.0000,[280.63757  -63.25246    4.546204],20.0000,6.0000,[ 304.05682   -122.108536     5.1690497],20.0000,6.0000,[ 333.61993  -202.59468     5.439749],20.0000,4.0000,[249.1447    -52.525646    4.9737096],20.0000,,[195.16838    37.36907     3.4899182],20.0000,
473,[276.68204   -99.641594    4.7621074],20.0000,6.0000,[320.42236   -74.636       5.0542455],20.0000,0.0000,[305.20364  -95.96316    4.926899],20.0000,6.0000,[280.46585 -64.33046   4.83594],20.0000,0.0000,[ 304.55154   -123.08166      5.2581806],20.0000,0.0000,[ 334.03955  -202.99599     5.453007],20.0000,4.0000,[249.1447    -52.525646    4.9737096],20.0000,,[195.16838    37.36907     3.4899182],20.0000,
474,[ 276.7507   -100.73108     4.851045],20.0000,0.0000,[320.7469   -75.67912    4.780804],20.0000,6.0000,[305.4501   -97.02662    5.015836],20.0000,0.0000,[280.55676   -65.419106    4.5624986],20.0000,6.0000,[ 305.12497   -124.01049      4.9248185],20.0000,6.0000,[ 334.45975   -203.396        5.4633017],20.0000,3.0000,[249.1447    -52.525646    4.9737096],20.0000,,[195.16838    37.36907     3.4899182],20.0000,
475,[ 276.90906  -101.81111     4.517574],20.0000,6.0000,[320.8359   -76.767136   4.869744],20.0000,0.0000,[305.78348  -98.06605    4.682364],20.0000,6.0000,[280.40805  -66.50058    4.651438],20.0000,0.0000,[ 305.43054  -125.06124     5.005093],20.0000,6.0000,[ 334.88257 -203.79301    5.3795 ],20.0000,4.0000,[249.1447    -52.525646    4.9737096],20.0000,,[195.16838    37.36907     3.4899182],20.0000,
476,[ 276.77307  -102.89688     4.597799],20.0000,6.0000,[321.01443   -77.84402     4.5362735],20.0000,6.0000,[305.82745   -99.15941     4.7625895],20.0000,6.0000,[280.3491   -67.59056    4.317968],20.0000,6.0000,[ 305.7893   -126.093155    5.231838],20.0000,6.0000,[ 335.28192   -204.2152       5.3522177],20.0000,4.0000,[249.1447    -52.525646    4.9737096],20.0000,,[195.16838    37.36907     3.4899182],20.0000,
477,[ 276.69345   -103.98648      4.8244085],20.0000,6.0000,[320.89877  -78.932144   4.616499],20.0000,6.0000,[ 305.92767  -100.24731     4.989198],20.0000,6.0000,[280.00052   -68.627815    4.3981934],20.0000,6.0000,[ 306.31958   -127.04735      5.4974403],20.0000,0.0000,[ 335.67026  -204.64761     5.348168],20.0000,4.0000,[249.1447    -52.525646    4.9737096],20.0000,,[195.16838    37.36907     3.4899182],20.0000,
478,[ 276.802   -105.07271    5.08991],20.0000,0.0000,[320.83957  -80.02303    4.843109],20.0000,6.0000,[ 306.21295   -101.30101      5.2546997],20.0000,0.0000,[279.70645   -69.679985    4.6248035],20.0000,6.0000,[ 307.04922   -127.86136      5.2164593],20.0000,6.0000,[ 336.05368  -205.08394     5.353141],20.0000,4.0000,[249.1447    -52.525646    4.9737096],20.0000,,[195.16838    37.36907     3.4899182],20.0000,
479,[ 277.1491    -106.10931      4.8088865],20.0000,6.0000,[320.9684    -81.10704     5.1086116],20.0000,0.0000,[ 306.7254   -102.266624    4.973676],20.0000,6.0000,[279.59747  -70.766174   4.890306],20.0000,0.0000,[ 307.57944  -128.81549     5.299677],20.0000,0.0000,[ 336.4352    -205.52138      5.3607917],20.0000,4.0000,[249.1447    -52.525646    4.9737096],20.0000,,[195.16838    37.36907     3.4899182],20.0000,
480,[ 277.25757   -107.19546      4.8920455],20.0000,0.0000,[321.33484  -82.13697    4.827588],20.0000,6.0000,[ 307.01056  -103.320274    5.056835],20.0000,0.0000,[279.73215   -71.85101     4.6092825],20.0000,6.0000,[ 308.1829    -129.72507      4.9635024],20.0000,6.0000,[ 336.8161   -205.9589      5.368469],20.0000,4.0000,[249.1447    -52.525646    4.9737096],20.0000,,[195.16838    37.36907     3.4899182],20.0000,
481,[ 277.45087   -108.26976      4.5558453],20.0000,6.0000,[321.46356   -83.22091     4.9107475],20.0000,0.0000,[ 307.37747   -104.34831      4.7206345],20.0000,6.0000,[279.62308  -72.93711    4.692442],20.0000,0.0000,[ 308.52057  -130.76535     5.042685],20.0000,6.0000,[ 337.1969    -206.39612      5.3752627],20.0000,4.0000,[249.1447    -52.525646    4.9737096],20.0000,,[195.16838    37.36907     3.4899182],20.0000,
482,[ 277.34836  -109.35865     4.635015],20.0000,6.0000,[321.67694  -84.291405   4.574547],20.0000,6.0000,[ 307.45496   -105.43926      4.7998037],20.0000,6.0000,[279.59952  -74.02841    4.356241],20.0000,6.0000,[ 308.91162   -131.7852       5.2664347],20.0000,0.0000,[ 337.57776   -206.83301      5.3810034],20.0000,4.0000,[249.1447    -52.525646    4.9737096],20.0000,,[195.16838    37.36907     3.4899182],20.0000,
483,[ 277.30292   -110.44995      4.8587303],20.0000,0.0000,[321.5948    -85.38202     4.6537166],20.0000,6.0000,[ 307.58917   -106.52324      5.0235195],20.0000,0.0000,[279.28314  -75.07535    4.435411],20.0000,6.0000,[ 309.48547   -132.71373      4.9792714],20.0000,6.0000,[ 337.95868   -207.26964      5.3857894],20.0000,4.0000,[249.1447    -52.525646    4.9737096],20.0000,,[195.16838    37.36907     3.4899182],20.0000,
484,[ 277.46152   -111.52992      4.5715423],20.0000,6.0000,[321.5698    -86.47398     4.8774323],20.0000,0.0000,[ 307.9228   -107.56256     4.736331],20.0000,6.0000,[279.02225   -76.13598     4.6591268],20.0000,0.0000,[ 309.82858   -133.75154      5.0704236],20.0000,6.0000,[ 338.33966   -207.70607      5.3897853],20.0000,4.0000,[249.1447    -52.525646    4.9737096],20.0000,,[195.16838    37.36907     3.4899182],20.0000,
485,[ 277.36493  -112.6187      4.662685],20.0000,6.0000,[321.74857   -87.5508      4.5902443],20.0000,6.0000,[ 308.0061    -108.652435     4.8274736],20.0000,6.0000,[278.96353   -77.22595     4.3719387],20.0000,6.0000,[ 310.2366   -134.76434     5.295387],20.0000,0.0000,[ 338.72064 -208.14236    5.39315],20.0000,4.0000,[249.1447    -52.525646    4.9737096],20.0000,,[195.16838    37.36907     3.4899182],20.0000,
486,[ 277.33783  -113.71026     4.887632],20.0000,0.0000,[321.67233  -88.64119    4.681387],20.0000,6.0000,[ 308.15845   -109.73365      5.0524206],20.0000,0.0000,[278.65298   -78.27396     4.4630814],20.0000,6.0000,[ 310.82803  -135.68184     5.006559],20.0000,6.0000,[ 339.1016    -208.57858      5.3960123],20.0000,4.0000,[249.1447    -52.525646    4.9737096],20.0000,,[195.16838    37.36907     3.4899182],20.0000,
487,[ 277.5169   -114.78708     4.598793],20.0000,6.0000,[321.66568   -89.73306     4.9063344],20.0000,0.0000,[ 308.51175   -110.7665       4.7635818],20.0000,6.0000,[278.41     -79.33847    4.688029],20.0000,0.0000,[ 311.1899   -136.71275     5.096503],20.0000,6.0000,[ 339.4825   -209.01476     5.398474],20.0000,4.0000,[249.1447    -52.525646    4.9737096],20.0000,,[195.16838    37.36907     3.4899182],20.0000,
488,[ 277.44028   -115.87697      4.6887307],20.0000,6.0000,[321.86487   -90.80634     4.6174955],20.0000,6.0000,[ 308.61493   -111.8542       4.8535194],20.0000,6.0000,[278.372     -80.42942     4.3991895],20.0000,6.0000,[ 311.6167    -137.71759      5.3187985],20.0000,0.0000,[ 339.86334  -209.45093     5.400613],20.0000,4.0000,[249.1447    -52.525646    4.9737096],20.0000,,[195.16838    37.36907     3.4899182],20.0000,
489,[ 277.43356   -116.968666     4.9110184],20.0000,0.0000,[321.80862  -91.89748    4.707433],20.0000,6.0000,[ 308.7874   -112.93221     5.075807],20.0000,0.0000,[278.0808    -81.482475    4.4891276],20.0000,6.0000,[ 312.22397   -138.62483      5.0281463],20.0000,6.0000,[ 340.2441   -209.8871      5.402487],20.0000,4.0000,[249.1447    -52.525646    4.9737096],20.0000,,[195.16838    37.36907     3.4899182],20.0000,
490,[ 277.63123   -118.04233      4.6203613],20.0000,6.0000,[321.82233  -92.98911    4.929721],20.0000,0.0000,[ 309.1585  -113.95891    4.78515],20.0000,6.0000,[277.85776   -82.55117     4.7114153],20.0000,0.0000,[ 312.60254   -139.64948      5.1169176],20.0000,6.0000,[ 340.62482  -210.3233      5.404143],20.0000,4.0000,[249.1447    -52.525646    4.9737096],20.0000,,[195.16838    37.36907     3.4899182],20.0000,
491,[ 277.57242  -119.133095    4.709129],20.0000,6.0000,[322.04     -94.05889    4.639064],20.0000,6.0000,[ 309.27942   -115.04454      4.8739176],20.0000,6.0000,[277.8386    -83.64271     4.4207582],20.0000,6.0000,[ 313.0454    -140.64725      5.3376594],20.0000,0.0000,[ 341.00543   -210.75955      5.4056153],20.0000,4.0000,[249.1447    -52.525646    4.9737096],20.0000,,[195.16838    37.36907     3.4899182],20.0000,
492,[ 277.58325   -120.224686     4.9298663],20.0000,0.0000,[322.00162   -95.150566    4.7278314],20.0000,6.0000,[ 309.46918  -116.11957     5.094655],20.0000,0.0000,[277.56467  -84.70015    4.509526],20.0000,6.0000,[ 313.6664   -141.54521     5.046057],20.0000,6.0000,[ 341.38596   -211.19582      5.4069333],20.0000,4.0000,[249.1447    -52.525646    4.9737096],20.0000,,[195.16838    37.36907     3.4899182],20.0000,
493,[ 277.7972    -121.295296     4.6382613],20.0000,6.0000,[322.03287  -96.24177    4.948569],20.0000,0.0000,[ 309.85587 -117.14058    4.80305],20.0000,6.0000,[277.35886  -85.77222    4.730263],20.0000,0.0000,[ 314.0601    -142.56403      5.1340837],20.0000,6.0000,[ 341.76642  -211.63214     5.408119],20.0000,4.0000,[249.1447    -52.525646    4.9737096],20.0000,,[195.16838    37.36907     3.4899182],20.0000,
494,[ 277.75452   -122.38668      4.7262855],20.0000,6.0000,[322.2668    -97.30818     4.6569643],20.0000,6.0000,[ 309.9928   -118.22418     4.891074],20.0000,6.0000,[277.3563    -86.86399     4.4386587],20.0000,6.0000,[ 314.51743   -143.5552       5.3539457],20.0000,0.0000,[ 342.1468    -212.06851      5.4091907],20.0000,4.0000,[249.1447    -52.525646    4.9737096],20.0000,,[195.16838    37.36907     3.4899182],20.0000,
495,[ 277.78125  -123.477974    4.946145],20.0000,0.0000,[322.24454  -98.40018    4.744988],20.0000,6.0000,[ 310.1982   -119.296295    5.110934],20.0000,0.0000,[277.09805   -87.925255    4.5266824],20.0000,6.0000,[ 315.15103 -144.44438    5.06183],20.0000,6.0000,[ 342.52707  -212.50493     5.410164],20.0000,4.0000,[249.1447    -52.525646    4.9737096],20.0000,,[195.16838    37.36907     3.4899182],20.0000,
496,[ 278.01025  -124.54552     4.654028],20.0000,6.0000,[322.2917    -99.490776    4.9648476],20.0000,0.0000,[ 310.5992    -120.31181      4.8188167],20.0000,6.0000,[276.90787  -89.000175   4.746542],20.0000,0.0000,[ 315.55878 -145.45757    5.14939],20.0000,6.0000,[ 342.9073    -212.9414       5.4110503],20.0000,4.0000,[249.1447    -52.525646    4.9737096],20.0000,,[195.16838    37.36907     3.4899182],20.0000,
497,[ 277.98273   -125.63732      4.7415867],20.0000,6.0000,[ 322.54062   -100.55385      4.6727304],20.0000,6.0000,[ 310.75116   -121.39335      4.9063754],20.0000,6.0000,[276.92065  -90.09193    4.454425],20.0000,6.0000,[ 316.02966  -146.44238     5.368735],20.0000,0.0000,[ 343.2874   -213.37793     5.411861],20.0000,4.0000,[249.1447    -52.525646    4.9737096],20.0000,,[195.16838    37.36907     3.4899182],20.0000,
498,[ 278.02444 -126.72812    4.96093],20.0000,6.0000,[ 322.5335   -101.64598     4.760289],20.0000,6.0000,[ 310.97125   -122.462524     5.1257186],20.0000,0.0000,[276.6772    -91.1566      4.5419836],20.0000,6.0000,[ 316.67517  -147.323       5.076326],20.0000,6.0000,[ 343.66748   -213.8145       5.4126043],20.0000,4.0000,[249.1447    -52.525646    4.9737096],20.0000,,[195.16838    37.36907     3.4899182],20.0000,
499,[ 278.25046  -127.79691     5.219072],20.0000,0.0000,[ 322.5956    -102.73581      4.9796324],20.0000,0.0000,[ 311.38586   -123.4726       4.8333087],20.0000,6.0000,[276.5018   -92.23401    4.761327],20.0000,6.0000,[ 317.09637  -148.33063     5.163594],20.0000,6.0000,[ 344.0475   -214.25113     5.413288],20.0000,4.0000,[249.1447    -52.525646    4.9737096],20.0000,,[195.16838    37.36907     3.4899182],20.0000,
500,[ 278.70575  -128.79263     4.932006],20.0000,6.0000,[ 322.8588    -103.79548      4.6872225],20.0000,6.0000,[ 311.55222   -124.55197      4.9205756],20.0000,6.0000,[276.5114   -93.3264     5.019469],20.0000,0.0000,[ 317.58023  -149.3091      5.382626],20.0000,0.0000,[ 344.4274   -214.68779     5.413919],20.0000,4.0000,[249.1447    -52.525646    4.9737096],20.0000,,[195.16838    37.36907     3.4899182],20.0000,
501,[ 278.92834   -129.86136      5.0053005],20.0000,6.0000,[ 322.86624  -104.887566    4.77449 ],20.0000,6.0000,[ 311.7864   -125.61814     5.139607],20.0000,0.0000,[276.7602    -94.392624    4.7324033],20.0000,6.0000,[ 318.23718  -150.18126     5.090044],20.0000,6.0000,[ 344.80728  -215.12451     5.414502],20.0000,4.0000,[249.1447    -52.525646    4.9737096],20.0000,,[195.16838    37.36907     3.4899182],20.0000,
502,[ 279.20944   -130.9167       5.2152376],20.0000,0.0000,[ 322.94275  -105.97647     4.993521],20.0000,0.0000,[ 312.21417   -126.62274      4.8470244],20.0000,6.0000,[276.76648  -95.484276   4.805698],20.0000,6.0000,[ 318.67142  -151.1833      5.177128],20.0000,6.0000,[ 345.18707   -215.56128      5.4150424],20.0000,4.0000,[249.1447    -52.525646    4.9737096],20.0000,,[195.16838    37.36907     3.4899182],20.0000,
503,[ 279.67737   -131.9051       4.9161997],20.0000,6.0000,[ 323.21973  -107.032646    4.700938],20.0000,6.0000,[ 312.39453  -127.69984     4.934108],20.0000,6.0000,[276.83276   -96.574394    5.0156345],20.0000,0.0000,[ 319.1679    -152.15544      5.3959684],20.0000,0.0000,[ 345.5668   -215.99811     5.415544],20.0000,4.0000,[249.1447    -52.525646    4.9737096],20.0000,,[195.16838    37.36907     3.4899182],20.0000,
504,[ 279.90048   -132.97362      4.9927106],20.0000,6.0000,[ 323.24136  -108.12452     4.788022],20.0000,6.0000,[ 312.6425   -128.76288     5.152948],20.0000,0.0000,[277.0954    -97.63595     4.7165966],20.0000,6.0000,[ 319.83597   -153.0191       5.1032815],20.0000,6.0000,[ 345.94647  -216.43497     5.416011],20.0000,4.0000,[249.1447    -52.525646    4.9737096],20.0000,,[195.16838    37.36907     3.4899182],20.0000,
505,[ 280.184     -134.02788      5.2046814],20.0000,0.0000,[ 323.33194   -109.21233      5.0068617],20.0000,0.0000,[ 313.0831    -129.76193      4.8602605],20.0000,6.0000,[277.1022   -98.727486   4.793108],20.0000,6.0000,[ 320.283   -154.0155     5.19025],20.0000,6.0000,[ 346.32608   -216.87187      5.4164457],20.0000,4.0000,[249.1447    -52.525646    4.9737096],20.0000,,[195.16838    37.36907     3.4899182],20.0000,
506,[ 280.65414  -135.01436     4.908345],20.0000,6.0000,[ 323.6224    -110.264885     4.7141743],20.0000,6.0000,[ 313.2772    -130.83662      4.9472284],20.0000,6.0000,[277.17105   -99.81704     5.0050783],20.0000,0.0000,[ 320.7918   -154.98125     5.408972],20.0000,0.0000,[ 346.70566  -217.30882     5.416852],20.0000,4.0000,[249.1447    -52.525646    4.9737096],20.0000,,[195.16838    37.36907     3.4899182],20.0000,
507,[ 280.87982  -136.08241     4.989493],20.0000,6.0000,[ 323.65802   -111.35638      4.8011427],20.0000,6.0000,[ 313.5387  -131.89642    5.16595],20.0000,0.0000,[ 277.43628  -100.87715     4.708742],20.0000,6.0000,[ 321.47076 -155.8364     5.11622],20.0000,6.0000,[ 347.08517   -217.7458       5.4172316],20.0000,4.0000,[249.1447    -52.525646    4.9737096],20.0000,,[195.16838    37.36907     3.4899182],20.0000,
508,[ 281.16922  -137.13495     5.203759],20.0000,0.0000,[ 323.76242  -112.442955    5.019864],20.0000,0.0000,[ 313.9919   -132.88983     4.873198],20.0000,6.0000,[ 277.4457  -101.96874    4.78989],20.0000,6.0000,[ 321.93036   -156.82704      5.2031155],20.0000,6.0000,[ 347.46463   -218.18283      5.4175873],20.0000,4.0000,[249.1447    -52.525646    4.9737096],20.0000,,[195.16838    37.36907     3.4899182],20.0000,
509,[ 281.64597 -138.11783    4.90886],20.0000,6.0000,[ 324.06622  -113.491745    4.727112],20.0000,6.0000,[ 314.19962   -133.96196      4.9600935],20.0000,6.0000,[ 277.52066  -103.05776     5.004156],20.0000,0.0000,[ 322.45132   -157.78627      5.4217634],20.0000,0.0000,[ 347.84406  -218.6199      5.417921],20.0000,4.0000,[249.1447    -52.525646    4.9737096],20.0000,,[195.16838    37.36907     3.4899182],20.0000,
510,[ 281.87897 -139.18443    4.99234],20.0000,6.0000,[ 324.11563   -114.582695     4.8140078],20.0000,6.0000,[ 314.47446  -135.01837     5.178741],20.0000,0.0000,[ 277.79306  -104.11566     4.709257],20.0000,6.0000,[ 323.141     -158.63281      5.1289716],20.0000,6.0000,[ 348.22342  -219.057       5.418234],20.0000,4.0000,[249.1447    -52.525646    4.9737096],20.0000,,[195.16838    37.36907     3.4899182],20.0000,
511,[ 282.17703   -140.2345       5.2080708],20.0000,0.0000,[ 324.23376   -115.66786      5.0326552],20.0000,0.0000,[ 314.94016  -136.006       4.885949],20.0000,6.0000,[ 277.80994  -105.207275    4.792737],20.0000,6.0000,[ 323.613     -159.6176       5.2158217],20.0000,6.0000,[ 348.60272   -219.49414      5.4185286],20.0000,4.0000,[249.1447    -52.525646    4.9737096],20.0000,,[195.16838    37.36907     3.4899182],20.0000,
512,[ 282.6627   -141.2128      4.913894],20.0000,6.0000,[ 324.55075   -116.71275      4.7398634],20.0000,6.0000,[ 315.1613    -137.07542      4.9727993],20.0000,6.0000,[ 277.89386   -106.2956       5.0084677],20.0000,0.0000,[ 324.14597  -160.5702      5.434423],20.0000,0.0000,[ 348.982     -219.93132      5.4188056],20.0000,4.0000,[249.1447    -52.525646    4.9737096],20.0000,,[195.16838    37.36907     3.4899182],20.0000,
513,[ 282.90536  -142.27731     4.998644],20.0000,6.0000,[ 324.61386  -117.802986    4.826713],20.0000,6.0000,[ 315.44937   -138.1283       5.1914005],20.0000,0.0000,[ 278.17593   -107.35077      4.7142916],20.0000,6.0000,[ 324.8462    -161.40805      5.1416063],20.0000,6.0000,[ 349.36124  -220.36853     5.419067],20.0000,4.0000,[249.1447    -52.525646    4.9737096],20.0000,,[195.16838    37.36907     3.4899182],20.0000,
514,[ 283.21368   -143.32442      5.2153287],20.0000,0.0000,[ 324.7456    -118.88658      5.0453143],20.0000,0.0000,[ 315.9274    -139.11002      4.8985834],20.0000,6.0000,[ 278.2027   -108.442276    4.799041],20.0000,6.0000,[ 325.33047   -162.38684      5.2284274],20.0000,6.0000,[ 349.74045   -220.80577      5.4193134],20.0000,4.0000,[249.1447    -52.525646    4.9737096],20.0000,,[195.16838    37.36907     3.4899182],20.0000,
515,[ 283.70944   -144.2975       4.9215517],20.0000,6.0000,[ 325.07565   -119.92743      4.7524977],20.0000,6.0000,[ 316.16193   -140.17659      4.9854045],20.0000,6.0000,[ 278.29727   -109.529724     5.0157256],20.0000,0.0000,[ 325.87534 -163.33272    5.447  ],20.0000,0.0000,[ 350.1196   -221.24304     5.419546],20.0000,4.0000,[249.1447    -52.525646    4.9737096],20.0000,,[195.16838    37.36907     3.4899182],20.0000,
516,[ 283.9631   -145.35954     5.007048],20.0000,6.0000,[ 325.1524    -121.016785     4.8393188],20.0000,6.0000,[ 316.46317   -141.22578      5.2039766],20.0000,0.0000,[ 278.59027  -110.58179     4.721949],20.0000,6.0000,[ 326.586     -164.16174      5.1541677],20.0000,6.0000,[ 350.49872  -221.68034     5.419766],20.0000,4.0000,[249.1447    -52.525646    4.9737096],20.0000,,[195.16838    37.36907     3.4899182],20.0000,
517,[ 284.2826  -146.40329    5.22437],20.0000,0.0000,[ 325.29773  -122.09864     5.057891],20.0000,0.0000,[ 316.95343   -142.20145      4.9111447],20.0000,6.0000,[ 278.6283   -111.67303     4.807445],20.0000,6.0000,[ 327.08246   -165.13441      5.2409706],20.0000,6.0000,[ 350.8778   -222.11768     5.419974],20.0000,4.0000,[249.1447    -52.525646    4.9737096],20.0000,,[195.16838    37.36907     3.4899182],20.0000,
518,[ 284.7891    -147.37076      4.9308953],20.0000,6.0000,[ 325.64072   -123.13529      4.7650585],20.0000,6.0000,[ 317.20126  -143.26501     4.997947],20.0000,6.0000,[ 278.73447  -112.75941     5.024767],20.0000,0.0000,[ 327.6391    -166.0734       5.4595246],20.0000,0.0000,[ 351.25684  -222.55504     5.420171],20.0000,4.0000,[249.1447    -52.525646    4.9737096],20.0000,,[195.16838    37.36907     3.4899182],20.0000,
519,[ 285.0545    -148.42996      5.0168633],20.0000,6.0000,[ 325.7311    -124.223595     4.8518615],20.0000,6.0000,[ 317.51556  -144.31035     5.216501],20.0000,0.0000,[ 279.0391    -113.8081       4.7312927],20.0000,6.0000,[ 328.36002   -166.89351      5.1666827],20.0000,6.0000,[ 351.63586  -222.99243     5.420357],20.0000,4.0000,[249.1447    -52.525646    4.9737096],20.0000,,[195.16838    37.36907     3.4899182],20.0000,
520,[ 285.3857    -149.47006      5.2346115],20.0000,0.0000,[ 325.8899    -125.30356      5.0704155],20.0000,0.0000,[ 318.01794   -145.27983      4.9236593],20.0000,6.0000,[ 279.0892    -114.898895     4.8172603],20.0000,6.0000,[ 328.86856  -167.85991     5.253474],20.0000,6.0000,[ 352.01486  -223.42984     5.420534],20.0000,4.0000,[249.1447    -52.525646    4.9737096],20.0000,,[195.16838    37.36907     3.4899182],20.0000,
521,[ 285.90335   -150.43158      4.9413495],20.0000,6.0000,[ 326.24582  -126.335846    4.777573],20.0000,6.0000,[ 318.27902  -146.34023     5.010451],20.0000,6.0000,[ 279.20764   -115.98402      5.0350084],20.0000,0.0000,[ 329.43686  -168.79189     5.472017],20.0000,0.0000,[ 352.3938   -223.86728     5.420702],20.0000,4.0000,[249.1447    -52.525646    4.9737096],20.0000,,[195.16838    37.36907     3.4899182],20.0000,
522,[ 286.181     -151.48767      5.0276146],20.0000,6.0000,[ 326.34973   -127.422935     4.8643646],20.0000,6.0000,[ 318.60635   -147.38156      5.2289934],20.0000,0.0000,[ 279.52435   -117.029076     4.7417464],20.0000,6.0000,[ 330.16794  -169.60294     5.179168],20.0000,6.0000,[ 352.77274   -224.30475      5.4208617],20.0000,4.0000,[249.1447    -52.525646    4.9737096],20.0000,,[195.16838    37.36907     3.4899182],20.0000,
523,[ 286.52438  -152.52382     5.245642],20.0000,0.0000,[ 326.52197  -128.50084     5.082907],20.0000,0.0000,[ 319.1208    -148.34471      4.9361453],20.0000,6.0000,[ 279.58707   -118.119255     4.8280115],20.0000,6.0000,[ 330.6885    -170.56293      5.2659526],20.0000,6.0000,[ 353.15164  -224.74223     5.421013],20.0000,4.0000,[249.1447    -52.525646    4.9737096],20.0000,,[195.16838    37.36907     3.4899182],20.0000,
524,[ 287.05338   -153.47911      4.9525228],20.0000,6.0000,[ 326.89075  -129.52861     4.790059],20.0000,6.0000,[ 319.39502   -149.40176      5.0229297],20.0000,6.0000,[ 279.7182   -119.20292     5.046039],20.0000,0.0000,[ 331.26837  -171.48776     5.484488],20.0000,0.0000,[ 353.53052  -225.17975     5.421157],20.0000,4.0000,[249.1447    -52.525646    4.9737096],20.0000,,[195.16838    37.36907     3.4899182],20.0000,
525,[ 287.34354   -154.53185      5.0389752],20.0000,6.0000,[ 327.0082    -130.61432      4.8768435],20.0000,6.0000,[ 319.7353    -150.43895      5.2414646],20.0000,0.0000,[ 280.04724 -120.24412    4.75292],20.0000,6.0000,[ 332.0095   -172.28964     5.191636],20.0000,6.0000,[ 353.90936  -225.61728     5.421294],20.0000,4.0000,[249.1447    -52.525646    4.9737096],20.0000,,[195.16838    37.36907     3.4899182],20.0000,
526,[ 287.6993   -155.56383     5.257183],20.0000,0.0000,[ 327.19385  -131.69        5.095379],20.0000,0.0000,[ 320.2617    -151.39561      4.9486127],20.0000,6.0000,[ 280.12296   -121.3335       4.8393726],20.0000,6.0000,[ 332.54196   -173.24309      5.2784157],20.0000,6.0000,[ 354.28818  -226.05482     5.421425],20.0000,4.0000,[249.1447    -52.525646    4.9737096],20.0000,,[195.16838    37.36907     3.4899182],20.0000,
527,[ 288.23978  -156.51263     4.964158],20.0000,6.0000,[ 327.57538   -132.7131       4.8025265],20.0000,6.0000,[ 320.54907   -152.44917      5.0353923],20.0000,6.0000,[ 280.267     -122.41552      5.0575805],20.0000,0.0000,[ 333.13327   -174.16063      5.4969463],20.0000,0.0000,[ 354.66696  -226.4924      5.421549],20.0000,4.0000,[249.1447    -52.525646    4.9737096],20.0000,,[195.16838    37.36907     3.4899182],20.0000,
528,[ 288.54266  -157.56181     5.050729],20.0000,6.0000,[ 327.70636   -133.79727      4.8893065],20.0000,6.0000,[ 320.90222  -153.48204     5.253923],20.0000,0.0000,[ 280.6086   -123.45266     4.764555],20.0000,6.0000,[ 333.88434  -174.95323     5.204092],20.0000,6.0000,[ 355.04575   -226.93         5.4216676],20.0000,4.0000,[249.1447    -52.525646    4.9737096],20.0000,,[195.16838    37.36907     3.4899182],20.0000,
529,[ 288.9109   -158.58939     5.269052],20.0000,0.0000,[ 327.9054   -134.87054     5.107837],20.0000,0.0000,[ 321.44046   -154.4321       4.9610686],20.0000,6.0000,[ 280.69745   -124.54106      4.8511257],20.0000,6.0000,[ 334.42862   -175.89996      5.2908688],20.0000,6.0000,[ 355.4245  -227.3676     5.42178],20.0000,4.0000,[249.1447    -52.525646    4.9737096],20.0000,,[195.16838    37.36907     3.4899182],20.0000,
530,[ 289.46292   -159.53152      4.9760876],20.0000,6.0000,[ 328.2996   -135.88882     4.814983],20.0000,6.0000,[ 321.74097   -155.48198      5.0478454],20.0000,6.0000,[ 280.85464  -125.62126     5.069449],20.0000,0.0000,[ 335.0313   -176.81007     5.509397],20.0000,0.0000,[ 355.80322  -227.80522     5.421888],20.0000,4.0000,[249.1447    -52.525646    4.9737096],20.0000,,[195.16838    37.36907     3.4899182],20.0000,
531,[ 289.7786    -160.57693      5.0627327],20.0000,6.0000,[ 328.44406   -136.97127      4.9017596],20.0000,6.0000,[ 322.10693   -156.51038      5.2663736],20.0000,0.0000,[ 281.2089    -126.654144     4.7764845],20.0000,6.0000,[ 335.79218  -177.59328     5.216541],20.0000,6.0000,[ 356.18195  -228.24287     5.421991],20.0000,4.0000,[249.1447    -52.525646    4.9737096],20.0000,,[195.16838    37.36907     3.4899182],20.0000,
532,[ 290.1594    -161.59993      5.2811294],20.0000,0.0000,[ 328.65643   -138.04199      5.1202874],20.0000,0.0000,[ 322.65695   -157.45366      4.9735174],20.0000,6.0000,[ 281.31104   -127.74139      4.8631296],20.0000,6.0000,[ 336.3482   -178.53316     5.303316],20.0000,6.0000,[ 356.56064  -228.68054     5.422089],20.0000,4.0000,[249.1447    -52.525646    4.9737096],20.0000,,[195.16838    37.36907     3.4899182],20.0000,
533,[ 290.72293   -162.5352       4.9882035],20.0000,6.0000,[ 329.0633   -139.05528     4.827431],20.0000,6.0000,[ 322.9705    -158.49973      5.0602927],20.0000,6.0000,[ 281.4814    -128.81958      5.0815263],20.0000,0.0000,[ 336.9622   -179.4357      5.521842],20.0000,0.0000,[ 356.9393    -229.11821      5.4221826],20.0000,4.0000,[249.1447    -52.525646    4.9737096],20.0000,,[195.16838    37.36907     3.4899182],20.0000,
534,[ 291.05145  -163.57666     5.074896],20.0000,6.0000,[ 329.2212    -140.13585      4.9142065],20.0000,6.0000,[ 323.3492    -159.5235       5.2788186],20.0000,0.0000,[ 281.84833   -129.84802      4.7886004],20.0000,6.0000,[ 337.73273  -180.20938     5.228985],20.0000,6.0000,[ 357.31796  -229.55591     5.422272],20.0000,4.0000,[249.1447    -52.525646    4.9737096],20.0000,,[195.16838    37.36907     3.4899182],20.0000,
535,[ 291.44482   -164.5949       5.2933393],20.0000,0.0000,[ 329.44687  -141.20384     5.132733],20.0000,0.0000,[ 323.91095   -160.45985      4.9859614],20.0000,6.0000,[ 281.9638   -130.93393     4.875293],20.0000,6.0000,[ 338.3004   -181.14227     5.315759],20.0000,6.0000,[ 357.6966   -229.99362     5.422358],20.0000,4.0000,[249.1447    -52.525646    4.9737096],20.0000,,[195.16838    37.36907     3.4899182],20.0000,
536,[ 292.01987   -165.52313      5.0004377],20.0000,6.0000,[ 329.8663    -142.21199      4.8398757],20.0000,6.0000,[ 324.23746  -161.50195     5.072736],20.0000,6.0000,[ 282.1475   -132.00995     5.093736],20.0000,0.0000,[ 338.92554  -182.03711     5.534284],20.0000,0.0000,[ 358.0752  -230.43135    5.42244],20.0000,4.0000,[249.1447    -52.525646    4.9737096],20.0000,,[195.16838    37.36907     3.4899182],20.0000,
537,[ 292.3612    -166.56046      5.0871596],20.0000,6.0000,[ 330.03766   -143.29051      4.9266496],20.0000,6.0000,[ 324.62888   -162.52092      5.2912607],20.0000,0.0000,[ 282.52707  -133.03378     4.800835],20.0000,6.0000,[ 339.70566   -182.80115      5.2414265],20.0000,6.0000,[ 358.4538    -230.86908      5.4225183],20.0000,4.0000,[249.1447    -52.525646    4.9737096],20.0000,,[195.16838    37.36907     3.4899182],20.0000,
538,[ 292.76715   -167.57375      5.3056326],20.0000,0.0000,[ 330.27658   -144.35562      5.1451745],20.0000,0.0000,[ 325.2022   -163.45023     4.998403],20.0000,6.0000,[ 282.65594   -134.1182       4.8875566],20.0000,6.0000,[ 340.28488 -183.7269     5.3282 ],20.0000,6.0000,[ 358.8324   -231.30684     5.422593],20.0000,4.0000,[249.1447    -52.525646    4.9737096],20.0000,,[195.16838    37.36907     3.4899182],20.0000,
539,[ 293.35364  -168.4948      5.012747],20.0000,6.0000,[ 330.70853  -145.35847     4.852317],20.0000,6.0000,[ 325.54166   -164.48817      5.0851765],20.0000,6.0000,[ 282.8529    -135.19185      5.1060295],20.0000,0.0000,[ 340.9211   -184.61389     5.546724],20.0000,0.0000,[ 359.21097  -231.7446      5.422665],20.0000,4.0000,[249.1447    -52.525646    4.9737096],20.0000,,[195.16838    37.36907     3.4899182],20.0000,
540,[ 293.7078    -169.52782      5.0994873],20.0000,6.0000,[ 330.89328   -146.43478      4.9390903],20.0000,6.0000,[ 325.94574   -165.5022       5.3037004],20.0000,0.0000,[ 283.24512  -136.2109      4.813144],20.0000,6.0000,[ 341.71066   -185.36816      5.2538657],20.0000,6.0000,[ 359.5895   -232.18237     5.422734],20.0000,4.0000,[249.1447    -52.525646    4.9737096],20.0000,,[195.16838    37.36907     3.4899182],20.0000,
541,[ 294.12625   -170.53601      5.3179784],20.0000,0.0000,[ 331.14545   -147.49683      5.1576147],20.0000,0.0000,[ 326.53058   -166.4243       5.0108423],20.0000,6.0000,[ 283.38742  -137.29364     4.899884],20.0000,6.0000,[ 342.30136   -186.28665      5.3406386],20.0000,6.0000,[ 359.96805   -232.62016      5.4227996],20.0000,4.0000,[249.1447    -52.525646    4.9737096],20.0000,,[195.16838    37.36907     3.4899182],20.0000,
542,[ 294.7241   -171.44972     5.025103],20.0000,6.0000,[ 331.58984   -148.49425      4.8647566],20.0000,6.0000,[ 326.8829    -167.45795      5.0976152],20.0000,6.0000,[ 283.59766  -138.36478     5.118376],20.0000,0.0000,[ 342.94858   -187.16566      5.5591626],20.0000,0.0000,[ 360.3466   -233.05797     5.422863],20.0000,4.0000,[249.1447    -52.525646    4.9737096],20.0000,,[195.16838    37.36907     3.4899182],20.0000,
543,[ 295.09106  -172.47826     5.111855],20.0000,6.0000,[ 331.78793   -149.56816      4.9515295],20.0000,6.0000,[ 327.2996   -168.46687     5.316139],20.0000,0.0000,[ 284.00247 -139.37889    4.8255 ],20.0000,6.0000,[ 343.74744   -187.91005      5.2663045],20.0000,6.0000,[ 360.7251   -233.49577     5.422923],20.0000,4.0000,[249.1447    -52.525646    4.9737096],20.0000,,[195.16838    37.36907     3.4899182],20.0000,
544,[ 295.52197  -173.48119     5.330358],20.0000,0.0000,[ 332.0533   -150.627       5.170053],20.0000,0.0000,[ 327.89584  -169.38162     5.023281],20.0000,6.0000,[ 284.1582    -140.45978      4.9122524],20.0000,6.0000,[ 344.34955  -188.82112     5.353077],20.0000,6.0000,[ 361.1036    -233.9336       5.4229813],20.0000,4.0000,[249.1447    -52.525646    4.9737096],20.0000,,[195.16838    37.36907     3.4899182],20.0000,
545,[ 296.13113  -174.3874      5.037489],20.0000,6.0000,[ 332.51007  -151.6188      4.877195],20.0000,6.0000,[ 328.26102   -170.41081      5.1100535],20.0000,6.0000,[ 284.3817    -141.52821      5.1307554],20.0000,0.0000,[ 345.00763   -189.69202      5.5716004],20.0000,0.0000,[ 361.4821   -234.37143     5.423037],20.0000,4.0000,[249.1447    -52.525646    4.9737096],20.0000,,[195.16838    37.36907     3.4899182],20.0000,
546,[ 296.51083   -175.41132      5.1242485],20.0000,6.0000,[ 332.72153   -152.69019      4.9639673],20.0000,6.0000,[ 328.6902   -171.41447     5.328577],20.0000,0.0000,[ 284.79907  -142.53723     4.837886],20.0000,6.0000,[ 345.81567  -190.42642     5.278742],20.0000,6.0000,[ 361.86057 -234.80928    5.42309],20.0000,4.0000,[249.1447    -52.525646    4.9737096],20.0000,,[195.16838    37.36907     3.4899182],20.0000,
547,[ 296.95416   -176.4088       5.3427587],20.0000,0.0000,[ 333.00003  -153.74562     5.182491],20.0000,0.0000,[ 329.2978    -172.32173      5.0357184],20.0000,6.0000,[ 284.96823   -143.6161       4.9246454],20.0000,6.0000,[ 346.42908   -191.32993      5.3655143],20.0000,6.0000,[ 362.239     -235.24713      5.4231415],20.0000,4.0000,[249.1447    -52.525646    4.9737096],20.0000,,[195.16838    37.36907     3.4899182],20.0000,
548,[ 297.57452   -177.30739      5.0498934],20.0000,6.0000,[ 333.4691    -154.73167      4.8896327],20.0000,6.0000,[ 329.67572  -173.3463      5.122491],20.0000,6.0000,[ 285.205    -144.68169     5.143156],20.0000,0.0000,[ 347.09793  -192.19257     5.584038],20.0000,0.0000,[ 362.6175    -235.685        5.4231906],20.0000,4.0000,[249.1447    -52.525646    4.9737096],20.0000,,[195.16838    37.36907     3.4899182],20.0000,
549,[ 297.96692   -178.32649      5.1366577],20.0000,6.0000,[ 333.69385  -155.80034     4.976405],20.0000,6.0000,[ 330.11734   -174.34454      5.3410144],20.0000,0.0000,[ 285.63486   -145.68544      4.8502903],20.0000,6.0000,[ 347.91507  -192.91685     5.291179],20.0000,6.0000,[ 362.9959    -236.12286      5.4232373],20.0000,4.0000,[249.1447    -52.525646    4.9737096],20.0000,,[195.16838    37.36907     3.4899182],20.0000,
550,[ 298.4226    -179.3184       5.3551726],20.0000,0.0000,[ 333.98544  -156.85225     5.194928],20.0000,0.0000,[ 330.73618  -175.24419     5.048156],20.0000,6.0000,[ 285.81738   -146.76212      4.9370546],20.0000,6.0000,[ 348.53964   -193.81267      5.3779516],20.0000,6.0000,[ 363.37436   -236.56075      5.4232826],20.0000,4.0000,[249.1447    -52.525646    4.9737096],20.0000,,[195.16838    37.36907     3.4899182],20.0000,
551,[ 299.0541    -180.20921      5.0623097],20.0000,6.0000,[ 334.46674   -157.83238      4.9020696],20.0000,6.0000,[ 331.1268   -176.26398     5.134928],20.0000,6.0000,[ 286.06735   -147.82469      5.1555696],20.0000,0.0000,[ 349.21918   -194.66693      5.5964746],20.0000,0.0000,[ 363.75278  -236.99863     5.423326],20.0000,4.0000,[249.1447    -52.525646    4.9737096],20.0000,,[195.16838    37.36907     3.4899182],20.0000,
552,[ 299.4591   -181.22337     5.149077],20.0000,6.0000,[ 334.70477  -158.89816     4.988842],20.0000,6.0000,[ 331.5808    -177.25665      5.3534513],20.0000,0.0000,[ 286.50967   -148.82301      4.8627067],20.0000,6.0000,[ 350.04526  -195.381       5.303616],20.0000,6.0000,[ 364.1312   -237.43652     5.423368],20.0000,5.0000,[249.1447    -52.525646    4.9737096],20.0000,,[195.16838    37.36907     3.4899182],20.0000,
553,[ 299.9271    -182.20953      5.3675947],20.0000,0.0000,[ 335.00943   -159.94637      5.2073655],20.0000,0.0000,[ 332.2108    -178.14853      5.0605927],20.0000,6.0000,[ 286.70557  -149.89734     4.949474],20.0000,6.0000,[ 350.6809    -196.26898      5.3903885],20.0000,6.0000,[ 364.50735   -237.87637      5.5151668],20.0000,5.0000,[249.1447    -52.525646    4.9737096],20.0000,,[195.16838    37.36907     3.4899182],20.0000,
554,[ 300.5696    -183.09242      5.0747337],20.0000,6.0000,[ 335.50287  -160.92044     4.914507],20.0000,6.0000,[ 332.61407  -179.16338     5.147365],20.0000,6.0000,[ 286.96872  -150.95673     5.167992],20.0000,0.0000,[ 351.37103   -197.11472      5.6089115],20.0000,0.0000,[ 364.90723   -238.29541      5.6405897],20.0000,5.0000,[249.1447    -52.525646    4.9737096],20.0000,,[195.16838    37.36907     3.4899182],20.0000,
555,[ 300.9872    -184.10147      5.1615024],20.0000,6.0000,[ 335.75415  -161.98318     5.001279],20.0000,6.0000,[ 333.0804   -180.15033     5.365888],20.0000,0.0000,[ 287.4234    -151.94948      4.8751307],20.0000,6.0000,[ 352.2059   -197.81847     5.316053],20.0000,6.0000,[ 365.33987   -238.68323      5.7758074],20.0000,5.0000,[249.1447    -52.525646    4.9737096],20.0000,,[195.16838    37.36907     3.4899182],20.0000,
556,[ 301.46744   -185.08174      5.3800225],20.0000,0.0000,[ 336.07184  -163.02751     5.219802],20.0000,0.0000,[ 333.7214    -181.0343       5.0730295],20.0000,6.0000,[ 287.63263   -153.02129      4.9618998],20.0000,6.0000,[ 352.85257  -198.69847     5.402825],20.0000,6.0000,[ 365.8079    -239.03249      5.9096622],20.0000,5.0000,[249.1447    -52.525646    4.9737096],20.0000,,[195.16838    37.36907     3.4899182],20.0000,
557,[ 302.12085  -185.95656     5.087162],20.0000,6.0000,[ 336.57733   -163.99538      4.9269433],20.0000,6.0000,[ 334.1373    -182.04405      5.1598015],20.0000,6.0000,[ 287.90897   -154.07732      5.1804194],20.0000,0.0000,[ 353.55316   -199.53555      5.6213484],20.0000,0.0000,[ 366.3104   -239.33638     6.035934],20.0000,5.0000,[249.1447    -52.525646    4.9737096],20.0000,,[195.16838    37.36907     3.4899182],20.0000,
558,[ 302.55096  -186.96034     5.173932],20.0000,6.0000,[ 336.8418    -165.05492      5.0137157],20.0000,6.0000,[ 334.61588   -183.02513      5.3783245],20.0000,0.0000,[ 288.37595  -155.06433     4.887559],20.0000,6.0000,[ 354.39673 -200.22887    5.32849],20.0000,6.0000,[ 366.84348  -239.58919     6.151937],20.0000,5.0000,[249.1447    -52.525646    4.9737096],20.0000,,[195.16838    37.36907     3.4899182],20.0000,
559,[ 303.04333  -187.93457     5.392453],20.0000,0.0000,[ 337.17245  -166.0952      5.232239],20.0000,0.0000,[ 335.26782  -183.90108     5.085466],20.0000,6.0000,[ 288.59848   -156.13347      4.9743295],20.0000,6.0000,[ 355.05426   -201.10075      5.4152617],20.0000,6.0000,[ 367.4011    -239.78726      6.2580943],20.0000,5.0000,[249.1447    -52.525646    4.9737096],20.0000,,[195.16838    37.36907     3.4899182],20.0000,
560,[ 303.70758   -188.80121      5.0995936],20.0000,6.0000,[ 337.68997 -167.05672    4.93938],20.0000,6.0000,[ 335.69623   -184.90558      5.1722383],20.0000,6.0000,[ 288.8879  -157.18597    5.19285],20.0000,0.0000,[ 355.7652   -201.92908     5.633785],20.0000,0.0000,[ 3.6797647e+02 -2.3992917e+02  7.3633008e-02],20.0000,5.0000,[249.1447    -52.525646    4.9737096],20.0000,,[195.16838    37.36907     3.4899182],20.0000,
561,[ 304.15015  -189.79956     5.186364],20.0000,6.0000,[ 337.9676   -168.11288     5.026152],20.0000,6.0000,[ 336.18695   -185.88063      5.3907614],20.0000,0.0000,[ 289.36716   -158.16711      4.8999906],20.0000,6.0000,[ 356.61734  -202.61183     5.340926],20.0000,6.0000,[ 3.6856311e+02 -2.4001482e+02  1.6784526e-01],20.0000,5.0000,[249.1447    -52.525646    4.9737096],20.0000,,[195.16838    37.36907     3.4899182],20.0000,
562,[ 304.6546    -190.76758      5.4048862],20.0000,0.0000,[ 338.31116  -169.14897     5.244675],20.0000,0.0000,[ 336.84976  -186.74838     5.097903],20.0000,6.0000,[ 289.60297   -159.2334       4.9867616],20.0000,6.0000,[ 357.28568  -203.47548     5.427698],20.0000,6.0000,[ 3.6915518e+02 -2.4004475e+02  2.5992629e-01],20.0000,4.0000,[249.1447    -52.525646    4.9737096],20.0000,,[195.16838    37.36907     3.4899182],20.0000,
563,[ 305.32956   -191.6259       5.1120267],20.0000,6.0000,[ 338.84058   -170.10397      4.9518166],20.0000,6.0000,[ 337.29062   -187.74748      5.1846747],20.0000,6.0000,[ 289.90546  -160.28223     5.205283],20.0000,0.0000,[ 358.00687  -204.29489     5.646221],20.0000,0.0000,[ 3.6974658e+02 -2.4001669e+02  2.5960228e-01],20.0000,4.0000,[249.1447    -52.525646    4.9737096],20.0000,,[195.16838    37.36907     3.4899182],20.0000,
564,[ 305.78452  -192.61867     5.198798],20.0000,6.0000,[ 339.13132  -171.1566      5.038589],20.0000,6.0000,[ 337.79343  -188.71635     5.403198],20.0000,0.0000,[ 290.39685  -161.25732     4.912424],20.0000,6.0000,[ 358.86743   -204.96701      5.3533626],20.0000,6.0000,[ 3.7033255e+02 -2.3996831e+02  2.2731040e-01],20.0000,4.0000,[249.1447    -52.525646    4.9737096],20.0000,,[195.16838    37.36907     3.4899182],20.0000,
565,[ 306.30093   -193.58035      5.4173203],20.0000,0.0000,[ 339.48773  -172.18835     5.257112],20.0000,0.0000,[ 338.46698  -189.5758      5.110339],20.0000,6.0000,[ 290.6459   -162.3206      4.999195],20.0000,6.0000,[ 359.54645  -205.82228     5.440135],20.0000,6.0000,[ 3.7091489e+02 -2.3991782e+02  1.9212681e-01],20.0000,4.0000,[249.1447    -52.525646    4.9737096],20.0000,,[195.16838    37.36907     3.4899182],20.0000,
566,[ 306.98654  -194.43019     5.124461],20.0000,6.0000,[ 340.029     -173.13669      4.9642534],20.0000,6.0000,[ 338.92023  -190.56934     5.197111],20.0000,6.0000,[ 290.9614    -163.36559      5.2177176],20.0000,0.0000,[ 360.27777  -206.63266     5.658658],20.0000,0.0000,[ 3.7149542e+02 -2.3987115e+02  1.6395420e-01],20.0000,4.0000,[249.1447    -52.525646    4.9737096],20.0000,,[195.16838    37.36907     3.4899182],20.0000,
567,[ 307.4538    -195.41724      5.2112327],20.0000,6.0000,[ 340.3328    -174.18562      5.0510254],20.0000,6.0000,[ 339.43506  -191.53189     5.415634],20.0000,0.0000,[ 291.4649   -164.3345      4.924858],20.0000,6.0000,[ 361.14664  -207.294       5.365799],20.0000,6.0000,[ 3.7207501e+02 -2.3982878e+02  1.4359844e-01],20.0000,4.0000,[249.1447    -52.525646    4.9737096],20.0000,,[195.16838    37.36907     3.4899182],20.0000,
568,[ 307.98215  -196.37242     5.429755],20.0000,0.0000,[ 340.702     -175.21286      5.2695484],20.0000,0.0000,[ 340.11923   -192.38289      5.1227756],20.0000,6.0000,[ 291.72714 -165.39459    5.01163],20.0000,6.0000,[ 361.83624   -208.14078      5.4525714],20.0000,6.0000,[ 3.7265411e+02 -2.3978963e+02  1.2925513e-01],20.0000,3.0000,[249.1447    -52.525646    4.9737096],20.0000,,[195.16838    37.36907     3.4899182],20.0000,
569,[ 308.67828   -197.21368      5.1368966],20.0000,6.0000,[ 341.255   -176.15439    4.97669],20.0000,6.0000,[ 340.5848   -193.37071     5.209548],20.0000,6.0000,[ 292.05563   -166.43556      5.2301526],20.0000,0.0000,[ 362.57758   -208.94199      5.6710944],20.0000,0.0000,[ 3.7323254e+02 -2.3974965e+02  2.7259644e-02],20.0000,3.0000,[249.1447    -52.525646    4.9737096],20.0000,,[195.16838    37.36907     3.4899182],20.0000,
570,[ 309.15778  -198.19482     5.223668],20.0000,6.0000,[ 341.57184  -177.19946     5.063462],20.0000,6.0000,[ 341.11157  -194.32678     5.428071],20.0000,0.0000,[ 292.5711    -167.39815      4.9372935],20.0000,6.0000,[ 363.4546   -209.5925      5.378236],20.0000,6.0000,[ 373.8113    -239.74245      6.1780534],20.0000,3.0000,[249.1447    -52.525646    4.9737096],20.0000,,[195.16838    37.36907     3.4899182],20.0000,
571,[ 309.69797  -199.14337     5.442191],20.0000,0.0000,[ 341.95383  -178.22203     5.281985],20.0000,0.0000,[ 341.80627   -195.16922      5.1352124],20.0000,6.0000,[ 292.84653   -168.4549       5.0240655],20.0000,6.0000,[ 364.15466  -210.43062     5.465008],20.0000,6.0000,[ 374.3892   -239.7811      6.038486],20.0000,4.0000,[249.1447    -52.525646    4.9737096],20.0000,,[195.16838    37.36907     3.4899182],20.0000,
572,[ 310.40448  -199.9759      5.149332],20.0000,6.0000,[ 342.5185   -179.15662     4.989126],20.0000,6.0000,[ 342.2841    -196.15117      5.2219844],20.0000,6.0000,[ 293.18793  -169.49171     5.242588],20.0000,0.0000,[ 364.9059   -211.22255     5.683531],20.0000,0.0000,[ 374.96283   -239.87273      5.9902573],20.0000,4.0000,[249.1447    -52.525646    4.9737096],20.0000,,[195.16838    37.36907     3.4899182],20.0000,
573,[ 310.89615  -200.95102     5.236104],20.0000,6.0000,[ 342.8483   -180.19766     5.075898],20.0000,6.0000,[ 342.8227    -197.10062      5.4405074],20.0000,0.0000,[ 293.71536  -170.44781     4.949729],20.0000,6.0000,[ 365.79095  -211.86209     5.390672],20.0000,6.0000,[ 375.53293  -239.98676     5.977923],20.0000,4.0000,[249.1447    -52.525646    4.9737096],20.0000,,[195.16838    37.36907     3.4899182],20.0000,
574,[ 311.4481    -201.89276      5.4546266],20.0000,0.0000,[ 343.24295  -181.21541     5.294421],20.0000,0.0000,[ 343.52783  -197.93434     5.147649],20.0000,6.0000,[ 294.0039   -171.50105     5.036501],20.0000,6.0000,[ 366.5014   -212.69144     5.477444],20.0000,6.0000,[ 376.10083  -240.11026     5.980199],20.0000,4.0000,[249.1447    -52.525646    4.9737096],20.0000,,[195.16838    37.36907     3.4899182],20.0000,
575,[ 312.16492  -202.71645     5.161768],20.0000,6.0000,[ 343.8192    -182.14288      5.0015626],20.0000,6.0000,[ 344.01782  -198.91028     5.234421],20.0000,6.0000,[ 294.35815  -172.53354     5.255024],20.0000,0.0000,[ 367.26245  -213.47397     5.695967],20.0000,0.0000,[ 376.66748   -240.23732      5.9875317],20.0000,4.0000,[249.1447    -52.525646    4.9737096],20.0000,,[195.16838    37.36907     3.4899182],20.0000,
576,[ 312.66864 -203.68538    5.24854],20.0000,6.0000,[ 344.16193   -183.17976      5.0883346],20.0000,6.0000,[ 344.5682   -199.85295     5.452944],20.0000,0.0000,[ 294.89743   -173.483        4.9621654],20.0000,6.0000,[ 368.15536   -214.10246      5.4031086],20.0000,6.0000,[ 377.2335    -240.36533      5.9957685],20.0000,4.0000,[249.1447    -52.525646    4.9737096],20.0000,,[195.16838    37.36907     3.4899182],20.0000,
577,[ 313.23227  -204.62018     5.467063],20.0000,0.0000,[ 344.5692    -184.1925       5.3068576],20.0000,0.0000,[ 345.28363  -200.67784     5.160085],20.0000,6.0000,[ 295.19907   -174.53256      5.0489373],20.0000,6.0000,[ 368.87607   -214.92291      5.4898806],20.0000,6.0000,[ 377.79916   -240.49332      6.0033245],20.0000,4.0000,[249.1447    -52.525646    4.9737096],20.0000,,[195.16838    37.36907     3.4899182],20.0000,
578,[ 313.9593    -205.43489      5.1742043],20.0000,6.0000,[ 345.15695  -185.11276     5.013999],20.0000,6.0000,[ 345.78574  -201.64761     5.246857],20.0000,6.0000,[ 295.56613 -175.56058    5.26746],20.0000,0.0000,[ 369.6468    -215.69592      5.7084036],20.0000,0.0000,[ 378.36462  -240.62097     6.009776],20.0000,4.0000,[249.1447    -52.525646    4.9737096],20.0000,,[195.16838    37.36907     3.4899182],20.0000,
579,[ 314.47504   -206.39748      5.2609763],20.0000,6.0000,[ 345.51254   -186.1453       5.1007714],20.0000,6.0000,[ 346.34778 -202.58337    5.46538],20.0000,0.0000,[ 296.11716   -176.50325      4.9746013],20.0000,6.0000,[ 370.54745  -216.31326     5.415545],20.0000,6.0000,[ 378.93      -240.74832      6.0151515],20.0000,4.0000,[249.1447    -52.525646    4.9737096],20.0000,,[195.16838    37.36907     3.4899182],20.0000,
580,[ 315.05023   -207.32521      5.4794993],20.0000,0.0000,[ 345.93237   -187.1529       5.3192945],20.0000,0.0000,[ 347.07343   -203.3993       5.1725216],20.0000,6.0000,[ 296.43182  -177.549       5.061373],20.0000,6.0000,[ 371.27832  -217.12468     5.502317],20.0000,6.0000,[ 379.49527   -240.87541      6.0196157],20.0000,4.0000,[249.1447    -52.525646    4.9737096],20.0000,,[195.16838    37.36907     3.4899182],20.0000,
581,[ 315.78732   -208.13081      5.1866403],20.0000,6.0000,[ 346.53152   -188.06577      5.0264354],20.0000,6.0000,[ 347.58755   -204.36275      5.2592936],20.0000,6.0000,[ 296.81165   -178.57236      5.2798963],20.0000,0.0000,[ 372.0586  -217.88805    5.72084],20.0000,6.0000,[ 380.06046  -241.00235     6.023347],20.0000,4.0000,[249.1447    -52.525646    4.9737096],20.0000,,[195.16838    37.36907     3.4899182],20.0000,
582,[ 316.315    -209.0869      5.273412],20.0000,6.0000,[ 346.89993  -189.0938      5.113208],20.0000,6.0000,[ 348.1612    -205.29144      5.4778166],20.0000,6.0000,[ 297.37436   -179.50812      4.9870377],20.0000,6.0000,[ 372.95734   -218.50922      5.9785333],20.0000,0.0000,[ 380.6256    -241.12921      6.0264983],20.0000,3.0000,[249.1447    -52.525646    4.9737096],20.0000,,[195.16838    37.36907     3.4899182],20.0000,
583,[ 316.9017    -210.00742      5.4919353],20.0000,6.0000,[ 347.33228  -190.0961      5.331731],20.0000,6.0000,[ 348.88406 -206.11064    5.73551],20.0000,0.0000,[ 297.702     -180.54985      5.0738096],20.0000,6.0000,[ 373.97247   -218.91982      5.6908584],20.0000,6.0000,[ 381.1914   -241.25316     5.937431],20.0000,4.0000,[249.1447    -52.525646    4.9737096],20.0000,,[195.16838    37.36907     3.4899182],20.0000,
584,[ 317.63608   -210.81631      5.7496285],20.0000,0.0000,[ 347.9282   -191.0118      5.589424],20.0000,0.0000,[ 349.77057  -206.75346     5.447835],20.0000,6.0000,[ 298.0945    -181.5684       5.2923326],20.0000,6.0000,[ 374.8686   -219.5433      5.763223],20.0000,6.0000,[ 381.74966   -241.41113      5.9062843],20.0000,4.0000,[249.1447    -52.525646    4.9737096],20.0000,,[195.16838    37.36907     3.4899182],20.0000,
585,[ 318.53156   -211.44655      5.4619536],20.0000,6.0000,[ 348.71167  -191.77681     5.301749],20.0000,6.0000,[ 350.49033 -207.57426    5.5202 ],20.0000,6.0000,[ 298.65393  -182.50687     5.550026],20.0000,0.0000,[ 375.79764  -220.11751     5.972711],20.0000,0.0000,[ 382.3039   -241.58347     5.898422],20.0000,4.0000,[249.1447    -52.525646    4.9737096],20.0000,,[195.16838    37.36907     3.4899182],20.0000,
586,[ 319.26282   -212.25713      5.5343184],20.0000,6.0000,[ 349.3043    -192.69365      5.3741136],20.0000,6.0000,[ 351.2539    -208.35516      5.7296877],20.0000,0.0000,[ 299.40668  -183.30215     5.262351],20.0000,6.0000,[ 376.81647 -220.51501    5.67336],20.0000,6.0000,[ 382.85605   -241.76183      5.8999596],20.0000,4.0000,[249.1447    -52.525646    4.9737096],20.0000,,[195.16838    37.36907     3.4899182],20.0000,
587,[ 320.03735  -213.02716     5.743806],20.0000,0.0000,[ 349.94604   -193.57738      5.5836015],20.0000,0.0000,[ 352.14713   -208.98616      5.4303365],20.0000,6.0000,[ 299.9627    -184.24162      5.3347154],20.0000,6.0000,[ 377.7122    -221.13887      5.7495193],20.0000,6.0000,[ 383.40723   -241.94254      5.9048023],20.0000,4.0000,[249.1447    -52.525646    4.9737096],20.0000,,[195.16838    37.36907     3.4899182],20.0000,
588,[ 320.9394   -213.64548     5.444455],20.0000,6.0000,[ 350.7379    -194.33167      5.2842507],20.0000,6.0000,[ 352.8664   -209.80722     5.506496],20.0000,6.0000,[ 300.56915   -185.14993      5.5442033],20.0000,0.0000,[ 378.64188   -221.71117      5.9613423],20.0000,0.0000,[ 383.9579   -242.12401     5.910339],20.0000,4.0000,[249.1447    -52.525646    4.9737096],20.0000,,[195.16838    37.36907     3.4899182],20.0000,
589,[ 321.67017   -214.4563       5.5206146],20.0000,6.0000,[ 351.33    -195.24869    5.36041],20.0000,6.0000,[ 353.63107  -210.58643     5.718319],20.0000,0.0000,[ 301.3307   -185.93483     5.244852],20.0000,6.0000,[ 379.66083  -222.10616     5.664909],20.0000,6.0000,[ 384.5083    -242.3056       5.9155545],20.0000,4.0000,[249.1447    -52.525646    4.9737096],20.0000,,[195.16838    37.36907     3.4899182],20.0000,
590,[ 322.44577  -215.22464     5.732437],20.0000,0.0000,[ 351.97308   -196.1309       5.5722327],20.0000,0.0000,[ 354.525     -211.215        5.4218855],20.0000,6.0000,[ 301.8862    -186.87447      5.3210115],20.0000,6.0000,[ 380.55786   -222.72824      5.7459145],20.0000,6.0000,[ 385.05856   -242.4871       5.9201417],20.0000,4.0000,[249.1447    -52.525646    4.9737096],20.0000,,[195.16838    37.36907     3.4899182],20.0000,
591,[ 323.34848  -215.84053     5.436004],20.0000,6.0000,[ 352.76602   -196.88292      5.2757993],20.0000,6.0000,[ 355.24597  -212.03467     5.502891],20.0000,6.0000,[ 302.49405   -187.78133      5.5328345],20.0000,0.0000,[ 381.49054   -223.2954       5.9601016],20.0000,0.0000,[ 385.60876  -242.66852     5.924079],20.0000,4.0000,[249.1447    -52.525646    4.9737096],20.0000,,[195.16838    37.36907     3.4899182],20.0000,
592,[ 324.08096   -216.64993      5.5170097],20.0000,6.0000,[ 353.36      -197.7988       5.3568053],20.0000,6.0000,[ 356.01477   -212.8096       5.7170777],20.0000,0.0000,[ 303.25674  -188.56398     5.236401],20.0000,6.0000,[ 382.51175  -223.68338     5.665159],20.0000,6.0000,[ 386.15887   -242.84985      5.9274406],20.0000,4.0000,[249.1447    -52.525646    4.9737096],20.0000,,[195.16838    37.36907     3.4899182],20.0000,
593,[ 324.86063   -217.41394      5.7311964],20.0000,0.0000,[ 354.0078   -198.6774      5.570992],20.0000,0.0000,[ 356.91263  -213.43192     5.422136],20.0000,6.0000,[ 303.81418   -189.50255      5.3174067],20.0000,6.0000,[ 383.413    -224.29951     5.748567],20.0000,6.0000,[ 386.70892   -243.03113      5.9303203],20.0000,4.0000,[249.1447    -52.525646    4.9737096],20.0000,,[195.16838    37.36907     3.4899182],20.0000,
594,[ 325.76718   -218.02351      5.4362545],20.0000,6.0000,[ 354.80548 -199.42378    5.27605],20.0000,6.0000,[ 357.63913   -214.24683      5.5055437],20.0000,6.0000,[ 304.42688   -190.40598      5.5315933],20.0000,0.0000,[ 384.35028   -224.85902      5.9642477],20.0000,0.0000,[ 387.2589   -243.21242     5.932804],20.0000,4.0000,[249.1447    -52.525646    4.9737096],20.0000,,[195.16838    37.36907     3.4899182],20.0000,
595,[ 326.50513   -218.8281       5.5196624],20.0000,6.0000,[ 355.40564  -200.33577     5.359458],20.0000,6.0000,[ 358.4142    -215.01543      5.7212243],20.0000,0.0000,[ 305.19455   -191.18321      5.2366514],20.0000,6.0000,[ 385.3748    -225.23761      5.6700487],20.0000,6.0000,[ 387.80884   -243.39372      5.9349647],20.0000,4.0000,[249.1447    -52.525646    4.9737096],20.0000,,[195.16838    37.36907     3.4899182],20.0000,
596,[ 327.291    -219.58566     5.735343],20.0000,0.0000,[ 356.06058   -201.209        5.5751386],20.0000,0.0000,[ 359.3175    -215.62944      5.4270253],20.0000,6.0000,[ 305.7583    -192.11812      5.3200593],20.0000,6.0000,[ 386.28162   -225.84566      5.7547574],20.0000,6.0000,[ 388.3587    -243.57507      5.9368587],20.0000,4.0000,[249.1447    -52.525646    4.9737096],20.0000,,[195.16838    37.36907     3.4899182],20.0000,
597,[ 328.20285  -220.18686     5.441144],20.0000,6.0000,[ 356.8649    -201.94795      5.2809396],20.0000,6.0000,[ 360.0514   -216.43784     5.511734],20.0000,6.0000,[ 306.37836 -193.01648    5.53574],20.0000,0.0000,[ 387.22427  -226.39603     5.971409],20.0000,0.0000,[ 388.90854  -243.75648     5.938532],20.0000,5.0000,[249.1447    -52.525646    4.9737096],20.0000,,[195.16838    37.36907     3.4899182],20.0000,
598,[ 328.94806   -220.98482      5.5258527],20.0000,6.0000,[ 357.47327  -202.85458     5.365648],20.0000,6.0000,[ 360.8339    -217.19887      5.7283854],20.0000,0.0000,[ 307.15292  -193.78654     5.241541],20.0000,6.0000,[ 388.25253   -226.76393      5.6776175],20.0000,6.0000,[ 389.45728  -243.94077     6.031778],20.0000,5.0000,[249.1447    -52.525646    4.9737096],20.0000,,[195.16838    37.36907     3.4899182],20.0000,
599,[ 329.74124  -221.73473     5.742504],20.0000,0.0000,[ 358.13666   -203.7214       5.5822997],20.0000,0.0000,[ 361.7434   -217.8034      5.434594],20.0000,6.0000,[ 307.72513   -194.71643      5.3262496],20.0000,6.0000,[ 389.16565   -227.36267      5.7630887],20.0000,6.0000,[ 390.01523   -244.09492      6.1583986],20.0000,5.0000,[249.1447    -52.525646    4.9737096],20.0000,,[195.16838    37.36907     3.4899182],20.0000,
600,[ 330.6592    -222.32637      5.4487123],20.0000,6.0000,[ 358.9485   -204.4519      5.288508],20.0000,6.0000,[ 362.48563   -218.60428      5.5200653],20.0000,6.0000,[ 308.35385  -195.6087      5.542901],20.0000,0.0000,[ 390.1141   -227.90297     5.980388],20.0000,0.0000,[ 3.905846e+02 -2.442059e+02  1.198437e-02],20.0000,5.0000,[249.1447    -52.525646    4.9737096],20.0000,,[195.16838    37.36907     3.4899182],20.0000,
601,[ 331.41263   -223.11668      5.5341835],20.0000,6.0000,[ 359.5662   -205.35228     5.373979],20.0000,6.0000,[ 363.27618  -219.35693     5.737365],20.0000,0.0000,[ 309.1363    -196.37062      5.2491097],20.0000,6.0000,[ 391.14633  -228.25946     5.686903],20.0000,6.0000,[ 3.9116409e+02 -2.4426677e+02  1.4867324e-01],20.0000,5.0000,[249.1447    -52.525646    4.9737096],20.0000,,[195.16838    37.36907     3.4899182],20.0000,
602,[ 332.21378   -223.8581       5.7514834],20.0000,0.0000,[ 360.2388    -206.212        5.5912786],20.0000,0.0000,[ 364.1923    -219.95134      5.4438796],20.0000,6.0000,[ 309.71805  -197.29463     5.334581],20.0000,6.0000,[ 392.06604  -228.8481      5.772855],20.0000,6.0000,[ 3.9175009e+02 -2.4427213e+02  2.7887103e-01],20.0000,4.0000,[249.1447    -52.525646    4.9737096],20.0000,,[195.16838    37.36907     3.4899182],20.0000,
603,[ 333.13815   -224.43951      5.4579983],20.0000,6.0000,[ 361.0586    -206.93344      5.2977934],20.0000,6.0000,[ 364.9433    -220.744        5.5298314],20.0000,6.0000,[ 310.35626   -198.18018      5.5518804],20.0000,0.0000,[ 393.0205   -229.37767     5.990588],20.0000,0.0000,[ 3.9233591e+02 -2.4421558e+02  3.0728680e-01],20.0000,3.0000,[249.1447    -52.525646    4.9737096],20.0000,,[195.16838    37.36907     3.4899182],20.0000,
604,[ 333.9003    -225.22148      5.5439496],20.0000,6.0000,[ 361.68625  -207.82697     5.383745],20.0000,6.0000,[ 365.7423   -221.4877      5.747565],20.0000,0.0000,[ 311.147    -198.93333     5.258395],20.0000,6.0000,[ 394.05673  -229.72223     5.697319],20.0000,6.0000,[ 3.9291586e+02 -2.4412975e+02  2.0243095e-01],20.0000,2.0000,[249.1447    -52.525646    4.9737096],20.0000,,[195.16838    37.36907     3.4899182],20.0000,
605,[ 334.70972   -225.95384      5.7616835],20.0000,0.0000,[ 362.3685   -208.67906     5.601479],20.0000,0.0000,[ 366.66516  -222.07149     5.454295],20.0000,6.0000,[ 311.73898  -199.8509      5.344347],20.0000,6.0000,[ 394.9832   -230.30022     5.783574],20.0000,6.0000,[ 393.4935   -244.06548     6.244365],20.0000,2.0000,[249.1447    -52.525646    4.9737096],20.0000,,[195.16838    37.36907     3.4899182],20.0000,
606,[ 335.64072  -226.52454     5.468414],20.0000,6.0000,[ 363.19653   -209.39096      5.3082094],20.0000,6.0000,[ 367.42532 -222.85544    5.54055],20.0000,0.0000,[ 312.38712   -200.7292       5.5620804],20.0000,0.0000,[ 395.94382   -230.81862      6.0015917],20.0000,0.0000,[ 394.0722   -244.07738     5.972931],20.0000,2.0000,[249.1447    -52.525646    4.9737096],20.0000,,[195.16838    37.36907     3.4899182],20.0000,
607,[ 336.41187  -227.29767     5.554669],20.0000,0.0000,[ 363.83447   -210.27722      5.3944645],20.0000,0.0000,[ 368.24503   -223.57661      5.2080164],20.0000,6.0000,[ 313.18646   -201.47316      5.2688107],20.0000,6.0000,[ 396.984    -231.15086     5.708468],20.0000,6.0000,[ 394.6465    -244.1818       5.7016273],20.0000,3.0000,[249.1447    -52.525646    4.9737096],20.0000,,[195.16838    37.36907     3.4899182],20.0000,
608,[ 337.24167  -228.00722     5.222135],20.0000,6.0000,[ 364.54047   -211.11005      5.0619307],20.0000,6.0000,[ 368.84424  -224.49353     5.289784],20.0000,6.0000,[ 313.78903  -202.38387     5.355066],20.0000,0.0000,[ 397.9173    -231.71782      5.7949142],20.0000,6.0000,[ 395.20157   -244.39105      5.5345297],20.0000,3.0000,[249.1447    -52.525646    4.9737096],20.0000,,[195.16838    37.36907     3.4899182],20.0000,
609,[ 337.8538    -228.91557      5.3039026],20.0000,6.0000,[ 364.99982  -212.10442     5.143698],20.0000,6.0000,[ 369.48718   -225.37743      5.5218873],20.0000,0.0000,[ 314.46167  -203.24385     5.022532],20.0000,6.0000,[ 398.88403  -232.2247      6.013116],20.0000,0.0000,[ 395.72452  -244.67845     5.419488],20.0000,2.0000,[249.1447    -52.525646    4.9737096],20.0000,,[195.16838    37.36907     3.4899182],20.0000,
610,[ 338.50912  -229.7903      5.536006],20.0000,0.0000,[ 365.50726  -213.07248     5.375801],20.0000,0.0000,[ 370.28574   -226.12172      5.2409496],20.0000,6.0000,[ 314.8815    -204.25554      5.1042995],20.0000,6.0000,[ 399.92816  -232.54436     5.720087],20.0000,6.0000,[ 396.21222   -245.02296      5.2377157],20.0000,8.0000,[249.1447    -52.525646    4.9737096],20.0000,,[195.16838    37.36907     3.4899182],20.0000,
611,[ 339.31808   -230.52325      5.2550683],20.0000,6.0000,[ 366.18893  -213.9251      5.094864],20.0000,6.0000,[ 370.8947   -227.03014     5.334321],20.0000,6.0000,[ 315.3504   -205.24284     5.336403],20.0000,0.0000,[ 400.86826  -233.10002     5.806654],20.0000,6.0000,[ 396.62793   -245.45096      5.5862646],20.0000,7.0000,[249.1447    -52.525646    4.9737096],20.0000,,[195.16838    37.36907     3.4899182],20.0000,
612,[ 339.93985  -231.42297     5.348439],20.0000,6.0000,[ 366.6592   -214.91248     5.188235],20.0000,6.0000,[ 371.55945  -227.89667     5.562869],20.0000,6.0000,[ 315.998    -206.12164     5.055465],20.0000,6.0000,[ 401.84106   -233.59514      6.0249734],20.0000,6.0000,[ 397.08856  -245.8023      6.016344],20.0000,7.0000,[249.1447    -52.525646    4.9737096],20.0000,,[195.16838    37.36907     3.4899182],20.0000,
613,[ 340.61676   -232.28003      5.5769877],20.0000,6.0000,[ 367.1907    -215.86655      5.4167833],20.0000,6.0000,[ 372.36484   -228.63377      5.8269467],20.0000,6.0000,[ 316.429     -207.12679      5.1488366],20.0000,6.0000,[ 402.88443   -233.91927      6.2825584],20.0000,6.0000,[ 3.9762415e+02 -2.4603786e+02  1.3529722e-01],20.0000,6.0000,[249.1447    -52.525646    4.9737096],20.0000,,[195.16838    37.36907     3.4899182],20.0000,
614,[ 341.43246   -233.0057       5.8410654],20.0000,6.0000,[ 367.88025   -216.71304      5.6808605],20.0000,6.0000,[ 373.30707  -229.19145     6.095221],20.0000,6.0000,[ 316.92252   -208.10104      5.3773847],20.0000,6.0000,[ 4.0397592e+02 -2.3402551e+02  2.6209164e-01],20.0000,0.0000,[ 398.2212    -246.13297      0.4208385],20.0000,6.0000,[249.1447    -52.525646    4.9737096],20.0000,,[195.16838    37.36907     3.4899182],20.0000,
615,[ 342.38248   -233.55002      6.1093397],20.0000,6.0000,[ 368.73126  -217.40193     5.949135],20.0000,6.0000,[ 3.7435327e+02 -2.2953281e+02  6.6921309e-02],20.0000,0.0000,[ 317.57816   -208.97404      5.6414623],20.0000,6.0000,[ 405.0654   -233.87384     6.240392],20.0000,6.0000,[ 398.83298    -246.08318       0.63393945],20.0000,5.0000,[249.1447    -52.525646    4.9737096],20.0000,,[195.16838    37.36907     3.4899182],20.0000,
616,[ 3.4343341e+02 -2.3387657e+02  8.1039771e-02],20.0000,0.0000,[ 369.7166    -217.89195      6.2040205],20.0000,0.0000,[ 375.4529   -229.61713     6.026356],20.0000,6.0000,[ 318.40137   -209.69592      5.9097366],20.0000,6.0000,[ 4.0615393e+02 -2.3396724e+02  2.1808431e-03],20.0000,0.0000,[ 399.4178    -245.90157      0.7137771],20.0000,5.0000,[249.1447    -52.525646    4.9737096],20.0000,,[195.16838    37.36907     3.4899182],20.0000,
617,[ 344.53412   -233.94536      6.0404744],20.0000,6.0000,[ 370.79227 -218.13544    5.88027],20.0000,6.0000,[ 376.4946    -229.948        6.0532546],20.0000,0.0000,[ 319.36667   -210.22437      6.1646223],20.0000,0.0000,[ 407.24557  -234.00491     5.930155],20.0000,6.0000,[ 399.96533   -245.64977      0.7549109],20.0000,5.0000,[249.1447    -52.525646    4.9737096],20.0000,,[195.16838    37.36907     3.4899182],20.0000,
618,[ 345.58038  -234.26149     6.067373],20.0000,6.0000,[ 371.7747    -218.61443      5.9071684],20.0000,6.0000,[ 377.54742  -230.23946     5.689469],20.0000,6.0000,[ 320.43192  -210.51004     5.840872],20.0000,6.0000,[ 408.2832  -234.34596    5.99983],20.0000,6.0000,[ 400.4845    -245.35698      0.8051185],20.0000,5.0000,[249.1447    -52.525646    4.9737096],20.0000,,[195.16838    37.36907     3.4899182],20.0000,
619,[ 346.6334    -234.55548      6.2541394],20.0000,6.0000,[ 372.76733  -219.07262     6.093935],20.0000,6.0000,[ 378.4733   -230.81882     5.756407],20.0000,6.0000,[ 321.39468 -211.02734    5.86777],20.0000,6.0000,[ 409.33566   -234.63591      6.2132463],20.0000,0.0000,[ 400.97824    -245.02881       0.87424004],20.0000,6.0000,[249.1447    -52.525646    4.9737096],20.0000,,[195.16838    37.36907     3.4899182],20.0000,
620,[ 3.4772156e+02 -2.3468840e+02  2.1018189e-01],20.0000,6.0000,[ 3.7382034e+02 -2.1937743e+02  4.9977444e-02],20.0000,6.0000,[ 379.4247    -231.35414      5.9686675],20.0000,6.0000,[ 322.36853   -211.52429      6.0545363],20.0000,6.0000,[ 410.42322  -234.73114     5.919676],20.0000,6.0000,[ 401.44623   -244.66574      1.0493879],20.0000,6.0000,[249.1447    -52.525646    4.9737096],20.0000,,[195.16838    37.36907     3.4899182],20.0000,
621,[ 348.81927    -234.60226       0.45130223],20.0000,6.0000,[ 3.7491779e+02 -2.1946751e+02  2.9109776e-01],20.0000,6.0000,[ 380.45132   -231.72682      6.2252836],20.0000,6.0000,[ 3.2340872e+02 -2.1187035e+02  1.0579005e-02],20.0000,6.0000,[ 411.45822   -235.08038      6.0075965],20.0000,6.0000,[ 401.8624   -244.23737     1.260683],20.0000,6.0000,[249.1447    -52.525646    4.9737096],20.0000,,[195.16838    37.36907     3.4899182],20.0000,
622,[ 349.87805   -234.28401      0.6716055],20.0000,0.0000,[ 376.01373    -219.32222       0.51140106],20.0000,6.0000,[ 3.8153546e+02 -2.3188625e+02  2.0643090e-01],20.0000,0.0000,[ 3.2450174e+02 -2.1200357e+02  2.5169933e-01],20.0000,6.0000,[ 412.51254 -235.36345    6.22802],20.0000,0.0000,[ 402.20093   -243.7381       1.4710702],20.0000,7.0000,[249.1447    -52.525646    4.9737096],20.0000,,[195.16838    37.36907     3.4899182],20.0000,
623,[ 3.5083905e+02 -2.3373882e+02  3.1630430e-01],20.0000,6.0000,[ 377.05814    -218.95285       0.70665175],20.0000,0.0000,[ 382.63037  -231.78917     6.188882],20.0000,6.0000,[ 325.60257    -211.90157       0.47200263],20.0000,0.0000,[ 413.60123  -235.44553     5.936335],20.0000,6.0000,[ 402.44415  -243.1808      1.758883],20.0000,7.0000,[249.1447    -52.525646    4.9737096],20.0000,,[195.16838    37.36907     3.4899182],20.0000,
624,[ 3.5189349e+02 -2.3345139e+02  3.2633135e-01],20.0000,6.0000,[ 3.7800058e+02 -2.1837563e+02  3.3440781e-01],20.0000,6.0000,[ 383.71298 -231.9354     6.23846],20.0000,6.0000,[ 3.2665259e+02 -2.1155774e+02  1.1670142e-01],20.0000,6.0000,[ 414.64084   -235.78043      6.0243616],20.0000,6.0000,[ 402.5468    -242.57213      2.0559666],20.0000,6.0000,[249.1447    -52.525646    4.9737096],20.0000,,[195.16838    37.36907     3.4899182],20.0000,
625,[ 352.94598  -233.15623     0.506837],20.0000,6.0000,[ 3.7904846e+02 -2.1806572e+02  3.3922389e-01],20.0000,6.0000,[ 3.8480093e+02 -2.3204025e+02  1.5290129e-01],20.0000,0.0000,[ 3.2774310e+02 -2.1148509e+02  1.2672848e-01],20.0000,6.0000,[ 415.69904  -236.04846     6.244253],20.0000,0.0000,[ 402.479     -241.95363      2.2415745],20.0000,6.0000,[249.1447    -52.525646    4.9737096],20.0000,,[195.16838    37.36907     3.4899182],20.0000,
626,[ 353.9472    -232.71085      0.7451404],20.0000,0.0000,[ 380.0957    -217.75314      0.5185342],20.0000,6.0000,[ 385.89212   -231.95435      6.1293707],20.0000,6.0000,[ 3.2883322e+02 -2.1140448e+02  3.0723414e-01],20.0000,0.0000,[ 416.78882  -236.11531     5.952158],20.0000,6.0000,[ 402.2823    -241.37088      2.3849602],20.0000,6.0000,[249.1447    -52.525646    4.9737096],20.0000,,[195.16838    37.36907     3.4899182],20.0000,
627,[ 354.83307   -232.06128      0.4373145],20.0000,6.0000,[ 381.08978   -217.29282      0.7574456],20.0000,0.0000,[ 386.96964   -232.1291       6.1990004],20.0000,6.0000,[ 329.8975   -211.14948     6.278171],20.0000,6.0000,[ 417.83292  -236.43573     6.039742],20.0000,6.0000,[ 401.99118  -240.8362      2.532594],20.0000,7.0000,[249.1447    -52.525646    4.9737096],20.0000,,[195.16838    37.36907     3.4899182],20.0000,
628,[ 355.83786    -231.63313       0.48830602],20.0000,6.0000,[ 381.96573    -216.63043       0.45122942],20.0000,6.0000,[ 3.88055023e+02 -2.32248077e+02  1.24983855e-01],20.0000,0.0000,[ 3.3098901e+02 -2.1115918e+02  6.4111084e-02],20.0000,6.0000,[ 418.89468  -236.6892      6.259114],20.0000,0.0000,[ 401.62106   -240.35513      2.7881842],20.0000,7.0000,[249.1447    -52.525646    4.9737096],20.0000,,[195.16838    37.36907     3.4899182],20.0000,
629,[ 356.82584   -231.16624      0.6874971],20.0000,0.0000,[ 382.96384   -216.18707      0.5040155],20.0000,6.0000,[ 389.14536   -232.17023      6.1101065],20.0000,6.0000,[ 3.3207986e+02 -2.1111316e+02  2.7325416e-01],20.0000,6.0000,[ 419.9853  -236.74136    5.96672],20.0000,6.0000,[ 401.14893   -239.9628       3.0796084],20.0000,7.0000,[249.1447    -52.525646    4.9737096],20.0000,,[195.16838    37.36907     3.4899182],20.0000,
630,[ 357.7186    -230.53339      0.3823703],20.0000,6.0000,[ 383.94394    -215.70393       0.70408964],20.0000,0.0000,[ 390.22202  -232.35011     6.189063],20.0000,0.0000,[ 333.15073   -210.88931      0.5261443],20.0000,0.0000,[ 421.03354  -237.0478      6.054004],20.0000,0.0000,[ 400.58524  -239.70229     3.363725],20.0000,7.0000,[249.1447    -52.525646    4.9737096],20.0000,,[195.16838    37.36907     3.4899182],20.0000,
631,[ 358.7332     -230.13078       0.45375246],20.0000,0.0000,[ 384.82568    -215.05594       0.39941636],20.0000,6.0000,[ 391.3091    -232.4489       5.8516397],20.0000,6.0000,[ 3.3414926e+02 -2.1043515e+02  2.3033077e-01],20.0000,6.0000,[ 422.1026    -237.2698       5.7225013],20.0000,6.0000,[ 399.96936   -239.60239      3.6289098],20.0000,6.0000,[249.1447    -52.525646    4.9737096],20.0000,,[195.16838    37.36907     3.4899182],20.0000,
632,[ 3.5971750e+02 -2.2965891e+02  1.1311445e-01],20.0000,6.0000,[ 385.83316    -214.63579       0.47110513],20.0000,0.0000,[ 392.33163   -232.83807      5.9307647],20.0000,0.0000,[ 3.3521899e+02 -2.1021585e+02  2.9152974e-01],20.0000,0.0000,[ 423.0771    -237.77054      5.8049545],20.0000,0.0000,[ 399.35068   -239.67093      3.7903209],20.0000,6.0000,[249.1447    -52.525646    4.9737096],20.0000,,[195.16838    37.36907     3.4899182],20.0000,
633,[ 3.6079483e+02 -2.2947174e+02  1.9085886e-01],20.0000,0.0000,[ 3.8680902e+02 -2.1414670e+02  1.3058941e-01],20.0000,6.0000,[ 393.37732   -233.1571       5.6056185],20.0000,6.0000,[ 336.27286   -209.93008      6.2281084],20.0000,6.0000,[ 424.0813    -238.20515      5.4879236],20.0000,6.0000,[ 398.7669   -239.85889     3.925788],20.0000,6.0000,[249.1447    -52.525646    4.9737096],20.0000,,[195.16838    37.36907     3.4899182],20.0000,
634,[ 361.85635   -229.2118       6.1455426],20.0000,6.0000,[ 3.8788287e+02 -2.1394052e+02  2.0838208e-01],20.0000,0.0000,[ 394.3048   -233.74565     5.696326],20.0000,0.0000,[ 3.3736530e+02 -2.0994426e+02  1.8584944e-02],20.0000,0.0000,[ 424.94037  -238.89156     5.584802],20.0000,6.0000,[ 398.22684   -240.13698      4.0750594],20.0000,5.0000,[249.1447    -52.525646    4.9737096],20.0000,,[195.16838    37.36907     3.4899182],20.0000,
635,[ 362.95367  -229.24539     6.233578],20.0000,0.0000,[ 388.93964  -213.6619      6.163137],20.0000,6.0000,[ 395.26645   -234.27081      5.3949018],20.0000,6.0000,[ 338.45593  -209.88478     5.967436],20.0000,6.0000,[ 425.8296   -239.53        5.841257],20.0000,0.0000,[ 397.74188  -240.49805     4.150844],20.0000,5.0000,[249.1447    -52.525646    4.9737096],20.0000,,[195.16838    37.36907     3.4899182],20.0000,
636,[ 364.04843   -229.20772      5.9284887],20.0000,6.0000,[ 390.0374   -213.67606     6.251225],20.0000,0.0000,[ 396.0664    -235.02724      5.5022144],20.0000,0.0000,[ 339.52646  -210.1229      6.051136],20.0000,0.0000,[ 426.82797  -239.97209     5.575335],20.0000,6.0000,[ 397.3037   -240.90614     4.208952],20.0000,5.0000,[249.1447    -52.525646    4.9737096],20.0000,,[195.16838    37.36907     3.4899182],20.0000,
637,[ 365.12137   -229.4536       6.0336447],20.0000,0.0000,[ 391.13135   -213.619        5.9462066],20.0000,6.0000,[ 396.91583  -235.72083     5.217783],20.0000,6.0000,[ 340.60828   -210.29132      5.7394314],20.0000,6.0000,[ 427.70822  -240.62233     5.674168],20.0000,0.0000,[ 396.9044    -241.34692      4.2744966],20.0000,5.0000,[249.1447    -52.525646    4.9737096],20.0000,,[195.16838    37.36907     3.4899182],20.0000,
638,[ 366.20502  -229.6216      5.747545],20.0000,6.0000,[ 392.2085   -213.8458      6.051405],20.0000,0.0000,[ 397.57288   -236.60478      5.3334455],20.0000,6.0000,[ 341.61395  -210.73769     5.840437],20.0000,0.0000,[ 428.63812 -241.19713    5.35731],20.0000,6.0000,[ 396.54294   -241.81673      4.3520846],20.0000,4.0000,[249.1447    -52.525646    4.9737096],20.0000,,[195.16838    37.36907     3.4899182],20.0000,
639,[ 367.2187   -230.05235     5.862556],20.0000,0.0000,[ 393.29492  -213.99452     5.765339],20.0000,6.0000,[ 398.27942   -237.44145      5.6044025],20.0000,0.0000,[ 342.6445    -211.11201      5.5507545],20.0000,6.0000,[ 429.39017   -241.99734      5.4497266],20.0000,0.0000,[ 396.22507   -242.31543      4.3468795],20.0000,4.0000,[249.1447    -52.525646    4.9737096],20.0000,,[195.16838    37.36907     3.4899182],20.0000,
640,[ 368.25827  -230.40155     5.582745],20.0000,6.0000,[ 394.3161    -214.40717      5.8803635],20.0000,0.0000,[ 399.1463   -238.10533     5.344276],20.0000,6.0000,[ 343.55426  -211.7328      5.664224],20.0000,0.0000,[ 430.19275  -242.74298     5.147473],20.0000,6.0000,[ 395.9244    -242.82005      4.3142204],20.0000,4.0000,[249.1447    -52.525646    4.9737096],20.0000,,[195.16838    37.36907     3.4899182],20.0000,
641,[ 369.18698   -230.99342      5.6997476],20.0000,0.0000,[ 395.36176   -214.7378       5.6005573],20.0000,6.0000,[ 399.8532    -238.94061      5.4446683],20.0000,6.0000,[ 344.50476   -212.27983      5.3837404],20.0000,6.0000,[ 430.78162 -243.67297    5.25366],20.0000,0.0000,[ 395.62665   -243.32268      4.2802215],20.0000,4.0000,[249.1447    -52.525646    4.9737096],20.0000,,[195.16838    37.36907     3.4899182],20.0000,
642,[ 370.15564  -231.50735     5.420113],20.0000,6.0000,[ 396.30084   -215.31305      5.7175603],20.0000,0.0000,[ 400.61374   -239.7247       5.6784997],20.0000,0.0000,[ 345.29837  -213.04344     5.500657],20.0000,0.0000,[ 431.43362   -244.55463      4.9679055],20.0000,6.0000,[ 395.32675   -243.82169      4.2533126],20.0000,3.0000,[249.1447    -52.525646    4.9737096],20.0000,,[195.16838    37.36907     3.4899182],20.0000,
643,[ 370.97568  -232.24231     5.536734],20.0000,0.0000,[ 397.27853   -215.80965      5.4379234],20.0000,6.0000,[ 401.51114  -240.3461      5.394647],20.0000,6.0000,[ 346.14642  -213.73865     5.221176],20.0000,6.0000,[ 431.85144   -245.57365      5.0828986],20.0000,0.0000,[ 395.02664  -244.31894     4.142133],20.0000,3.0000,[249.1447    -52.525646    4.9737096],20.0000,,[195.16838    37.36907     3.4899182],20.0000,
644,[ 371.84784  -232.90694     5.256511],20.0000,6.0000,[ 398.1115    -216.52988      5.5545435],20.0000,0.0000,[ 402.24286  -241.15804     5.486617],20.0000,0.0000,[ 346.80515  -214.6211      5.337929],20.0000,0.0000,[ 432.3451   -246.55292     4.802923],20.0000,6.0000,[ 394.69855   -244.79607      4.0039735],20.0000,3.0000,[249.1447    -52.525646    4.9737096],20.0000,,[195.16838    37.36907     3.4899182],20.0000,
645,[ 372.53708   -233.76572      5.3728094],20.0000,0.0000,[ 398.99536  -217.17886     5.274319],20.0000,6.0000,[ 403.03732  -241.90784     5.160997],20.0000,6.0000,[ 347.5289    -215.44485      5.0578227],20.0000,6.0000,[ 432.58917  -247.6268      4.919813],20.0000,0.0000,[ 394.3327    -245.24475      3.8616555],20.0000,3.0000,[249.1447    -52.525646    4.9737096],20.0000,,[195.16838    37.36907     3.4899182],20.0000,
646,[ 373.28903   -234.56378      5.0923834],20.0000,6.0000,[ 399.69977  -218.02524     5.390617],20.0000,0.0000,[ 403.60797  -242.84459     5.247579],20.0000,0.0000,[ 348.03506  -216.42278     5.174171],20.0000,0.0000,[ 432.9164   -248.67339     4.640092],20.0000,6.0000,[ 393.92804   -245.66104      3.7200272],20.0000,2.0000,[249.1447    -52.525646    4.9737096],20.0000,,[195.16838    37.36907     3.4899182],20.0000,
647,[ 373.82874  -235.52362     5.208618],20.0000,0.0000,[ 400.46585   -218.80978      5.1101904],20.0000,6.0000,[ 404.23825 -243.73988    4.93769],20.0000,6.0000,[ 348.61478  -217.35355     4.893766],20.0000,6.0000,[ 432.98248 -249.77258    4.75668],20.0000,0.0000,[ 393.486     -246.04263      3.4912808],20.0000,2.0000,[249.1447    -52.525646    4.9737096],20.0000,,[195.16838    37.36907     3.4899182],20.0000,
648,[ 374.44016  -236.43385     4.928188],20.0000,6.0000,[ 401.02252   -219.75986      5.2264256],20.0000,0.0000,[ 404.61697   -244.77293      5.0393705],20.0000,0.0000,[ 348.95444  -218.401       5.010003],20.0000,0.0000,[ 433.13504   -250.85846      4.4764466],20.0000,6.0000,[ 392.98483   -246.35767      3.2445414],20.0000,2.0000,[249.1447    -52.525646    4.9737096],20.0000,,[195.16838    37.36907     3.4899182],20.0000,
649,[ 374.81573  -237.469       5.044436],20.0000,0.0000,[ 401.6501    -220.65906      4.9459953],20.0000,6.0000,[ 405.06528   -245.77351      4.7499657],20.0000,6.0000,[ 349.37427  -219.41399     4.729568],20.0000,6.0000,[ 433.021    -251.95369     4.592746],20.0000,0.0000,[ 392.4259    -246.57933      3.0117564],20.0000,2.0000,[249.1447    -52.525646    4.9737096],20.0000,,[195.16838    37.36907     3.4899182],20.0000,
650,[ 375.2702   -238.4669      4.764025],20.0000,6.0000,[ 402.04404   -221.68735      5.0622435],20.0000,0.0000,[ 405.25278   -246.85878      4.8634615],20.0000,0.0000,[ 349.53818   -220.50288      4.8458114],20.0000,0.0000,[ 432.99426   -253.0499       4.3123255],20.0000,6.0000,[ 391.82812   -246.68759      2.8048315],20.0000,3.0000,[249.1447    -52.525646    4.9737096],20.0000,,[195.16838    37.36907     3.4899182],20.0000,
651,[ 375.47153   -239.54951      4.8802843],20.0000,0.0000,[ 402.51617   -222.67702      4.7818327],20.0000,6.0000,[ 405.5217    -247.92198      4.5829015],20.0000,6.0000,[ 349.7868   -221.57085     4.565397],20.0000,6.0000,[ 432.70285  -254.11179     4.428564],20.0000,0.0000,[ 391.2197    -246.67395      2.7117639],20.0000,3.0000,[249.1447    -52.525646    4.9737096],20.0000,,[195.16838    37.36907     3.4899182],20.0000,
652,[ 375.7568  -240.60828    4.59988],20.0000,0.0000,[ 402.7368   -223.75586     4.898092],20.0000,0.0000,[ 405.52585   -249.02328      4.6997566],20.0000,0.0000,[ 349.77057  -222.6719      4.681654],20.0000,0.0000,[ 432.4973    -255.18889      4.1481366],20.0000,6.0000,[ 390.625     -246.58243      2.6570754],20.0000,3.0000,[249.1447    -52.525646    4.9737096],20.0000,,[195.16838    37.36907     3.4899182],20.0000,
653,[ 375.79626  -241.71124     4.165589],20.0000,0.0000,[ 403.04086   -224.80939      4.6176877],20.0000,6.0000,[ 405.61697   -250.11607      4.4202228],20.0000,6.0000,[ 349.8413    -223.76614      4.4012494],20.0000,6.0000,[ 432.0363    -256.18887      4.2643857],20.0000,0.0000,[ 390.04617  -246.43956     2.599654],20.0000,3.0000,[249.1447    -52.525646    4.9737096],20.0000,,[195.16838    37.36907     3.4899182],20.0000,
654,[ 375.43597   -242.76979      3.7288582],20.0000,6.0000,[ 403.08218  -225.90977     4.733948],20.0000,0.0000,[ 405.44183  -251.20326     4.536954],20.0000,0.0000,[ 349.64536 -224.84975    4.51751],20.0000,0.0000,[ 431.6575    -257.21793      3.9839756],20.0000,6.0000,[ 389.4831    -246.25278      2.5283072],20.0000,3.0000,[249.1447    -52.525646    4.9737096],20.0000,,[195.16838    37.36907     3.4899182],20.0000,
655,[ 374.67474   -243.59615      3.9054987],20.0000,,[ 403.21002   -226.99883      4.4535446],20.0000,,[ 405.3541    -252.29628      4.2568393],20.0000,,[ 349.53635   -225.94084      4.2371063],20.0000,,[ 431.0392   -258.12912     4.100234],20.0000,,[ 388.93796  -246.02176     2.445111],20.0000,,[249.1447    -52.525646    4.9737096],20.0000,,[195.16838    37.36907     3.4899182],20.0000,
