step,pos_red1,health_red1,action_red1,pos_red2,health_red2,action_red2,pos_red3,health_red3,action_red3,pos_red4,health_red4,action_red4,pos_red5,health_red5,action_red5,pos_red6,health_red6,action_red6,pos_red7,health_red7,action_red7,pos_red8,health_red8,action_red8,pos_red9,health_red9,action_red9,pos_red10,health_red10,action_red10,pos_blue1,health_blue1,action_blue1,pos_blue2,health_blue2,action_blue2,pos_blue3,health_blue3,action_blue3,pos_blue4,health_blue4,action_blue4,pos_blue5,health_blue5,action_blue5
0,[0. 0. 0.],20.0000,6.0000,[ 0. 20.  0.],20.0000,6.0000,[  0. -20.   0.],20.0000,6.0000,[ 0. 40.  0.],20.0000,6.0000,[  0. -40.   0.],20.0000,6.0000,[20.  0.  0.],20.0000,6.0000,[20. 20.  0.],20.0000,6.0000,[ 20. -20.   0.],20.0000,6.0000,[20. 40.  0.],20.0000,6.0000,[ 20. -40.   0.],20.0000,6.0000,[103.01592    41.43617     2.8765552],20.0000,1.0000,[129.86555     40.63624      0.97425354],20.0000,4.0000,[121.54386    25.877665    1.6633959],20.0000,4.0000,[86.92745   21.24291    6.0680037],20.0000,4.0000,[129.86334  -31.886871   4.348804],20.0000,4.0000
1,[ 1.0915738  -0.00594422  0.18351729],20.0000,6.0000,[ 1.0915738  19.994057    0.18351729],20.0000,6.0000,[  1.0915738  -20.005943     0.18351729],20.0000,6.0000,[ 1.0915738  39.994057    0.18351729],20.0000,6.0000,[  1.0915738  -40.005943     0.18351729],20.0000,6.0000,[ 2.1091574e+01 -5.9442231e-03  1.8351729e-01],20.0000,6.0000,[21.091574   19.994057    0.18351729],20.0000,6.0000,[ 21.091574   -20.005943     0.18351729],20.0000,6.0000,[21.091574   39.994057    0.18351729],20.0000,5.0000,[ 21.091574   -40.005943     0.18351729],20.0000,6.0000,[102.25938    41.632275    2.6012793],20.0000,1.0000,[130.3046      41.282757     0.97425354],20.0000,4.0000,[121.471596   26.655813    1.6633959],20.0000,4.0000,[87.690926  21.07604    6.0680037],20.0000,4.0000,[129.58542  -32.61728    4.348804],20.0000,4.0000
2,[2.1740324  0.14350085 0.43028393],20.0000,6.0000,[ 2.1740324  20.143501    0.43028393],20.0000,0.0000,[  2.1740324  -19.856499     0.43028393],20.0000,6.0000,[ 2.1740324  40.1435      0.43028393],20.0000,0.0000,[  2.1740324  -39.8565       0.43028393],20.0000,6.0000,[22.174032    0.14350085  0.43028393],20.0000,6.0000,[22.174032   20.143501    0.43028393],20.0000,0.0000,[ 22.174032   -19.856499     0.43028393],20.0000,6.0000,[22.17349   40.146423   0.3385253],20.0000,6.0000,[ 22.174032   -39.8565       0.43028393],20.0000,6.0000,[101.621254  41.923798   2.237111],20.0000,1.0000,[130.69626     41.859524     0.97425354],20.0000,4.0000,[121.40713    27.350008    1.6633959],20.0000,4.0000,[88.37203   20.927176   6.0680037],20.0000,4.0000,[129.3375   -33.268883   4.348804],20.0000,4.0000
3,[3.21033   0.5024226 0.6893175],20.0000,0.0000,[ 3.2028916  20.51863     0.13876562],20.0000,6.0000,[  3.21033   -19.497578    0.6893175],20.0000,0.0000,[ 3.2028916  40.51863     0.13876562],20.0000,6.0000,[  3.21033   -39.497578    0.6893175],20.0000,0.0000,[23.210331   0.5024226  0.6893175],20.0000,0.0000,[23.202892   20.51863     0.13876562],20.0000,6.0000,[ 23.210331  -19.497578    0.6893175],20.0000,0.0000,[23.230375  40.43143    0.5712244],20.0000,0.0000,[ 23.210331  -39.497578    0.6893175],20.0000,0.0000,[101.09059    42.337376    1.8650892],20.0000,2.0000,[131.06317     42.399834     0.97425354],20.0000,4.0000,[121.34674    28.000324    1.6633959],20.0000,2.0000,[89.01008   20.787718   6.0680037],20.0000,4.0000,[129.10522  -33.879303   4.348804],20.0000,4.0000
4,[4.138695   1.0922748  0.38323882],20.0000,6.0000,[ 4.2862744  20.652985    0.20972788],20.0000,0.0000,[  4.138695   -18.907724     0.38323882],20.0000,6.0000,[ 4.2862744  40.652985    0.20972788],20.0000,0.0000,[  4.138695   -38.907726     0.38323882],20.0000,6.0000,[24.138695    1.0922748   0.38323882],20.0000,6.0000,[24.286274   20.652985    0.20972788],20.0000,0.0000,[ 24.138695   -18.907724     0.38323882],20.0000,6.0000,[24.20853    40.9284      0.26710302],20.0000,6.0000,[ 24.138695   -38.907726     0.38323882],20.0000,6.0000,[100.69922    42.87397     1.6231792],20.0000,2.0000,[131.41544     42.91858      0.97425354],20.0000,4.0000,[121.28284    28.624138    1.4798787],20.0000,2.0000,[89.62267   20.653828   6.0680037],20.0000,4.0000,[128.88223  -34.465363   4.348804],20.0000,4.0000
5,[5.1683025  1.4576793  0.42819834],20.0000,0.0000,[ 5.3577437 20.862225   6.1513677],20.0000,6.0000,[  5.1683025  -18.54232      0.42819834],20.0000,6.0000,[ 5.3577437 40.862225   6.1513677],20.0000,6.0000,[  5.1683025  -38.54232      0.42819834],20.0000,6.0000,[25.168303    1.4576793   0.42819834],20.0000,0.0000,[25.357744  20.862225   6.1513677],20.0000,6.0000,[ 25.168303   -18.54232      0.42819834],20.0000,6.0000,[25.269304   41.18753     0.32519215],20.0000,0.0000,[ 25.168303   -38.54232      0.42819834],20.0000,6.0000,[100.450584  43.472492   1.455444],20.0000,2.0000,[131.75853     43.423817     0.97425354],20.0000,4.0000,[121.287895  29.236929   1.233112],20.0000,2.0000,[90.21931   20.523424   6.0680037],20.0000,4.0000,[128.66504  -35.036156   4.348804],20.0000,4.0000
6,[6.177702   1.8750046  0.07310999],20.0000,6.0000,[ 6.446973 20.772652  6.227756],20.0000,6.0000,[  6.1851068 -18.141218    0.6236619],20.0000,0.0000,[ 6.446973 40.77265   6.227756],20.0000,0.0000,[  6.1851068 -38.141216    0.6236619],20.0000,0.0000,[26.177702    1.8750046   0.07310999],20.0000,6.0000,[26.446974 20.772652  6.227756],20.0000,6.0000,[ 26.185106  -18.141218    0.6236619],20.0000,0.0000,[26.312574  41.509796   6.2607436],20.0000,6.0000,[ 26.185106  -38.141216    0.6236619],20.0000,0.0000,[100.32227    44.091526    1.3074924],20.0000,3.0000,[132.09569     43.92031      0.97425354],20.0000,4.0000,[121.38665    29.838326    0.9740784],20.0000,3.0000,[90.80561   20.395277   6.0680037],20.0000,4.0000,[128.45161  -35.597073   4.348804],20.0000,4.0000
7,[7.2634764  1.993823   0.14292988],20.0000,6.0000,[ 7.538398 20.74008   0.163598],20.0000,0.0000,[  7.1189475  -17.570147     0.31601766],20.0000,6.0000,[ 7.539386  40.757885   5.8962317],20.0000,6.0000,[  7.1189475  -37.57015      0.31601766],20.0000,6.0000,[27.263475    1.993823    0.14292988],20.0000,6.0000,[27.538397 20.74008   0.163598],20.0000,0.0000,[ 27.118948   -17.570147     0.31601766],20.0000,6.0000,[27.404915   41.532658    0.05118946],20.0000,6.0000,[ 27.118948   -37.57015      0.31601766],20.0000,6.0000,[100.30076    44.711678    1.2426972],20.0000,3.0000,[132.42892     44.411037     0.97425354],20.0000,4.0000,[121.59579     30.413359     0.82136387],20.0000,3.0000,[91.38512   20.268618   6.0680037],20.0000,4.0000,[128.24066  -36.151478   4.348804],20.0000,4.0000
8,[8.341585   2.1653814  0.35647848],20.0000,0.0000,[ 8.616892 20.908676  6.156355],20.0000,6.0000,[  8.15886    -17.238289     0.38522753],20.0000,6.0000,[ 8.592176  40.4489     5.9818234],20.0000,6.0000,[  8.15886    -37.23829      0.38522753],20.0000,6.0000,[28.341585    2.1653814   0.35647848],20.0000,0.0000,[28.616892 20.908676  6.156355],20.0000,6.0000,[ 28.15886    -17.238289     0.38522753],20.0000,6.0000,[28.493883   41.61104     0.26768008],20.0000,0.0000,[ 28.15886    -37.23829      0.38522753],20.0000,6.0000,[100.34329    45.318886    1.1935428],20.0000,3.0000,[132.75955     44.897915     0.97425354],20.0000,4.0000,[121.88302    30.949997    0.7219142],20.0000,3.0000,[91.96007   20.142954   6.0680037],20.0000,4.0000,[128.03136  -36.70153    4.348804],20.0000,4.0000
9,[9.371033  2.5288026 0.0629849],20.0000,6.0000,[ 9.705971  20.81996    6.2460756],20.0000,6.0000,[  9.1806965  -16.853468     0.59423876],20.0000,0.0000,[ 9.655392  40.191998   6.2235727],20.0000,0.0000,[  9.1806965  -36.853466     0.59423876],20.0000,0.0000,[29.371033   2.5288026  0.0629849],20.0000,6.0000,[29.70597   20.81996    6.2460756],20.0000,6.0000,[ 29.180696   -16.853468     0.59423876],20.0000,0.0000,[29.550154 41.886654  6.258958],20.0000,6.0000,[ 29.180696   -36.853466     0.59423876],20.0000,0.0000,[100.43208   45.913376   1.132343],20.0000,3.0000,[133.08841     45.382202     0.97425354],20.0000,4.0000,[122.22532    31.447077    0.6429838],20.0000,3.0000,[92.53196   20.017958   6.0680037],20.0000,4.0000,[127.82318  -37.248653   4.348804],20.0000,6.0000
10,[10.4577875   2.6392717   0.15096311],20.0000,6.0000,[10.797558   20.800629    0.18560496],20.0000,0.0000,[ 10.117995   -16.29097      0.29612216],20.0000,6.0000,[10.746265 40.148075  5.949347],20.0000,6.0000,[ 10.117995   -36.29097      0.29612216],20.0000,6.0000,[30.457787    2.6392717   0.15096311],20.0000,6.0000,[30.797558   20.800629    0.18560496],20.0000,0.0000,[ 30.117994   -16.29097      0.29612216],20.0000,6.0000,[30.642506   41.906345    0.06471971],20.0000,6.0000,[ 30.117994   -36.29097      0.29612216],20.0000,6.0000,[100.564926   46.4953      1.0559304],20.0000,3.0000,[133.41609     45.864735     0.97425354],20.0000,4.0000,[122.609825   31.906641    0.5661234],20.0000,3.0000,[93.101776  19.893414   6.0680037],20.0000,4.0000,[127.6102    -37.791683    4.5323215],20.0000,6.0000
11,[11.534712    2.8179855   0.37145665],20.0000,0.0000,[11.873373  20.986038   6.1785026],20.0000,6.0000,[ 11.15964    -15.964578     0.37505877],20.0000,6.0000,[11.802008  39.86091    6.0452685],20.0000,6.0000,[ 11.15964    -35.964577     0.37505877],20.0000,6.0000,[31.534712    2.8179855   0.37145665],20.0000,0.0000,[31.873373  20.986038   6.1785026],20.0000,6.0000,[ 31.15964    -15.964578     0.37505877],20.0000,6.0000,[31.730593   41.99515     0.28639928],20.0000,0.0000,[ 31.15964    -35.964577     0.37505877],20.0000,6.0000,[100.744      47.06248     0.9691048],20.0000,3.0000,[133.74295     46.346073     0.97425354],20.0000,4.0000,[123.03086     32.328907     0.48460013],20.0000,3.0000,[93.6702    19.769176   6.0680037],20.0000,4.0000,[127.45621  -38.35505    4.779088],20.0000,6.0000
12,[12.559707    3.193945    0.07981385],20.0000,6.0000,[12.963467 20.91496   6.26757 ],20.0000,6.0000,[ 12.180449  -15.577752    0.5881805],20.0000,0.0000,[12.872334  39.64291    6.2767663],20.0000,0.0000,[ 12.180449  -35.57775     0.5881805],20.0000,0.0000,[32.559708    3.193945    0.07981385],20.0000,6.0000,[32.963467 20.91496   6.26757 ],20.0000,6.0000,[ 32.18045   -15.577752    0.5881805],20.0000,0.0000,[32.78298   42.28553    6.2786546],20.0000,6.0000,[ 32.18045   -35.57775     0.5881805],20.0000,0.0000,[100.97112     47.61113      0.87699527],20.0000,3.0000,[134.06927     46.826607     0.97425354],20.0000,4.0000,[123.485634    32.711945     0.39791444],20.0000,4.0000,[94.237656  19.645151   6.0680037],20.0000,4.0000,[127.38909   -38.94168     5.0381217],20.0000,5.0000
13,[13.644707    3.3194537   0.16787593],20.0000,6.0000,[14.055131  20.9136     0.2055231],20.0000,0.0000,[ 13.114819  -15.011467    0.2926397],20.0000,6.0000,[13.963856  39.634613   5.9920626],20.0000,6.0000,[ 13.114819  -35.011467    0.2926397],20.0000,6.0000,[33.644707    3.3194537   0.16787593],20.0000,6.0000,[34.05513   20.9136     0.2055231],20.0000,0.0000,[ 33.11482   -15.011467    0.2926397],20.0000,6.0000,[33.87471    42.32172     0.08408908],20.0000,6.0000,[ 33.11482   -35.011467    0.2926397],20.0000,6.0000,[101.24652    48.136715    0.7830097],20.0000,3.0000,[134.39522     47.306583     0.97425354],20.0000,4.0000,[123.9729      33.04999      0.39941967],20.0000,4.0000,[94.80446   19.521265   6.0680037],20.0000,4.0000,[127.43252   -39.539402    5.1908364],20.0000,5.0000
14,[14.718933   3.5135338  0.3878078],20.0000,0.0000,[15.127995  21.115818   6.1973476],20.0000,6.0000,[ 14.155033  -14.680206    0.3750878],20.0000,6.0000,[15.025527 39.374866  6.083801],20.0000,6.0000,[ 14.155033  -34.680206    0.3750878],20.0000,6.0000,[34.718933   3.5135338  0.3878078],20.0000,0.0000,[35.127995  21.115818   6.1973476],20.0000,6.0000,[ 34.155033  -14.680206    0.3750878],20.0000,6.0000,[34.96123    42.427315    0.30467564],20.0000,0.0000,[ 34.155033  -34.680206    0.3750878],20.0000,6.0000,[101.56892    48.634605    0.6888918],20.0000,4.0000,[134.7209      47.786186     0.97425354],20.0000,4.0000,[124.46733     33.36941      0.43117818],20.0000,4.0000,[95.37082   19.397478   6.0680037],20.0000,4.0000,[127.56157  -40.125534   5.290286],20.0000,5.0000
15,[15.738601    3.9038587   0.09573634],20.0000,6.0000,[1.6218891e+01 2.1061296e+01 2.3928331e-03],20.0000,6.0000,[ 15.173045  -14.286277    0.5901352],20.0000,0.0000,[1.6100597e+01 3.9184124e+01 2.5455866e-02],20.0000,0.0000,[ 15.173045  -34.286278    0.5901352],20.0000,0.0000,[35.7386      3.9038587   0.09573634],20.0000,6.0000,[3.6218891e+01 2.1061296e+01 2.3928331e-03],20.0000,6.0000,[ 35.173046  -14.286277    0.5901352],20.0000,0.0000,[3.6009247e+01 4.2733349e+01 1.2985833e-02],20.0000,6.0000,[ 35.173046  -34.286278    0.5901352],20.0000,0.0000,[101.93782    49.098114    0.6870402],20.0000,4.0000,[135.0464      48.26553      0.97425354],20.0000,4.0000,[124.95989     33.6851       0.46547234],20.0000,4.0000,[95.93688   19.273758   6.0680037],20.0000,4.0000,[127.75505   -40.6911      5.3692164],20.0000,5.0000
16,[16.821674    4.0444527   0.18334264],20.0000,6.0000,[17.31041    21.076263    0.22249052],20.0000,0.0000,[ 16.102541   -13.712543     0.29563943],20.0000,6.0000,[17.192114  39.19944    6.0195966],20.0000,6.0000,[ 16.102541   -33.712543     0.29563943],20.0000,6.0000,[36.821674    4.0444527   0.18334264],20.0000,6.0000,[37.31041    21.076263    0.22249052],20.0000,0.0000,[ 36.10254    -13.712543     0.29563943],20.0000,6.0000,[37.100216   42.785477    0.10093921],20.0000,6.0000,[ 36.10254    -33.712543     0.29563943],20.0000,6.0000,[102.3203      49.54511      0.71771455],20.0000,3.0000,[135.3718      48.744698     0.97425354],20.0000,3.0000,[125.4486      34.002575     0.49293667],20.0000,3.0000,[96.50273   19.150082   6.0680037],20.0000,4.0000,[128.00003   -41.2336      5.4460764],20.0000,5.0000
17,[17.893105    4.2533236   0.40273866],20.0000,0.0000,[18.380318 21.293875  6.213696],20.0000,6.0000,[ 17.140142   -13.372863     0.37981755],20.0000,6.0000,[18.258072 38.959892  6.109381],20.0000,6.0000,[ 17.140142   -33.372864     0.37981755],20.0000,6.0000,[37.893105    4.2533236   0.40273866],20.0000,0.0000,[38.380318 21.293875  6.213696],20.0000,6.0000,[ 37.14014    -13.372863     0.37981755],20.0000,6.0000,[38.185074   42.906727    0.32071996],20.0000,0.0000,[ 37.14014    -33.372864     0.37981755],20.0000,6.0000,[102.7007      49.989864     0.66024375],20.0000,4.0000,[135.69464     49.225418     0.88249487],20.0000,3.0000,[125.93253     34.32535      0.42107767],20.0000,4.0000,[97.068436  19.026438   6.0680037],20.0000,4.0000,[128.29082  -41.751102   5.5276  ],20.0000,5.0000
18,[18.907454    4.6573677   0.11035857],20.0000,6.0000,[1.9471790e+01 2.1254772e+01 1.8199524e-02],20.0000,6.0000,[ 18.15452   -12.969712    0.5960554],20.0000,0.0000,[19.33635    38.789192    0.04823329],20.0000,0.0000,[ 18.15452   -32.96971     0.5960554],20.0000,0.0000,[38.90745     4.6573677   0.11035857],20.0000,6.0000,[3.9471790e+01 2.1254772e+01 1.8199524e-02],20.0000,6.0000,[ 38.15452   -12.969712    0.5960554],20.0000,0.0000,[3.9228764e+01 4.3227367e+01 2.8557692e-02],20.0000,6.0000,[ 38.15452   -32.96971     0.5960554],20.0000,0.0000,[103.10533     50.412766     0.65421104],20.0000,4.0000,[136.04349    49.688137    0.7571176],20.0000,3.0000,[126.43442     34.621174     0.40141505],20.0000,4.0000,[97.63405   18.902815   6.0680037],20.0000,4.0000,[128.62508   -42.2406      5.6142855],20.0000,5.0000
19,[19.988504    4.8124385   0.19765642],20.0000,6.0000,[20.562973   21.284964    0.23768485],20.0000,0.0000,[ 19.078188  -12.3869295   0.3020975],20.0000,6.0000,[20.427538  38.823086   6.0406013],20.0000,6.0000,[ 19.078188  -32.38693     0.3020975],20.0000,6.0000,[39.988503    4.8124385   0.19765642],20.0000,6.0000,[40.562973   21.284964    0.23768485],20.0000,0.0000,[ 39.07819   -12.3869295   0.3020975],20.0000,6.0000,[40.318844   43.294537    0.11607321],20.0000,6.0000,[ 39.07819   -32.38693     0.3020975],20.0000,6.0000,[103.51826    50.8256      0.6676793],20.0000,4.0000,[136.4285      50.12356      0.62202066],20.0000,3.0000,[126.943016    34.90458      0.40324104],20.0000,4.0000,[98.19959   18.779205   6.0680037],20.0000,4.0000,[129.00122  -42.698273   5.704539],20.0000,5.0000
20,[21.057056    5.0355115   0.41672045],20.0000,0.0000,[21.629864 21.517105  6.22854 ],20.0000,6.0000,[ 20.112503   -12.037115     0.38725197],20.0000,6.0000,[21.497005 38.60079   6.129249],20.0000,6.0000,[ 20.112503   -32.037117     0.38725197],20.0000,6.0000,[41.057056    5.0355115   0.41672045],20.0000,0.0000,[41.629864 21.517105  6.22854 ],20.0000,6.0000,[ 40.112503   -12.037115     0.38725197],20.0000,6.0000,[41.401928   43.430576    0.33536965],20.0000,0.0000,[ 40.112503   -32.037117     0.38725197],20.0000,6.0000,[103.93261    51.23498     0.6856384],20.0000,4.0000,[136.85316     50.52468      0.48838836],20.0000,3.0000,[127.453575   35.18296     0.4126181],20.0000,4.0000,[98.76509   18.655607   6.0680037],20.0000,4.0000,[129.4171    -43.120052    5.7966647],20.0000,4.0000
21,[22.066057    5.452795    0.12415552],20.0000,6.0000,[22.721714   21.492722    0.03270354],20.0000,6.0000,[ 21.12269   -11.623581    0.6042741],20.0000,0.0000,[22.577787  38.44719    0.0666547],20.0000,0.0000,[ 21.12269   -31.62358     0.6042741],20.0000,0.0000,[42.066055    5.452795    0.12415552],20.0000,6.0000,[4.2721714e+01 2.1492722e+01 3.2703541e-02],20.0000,6.0000,[ 41.122692  -11.623581    0.6042741],20.0000,0.0000,[4.2441273e+01 4.3765141e+01 4.2933684e-02],20.0000,6.0000,[ 41.122692  -31.62358     0.6042741],20.0000,0.0000,[104.34595    51.64386     0.7020377],20.0000,4.0000,[137.31735     50.884636     0.36240798],20.0000,4.0000,[127.96424    35.45978     0.4233757],20.0000,4.0000,[99.33056   18.532015   6.0680037],20.0000,4.0000,[129.87125   -43.49942     5.7977357],20.0000,4.0000
22,[23.14497     5.621932    0.21125855],20.0000,6.0000,[23.812386   21.537489    0.25182143],20.0000,0.0000,[ 22.039953   -11.030928     0.31065485],20.0000,6.0000,[23.668413  38.49746    6.0581484],20.0000,6.0000,[ 22.039953   -31.030928     0.31065485],20.0000,6.0000,[43.14497     5.621932    0.21125855],20.0000,6.0000,[43.812386   21.537489    0.25182143],20.0000,0.0000,[ 42.03995    -11.030928     0.31065485],20.0000,6.0000,[43.530327   43.846775    0.13017352],20.0000,6.0000,[ 42.03995    -31.030928     0.31065485],20.0000,6.0000,[104.75778     52.053215     0.71530294],20.0000,4.0000,[137.81885     51.194546     0.33845916],20.0000,4.0000,[128.47441     35.736446     0.43315044],20.0000,4.0000,[99.89601   18.408428   6.0680037],20.0000,4.0000,[130.33528   -43.860275    5.7669015],20.0000,4.0000
23,[24.210537    5.8588285   0.43011877],20.0000,0.0000,[24.876158  21.783638   6.2424717],20.0000,6.0000,[ 23.070513   -10.670021     0.39640358],20.0000,0.0000,[24.740908  38.29086    6.1460967],20.0000,6.0000,[ 23.070513   -30.670021     0.39640358],20.0000,6.0000,[44.210537    5.8588285   0.43011877],20.0000,0.0000,[44.87616   21.783638   6.2424717],20.0000,6.0000,[ 43.07051    -10.670021     0.39640358],20.0000,0.0000,[44.611515  43.997078   0.3491764],20.0000,0.0000,[ 43.07051    -30.670021     0.39640358],20.0000,6.0000,[105.16831     52.46318      0.72560316],20.0000,4.0000,[138.3318      51.48046      0.35544777],20.0000,4.0000,[128.98401     36.013393     0.44133767],20.0000,4.0000,[100.46144    18.284843    6.0680037],20.0000,4.0000,[130.79834   -44.216953    5.7326975],20.0000,4.0000
24,[25.214113    6.289033    0.13744208],20.0000,6.0000,[25.968204   21.773544    0.04642123],20.0000,6.0000,[ 24.069208  -10.228947    0.0633994],20.0000,6.0000,[25.823763   38.152874    0.08268557],20.0000,0.0000,[ 24.076094   -30.245396     0.61395127],20.0000,0.0000,[45.214115    6.289033    0.13744208],20.0000,6.0000,[45.968204   21.773544    0.04642123],20.0000,6.0000,[ 44.069206  -10.228947    0.0633994],20.0000,6.0000,[45.646442   44.345135    0.05657783],20.0000,6.0000,[ 44.07609    -30.245396     0.61395127],20.0000,0.0000,[105.57788    52.873627    0.7335639],20.0000,4.0000,[138.84586     51.758762     0.38296434],20.0000,4.0000,[129.49313     36.290676     0.44801047],20.0000,4.0000,[101.02686    18.161263    6.0680037],20.0000,4.0000,[131.25766   -44.57501     5.7050467],20.0000,4.0000
25,[26.290756    6.4719706   0.22442253],20.0000,6.0000,[27.058197  21.832493   0.2653146],20.0000,0.0000,[ 25.152895   -10.070415     0.14486298],20.0000,6.0000,[26.913631  38.218357   6.0737047],20.0000,6.0000,[ 24.986536   -29.642418     0.32058844],20.0000,6.0000,[46.290756    6.4719706   0.22442253],20.0000,6.0000,[47.058197  21.832493   0.2653146],20.0000,0.0000,[ 45.152893   -10.070415     0.14486298],20.0000,6.0000,[46.73432    44.440876    0.14364433],20.0000,6.0000,[ 44.986538   -29.642418     0.32058844],20.0000,6.0000,[105.98682    53.28439     0.7397948],20.0000,4.0000,[139.35782    52.036785    0.4081955],20.0000,4.0000,[130.00188     36.568214     0.45343387],20.0000,4.0000,[101.59228    18.037682    6.0680037],20.0000,4.0000,[131.71352   -44.93549     5.6849303],20.0000,4.0000
26,[27.35321     6.7224436   0.44315654],20.0000,0.0000,[28.118727  22.09232    6.2558413],20.0000,6.0000,[26.225048   -9.858241    0.37630507],20.0000,0.0000,[27.988806  38.026577   6.1612163],20.0000,6.0000,[ 26.012978  -29.269838    0.4067153],20.0000,6.0000,[47.35321     6.7224436   0.44315654],20.0000,0.0000,[48.11873   22.09232    6.2558413],20.0000,6.0000,[46.225048   -9.858241    0.37630507],20.0000,0.0000,[47.81348    44.605106    0.36246678],20.0000,0.0000,[ 46.012978  -29.269838    0.4067153],20.0000,6.0000,[106.395325    53.69533      0.74476856],20.0000,4.0000,[139.86732    52.316696    0.4278464],20.0000,4.0000,[130.51038    36.845917    0.4578797],20.0000,4.0000,[102.15769    17.914103    6.0680037],20.0000,4.0000,[132.16689  -45.297943   5.670683],20.0000,4.0000
27,[28.35126     7.165346    0.15041131],20.0000,6.0000,[29.210796   22.096252    0.05965656],20.0000,6.0000,[27.236065   -9.446586    0.09490615],20.0000,6.0000,[29.073427   37.903374    0.09732289],20.0000,0.0000,[ 27.013613   -28.833673     0.62461203],20.0000,0.0000,[48.351257    7.165346    0.15041131],20.0000,6.0000,[49.210796   22.096252    0.05965656],20.0000,6.0000,[47.236065   -9.446586    0.09490615],20.0000,6.0000,[48.843884   44.966377    0.06976954],20.0000,6.0000,[ 47.01361    -28.833673     0.62461203],20.0000,0.0000,[106.80357     54.106354     0.74882317],20.0000,4.0000,[140.37488     52.598557     0.44234118],20.0000,4.0000,[131.01869     37.1237       0.46157202],20.0000,4.0000,[102.7231     17.790524    6.0680037],20.0000,4.0000,[132.61862  -45.66171    5.660476],20.0000,4.0000
28,[29.425488    7.3619065   0.23731458],20.0000,6.0000,[30.299942   22.16914     0.27841118],20.0000,0.0000,[28.31634    -9.276256    0.18810652],20.0000,6.0000,[30.162357 37.98341   6.08807 ],20.0000,6.0000,[ 27.916899   -28.220085     0.33142555],20.0000,6.0000,[49.425488    7.3619065   0.23731458],20.0000,6.0000,[50.299942   22.16914     0.27841118],20.0000,0.0000,[48.316338   -9.276256    0.18810652],20.0000,6.0000,[49.93044    45.075996    0.15672699],20.0000,6.0000,[ 47.9169     -28.220085     0.33142555],20.0000,6.0000,[107.21167     54.517395     0.75219345],20.0000,4.0000,[140.88109    52.881855    0.4529699],20.0000,4.0000,[131.52692     37.4015       0.46468166],20.0000,4.0000,[103.288506   17.666945    6.0680037],20.0000,4.0000,[133.06937  -46.026264   5.652946],20.0000,4.0000
29,[30.48469     7.625787    0.45596996],20.0000,0.0000,[31.357096  22.442425   6.2688622],20.0000,6.0000,[29.382093   -9.037761    0.41642925],20.0000,0.0000,[31.239944 37.805923  6.175307],20.0000,6.0000,[ 28.938923 -27.835478   0.417791],20.0000,6.0000,[50.48469     7.625787    0.45596996],20.0000,0.0000,[51.357094  22.442425   6.2688622],20.0000,6.0000,[49.38209    -9.037761    0.41642925],20.0000,0.0000,[51.007416  45.253944   0.3754375],20.0000,0.0000,[ 48.938923 -27.835478   0.417791],20.0000,6.0000,[107.619675   54.928417    0.7550427],20.0000,4.0000,[141.38641    53.16608     0.4609039],20.0000,4.0000,[132.03506    37.679287    0.4673352],20.0000,4.0000,[103.853905   17.543367    6.0680037],20.0000,4.0000,[133.51949 -46.39126   5.64719],20.0000,4.0000
30,[31.477087    8.0812235   0.16318227],20.0000,6.0000,[32.449013   22.460215    0.07259304],20.0000,6.0000,[30.382488   -8.601038    0.12981357],20.0000,6.0000,[32.326088   37.69702     0.11112192],20.0000,0.0000,[ 29.934328  -27.387497    0.6359147],20.0000,0.0000,[51.47709     8.0812235   0.16318227],20.0000,6.0000,[52.449013   22.460215    0.07259304],20.0000,6.0000,[50.38249    -8.601038    0.12981357],20.0000,6.0000,[52.033173   45.62823     0.08267958],20.0000,6.0000,[ 49.93433   -27.387497    0.6359147],20.0000,0.0000,[108.02765    55.339394    0.7574858],20.0000,4.0000,[141.89117     53.450867     0.46699327],20.0000,4.0000,[132.54317    37.957024    0.4696262],20.0000,4.0000,[104.41931    17.419788    6.0680037],20.0000,4.0000,[133.96924   -46.756477    5.6426377],20.0000,4.0000
31,[32.54875     8.291283    0.25003698],20.0000,0.0000,[33.537148   22.546883    0.29126126],20.0000,0.0000,[31.458044   -8.407563    0.22081777],20.0000,6.0000,[33.413906 37.791206  6.101707],20.0000,6.0000,[ 30.830187   -26.763147     0.34284535],20.0000,6.0000,[52.54875     8.291283    0.25003698],20.0000,6.0000,[53.537148   22.546883    0.29126126],20.0000,0.0000,[51.458046   -8.407563    0.22081777],20.0000,6.0000,[53.118244   45.751575    0.16956839],20.0000,6.0000,[ 50.830185   -26.763147     0.34284535],20.0000,6.0000,[108.43561    55.75031     0.7596055],20.0000,4.0000,[142.39558     53.73596      0.47180694],20.0000,4.0000,[133.05127    38.234695    0.4716243],20.0000,4.0000,[104.98471    17.296211    6.0680037],20.0000,4.0000,[134.41878   -47.12179     5.6389318],20.0000,4.0000
32,[33.600143  8.585727  6.201277],20.0000,6.0000,[34.59078  22.833475  6.281666],20.0000,6.0000,[32.51798    -8.145705    0.44462422],20.0000,0.0000,[34.49368  37.627705  6.188772],20.0000,6.0000,[ 31.847542   -26.366306     0.42936122],20.0000,0.0000,[53.604553    8.568449    0.46864313],20.0000,0.0000,[54.59078  22.833475  6.281666],20.0000,6.0000,[52.51798    -8.145705    0.44462422],20.0000,0.0000,[54.19289    45.943096    0.38820907],20.0000,0.0000,[ 51.84754    -26.366306     0.42936122],20.0000,0.0000,[108.84359    56.16115     0.7614628],20.0000,4.0000,[142.89978     54.021202     0.47571608],20.0000,4.0000,[133.55937     38.51229      0.47338235],20.0000,4.0000,[105.55012    17.172634    6.0680037],20.0000,4.0000,[134.86818   -47.48713     5.6358423],20.0000,4.0000
33,[3.4695629e+01 8.5889425e+00 2.4695817e-04],20.0000,6.0000,[35.68238    22.865019    0.08534319],20.0000,6.0000,[33.509686   -7.6893883   0.15492512],20.0000,6.0000,[35.58113    37.532814    0.12440752],20.0000,0.0000,[ 32.830055   -25.890144     0.09707884],20.0000,6.0000,[54.59117   9.03629   0.175829],20.0000,6.0000,[55.68238    22.865019    0.08534319],20.0000,6.0000,[53.509686   -7.6893883   0.15492512],20.0000,6.0000,[55.213867   46.330254    0.09541348],20.0000,6.0000,[ 52.830055   -25.890144     0.09707884],20.0000,6.0000,[109.251595   56.571922    0.7631037],20.0000,4.0000,[143.40384    54.306503    0.4789638],20.0000,4.0000,[134.06747     38.789803     0.47494078],20.0000,4.0000,[106.11552    17.049055    6.0680037],20.0000,4.0000,[135.31754  -47.852448   5.633219],20.0000,4.0000
34,[35.78717   8.646736  0.233164],20.0000,0.0000,[36.769337  22.965363   0.3039574],20.0000,0.0000,[34.581272   -7.476842    0.24432747],20.0000,6.0000,[36.667667 37.640907  6.114895],20.0000,6.0000,[ 33.90757   -25.692959    0.1790114],20.0000,6.0000,[55.660114   9.259758   0.2626531],20.0000,6.0000,[56.769337  22.965363   0.3039574],20.0000,0.0000,[54.581272   -7.476842    0.24432747],20.0000,6.0000,[56.2973     46.46722     0.18225908],20.0000,6.0000,[ 53.90757   -25.692959    0.1790114],20.0000,6.0000,[109.65964    56.982613    0.7645637],20.0000,4.0000,[143.9078      54.591805     0.48171225],20.0000,4.0000,[134.57559     39.067226     0.47633126],20.0000,4.0000,[106.68092    16.925478    6.0680037],20.0000,4.0000,[135.76686  -48.217712   5.630958],20.0000,4.0000
35,[36.846203   8.911511   6.2359743],20.0000,6.0000,[3.7819294e+01 2.3265150e+01 1.1147597e-02],20.0000,6.0000,[35.63633    -7.196437    0.46586433],20.0000,0.0000,[37.749428 37.4912    6.201851],20.0000,6.0000,[ 34.971565   -25.442705     0.41146433],20.0000,0.0000,[56.712364   9.550116   0.4812284],20.0000,0.0000,[5.7819294e+01 2.3265150e+01 1.1147597e-02],20.0000,6.0000,[55.63633    -7.196437    0.46586433],20.0000,0.0000,[57.369453   46.672215    0.40085605],20.0000,0.0000,[ 54.971565   -25.442705     0.41146433],20.0000,0.0000,[110.06773    57.393223    0.7658706],20.0000,4.0000,[144.41174     54.877068     0.48407298],20.0000,4.0000,[135.08376     39.34456      0.47757906],20.0000,4.0000,[107.24632    16.8019      6.0680037],20.0000,4.0000,[136.21617  -48.58291    5.628988],20.0000,4.0000
36,[37.93977     8.92837     0.04636905],20.0000,6.0000,[38.91041    23.310375    0.09797674],20.0000,6.0000,[36.620544   -6.723986    0.17474033],20.0000,6.0000,[38.837994  37.410152   0.1373753],20.0000,0.0000,[ 35.96704   -24.994747    0.1307694],20.0000,6.0000,[57.693058   10.0302515   0.18839774],20.0000,6.0000,[58.91041    23.310375    0.09797674],20.0000,6.0000,[56.620544   -6.723986    0.17474033],20.0000,6.0000,[58.3855     47.072124    0.10803697],20.0000,6.0000,[ 55.96704   -24.994747    0.1307694],20.0000,6.0000,[110.475876    57.803757     0.76704675],20.0000,4.0000,[144.91566     55.16227      0.48612502],20.0000,4.0000,[135.59193    39.621803    0.4787044],20.0000,4.0000,[107.81172    16.678324    6.0680037],20.0000,4.0000,[136.66551  -48.948036   5.627254],20.0000,4.0000
37,[39.028484    9.014859    0.27518553],20.0000,0.0000,[39.996025  23.424324   0.3165571],20.0000,0.0000,[37.688515   -6.494783    0.26315686],20.0000,6.0000,[39.923088 37.531986  6.127802],20.0000,6.0000,[ 37.040398  -24.784925    0.2242304],20.0000,6.0000,[58.759125  10.267056   0.2752026],20.0000,0.0000,[59.996025  23.424324   0.3165571],20.0000,0.0000,[57.688515   -6.494783    0.26315686],20.0000,6.0000,[59.467133   47.222645    0.19485535],20.0000,6.0000,[ 57.040398  -24.784925    0.2242304],20.0000,6.0000,[110.88407    58.214214    0.7681102],20.0000,4.0000,[145.41957     55.4474       0.48792627],20.0000,4.0000,[136.10014     39.89896      0.47972384],20.0000,4.0000,[108.37712    16.554747    6.0680037],20.0000,4.0000,[137.11487  -49.31308    5.625716],20.0000,4.0000
38,[40.0802     9.307086   6.2720633],20.0000,6.0000,[4.1042152e+01 2.3737215e+01 2.3729114e-02],20.0000,6.0000,[38.739094   -6.198235    0.48347098],20.0000,0.0000,[41.006645 37.395966  6.21469 ],20.0000,6.0000,[ 38.0967     -24.507456     0.45289522],20.0000,0.0000,[59.802822 10.587692  6.226392],20.0000,6.0000,[6.1042152e+01 2.3737215e+01 2.3729114e-02],20.0000,6.0000,[58.739094   -6.198235    0.48347098],20.0000,0.0000,[60.53664    47.44103     0.41342488],20.0000,0.0000,[ 58.0967     -24.507456     0.45289522],20.0000,0.0000,[111.29233     58.62459      0.76907593],20.0000,4.0000,[145.9235      55.732445     0.48952028],20.0000,4.0000,[136.60838    40.17603     0.4806511],20.0000,4.0000,[108.94253    16.43117     6.0680037],20.0000,4.0000,[137.56425   -49.67804     5.6243434],20.0000,4.0000
39,[41.17228     9.348154    0.08000901],20.0000,6.0000,[42.132618   23.796076    0.11053713],20.0000,6.0000,[39.716343   -5.7113957   0.19161674],20.0000,6.0000,[42.096146   37.32866     0.15014501],20.0000,0.0000,[ 39.080288   -24.034105     0.16649348],20.0000,6.0000,[6.0897877e+01 1.0618267e+01 2.5328863e-02],20.0000,6.0000,[62.132618   23.796076    0.11053713],20.0000,6.0000,[59.716343   -5.7113957   0.19161674],20.0000,6.0000,[61.54762    47.853603    0.12059108],20.0000,6.0000,[ 59.080288   -24.034105     0.16649348],20.0000,6.0000,[111.70064    59.0349      0.7699561],20.0000,4.0000,[146.42744     56.017406     0.49094063],20.0000,4.0000,[137.11665     40.45301      0.48149756],20.0000,4.0000,[109.50793    16.307592    6.0680037],20.0000,4.0000,[138.0137   -50.04292    5.623111],20.0000,4.0000
40,[42.258434    9.459139    0.30399704],20.0000,0.0000,[43.21672    23.923576    0.32909623],20.0000,0.0000,[40.780815   -5.4669094   0.27942097],20.0000,6.0000,[43.179626  37.464127   6.1405344],20.0000,6.0000,[ 40.14796   -23.800907    0.2575863],20.0000,6.0000,[61.987625   10.703312    0.25817692],20.0000,0.0000,[63.21672    23.923576    0.32909623],20.0000,0.0000,[60.780815   -5.4669094   0.27942097],20.0000,6.0000,[62.62728    48.017616    0.20739233],20.0000,6.0000,[ 60.14796   -23.800907    0.2575863],20.0000,6.0000,[112.109      59.445133    0.7707611],20.0000,4.0000,[146.93141    56.302277    0.4922138],20.0000,4.0000,[137.62497     40.729908     0.48227277],20.0000,4.0000,[110.073326   16.184015    6.0680037],20.0000,4.0000,[138.46318  -50.407715   5.621999],20.0000,4.0000
41,[4.3304192e+01 9.7723217e+00 1.4413159e-02],20.0000,6.0000,[4.4258869e+01 2.4249498e+01 3.6256857e-02],20.0000,6.0000,[41.82707    -5.1555223   0.49903357],20.0000,0.0000,[44.2648   37.341732  6.22738 ],20.0000,6.0000,[ 41.197468  -23.49994     0.4815196],20.0000,0.0000,[63.039722 10.994422  6.26094 ],20.0000,6.0000,[6.4258865e+01 2.4249498e+01 3.6256857e-02],20.0000,6.0000,[61.82707    -5.1555223   0.49903357],20.0000,0.0000,[63.69398    48.249332    0.42594463],20.0000,0.0000,[ 61.197468  -23.49994     0.4815196],20.0000,0.0000,[112.517426   59.8553      0.7714996],20.0000,4.0000,[147.43541    56.58706     0.4933609],20.0000,4.0000,[138.1333      41.006725     0.48298487],20.0000,4.0000,[110.63873    16.060436    6.0680037],20.0000,4.0000,[138.9127    -50.772427    5.6209908],20.0000,4.0000
42,[44.394985    9.833029    0.10388549],20.0000,6.0000,[45.34851    24.321959    0.12305158],20.0000,6.0000,[42.79757    -4.6552725   0.20677544],20.0000,6.0000,[45.35506    37.288105    0.16279082],20.0000,0.0000,[ 42.17154    -23.00711      0.19190098],20.0000,6.0000,[64.13252   11.038518   0.0713169],20.0000,6.0000,[65.34851    24.321959    0.12305158],20.0000,6.0000,[62.79757    -4.6552725   0.20677544],20.0000,6.0000,[64.69974   48.67448    0.1331016],20.0000,6.0000,[ 62.17154    -23.00711      0.19190098],20.0000,6.0000,[112.9259      60.2654       0.77217907],20.0000,4.0000,[147.93944     56.871754     0.49439925],20.0000,4.0000,[138.64168     41.283463     0.48364082],20.0000,4.0000,[111.20413    15.93686     6.0680037],20.0000,4.0000,[139.36227   -51.13706     5.6200733],20.0000,4.0000
43,[45.478874   9.963256   0.3255131],20.0000,0.0000,[46.43094    24.462969    0.34159732],20.0000,0.0000,[43.858562   -4.3963284   0.29419646],20.0000,6.0000,[46.43676   37.437126   6.1531568],20.0000,6.0000,[ 43.234493   -22.754868     0.28135234],20.0000,6.0000,[65.21875    11.152098    0.30011106],20.0000,0.0000,[66.43094    24.462969    0.34159732],20.0000,0.0000,[63.858562   -4.3963284   0.29419646],20.0000,6.0000,[65.77727    48.851944    0.21989205],20.0000,6.0000,[ 63.234493   -22.754868     0.28135234],20.0000,6.0000,[113.334435    60.675434     0.77280587],20.0000,4.0000,[148.4435    57.15636    0.495343],20.0000,4.0000,[139.15009     41.560123     0.48424655],20.0000,4.0000,[111.76953    15.813282    6.0680037],20.0000,4.0000,[139.8119   -51.501614   5.619236],20.0000,4.0000
44,[4.6519432e+01 1.0293595e+01 3.4444369e-02],20.0000,6.0000,[47.468945   24.801853    0.04875078],20.0000,6.0000,[44.900505  -4.0708666  0.5133913],20.0000,0.0000,[47.52338  37.328327  6.239975],20.0000,6.0000,[ 44.278397  -22.435417    0.5029527],20.0000,0.0000,[6.6262863e+01 1.1470415e+01 1.3789557e-02],20.0000,6.0000,[6.7468941e+01 2.4801853e+01 4.8750777e-02],20.0000,6.0000,[64.900505  -4.0708666  0.5133913],20.0000,0.0000,[66.840996  49.09694    0.4384335],20.0000,0.0000,[ 64.2784    -22.435417    0.5029527],20.0000,0.0000,[113.74302     61.085407     0.77338547],20.0000,4.0000,[148.94759     57.44088      0.49620393],20.0000,4.0000,[139.65854     41.83671      0.48480722],20.0000,4.0000,[112.33493    15.689705    6.0680037],20.0000,4.0000,[140.26157   -51.866093    5.6184688],20.0000,4.0000
45,[47.60895    10.371402    0.12290369],20.0000,6.0000,[48.5576     24.887886    0.13553712],20.0000,6.0000,[45.864326   -3.5578015   0.22089882],20.0000,6.0000,[48.614223   37.288338    0.17535892],20.0000,0.0000,[ 45.244335   -21.926657     0.21186739],20.0000,6.0000,[67.35358    11.538647    0.10491511],20.0000,6.0000,[68.557594   24.887886    0.13553712],20.0000,6.0000,[65.86433    -3.5578015   0.22089882],20.0000,6.0000,[67.84138    49.534584    0.14558467],20.0000,6.0000,[ 65.24434    -21.926657     0.21186739],20.0000,6.0000,[114.15165    61.49532     0.7739226],20.0000,4.0000,[149.45172     57.725315     0.49699193],20.0000,4.0000,[140.167      42.11323     0.4853273],20.0000,4.0000,[112.90034    15.566128    6.0680037],20.0000,4.0000,[140.71129   -52.2305      5.6177635],20.0000,4.0000
46,[48.69065    10.518333    0.34326842],20.0000,0.0000,[49.638187   25.04237     0.35407445],20.0000,0.0000,[46.921783   -3.284916    0.30807924],20.0000,6.0000,[49.69398   37.450863   6.1657104],20.0000,6.0000,[ 46.303032   -21.657837     0.30031392],20.0000,6.0000,[68.43664    11.676626    0.32889515],20.0000,0.0000,[69.63818    25.04237     0.35407445],20.0000,0.0000,[66.92178    -3.284916    0.30807924],20.0000,6.0000,[68.91661    49.725456    0.23236834],20.0000,6.0000,[ 66.30303    -21.657837     0.30031392],20.0000,6.0000,[114.56034     61.90517      0.77442145],20.0000,4.0000,[149.95589     58.00967      0.49771538],20.0000,4.0000,[140.67552     42.38968      0.48581073],20.0000,4.0000,[113.46574    15.442551    6.0680037],20.0000,4.0000,[141.16106   -52.594833    5.6171136],20.0000,4.0000
47,[49.726295   10.863963    0.05144379],20.0000,6.0000,[50.67189    25.394154    0.06122341],20.0000,6.0000,[47.959377  -2.9458547  0.5270199],20.0000,0.0000,[50.78187   37.35564    6.2525115],20.0000,6.0000,[ 47.34184   -21.322357    0.5206635],20.0000,0.0000,[6.9474281e+01 1.2015731e+01 3.9306186e-02],20.0000,6.0000,[7.0671890e+01 2.5394154e+01 6.1223414e-02],20.0000,6.0000,[67.95937   -2.9458547  0.5270199],20.0000,0.0000,[69.97721    49.983677    0.45090297],20.0000,0.0000,[ 67.341835  -21.322357    0.5206635],20.0000,0.0000,[114.96908     62.314972     0.77488565],20.0000,4.0000,[150.46008     58.29395      0.49838147],20.0000,4.0000,[141.18405    42.66606     0.4862609],20.0000,4.0000,[114.031136   15.318973    6.0680037],20.0000,4.0000,[141.61087   -52.9591      5.6165133],20.0000,4.0000
48,[50.81448   10.957447   0.1392747],20.0000,6.0000,[51.759388   25.493736    0.14800449],20.0000,6.0000,[48.9165    -2.4203615  0.2343872],20.0000,6.0000,[51.87313   37.329266   0.1878782],20.0000,0.0000,[ 48.30026    -20.79943      0.22882996],20.0000,6.0000,[70.563225   12.103555    0.12877546],20.0000,6.0000,[71.75939    25.493736    0.14800449],20.0000,6.0000,[68.9165    -2.4203615  0.2343872],20.0000,6.0000,[70.97206    50.433743    0.15805049],20.0000,6.0000,[ 68.30026    -20.79943      0.22882996],20.0000,6.0000,[115.37786    62.724716    0.7753183],20.0000,4.0000,[150.96432     58.578148     0.49899626],20.0000,4.0000,[141.69263    42.94238     0.4866808],20.0000,4.0000,[114.596535   15.195395    6.0680037],20.0000,4.0000,[142.06073   -53.3233      5.6159577],20.0000,4.0000
49,[51.89396  11.119731  0.358917],20.0000,0.0000,[52.83797   25.661661   0.3665365],20.0000,0.0000,[49.97033    -2.1338692   0.32141635],20.0000,6.0000,[52.95078   37.50524    6.1782203],20.0000,6.0000,[ 49.35488   -20.51543     0.3166529],20.0000,6.0000,[71.64354    12.260704    0.35039908],20.0000,0.0000,[72.83797   25.661661   0.3665365],20.0000,0.0000,[69.97033    -2.1338692   0.32141635],20.0000,6.0000,[72.04484    50.637985    0.24482986],20.0000,6.0000,[ 69.35488   -20.51543     0.3166529],20.0000,6.0000,[115.78669    63.13441     0.7757223],20.0000,4.0000,[151.4686      58.862274     0.49956506],20.0000,4.0000,[142.20122     43.218636     0.48707318],20.0000,4.0000,[115.16194    15.071818    6.0680037],20.0000,4.0000,[142.51064   -53.687435    5.6154423],20.0000,4.0000
50,[52.92478    11.47962     0.06667571],20.0000,6.0000,[53.867218   26.026285    0.07368265],20.0000,6.0000,[51.003483  -1.7815176  0.5402003],20.0000,0.0000,[54.039772 37.42359   6.265011],20.0000,6.0000,[ 50.388794  -20.165249    0.5362863],20.0000,0.0000,[7.2675552e+01 1.2616825e+01 5.9327941e-02],20.0000,6.0000,[7.3867218e+01 2.6026285e+01 7.3682651e-02],20.0000,6.0000,[71.00348   -1.7815176  0.5402003],20.0000,0.0000,[73.10214   50.90939    0.4633602],20.0000,0.0000,[ 70.388794  -20.165249    0.5362863],20.0000,0.0000,[116.195564    63.544056     0.77610016],20.0000,4.0000,[151.9729     59.14633     0.5000925],20.0000,4.0000,[142.70985     43.494835     0.48744035],20.0000,4.0000,[115.72734    14.948241    6.0680037],20.0000,4.0000,[142.96059  -54.05151    5.614963],20.0000,4.0000
51,[54.01153    11.58794     0.15411347],20.0000,6.0000,[54.95339   26.139393   0.1604604],20.0000,6.0000,[51.953842   -1.2438648   0.24748212],20.0000,6.0000,[55.13127    37.410824    0.20036681],20.0000,0.0000,[ 51.339962   -19.629148     0.24403997],20.0000,6.0000,[73.7628    12.721706   0.1477854],20.0000,6.0000,[74.95339   26.139393   0.1604604],20.0000,6.0000,[71.95384    -1.2438648   0.24748212],20.0000,6.0000,[74.09132    51.3718      0.17050542],20.0000,6.0000,[ 71.33996    -19.629148     0.24403997],20.0000,6.0000,[116.604485  63.95365    0.776454],20.0000,4.0000,[152.47723    59.430317    0.5005826],20.0000,4.0000,[143.2185      43.770973     0.48778448],20.0000,4.0000,[116.29274    14.824664    6.0680037],20.0000,4.0000,[143.41057   -54.415524    5.6145163],20.0000,4.0000
52,[55.088703   11.764792    0.37332627],20.0000,0.0000,[56.029797  26.320728   0.3789891],20.0000,0.0000,[53.00393    -0.94399107  0.33441606],20.0000,6.0000,[56.206646  37.60021    6.1907034],20.0000,6.0000,[ 52.390556   -19.330807     0.33147272],20.0000,6.0000,[74.840515   12.895498    0.36814794],20.0000,0.0000,[76.0298    26.320728   0.3789891],20.0000,0.0000,[73.00393    -0.94399107  0.33441606],20.0000,6.0000,[75.16147   51.58938    0.2572821],20.0000,6.0000,[ 72.39056    -19.330807     0.33147272],20.0000,6.0000,[117.01344     64.363205     0.77678585],20.0000,4.0000,[152.9816     59.714237    0.5010388],20.0000,4.0000,[143.72719     44.047062     0.48810738],20.0000,4.0000,[116.85814    14.701086    6.0680037],20.0000,4.0000,[143.8606  -54.77948   5.6141 ],20.0000,4.0000
53,[56.114697   12.138327    0.08084369],20.0000,6.0000,[57.05443    26.698132    0.08613345],20.0000,6.0000,[54.032524  -0.5785617  0.5531026],20.0000,0.0000,[57.29657  37.53213   6.277487],20.0000,6.0000,[ 53.419636   -18.9667       0.55068016],20.0000,0.0000,[75.86724    13.266779    0.07632199],20.0000,6.0000,[77.05443    26.698132    0.08613345],20.0000,6.0000,[74.032524  -0.5785617  0.5531026],20.0000,0.0000,[76.21531    51.873917    0.47580972],20.0000,6.0000,[ 73.41963    -18.9667       0.55068016],20.0000,0.0000,[117.42245    64.77271     0.7770975],20.0000,4.0000,[153.48601    59.998096    0.5014642],20.0000,4.0000,[144.23589    44.323093    0.4884108],20.0000,4.0000,[117.423546   14.577509    6.0680037],20.0000,4.0000,[144.31067   -55.143383    5.6137104],20.0000,4.0000
54,[57.19989    12.260966    0.16803463],20.0000,6.0000,[58.13911    26.824745    0.17290911],20.0000,6.0000,[ 5.4976025e+01 -2.8946951e-02  2.6033172e-01],20.0000,6.0000,[58.388145   37.532955    0.21283609],20.0000,6.0000,[ 54.36364   -18.418028    0.2581946],20.0000,6.0000,[76.95277    13.387299    0.16415174],20.0000,6.0000,[78.13911    26.824745    0.17290911],20.0000,6.0000,[ 7.4976028e+01 -2.8946951e-02  2.6033172e-01],20.0000,6.0000,[77.206825  52.332745   0.7335054],20.0000,0.0000,[ 74.36364   -18.418028    0.2581946],20.0000,6.0000,[117.83148    65.182175    0.7773906],20.0000,4.0000,[153.99043    60.28189     0.5018616],20.0000,4.0000,[144.74463     44.59908      0.48869625],20.0000,4.0000,[117.988945   14.453932    6.0680037],20.0000,4.0000,[144.76077  -55.507236   5.613346],20.0000,4.0000
55,[58.274647  12.451911   0.3869863],20.0000,0.0000,[59.213177  27.019459   0.3914357],20.0000,0.0000,[56.02224     0.28414887  0.3472057 ],20.0000,6.0000,[59.464844   37.718285    0.47053546],20.0000,0.0000,[ 55.41018   -18.105871    0.3453824],20.0000,6.0000,[78.02787    13.576379    0.38379276],20.0000,0.0000,[79.21318   27.019459   0.3914357],20.0000,0.0000,[76.02224     0.28414887  0.3472057 ],20.0000,6.0000,[78.07603    52.998756    0.44583407],20.0000,6.0000,[ 75.41018   -18.105871    0.3453824],20.0000,6.0000,[118.24056     65.591606     0.77766645],20.0000,4.0000,[154.4949     60.565628    0.5022333],20.0000,4.0000,[145.25337     44.87501      0.48896506],20.0000,4.0000,[118.554344   14.330355    6.0680037],20.0000,4.0000,[145.21092   -55.871037    5.6130047],20.0000,4.0000
56,[59.295734   12.838699    0.09435961],20.0000,6.0000,[60.233032   27.409578    0.09857894],20.0000,6.0000,[57.04615     0.66250175  0.56583136],20.0000,0.0000,[60.477287   38.135468    0.18286948],20.0000,6.0000,[ 56.434395   -17.728325     0.56433076],20.0000,0.0000,[79.04943    13.961793    0.09155072],20.0000,6.0000,[80.23303    27.409578    0.09857894],20.0000,6.0000,[77.04615     0.66250175  0.56583136],20.0000,0.0000,[79.0682     53.454136    0.51820415],20.0000,6.0000,[ 76.434395   -17.728325     0.56433076],20.0000,0.0000,[118.64967     66.00099      0.77792645],20.0000,4.0000,[154.99939     60.849308     0.50258166],20.0000,4.0000,[145.76216     45.1509       0.48921853],20.0000,4.0000,[119.11975    14.206777    6.0680037],20.0000,4.0000,[145.6611    -56.234787    5.6126842],20.0000,4.0000
57,[60.379234   12.975332    0.18139535],20.0000,6.0000,[61.316055   27.549677    0.18535328],20.0000,6.0000,[57.982677    1.2239225   0.27302775],20.0000,6.0000,[61.553726   38.317295    0.25524774],20.0000,6.0000,[ 57.37124   -17.167475    0.2717023],20.0000,6.0000,[80.13315    14.097107    0.17898774],20.0000,6.0000,[81.316055   27.549677    0.18535328],20.0000,6.0000,[77.98268     1.2239225   0.27302775],20.0000,6.0000,[80.03463   53.962914   0.7276946],20.0000,0.0000,[ 77.37124   -17.167475    0.2717023],20.0000,6.0000,[119.05882     66.41034      0.77817166],20.0000,4.0000,[155.5039     61.13293     0.5029084],20.0000,4.0000,[146.27097     45.426743     0.48945776],20.0000,4.0000,[119.68515    14.0831995   6.0680037],20.0000,4.0000,[146.11133  -56.59849    5.612383],20.0000,4.0000
58,[61.451443  13.180068   0.4001861],20.0000,0.0000,[62.38762    27.757736    0.40387854],20.0000,0.0000,[59.024876   1.5501215  0.359864 ],20.0000,6.0000,[62.61918    38.557384    0.46474212],20.0000,0.0000,[ 58.413643   -16.841848     0.35873604],20.0000,6.0000,[81.20559    14.300693    0.39819977],20.0000,0.0000,[82.38762    27.757736    0.40387854],20.0000,0.0000,[79.02488    1.5501215  0.359864 ],20.0000,6.0000,[80.894424   54.638756    0.42834547],20.0000,6.0000,[ 78.41364    -16.841848     0.35873604],20.0000,6.0000,[119.46801    66.81965     0.7784033],20.0000,4.0000,[156.00845     61.416504     0.50321543],20.0000,4.0000,[146.77979     45.70254      0.48968375],20.0000,4.0000,[120.25055    13.959622    6.0680037],20.0000,4.0000,[146.56158   -56.96215     5.6120996],20.0000,4.0000
59,[62.46753    13.579849    0.10747164],20.0000,6.0000,[63.402546   28.160511    0.11102109],20.0000,6.0000,[60.043964   1.9412787  0.5784516],20.0000,0.0000,[63.625088   38.98651     0.16539574],20.0000,6.0000,[ 59.43292   -16.451178    0.5775248],20.0000,0.0000,[82.22197    14.699626    0.10571675],20.0000,6.0000,[83.40254    28.160511    0.11102109],20.0000,6.0000,[80.04396    1.9412787  0.5784516],20.0000,0.0000,[81.886696 55.093597  0.504507],20.0000,6.0000,[ 79.43292   -16.451178    0.5775248],20.0000,0.0000,[119.87723    67.22893     0.7786222],20.0000,4.0000,[156.51302     61.700027     0.50350416],20.0000,4.0000,[147.28864     45.978302     0.48989743],20.0000,4.0000,[120.81595    13.836045    6.0680037],20.0000,4.0000,[147.01186   -57.325768    5.6118326],20.0000,4.0000
60,[63.549187   13.730263    0.19440973],20.0000,6.0000,[64.48374    28.31407     0.19779459],20.0000,6.0000,[60.9734      2.5143745   0.28562742],20.0000,6.0000,[64.701485  39.1678     0.2415603],20.0000,6.0000,[ 60.362545  -15.878424    0.2848092],20.0000,6.0000,[83.30378    14.8492155   0.19290723],20.0000,6.0000,[84.48374    28.31407     0.19779459],20.0000,6.0000,[80.9734      2.5143745   0.28562742],20.0000,6.0000,[82.85182   55.60391    0.7163305],20.0000,0.0000,[ 80.36255   -15.878424    0.2848092],20.0000,6.0000,[120.28647    67.638176    0.7788293],20.0000,4.0000,[157.01761   61.983498   0.503776],20.0000,4.0000,[147.7975      46.254017     0.49009967],20.0000,4.0000,[121.381355   13.712468    6.0680037],20.0000,4.0000,[147.46217  -57.689342   5.611581],20.0000,4.0000
61,[64.618706  13.948591   0.4131005],20.0000,0.0000,[65.552635   28.53544     0.41631904],20.0000,0.0000,[62.011433    2.8535824   0.37243995],20.0000,6.0000,[65.766075   39.409718    0.45338508],20.0000,0.0000,[ 61.40071    -15.539559     0.37174603],20.0000,6.0000,[84.37346   15.066829   0.4118584],20.0000,0.0000,[85.552635   28.53544     0.41631904],20.0000,0.0000,[82.01143     2.8535824   0.37243995],20.0000,6.0000,[83.709496   56.281128    0.41989776],20.0000,6.0000,[ 81.40071    -15.539559     0.37174603],20.0000,6.0000,[120.69575    68.04739     0.7790254],20.0000,4.0000,[157.52223    62.266926    0.5040323],20.0000,4.0000,[148.30638    46.529697    0.4902912],20.0000,4.0000,[121.946754   13.58889     6.0680037],20.0000,4.0000,[147.91252   -58.052876    5.6113434],20.0000,4.0000
62,[65.62967    14.361179    0.12033191],20.0000,6.0000,[66.56247    28.95081     0.12346112],20.0000,6.0000,[63.02555     3.257445    0.59100354],20.0000,0.0000,[66.770294  39.84073    0.1569532],20.0000,6.0000,[ 62.414944   -15.135986     0.59043556],20.0000,0.0000,[85.38461    15.47889     0.11923146],20.0000,6.0000,[86.56247    28.95081     0.12346112],20.0000,6.0000,[83.02555     3.257445    0.59100354],20.0000,0.0000,[84.70092   56.738014   0.5009043],20.0000,6.0000,[ 82.41495    -15.135986     0.59043556],20.0000,0.0000,[121.10506     68.45657      0.77921116],20.0000,4.0000,[158.02687     62.55031      0.50427413],20.0000,4.0000,[148.81529     46.80534      0.49047276],20.0000,4.0000,[122.51215    13.465313    6.0680037],20.0000,4.0000,[148.3629   -58.416374   5.611119],20.0000,4.0000
63,[66.709335   14.525231    0.20720854],20.0000,6.0000,[67.64167   29.117804   0.2102341],20.0000,6.0000,[63.947758   3.8421     0.2981666],20.0000,6.0000,[67.8464     40.024223    0.23796096],20.0000,6.0000,[ 63.33727    -14.551532     0.29766628],20.0000,6.0000,[86.46438    15.642426    0.20626692],20.0000,6.0000,[87.64167   29.117804   0.2102341],20.0000,6.0000,[83.94776    3.8421     0.2981666],20.0000,6.0000,[85.66313    57.25351     0.71509147],20.0000,0.0000,[ 83.33727    -14.551532     0.29766628],20.0000,6.0000,[121.51439     68.86573      0.77938735],20.0000,4.0000,[158.53154     62.833645     0.50450253],20.0000,4.0000,[149.3242      47.080944     0.49064502],20.0000,4.0000,[123.07755    13.341736    6.0680037],20.0000,4.0000,[148.81331   -58.77983     5.6109066],20.0000,4.0000
64,[67.776024   14.757014    0.42583686],20.0000,0.0000,[68.707726   29.352451    0.42875803],20.0000,0.0000,[64.981476    4.1942363   0.38496414],20.0000,6.0000,[68.90952   40.2719     0.4521488],20.0000,0.0000,[ 64.37106   -14.199595    0.3845421],20.0000,6.0000,[87.531166   15.873762    0.42505738],20.0000,0.0000,[88.707726   29.352451    0.42875803],20.0000,0.0000,[84.981476    4.1942363   0.38496414],20.0000,0.0000,[86.51592    57.93625     0.42014974],20.0000,6.0000,[ 84.37106   -14.199595    0.3845421],20.0000,6.0000,[121.92375    69.27485     0.7795546],20.0000,4.0000,[159.03622    63.11694     0.5047185],20.0000,4.0000,[149.83315     47.356518     0.49080852],20.0000,4.0000,[123.64296    13.218159    6.0680037],20.0000,4.0000,[149.26373   -59.143257    5.6107054],20.0000,4.0000
65,[68.78172    15.182269    0.13303465],20.0000,6.0000,[69.71232    29.780348    0.13589983],20.0000,6.0000,[65.99048    4.6107187  0.6035127],20.0000,0.0000,[69.91047    40.70951     0.15720741],20.0000,6.0000,[ 65.380135  -13.78328     0.6031697],20.0000,0.0000,[88.536995   16.298687    0.13234276],20.0000,6.0000,[89.71232    29.780348    0.13589983],20.0000,6.0000,[8.5983780e+01 4.6272464e+00 5.2960835e-02],20.0000,6.0000,[87.504364   58.399796    0.50355804],20.0000,6.0000,[ 85.380135  -13.78328     0.6031697],20.0000,0.0000,[122.333145   69.68395     0.7797134],20.0000,4.0000,[159.54094    63.400196    0.5049228],20.0000,4.0000,[150.3421      47.632057     0.49096385],20.0000,4.0000,[124.20836    13.094581    6.0680037],20.0000,4.0000,[149.71419  -59.506645   5.610515],20.0000,4.0000
66,[69.859245   15.359859    0.21987256],20.0000,6.0000,[70.78936    29.96075     0.22267248],20.0000,6.0000,[66.90533     5.2068253   0.31066772],20.0000,6.0000,[70.98542    40.900208    0.24061635],20.0000,6.0000,[ 66.29505  -13.187285   0.310367],20.0000,6.0000,[89.61458    16.475952    0.21928066],20.0000,6.0000,[90.78936    29.96075     0.22267248],20.0000,6.0000,[87.0689      4.777561    0.13507818],20.0000,0.0000,[88.462296  58.92312    0.7192388],20.0000,0.0000,[ 86.29505  -13.187285   0.310367],20.0000,6.0000,[122.74255    70.093025    0.7798643],20.0000,4.0000,[160.04567    63.683414    0.5051163],20.0000,4.0000,[150.85107    47.907562    0.4911115],20.0000,4.0000,[124.77376    12.971004    6.0680037],20.0000,4.0000,[150.16467  -59.870003   5.610335],20.0000,4.0000
67,[70.92294    15.604998    0.43846178],20.0000,0.0000,[71.85242    30.20864     0.44119608],20.0000,0.0000,[67.93458     5.5718184   0.39745584],20.0000,0.0000,[72.046455   41.15656     0.45629758],20.0000,0.0000,[ 67.32435    -12.822403     0.39720443],20.0000,6.0000,[90.67834    16.72081     0.43797123],20.0000,0.0000,[91.85242    30.20864     0.44119608],20.0000,0.0000,[88.14037    4.999108   6.1005497],20.0000,6.0000,[89.308685  59.613464   0.4250401],20.0000,6.0000,[ 87.32435    -12.822403     0.39720443],20.0000,0.0000,[123.15199    70.50207     0.7800078],20.0000,4.0000,[160.55042    63.966595    0.5052997],20.0000,4.0000,[151.36008    48.18304     0.4912519],20.0000,4.0000,[125.33916    12.847426    6.0680037],20.0000,4.0000,[150.61517   -60.233326    5.6101637],20.0000,4.0000
68,[71.92325    16.042805    0.14563856],20.0000,6.0000,[72.85161   30.648996   0.1483377],20.0000,6.0000,[6.8931404e+01 6.0172839e+00 6.5443061e-02],20.0000,6.0000,[73.04319  41.603188  0.162099],20.0000,6.0000,[ 68.32812    -12.393471     0.61579317],20.0000,0.0000,[91.67873    17.158411    0.14520256],20.0000,6.0000,[92.85161   30.648996   0.1483377],20.0000,6.0000,[89.237785  4.930873  6.196939],20.0000,6.0000,[90.29299   60.085934   0.5097488],20.0000,6.0000,[ 8.8321220e+01 -1.2377027e+01  6.5241262e-02],20.0000,6.0000,[123.561455    70.91109      0.78014433],20.0000,4.0000,[161.05518    64.24974     0.5054737],20.0000,4.0000,[151.86908     48.458485     0.49138555],20.0000,4.0000,[125.904564   12.723849    6.0680037],20.0000,4.0000,[151.0657   -60.596622   5.610001],20.0000,4.0000
69,[72.99845   16.23386    0.2324521],20.0000,6.0000,[73.92632    30.84278     0.23511015],20.0000,6.0000,[70.014565    6.181103    0.14755411],20.0000,6.0000,[74.11647    41.803574    0.24680808],20.0000,6.0000,[ 69.235504   -11.786073     0.32296965],20.0000,6.0000,[92.75398    17.34926     0.23207907],20.0000,6.0000,[93.92632    30.84278     0.23511015],20.0000,6.0000,[90.33238     4.9189987   0.16968499],20.0000,0.0000,[91.24579    60.61854     0.72640055],20.0000,6.0000,[ 89.4044     -12.213278     0.14738534],20.0000,6.0000,[123.97094    71.32009     0.7802743],20.0000,4.0000,[161.55997    64.53285     0.5056388],20.0000,4.0000,[152.3781     48.733906    0.4915128],20.0000,4.0000,[126.46996    12.600272    6.0680037],20.0000,4.0000,[151.51627   -60.959885    5.6098466],20.0000,4.0000
70,[74.059006   16.492275    0.45101675],20.0000,0.0000,[74.98621    31.10387     0.45363355],20.0000,0.0000,[71.085815    6.398341    0.38037908],20.0000,0.0000,[75.17495   42.070225   0.4634601],20.0000,6.0000,[ 70.260155  -11.408345    0.4097829],20.0000,6.0000,[93.814575  17.607498   0.4507073],20.0000,0.0000,[94.98621    31.10387     0.45363355],20.0000,0.0000,[91.40366    5.1301894  6.186685 ],20.0000,6.0000,[92.09673   61.30422    0.9831611],20.0000,0.0000,[ 90.47568    -11.996117     0.38027844],20.0000,0.0000,[124.38045    71.729065    0.7803981],20.0000,4.0000,[162.06477    64.815926    0.5057956],20.0000,4.0000,[152.88713     49.009296     0.49163404],20.0000,4.0000,[127.03536    12.476694    6.0680037],20.0000,4.0000,[151.96684   -61.323124    5.6096997],20.0000,4.0000
71,[75.053764   16.942537    0.15818037],20.0000,6.0000,[75.97986    31.55662     0.16077505],20.0000,6.0000,[72.09459     6.8155065   0.09994096],20.0000,6.0000,[76.174866   42.511158    0.72022074],20.0000,0.0000,[ 71.258484  -10.9669      0.6283472],20.0000,0.0000,[94.80939  18.05763   0.157905],20.0000,6.0000,[95.97986    31.55662     0.16077505],20.0000,6.0000,[9.2497673e+01 5.1029010e+00 2.2470108e-03],20.0000,6.0000,[92.77875    62.161465    0.69390064],20.0000,6.0000,[ 91.48447    -11.578987     0.09988722],20.0000,6.0000,[124.78997    72.13802     0.7805161],20.0000,4.0000,[162.5696      65.098976     0.50594467],20.0000,4.0000,[153.39618     49.28466      0.49174964],20.0000,4.0000,[127.60077    12.353117    6.0680037],20.0000,4.0000,[152.41743  -61.686333   5.60956 ],20.0000,4.0000
72,[76.1265     17.146997    0.24497858],20.0000,6.0000,[77.05208    31.763754    0.24754737],20.0000,0.0000,[73.173874    6.9924493   0.19349724],20.0000,6.0000,[77.05626    43.161674    0.43096057],20.0000,6.0000,[ 72.15822    -10.348221     0.33551067],20.0000,6.0000,[95.88216    18.261961    0.24474286],20.0000,0.0000,[97.05208    31.763754    0.24754737],20.0000,6.0000,[93.58913     5.148012    0.23589432],20.0000,0.0000,[93.630974  62.843826   0.7638426],20.0000,6.0000,[ 92.56376    -11.402047     0.19346091],20.0000,6.0000,[125.19952    72.54695     0.7806286],20.0000,4.0000,[163.07443    65.38199     0.5060864],20.0000,4.0000,[153.90524     49.559998     0.49185985],20.0000,4.0000,[128.16617    12.22954     6.0680037],20.0000,4.0000,[152.86804   -62.049515    5.6094275],20.0000,4.0000
73,[77.18375   17.418625   0.4635278],20.0000,0.0000,[78.10427   32.055294   6.1987042],20.0000,6.0000,[74.23816    7.237553   0.4222839],20.0000,0.0000,[78.05655   43.599068   0.5009029],20.0000,6.0000,[73.17807    -9.957733    0.42230868],20.0000,0.0000,[96.935104  18.550777   6.1959653],20.0000,6.0000,[98.10864    32.038006    0.46607062],20.0000,0.0000,[94.65041    5.403269   6.2354407],20.0000,6.0000,[94.44657   63.57036    0.9721422],20.0000,0.0000,[ 93.62804    -11.156941     0.42226964],20.0000,0.0000,[125.609085   72.955864    0.7807359],20.0000,4.0000,[163.57928    65.66498     0.5062213],20.0000,4.0000,[154.41432     49.835316     0.49196503],20.0000,4.0000,[128.73157    12.105963    6.0680037],20.0000,4.0000,[153.31868   -62.412674    5.6093006],20.0000,4.0000
74,[78.17282    17.881254    0.17068315],20.0000,6.0000,[79.199745  32.055447   6.2808046],20.0000,6.0000,[75.2357      7.680734    0.13595776],20.0000,6.0000,[79.03296    44.088642    0.70920277],20.0000,0.0000,[74.163506   -9.487602    0.09030583],20.0000,6.0000,[98.030594  18.548122   6.2781096],20.0000,6.0000,[99.09657    32.50308     0.17321207],20.0000,6.0000,[9.5743446e+01 5.4081373e+00 4.4337511e-02],20.0000,0.0000,[95.11902  64.43298   0.671982],20.0000,6.0000,[ 94.62558    -10.713747     0.13595718],20.0000,6.0000,[126.01867    73.36476     0.7808384],20.0000,4.0000,[164.08415     65.94793      0.50634974],20.0000,4.0000,[154.9234      50.110607     0.49206543],20.0000,4.0000,[129.29697    11.982385    6.0680037],20.0000,4.0000,[153.76933   -62.77581     5.6091805],20.0000,4.0000
75,[79.24293    18.09907     0.25747168],20.0000,6.0000,[80.29143   32.110195   0.2304224],20.0000,0.0000,[76.309975    7.8813686   0.22708143],20.0000,0.0000,[79.9065     44.746834    0.40904263],20.0000,6.0000,[75.242256   -9.296877    0.17242348],20.0000,6.0000,[99.12242    18.60007     0.22781816],20.0000,0.0000,[100.16614    32.72353     0.2599843],20.0000,6.0000,[96.83195    5.5011396  6.0022044],20.0000,6.0000,[95.97321   65.112564   0.7472712],20.0000,6.0000,[ 95.69985    -10.513087     0.22708641],20.0000,0.0000,[126.428276   73.773636    0.7809362],20.0000,4.0000,[164.58904    66.230865    0.5064721],20.0000,4.0000,[155.4325     50.385876    0.4921613],20.0000,4.0000,[129.86237    11.858808    6.0680037],20.0000,4.0000,[154.22002   -63.13892     5.6090655],20.0000,4.0000
76,[80.2967     18.38385     0.47601122],20.0000,0.0000,[81.35121  32.371952  6.233155],20.0000,6.0000,[77.364136  8.167672  6.183692],20.0000,6.0000,[80.90798    45.18104     0.48433197],20.0000,6.0000,[76.30778    -9.053046    0.40526208],20.0000,0.0000,[100.18286    18.859158    6.2306128],20.0000,6.0000,[101.21921    33.010902    0.4785075],20.0000,0.0000,[97.910805   5.3027825  6.0890293],20.0000,6.0000,[96.78824    65.838974    0.95873696],20.0000,0.0000,[ 96.754005  -10.226759    6.1837053],20.0000,6.0000,[126.8379     74.182495    0.7810296],20.0000,4.0000,[165.09393    66.51376     0.5065887],20.0000,4.0000,[155.9416      50.66112      0.49225292],20.0000,4.0000,[130.42776    11.73523     6.0680037],20.0000,4.0000,[154.6707   -63.50201    5.608956],20.0000,4.0000
77,[81.27994    18.858763    0.18316135],20.0000,6.0000,[8.244482e+01 3.238563e+01 4.351998e-02],20.0000,6.0000,[78.460846  8.164973  6.269642],20.0000,6.0000,[81.8838    45.67064    0.6957978],20.0000,0.0000,[77.305855   -8.610898    0.12483335],20.0000,6.0000,[1.01276505e+02 1.88701324e+01 4.10011820e-02],20.0000,6.0000,[102.20128     33.48822      0.18564887],20.0000,6.0000,[9.8994995e+01 5.1590557e+00 4.6896290e-02],20.0000,0.0000,[97.45919    66.70163     0.66206807],20.0000,6.0000,[ 97.850716  -10.229427    6.2696605],20.0000,6.0000,[127.247536    74.59133      0.78111887],20.0000,4.0000,[165.59885    66.796646    0.5066999],20.0000,4.0000,[156.45073     50.936348     0.49234048],20.0000,4.0000,[130.99318    11.611653    6.0680037],20.0000,4.0000,[155.12141  -63.865078   5.608851],20.0000,4.0000
78,[82.347244  19.08989    0.2699438],20.0000,6.0000,[83.533775   32.468952    0.27229956],20.0000,0.0000,[79.5532      8.216839    0.22617695],20.0000,0.0000,[82.75591    46.32925     0.39912894],20.0000,6.0000,[78.380394   -8.407136    0.21839312],20.0000,6.0000,[102.36567    18.950764    0.2698101],20.0000,0.0000,[103.26801     33.721962     0.27242106],20.0000,6.0000,[100.084435   5.229834   6.055014],20.0000,6.0000,[98.312645  67.38225    0.7427363],20.0000,6.0000,[ 98.94307   -10.177531    0.2262045],20.0000,0.0000,[127.65719    75.00016     0.7812042],20.0000,4.0000,[166.10378   67.0795     0.506806],20.0000,4.0000,[156.95987    51.211555    0.4924242],20.0000,4.0000,[131.55858    11.488076    6.0680037],20.0000,4.0000,[155.57213   -64.22813     5.6087513],20.0000,4.0000
79,[83.39739    19.387768    0.48847723],20.0000,0.0000,[84.58635   32.75809    6.2691545],20.0000,6.0000,[80.61275    8.479888   6.2334685],20.0000,6.0000,[83.75694   46.764652   0.4797972],20.0000,6.0000,[79.43825   -8.135607   0.4471842],20.0000,0.0000,[103.418945  19.237322   6.266683],20.0000,6.0000,[104.31743     34.022404     0.49094418],20.0000,0.0000,[101.1643     5.054448   6.150559],20.0000,6.0000,[99.12391    68.112625    0.95673704],20.0000,0.0000,[100.00261   -9.914447   6.233502],20.0000,6.0000,[128.06686    75.408966    0.7812859],20.0000,4.0000,[166.6087      67.36233      0.50690734],20.0000,4.0000,[157.46901     51.48674      0.49250427],20.0000,4.0000,[132.12398    11.364498    6.0680037],20.0000,4.0000,[156.02287  -64.59115    5.608656],20.0000,4.0000
80,[84.37464   19.874886   0.1956241],20.0000,6.0000,[8.5678535e+01 3.2795940e+01 7.7090934e-02],20.0000,6.0000,[8.170657e+01 8.498354e+00 4.552558e-02],20.0000,6.0000,[84.73016  47.25906   0.693798],20.0000,0.0000,[80.424446  -7.6677203  0.1608608],20.0000,6.0000,[1.0451122e+02 1.9272505e+01 7.4627027e-02],20.0000,6.0000,[105.29349     34.5119       0.19808556],20.0000,6.0000,[1.02251495e+02 4.94927406e+00 9.83664617e-02],20.0000,0.0000,[99.78909    68.979225    0.66169333],20.0000,6.0000,[ 1.0109643e+02 -9.8959398e+00  4.5560870e-02],20.0000,0.0000,[128.47655     75.81776      0.78136396],20.0000,4.0000,[167.11365   67.645134   0.507004],20.0000,4.0000,[157.97816    51.76191     0.4925809],20.0000,4.0000,[132.68938    11.240921    6.0680037],20.0000,4.0000,[156.47363  -64.954155   5.608565],20.0000,4.0000
81,[85.43899    20.119278    0.28240272],20.0000,0.0000,[86.765015   32.90372     0.30106574],20.0000,0.0000,[82.79522     8.587076    0.27622166],20.0000,0.0000,[85.59773    47.922977    0.39875427],20.0000,6.0000,[81.49339   -7.4403934  0.2519856],20.0000,0.0000,[105.59797     19.377636     0.29861236],20.0000,0.0000,[106.35724    34.75889     0.2848577],20.0000,6.0000,[103.33796     5.0545497   6.096533 ],20.0000,6.0000,[100.63829    69.66532     0.7449317],20.0000,6.0000,[102.18426    -9.789362    6.0088925],20.0000,6.0000,[128.88625    76.22654     0.7814387],20.0000,4.0000,[167.61862    67.927925    0.5070964],20.0000,4.0000,[158.48732    52.037056    0.4926542],20.0000,4.0000,[133.25478    11.117344    6.0680037],20.0000,4.0000,[156.9244    -65.31715     5.6084776],20.0000,4.0000
82,[86.48038  20.44733   6.233566],20.0000,6.0000,[8.7811699e+01 3.3213810e+01 1.1473448e-02],20.0000,6.0000,[83.846      8.882614   6.2742205],20.0000,6.0000,[86.59607    48.36477     0.48199272],20.0000,6.0000,[82.54009   -7.1279244  6.208598 ],20.0000,6.0000,[1.0664539e+02 1.9685179e+01 9.0267602e-03],20.0000,6.0000,[107.40283    35.07236     0.5033808],20.0000,0.0000,[104.42083     4.906404    6.1881547],20.0000,6.0000,[101.44368     70.40211      0.96049577],20.0000,0.0000,[103.266884  -9.97173    6.0997  ],20.0000,6.0000,[129.29596     76.6353       0.78151023],20.0000,4.0000,[168.12358     68.210686     0.50718474],20.0000,4.0000,[158.99649     52.31219      0.49272442],20.0000,4.0000,[133.82018    10.993767    6.0680037],20.0000,4.0000,[157.37518   -65.680115    5.6083946],20.0000,4.0000
83,[8.7575180e+01 2.0485682e+01 3.2485105e-02],20.0000,6.0000,[88.902664   33.271286    0.10094072],20.0000,6.0000,[8.493800e+01 8.927954e+00 8.259680e-02],20.0000,6.0000,[87.565285  48.8669     0.6975568],20.0000,0.0000,[ 8.3636528e+01 -7.1033082e+00  1.1363359e-02],20.0000,6.0000,[1.07736496e+02 1.97400036e+01 9.84980538e-02],20.0000,6.0000,[108.37273     35.57396      0.21052215],20.0000,6.0000,[105.50988      4.8282576    0.12964016],20.0000,0.0000,[102.10096     71.274445     0.66624415],20.0000,6.0000,[ 1.0435358e+02 -1.0098368e+01  6.3160099e-02],20.0000,0.0000,[129.70569    77.04405     0.7815787],20.0000,4.0000,[168.62857     68.49343      0.50726914],20.0000,4.0000,[159.50568     52.587303     0.49279168],20.0000,4.0000,[134.38557    10.870189    6.0680037],20.0000,4.0000,[157.82597   -66.04307     5.6083145],20.0000,4.0000
84,[88.66429    20.578466    0.26529697],20.0000,0.0000,[89.98693    33.3983      0.32256174],20.0000,0.0000,[86.02374     9.04327     0.30718675],20.0000,0.0000,[88.42671    49.538414    0.40330514],20.0000,6.0000,[84.72725    -7.024252    0.25108564],20.0000,0.0000,[108.821075    19.864386     0.32012433],20.0000,0.0000,[109.43333    35.834152    0.2972943],20.0000,6.0000,[106.59393     4.9566646   6.1236725],20.0000,6.0000,[102.94413    71.96808     0.7508568],20.0000,6.0000,[105.44151   -10.006779    6.0746083],20.0000,6.0000,[130.11542    77.45279     0.7816444],20.0000,4.0000,[169.13356    68.77616     0.5073499],20.0000,4.0000,[160.01486     52.862404     0.49285612],20.0000,4.0000,[134.95097    10.746612    6.0680037],20.0000,4.0000,[158.2768    -66.406006    5.6082387],20.0000,4.0000
85,[89.7143   20.877024  6.268035],20.0000,6.0000,[9.1028465e+01 3.3725552e+01 3.1489018e-02],20.0000,6.0000,[8.7068123e+01 9.3609676e+00 1.7983353e-02],20.0000,6.0000,[89.421196   49.98905     0.48791787],20.0000,6.0000,[85.77992   -6.734894   6.2583785],20.0000,6.0000,[1.09863396e+02 2.01891098e+01 2.90547777e-02],20.0000,6.0000,[110.474945    36.160606     0.51581734],20.0000,0.0000,[107.67896     4.8288655   6.2133956],20.0000,6.0000,[103.7424     72.71257     0.9674316],20.0000,0.0000,[106.52504   -10.158962    6.1713524],20.0000,0.0000,[130.52518    77.86151     0.7817073],20.0000,4.0000,[169.63857     69.05886      0.50742716],20.0000,4.0000,[160.52405     53.137486     0.49291784],20.0000,4.0000,[135.51639    10.6230345   6.0680037],20.0000,4.0000,[158.72762   -66.76893     5.6081657],20.0000,4.0000
86,[9.0806763e+01 2.0928843e+01 7.8402735e-02],20.0000,6.0000,[92.11821    33.800125    0.11994524],20.0000,6.0000,[88.15867     9.4266205   0.10767796],20.0000,6.0000,[90.38553   50.500465   0.7044926],20.0000,0.0000,[ 8.6872940e+01 -6.6891885e+00  7.0435829e-02],20.0000,6.0000,[110.95332     20.26104      0.11751346],20.0000,6.0000,[111.43853     36.674225     0.22295868],20.0000,6.0000,[108.76912     4.770803    0.1521666],20.0000,0.0000,[104.39061     73.59151      0.67361003],20.0000,6.0000,[107.616325 -10.222417   5.852855],20.0000,6.0000,[130.93494     78.27022      0.78176755],20.0000,4.0000,[170.14359    69.34155     0.5075011],20.0000,4.0000,[161.03326     53.412556     0.49297702],20.0000,4.0000,[136.08179    10.499457    6.0680037],20.0000,4.0000,[159.17845   -67.131836    5.6080956],20.0000,4.0000
87,[91.89215    21.050095    0.30718514],20.0000,0.0000,[93.20034    33.943844    0.34030634],20.0000,0.0000,[89.24197    9.561814   0.3295966],20.0000,0.0000,[91.239914   51.180714    0.41067111],20.0000,6.0000,[87.95904    -6.573378    0.30113235],20.0000,0.0000,[112.0358      20.402138     0.33787745],20.0000,0.0000,[112.495804   36.94759     0.3097308],20.0000,6.0000,[109.85093    4.917526   6.144484],20.0000,6.0000,[105.22673    74.29374     0.7590233],20.0000,6.0000,[108.65795  -10.569745   5.944431],20.0000,6.0000,[131.34471    78.67892     0.7818253],20.0000,4.0000,[170.6486     69.62422     0.5075719],20.0000,4.0000,[161.54247     53.68761      0.49303377],20.0000,4.0000,[136.64719    10.37588     6.0680037],20.0000,4.0000,[159.62929  -67.49472    5.608029],20.0000,4.0000
88,[9.2933998e+01 2.1375774e+01 2.0856360e-02],20.0000,6.0000,[9.4237007e+01 3.4286396e+01 4.8479546e-02],20.0000,6.0000,[9.028093e+01 9.897087e+00 3.870593e-02],20.0000,6.0000,[92.22983    51.64149     0.49608436],20.0000,6.0000,[ 8.9002136e+01 -6.2517581e+00  1.5945999e-02],20.0000,6.0000,[1.1307329e+02 2.0742176e+01 4.6052381e-02],20.0000,6.0000,[113.53328     37.286972     0.52825385],20.0000,0.0000,[110.93766     4.8071547   6.2330956],20.0000,6.0000,[106.01708    75.04663     0.9762712],20.0000,0.0000,[109.712204  -10.862295    6.1919117],20.0000,0.0000,[131.7545      79.08761      0.78188074],20.0000,4.0000,[171.15364    69.906876    0.5076397],20.0000,4.0000,[162.0517     53.96265     0.4930882],20.0000,4.0000,[137.21259    10.252302    6.0680037],20.0000,4.0000,[160.08015   -67.8576      5.6079645],20.0000,4.0000
89,[94.02421    21.451698    0.11197896],20.0000,6.0000,[95.32547    34.376644    0.13630854],20.0000,6.0000,[91.37009     9.980153    0.12730005],20.0000,6.0000,[93.1887    52.163074   0.7133323],20.0000,0.0000,[90.092674   -6.1792316   0.10750779],20.0000,6.0000,[114.161964    20.82979      0.13388291],20.0000,0.0000,[114.4904     37.812534    0.2353952],20.0000,6.0000,[112.028534     4.766276     0.17045628],20.0000,0.0000,[106.65553    75.932594    0.6827608],20.0000,6.0000,[110.80131  -10.938833   5.920621],20.0000,6.0000,[132.1643     79.496284    0.7819339],20.0000,4.0000,[171.65869    70.189514    0.5077046],20.0000,4.0000,[162.56091    54.237675    0.4931404],20.0000,4.0000,[137.77798    10.128725    6.0680037],20.0000,4.0000,[160.53102   -68.22046     5.6079035],20.0000,4.0000
90,[95.10626   21.597315   0.3359548],20.0000,0.0000,[96.40542   34.535717   0.3559487],20.0000,0.0000,[92.451065   10.132348    0.34782562],20.0000,0.0000,[94.03549   52.85264    0.4198219],20.0000,6.0000,[91.1752     -6.0369067   0.33209786],20.0000,0.0000,[115.23992    21.003923    6.0861583],20.0000,6.0000,[115.5442     38.09903     0.3221673],20.0000,6.0000,[113.1081      4.929162    6.1619234],20.0000,6.0000,[107.48393    76.644005    0.7686751],20.0000,6.0000,[111.84873  -11.25524    6.017517],20.0000,6.0000,[132.57411    79.90495     0.7819849],20.0000,4.0000,[172.16374    70.47214     0.5077669],20.0000,4.0000,[163.07014    54.51269     0.4931905],20.0000,4.0000,[138.34338    10.005148    6.0680037],20.0000,4.0000,[160.9819    -68.58331     5.6078444],20.0000,4.0000
91,[9.6141487e+01 2.1943727e+01 4.6363134e-02],20.0000,6.0000,[9.7437309e+01 3.4892540e+01 6.3706174e-02],20.0000,6.0000,[9.3484978e+01 1.0483107e+01 5.6095380e-02],20.0000,6.0000,[95.020325  53.324284   0.5057362],20.0000,6.0000,[ 9.2211342e+01 -5.6932940e+00  4.2894535e-02],20.0000,6.0000,[116.32911    20.8842      6.1690154],20.0000,6.0000,[116.57738     38.451283     0.54069036],20.0000,0.0000,[114.19621     4.8346705   6.249849 ],20.0000,6.0000,[108.265785  77.405716   0.986374],20.0000,0.0000,[112.91276  -11.502264   6.249682],20.0000,0.0000,[132.98393     80.31361      0.78203386],20.0000,4.0000,[172.6688     70.754745    0.5078265],20.0000,4.0000,[163.57939    54.78769     0.4932386],20.0000,4.0000,[138.90878     9.881571    6.0680037],20.0000,4.0000,[161.43279  -68.946144   5.607788],20.0000,4.0000
92,[97.22978    22.039227    0.13583079],20.0000,6.0000,[98.524376   34.997627    0.15114273],20.0000,6.0000,[94.57269    10.582025    0.14401026],20.0000,6.0000,[95.9733    53.856594   0.7234351],20.0000,0.0000,[93.29992    -5.600497    0.13258919],20.0000,6.0000,[117.42035     20.819075     0.12014604],20.0000,0.0000,[117.527885    38.988712     0.24783169],20.0000,6.0000,[115.28754      4.8094883    0.18641184],20.0000,0.0000,[108.89399     78.29892      0.69308704],20.0000,6.0000,[114.00367  -11.539749   5.965288],20.0000,6.0000,[133.39375    80.72225     0.7820808],20.0000,4.0000,[173.17386    71.03734     0.5078837],20.0000,4.0000,[164.08864     55.06268      0.49328473],20.0000,4.0000,[139.4742      9.757993    6.0680037],20.0000,4.0000,[161.88368   -69.308975    5.6077337],20.0000,4.0000
93,[98.30897    22.203987    0.35745233],20.0000,0.0000,[99.60207    35.171276    0.37035424],20.0000,0.0000,[95.651344  10.749727   0.3637465],20.0000,0.0000,[96.812065   54.55582     0.43014812],20.0000,6.0000,[94.37951   -5.438361   0.3545079],20.0000,0.0000,[118.50232    20.964106    6.1239104],20.0000,6.0000,[118.57804    39.28829     0.3346038],20.0000,6.0000,[116.36478     4.987393    6.1774163],20.0000,6.0000,[109.714165   79.019844    0.7793184],20.0000,6.0000,[115.05809   -11.827563    6.0571256],20.0000,6.0000,[133.80359     81.13089      0.78212595],20.0000,4.0000,[173.67894     71.319916     0.50793856],20.0000,4.0000,[164.59789     55.337658     0.49332905],20.0000,4.0000,[140.0396      9.634416    6.0680037],20.0000,4.0000,[162.3346    -69.67178     5.6076818],20.0000,4.0000
94,[9.9338448e+01 2.2567373e+01 6.6379905e-02],20.0000,6.0000,[1.0062917e+02 3.5541756e+01 7.7870943e-02],20.0000,6.0000,[9.6680321e+01 1.1114842e+01 7.1558639e-02],20.0000,6.0000,[97.791435  55.038788   0.5163795],20.0000,6.0000,[ 9.5409798e+01 -5.0773134e+00  6.3617244e-02],20.0000,6.0000,[119.59108    20.859625    6.2178445],20.0000,6.0000,[119.60675    39.653362    0.5531268],20.0000,0.0000,[117.454025    4.9078875   6.264913 ],20.0000,6.0000,[110.48711     79.79061      0.99731386],20.0000,0.0000,[116.12774   -12.04671     6.2820673],20.0000,0.0000,[134.21344    81.53951     0.7821692],20.0000,4.0000,[174.18402    71.602486    0.5079912],20.0000,4.0000,[165.10715    55.612625    0.4933716],20.0000,4.0000,[140.605       9.5108385   6.0680037],20.0000,4.0000,[162.7855   -70.034584   5.607632],20.0000,4.0000
95,[100.42493     22.679914     0.15483637],20.0000,6.0000,[101.71472     35.661163     0.16506112],20.0000,6.0000,[97.76652    11.228698    0.15904903],20.0000,6.0000,[98.738144   55.58216     0.73437494],20.0000,0.0000,[96.49655   -4.9671435  0.1522114],20.0000,6.0000,[120.6827      20.825        0.16391318],20.0000,0.0000,[120.55051     40.202568     0.26026815],20.0000,6.0000,[118.54557      4.897565     0.20100436],20.0000,0.0000,[111.10468     80.69117      0.70417815],20.0000,6.0000,[117.21928  -12.060235   5.993082],20.0000,6.0000,[134.6233     81.948135    0.7822108],20.0000,4.0000,[174.6891     71.88504     0.5080417],20.0000,4.0000,[165.61641    55.887577    0.4934125],20.0000,4.0000,[141.1704      9.387261    6.0680037],20.0000,4.0000,[163.23643  -70.39738    5.607584],20.0000,4.0000
96,[101.50139     22.861298     0.37519774],20.0000,0.0000,[102.79005     35.84891      0.38401198],20.0000,0.0000,[98.842766   11.411055    0.37831837],20.0000,0.0000,[99.568565   56.291245    0.44123924],20.0000,6.0000,[97.5734    -4.7880697  0.372737 ],20.0000,0.0000,[121.76027    20.999218    6.1610594],20.0000,6.0000,[121.596855    40.515182     0.34704027],20.0000,6.0000,[119.62038     5.089824    6.1917424],20.0000,6.0000,[111.916275   81.421776    0.7906095],20.0000,6.0000,[118.27855   -12.327825    6.0828977],20.0000,6.0000,[135.03316     82.35674      0.78225076],20.0000,4.0000,[175.1942      72.16758      0.50809014],20.0000,4.0000,[166.12569     56.162525     0.49345177],20.0000,4.0000,[141.7358      9.263684    6.0680037],20.0000,4.0000,[163.68738  -70.760155   5.607538],20.0000,4.0000
97,[1.02525475e+02 2.32398033e+01 8.33711103e-02],20.0000,6.0000,[1.0381228e+02 3.6232658e+01 9.1384873e-02],20.0000,6.0000,[9.9866821e+01 1.1789861e+01 8.5867256e-02],20.0000,6.0000,[100.54217     56.78579      0.52767056],20.0000,6.0000,[ 9.8598251e+01 -4.4116669e+00  8.1006765e-02],20.0000,6.0000,[122.850235  20.919548   6.252298],20.0000,6.0000,[122.62095    40.893024    0.5655633],20.0000,0.0000,[120.71055     5.0247684   6.2789707],20.0000,6.0000,[112.67997    82.20171     1.0087968],20.0000,0.0000,[ 1.1935195e+02 -1.2526909e+01  2.1789316e-02],20.0000,0.0000,[135.44304    82.76534     0.7822892],20.0000,4.0000,[175.69931     72.4501       0.50813663],20.0000,4.0000,[166.63496    56.437458    0.4934895],20.0000,4.0000,[142.3012      9.140106    6.0680037],20.0000,4.0000,[164.13832  -71.122925   5.607494],20.0000,4.0000
98,[103.61012     23.36797      0.17120025],20.0000,6.0000,[104.89618     36.366066     0.17842014],20.0000,6.0000,[100.95137     11.918094     0.17309126],20.0000,6.0000,[101.48233    57.34042     0.7458579],20.0000,0.0000,[99.68317    -4.2856855   0.16892166],20.0000,6.0000,[123.94202     20.910044     0.19325359],20.0000,0.0000,[123.5578      41.453926     0.27270463],20.0000,6.0000,[121.802124     5.0288105    0.21477611],20.0000,0.0000,[113.28664     83.10963      0.71576065],20.0000,6.0000,[120.44366  -12.521781   6.014181],20.0000,6.0000,[135.85292    83.173935    0.7823261],20.0000,3.0000,[176.20442     72.73262      0.50818133],20.0000,4.0000,[167.14424     56.712383     0.49352577],20.0000,4.0000,[142.8666      9.016529    6.0680037],20.0000,4.0000,[164.58926  -71.48568    5.607452],20.0000,4.0000
99,[104.68387     23.564621     0.39084056],20.0000,0.0000,[105.968994   36.567608    0.3972104],20.0000,0.0000,[102.02513     12.114589     0.39207754],20.0000,0.0000,[102.30414     58.059444     0.45282173],20.0000,6.0000,[100.75731     -4.091167     0.38865793],20.0000,0.0000,[125.015915  21.10605    6.186952],20.0000,6.0000,[124.600174    41.779526     0.35947672],20.0000,6.0000,[122.87437     5.2350187   6.205356 ],20.0000,6.0000,[114.08937     83.849976     0.80231804],20.0000,0.0000,[121.5069   -12.772179   6.102847],20.0000,6.0000,[136.26071    83.58463     0.6906029],20.0000,4.0000,[176.70953    73.01513     0.5082242],20.0000,4.0000,[167.65352     56.9873       0.49356064],20.0000,4.0000,[143.43199     8.892952    6.0680037],20.0000,4.0000,[165.04022  -71.84843    5.607411],20.0000,4.0000
100,[1.0570268e+02 2.3957224e+01 9.8598152e-02],20.0000,6.0000,[1.0698627e+02 3.6964363e+01 1.0449567e-01],20.0000,6.0000,[1.0304420e+02 1.2506667e+01 9.9469848e-02],20.0000,6.0000,[103.27171    58.565704    0.5393791],20.0000,6.0000,[ 1.0177687e+02 -3.7005341e+00  9.6470065e-02],20.0000,6.0000,[126.106766  21.046213   6.276482],20.0000,6.0000,[125.61949    42.170074    0.5779998],20.0000,0.0000,[1.2396526e+02 5.1840849e+00 9.2300130e-03],20.0000,0.0000,[114.83074    84.651505    0.4700763],20.0000,6.0000,[ 1.2258326e+02 -1.2954189e+01  4.0273670e-02],20.0000,0.0000,[136.6926     83.970535    0.6570279],20.0000,4.0000,[177.21466    73.29762     0.5082654],20.0000,4.0000,[168.16281     57.262207     0.49359414],20.0000,4.0000,[143.9974      8.769375    6.0680037],20.0000,4.0000,[165.4912   -72.211174   5.607372],20.0000,4.0000
101,[106.78542    24.10017     0.1860348],20.0000,0.0000,[108.06837     37.111553     0.19143346],20.0000,6.0000,[104.126976   12.648923    0.1865264],20.0000,0.0000,[104.205086   59.131687    0.7576893],20.0000,0.0000,[102.85989     -3.5596583    0.18396048],20.0000,0.0000,[127.19841     21.056248     0.21499984],20.0000,0.0000,[126.5493      42.74258      0.28514108],20.0000,6.0000,[125.056526    5.2200236   5.960678 ],20.0000,6.0000,[115.762245   85.2279      0.5520357],20.0000,6.0000,[123.67483  -12.932648   6.03178 ],20.0000,6.0000,[137.13387   84.346054   0.645687],20.0000,4.0000,[177.71979     73.58011      0.50830495],20.0000,4.0000,[168.6721     57.537106    0.4936264],20.0000,4.0000,[144.5628      8.645797    6.0680037],20.0000,4.0000,[165.94217  -72.5739     5.607334],20.0000,4.0000
102,[107.8531    24.328833   6.13788 ],20.0000,6.0000,[109.138535   37.3267      0.4101239],20.0000,0.0000,[105.19479   12.876755   6.137972],20.0000,6.0000,[105.01806     59.860672     0.46471766],20.0000,6.0000,[103.92801    -3.3330183   6.1358633],20.0000,6.0000,[128.26901    21.269997    6.2071624],20.0000,6.0000,[127.58755    43.08112     0.3719132],20.0000,0.0000,[126.12142     4.962694    6.0429735],20.0000,6.0000,[116.66183    85.84877     0.7845449],20.0000,0.0000,[124.741516 -13.167405   6.119739],20.0000,6.0000,[137.579       84.71701      0.64338785],20.0000,4.0000,[178.22491   73.86258    0.508343],20.0000,4.0000,[169.18141     57.811993     0.49365735],20.0000,4.0000,[145.1282      8.52222     6.0680037],20.0000,4.0000,[166.39314   -72.93662     5.6072984],20.0000,4.0000
103,[108.94685    24.264383    6.2204432],20.0000,6.0000,[110.15072     37.736275     0.11735518],20.0000,6.0000,[106.28838    12.811263    6.2202654],20.0000,6.0000,[105.9794     60.3787      0.5513545],20.0000,6.0000,[105.02165    -3.3995106   6.218466 ],20.0000,6.0000,[1.2936047e+02 2.1227377e+01 1.2471767e-02],20.0000,6.0000,[1.2859544e+02 4.3500927e+01 3.9884333e-02],20.0000,6.0000,[127.19543     4.7593017   6.276176 ],20.0000,0.0000,[117.42551    86.62879     0.5038889],20.0000,6.0000,[ 1.25820366e+02 -1.33338413e+01  5.63401990e-02],20.0000,0.0000,[138.02574     85.085945     0.64464605],20.0000,4.0000,[178.73006    74.14504     0.5083795],20.0000,4.0000,[169.69072     58.086876     0.49368715],20.0000,4.0000,[145.6936      8.398643    6.0680037],20.0000,4.0000,[166.84413   -73.29934     5.6072636],20.0000,4.0000
104,[110.03994     24.254595     0.17099784],20.0000,0.0000,[111.23087    37.89711     0.2042316],20.0000,6.0000,[107.38142     12.800468     0.17027898],20.0000,0.0000,[106.905785   60.956062    0.7697429],20.0000,0.0000,[106.11472     -3.4113452    0.16909821],20.0000,0.0000,[130.45178     21.254337     0.23287842],20.0000,0.0000,[1.2968243e+02 4.3636967e+01 1.2198469e-01],20.0000,6.0000,[128.28705     4.7648573   5.9959974],20.0000,6.0000,[118.3485     87.215485    0.5973643],20.0000,6.0000,[126.911575 -13.297054   6.047366],20.0000,6.0000,[138.4731     85.453995    0.6471304],20.0000,4.0000,[179.2352     74.4275      0.5084146],20.0000,4.0000,[170.20003     58.361748     0.49371582],20.0000,4.0000,[146.259       8.275065    6.0680037],20.0000,4.0000,[167.29512 -73.66205   5.60723],20.0000,4.0000
105,[111.113235   24.453884    6.1743717],20.0000,6.0000,[112.29824     38.125717     0.42285976],20.0000,0.0000,[108.45495   12.998452   6.173283],20.0000,6.0000,[107.70974    61.694965    0.4768126],20.0000,6.0000,[107.188385  -3.214019   6.172525],20.0000,6.0000,[131.51917    21.483881    6.2242637],20.0000,6.0000,[130.75891     43.82671      0.35478756],20.0000,0.0000,[129.35335    4.521532   6.08965 ],20.0000,0.0000,[119.23095    87.85895     0.8260477],20.0000,0.0000,[127.98134   -13.5170555   6.1348844],20.0000,6.0000,[138.9207     85.821625    0.6498724],20.0000,4.0000,[179.74034    74.709946    0.5084484],20.0000,4.0000,[170.70934     58.636616     0.49374342],20.0000,4.0000,[146.8244      8.151488    6.0680037],20.0000,4.0000,[167.74612  -74.02474    5.607198],20.0000,4.0000
106,[112.20583   24.404028   6.268161],20.0000,0.0000,[113.30521     38.547974     0.13005742],20.0000,6.0000,[109.54745    12.946989    6.2669344],20.0000,6.0000,[108.66464    62.224773    0.5634995],20.0000,6.0000,[108.2809     -3.265835    6.2663336],20.0000,6.0000,[1.3261104e+02 2.1457041e+01 2.8931236e-02],20.0000,6.0000,[1.3177803e+02 4.4217903e+01 7.4334212e-02],20.0000,6.0000,[130.43489     4.3645215   5.7680063],20.0000,6.0000,[119.97427     88.65831      0.53965753],20.0000,6.0000,[ 1.2906235e+02 -1.3668747e+01  7.0998721e-02],20.0000,0.0000,[139.36838   86.18905    0.652497],20.0000,3.0000,[180.2455      74.992386     0.50848085],20.0000,4.0000,[171.21864     58.911472     0.49376994],20.0000,4.0000,[147.3898      8.02791     6.0680037],20.0000,4.0000,[168.19713   -74.387436    5.6071672],20.0000,4.0000
107,[113.29808    24.441864    5.9466863],20.0000,6.0000,[114.38325     38.722355     0.21689522],20.0000,6.0000,[110.63944     12.965346     0.21265623],20.0000,0.0000,[109.583855   62.813488    0.7819375],20.0000,0.0000,[109.37291     -3.2477806    0.21224964],20.0000,0.0000,[133.70181     21.499546     0.24859807],20.0000,0.0000,[132.8615      44.367138     0.16788484],20.0000,6.0000,[131.44173     3.9273403   5.857681 ],20.0000,6.0000,[120.88344     89.26472      0.63075507],20.0000,6.0000,[130.153    -13.617379   6.06175 ],20.0000,6.0000,[139.81429     86.558716     0.56312406],20.0000,4.0000,[180.75066    75.27481     0.5085121],20.0000,4.0000,[171.72797     59.186325     0.49379548],20.0000,4.0000,[147.95522     7.904333    6.0680037],20.0000,4.0000,[168.64815   -74.75012     5.6071377],20.0000,4.0000
108,[114.36666    24.190798    6.0364723],20.0000,6.0000,[115.44767     38.964325     0.43548432],20.0000,0.0000,[111.707344   13.191403    6.2095895],20.0000,6.0000,[110.37863     63.562256     0.48903352],20.0000,6.0000,[110.44084    -3.0218992   6.209303 ],20.0000,6.0000,[134.76598   21.743828   6.239556],20.0000,6.0000,[133.9317      44.584892     0.39666432],20.0000,0.0000,[132.4659      3.5428526   6.1029453],20.0000,0.0000,[121.750984    89.9276       0.85469514],20.0000,0.0000,[131.22554  -13.823146   6.148991],20.0000,6.0000,[140.28235     86.90142      0.53178495],20.0000,4.0000,[181.25581    75.557236    0.5085421],20.0000,4.0000,[172.23729     59.46117      0.49382007],20.0000,4.0000,[148.52061     7.780756    6.0680037],20.0000,4.0000,[169.09915  -75.11279    5.607109],20.0000,4.0000
109,[115.44292   23.994703   6.281879],20.0000,0.0000,[116.44927     39.399155     0.14266102],20.0000,6.0000,[1.1279986e+02 1.3164314e+01 1.7558180e-02],20.0000,6.0000,[111.32693     64.103806     0.57575196],20.0000,6.0000,[ 1.1153337e+02 -3.0490813e+00  1.7319100e-02],20.0000,6.0000,[1.3585805e+02 2.1731918e+01 4.3822266e-02],20.0000,6.0000,[1.3494028e+02 4.5002365e+01 1.1033374e-01],20.0000,6.0000,[133.54373     3.3689334   5.8304315],20.0000,6.0000,[122.47833    90.74164     0.5650808],20.0000,6.0000,[ 1.3230846e+02 -1.3960573e+01  8.4810644e-02],20.0000,0.0000,[140.75926     87.23214      0.52373755],20.0000,4.0000,[181.76099     75.839645     0.50857097],20.0000,4.0000,[172.74663     59.736008     0.49384373],20.0000,4.0000,[149.08601     7.6571784   6.0680037],20.0000,4.0000,[169.55017   -75.475464    5.6070814],20.0000,4.0000
110,[116.5345     24.015463    6.0094466],20.0000,6.0000,[117.52505    39.587006    0.2294745],20.0000,6.0000,[113.89082     13.207379     0.24157844],20.0000,0.0000,[112.23879     64.703835     0.79422134],20.0000,0.0000,[112.624344    -3.0061       0.24140757],20.0000,0.0000,[136.94815     21.789185     0.26304984],20.0000,0.0000,[136.01935     45.1754       0.20145561],20.0000,6.0000,[134.55817     2.9589708   5.9269037],20.0000,6.0000,[123.37615     91.36406      0.65453476],20.0000,6.0000,[133.39836   -13.895024    6.0753984],20.0000,6.0000,[141.23969     87.55752      0.52510554],20.0000,4.0000,[182.26616    76.122055    0.5085988],20.0000,4.0000,[173.25595    60.01084     0.4938665],20.0000,4.0000,[149.65141     7.5336013   6.0680037],20.0000,4.0000,[170.0012   -75.838135   5.607055],20.0000,4.0000
111,[117.60572    23.792723    6.1059475],20.0000,6.0000,[118.58636     39.842262     0.44803908],20.0000,0.0000,[114.95406    13.454786    6.2352004],20.0000,6.0000,[113.02424    65.46238     0.5013341],20.0000,6.0000,[113.68759    -2.7587347   6.2350726],20.0000,6.0000,[138.009     22.047579   6.253761],20.0000,6.0000,[137.08406    45.417118    0.4254304],20.0000,0.0000,[135.59535    2.616346   6.158743],20.0000,0.0000,[124.231735   92.04212     0.8761385],20.0000,0.0000,[134.47346  -14.086864   6.162466],20.0000,6.0000,[141.72134    87.880646    0.5298045],20.0000,3.0000,[182.77133    76.40445     0.5086255],20.0000,4.0000,[173.76529     60.285667     0.49388844],20.0000,4.0000,[150.21681     7.4100237   6.0680037],20.0000,4.0000,[170.45224 -76.20079   5.60703],20.0000,4.0000
112,[1.1868735e+02 2.3640312e+01 5.4625574e-02],20.0000,0.0000,[119.58246     40.28956      0.15520264],20.0000,6.0000,[1.16046524e+02 1.34474144e+01 4.14995849e-02],20.0000,6.0000,[113.96577     66.015625     0.58807236],20.0000,0.0000,[ 1.1478005e+02 -2.7661242e+00  4.1397817e-02],20.0000,6.0000,[1.3910110e+02 2.2050091e+01 5.7775103e-02],20.0000,6.0000,[1.3808420e+02 4.5854649e+01 1.3583806e-01],20.0000,6.0000,[136.67831     2.4797208   5.874187 ],20.0000,6.0000,[124.9457      92.868034     0.58505523],20.0000,6.0000,[ 1.3555804e+02 -1.4210313e+01  9.8104194e-02],20.0000,0.0000,[142.2018     88.20548     0.4434695],20.0000,4.0000,[183.2765      76.686844     0.50865126],20.0000,4.0000,[174.27463     60.56049      0.49390954],20.0000,4.0000,[150.78221     7.2864466   6.0680037],20.0000,4.0000,[170.90327  -76.56344    5.607005],20.0000,4.0000
113,[119.777336  23.698782   6.053267],20.0000,6.0000,[120.65581    40.490826    0.2420008],20.0000,0.0000,[117.13642     13.509859     0.26314318],20.0000,0.0000,[114.86024     66.64174      0.25600967],20.0000,6.0000,[115.86995     -2.703689     0.26307508],20.0000,0.0000,[140.19034     22.121647     0.27673584],20.0000,0.0000,[139.1596      46.04701      0.22530532],20.0000,6.0000,[137.70212     2.0970106   5.9659705],20.0000,6.0000,[125.83351     93.50434      0.67350334],20.0000,6.0000,[136.64705  -14.130828   6.088593],20.0000,6.0000,[142.70207     88.50114      0.41518256],20.0000,4.0000,[183.7817    76.96922    0.508676],20.0000,4.0000,[174.78397     60.835304     0.49392986],20.0000,4.0000,[151.34761     7.1628695   6.0680037],20.0000,4.0000,[171.35431   -76.92609     5.6069818],20.0000,3.0000
114,[120.85293   23.504568   6.145055],20.0000,6.0000,[121.70957    40.776615    6.1931834],20.0000,6.0000,[118.19553    13.774738    6.2552695],20.0000,6.0000,[115.89279     67.007614     0.33808756],20.0000,6.0000,[116.92906    -2.4388003   6.255222 ],20.0000,6.0000,[141.24777    22.393764    6.2672997],20.0000,6.0000,[140.21974     46.30754      0.44692633],20.0000,0.0000,[138.74733     1.781274    6.1908507],20.0000,0.0000,[126.678505   94.19547     0.8938548],20.0000,0.0000,[137.7245   -14.308926   6.175551],20.0000,0.0000,[143.21011    88.78347     0.4107303],20.0000,4.0000,[184.28688     77.2516       0.50869983],20.0000,4.0000,[175.2933      61.11011      0.49394944],20.0000,4.0000,[151.91301     7.039292    6.0680037],20.0000,4.0000,[171.80722   -77.28641     5.5152006],20.0000,4.0000
115,[1.21937675e+02 2.33800755e+01 8.67546871e-02],20.0000,0.0000,[122.80504   40.770794   6.275301],20.0000,6.0000,[1.1928779e+02 1.3784529e+01 6.0551003e-02],20.0000,6.0000,[116.90356    67.4237      0.5708439],20.0000,0.0000,[ 1.1802132e+02 -2.4289899e+00  6.0519252e-02],20.0000,0.0000,[1.4233974e+02 2.2410381e+01 7.1155310e-02],20.0000,6.0000,[141.21263     46.76146      0.15585358],20.0000,6.0000,[139.83308     1.6682677   5.901828 ],20.0000,6.0000,[127.380295    95.03184      0.60202235],20.0000,6.0000,[138.81248   -14.400833    5.8437104],20.0000,6.0000,[143.72092     89.06003      0.41557047],20.0000,4.0000,[184.79207    77.53397     0.5087228],20.0000,4.0000,[175.80264     61.384914     0.49396828],20.0000,4.0000,[152.47842     6.9157147   6.0680037],20.0000,4.0000,[172.23811  -77.673355   5.481555],20.0000,4.0000
116,[123.0262    23.462296   6.08092 ],20.0000,6.0000,[123.89701     40.819588     0.22495466],20.0000,0.0000,[120.37653     13.863801     0.28092465],20.0000,0.0000,[117.815155    68.02424      0.29035848],20.0000,6.0000,[119.108986   -2.3318923   6.013545 ],20.0000,6.0000,[143.42796     22.495934     0.28995168],20.0000,0.0000,[142.28471     46.97063      0.24430981],20.0000,6.0000,[140.86353     1.3051769   5.9916234],20.0000,6.0000,[128.25877    95.68079     0.6898463],20.0000,6.0000,[139.83994  -14.780955   5.925936],20.0000,6.0000,[144.23244     89.33438      0.42320383],20.0000,3.0000,[185.29726     77.816345     0.50874484],20.0000,4.0000,[176.312       61.659714     0.49398646],20.0000,4.0000,[153.04382     6.792137    6.0680037],20.0000,4.0000,[172.65976  -78.07068    5.470046],20.0000,4.0000
117,[124.10484    23.28858     6.1707172],20.0000,6.0000,[124.9582    41.075584   6.227711],20.0000,6.0000,[121.431694   14.1442585   6.2722907],20.0000,6.0000,[118.84145     68.40221      0.38389722],20.0000,6.0000,[120.18716    -2.5283692   6.0969224],20.0000,6.0000,[144.48186    22.781525    6.2804255],20.0000,6.0000,[143.34067    47.247475    0.4646709],20.0000,0.0000,[141.91429     1.0090115   6.2136745],20.0000,0.0000,[129.09386     96.383835     0.90948075],20.0000,0.0000,[140.88277  -15.10857    6.158997],20.0000,0.0000,[144.74268     89.61082      0.33914793],20.0000,4.0000,[185.80246    78.0987      0.5087661],20.0000,4.0000,[176.82135     61.93451      0.49400392],20.0000,4.0000,[153.60922     6.66856     6.0680037],20.0000,4.0000,[173.07733   -78.472336    5.4675274],20.0000,4.0000
118,[1.2519156e+02 2.3184340e+01 1.0958525e-01],20.0000,0.0000,[1.26051865e+02 4.10833397e+01 3.80858965e-02],20.0000,6.0000,[1.2252359e+02 1.4169789e+01 7.6940782e-02],20.0000,0.0000,[119.84013    68.84425     0.6126616],20.0000,0.0000,[ 1.2127113e+02 -2.6705513e+00  4.9039632e-02],20.0000,0.0000,[1.4557349e+02 2.2812048e+01 8.4181778e-02],20.0000,6.0000,[144.32683    47.715973    0.1728441],20.0000,6.0000,[143.0019      0.9145209   5.922865 ],20.0000,6.0000,[129.78409     97.22982      0.61723506],20.0000,6.0000,[141.96753  -15.230819   5.878721],20.0000,6.0000,[145.26971    89.856476    0.3125276],20.0000,4.0000,[186.30765     78.38106      0.50878656],20.0000,4.0000,[177.3307     62.209297    0.4940208],20.0000,4.0000,[154.17462     6.5449824   6.0680037],20.0000,4.0000,[173.49309  -78.8758     5.468561],20.0000,4.0000
119,[126.27861    23.285114    6.1019626],20.0000,6.0000,[127.14126     41.160763     0.26687706],20.0000,0.0000,[123.60971    14.2823105   6.0292215],20.0000,6.0000,[120.73582    69.46817     0.3263216],20.0000,6.0000,[122.36063    -2.6018429   6.0534663],20.0000,6.0000,[146.66054     22.911411     0.30287606],20.0000,0.0000,[145.39569     47.94054      0.26067308],20.0000,6.0000,[144.03787    0.56816    6.011519],20.0000,6.0000,[130.6536     97.89067     0.7046684],20.0000,6.0000,[142.99799   -15.597342    5.9723377],20.0000,6.0000,[145.80309     90.08813      0.30959523],20.0000,4.0000,[186.81285    78.66341     0.5088063],20.0000,4.0000,[177.84006     62.48408      0.49403703],20.0000,4.0000,[154.74002     6.4214053   6.0680037],20.0000,4.0000,[173.90804   -79.27999     5.4708405],20.0000,4.0000
120,[127.3597     23.128845    6.1906176],20.0000,6.0000,[128.19537   41.444206   6.263739],20.0000,6.0000,[124.69032    14.100816    6.1120825],20.0000,6.0000,[121.75272     69.86842      0.41743967],20.0000,6.0000,[123.43949   -2.78202    6.147647],20.0000,6.0000,[1.4771074e+02 2.3210299e+01 1.0109350e-02],20.0000,6.0000,[146.44757     48.23235      0.48031324],20.0000,0.0000,[145.09314      0.28869954   6.232117  ],20.0000,0.0000,[131.47908    98.60491     0.9238765],20.0000,0.0000,[144.04825   -15.896918    6.2012005],20.0000,0.0000,[146.33852     90.31384      0.31571153],20.0000,3.0000,[187.31805     78.94575      0.50882524],20.0000,4.0000,[178.34941     62.75886      0.49405265],20.0000,4.0000,[155.30542     6.2978277   6.0680037],20.0000,4.0000,[174.3226   -79.68447    5.473406],20.0000,4.0000
121,[1.2844788e+02 2.3041847e+01 1.2803136e-01],20.0000,0.0000,[1.2928777e+02 4.1476154e+01 7.1678497e-02],20.0000,6.0000,[1.2577609e+02 1.3973712e+01 6.3220948e-02],20.0000,0.0000,[122.740906  70.332695   0.641409],20.0000,0.0000,[ 1.2452606e+02 -2.8926208e+00  9.4007201e-02],20.0000,0.0000,[1.4880191e+02 2.3254601e+01 9.6988134e-02],20.0000,6.0000,[147.42723     48.714417     0.18807071],20.0000,6.0000,[146.18213      0.21054524   5.940429  ],20.0000,6.0000,[132.15807     99.45999      0.63139135],20.0000,6.0000,[145.13577   -15.990777    5.9149213],20.0000,6.0000,[146.8734      90.54025      0.23256686],20.0000,4.0000,[187.82327     79.22809      0.50884354],20.0000,4.0000,[178.85878     63.033638     0.49406773],20.0000,4.0000,[155.87082     6.1742506   6.0680037],20.0000,4.0000,[174.73695   -80.089066    5.4758835],20.0000,4.0000
122,[129.53336    23.158941    6.1195297],20.0000,6.0000,[130.3748      41.578064     0.29565746],20.0000,0.0000,[126.86456    14.056958    6.0669904],20.0000,6.0000,[123.62405     70.97438      0.35181323],20.0000,6.0000,[125.61314    -2.7937212   6.09133  ],20.0000,6.0000,[149.88762     23.367653     0.31561866],20.0000,0.0000,[148.49286     48.953537     0.27550727],20.0000,6.0000,[ 1.4722293e+02 -1.2057007e-01  6.0283813e+00],20.0000,6.0000,[133.01875    100.132225     0.71857953],20.0000,0.0000,[146.17331   -16.334038    6.0060644],20.0000,6.0000,[147.4223      90.73389      0.20756945],20.0000,4.0000,[188.32848    79.51042     0.5088612],20.0000,4.0000,[179.36813     63.30841      0.49408224],20.0000,4.0000,[156.43623     6.0506735   6.0680037],20.0000,5.0000,[175.1512    -80.493706    5.4781475],20.0000,4.0000
123,[130.61652    23.01854     6.2074823],20.0000,6.0000,[1.3142314e+02 4.1882496e+01 6.0678069e-03],20.0000,6.0000,[127.94562    13.890714    6.1609263],20.0000,6.0000,[124.633255   71.39272     0.4412784],20.0000,6.0000,[126.69496    -2.9488301   6.1826377],20.0000,6.0000,[1.5093399e+02 2.3679710e+01 2.2817608e-02],20.0000,6.0000,[149.5407      49.25952      0.49471876],20.0000,0.0000,[148.28209   -0.384762   6.24816 ],20.0000,0.0000,[133.82307    100.870636     0.38697642],20.0000,6.0000,[147.22975   -16.60972     6.2300687],20.0000,0.0000,[147.9761      90.912636     0.20661664],20.0000,4.0000,[188.8337     79.79275     0.5088781],20.0000,4.0000,[179.8775      63.58318      0.49409625],20.0000,4.0000,[157.00099     5.9241924   6.159762 ],20.0000,4.0000,[175.56534  -80.898384   5.480175],20.0000,4.0000
124,[131.7058      22.94726      0.14407617],20.0000,0.0000,[1.3251440e+02 4.1934082e+01 9.5536664e-02],20.0000,6.0000,[1.2903351e+02 1.3794049e+01 1.0699731e-01],20.0000,0.0000,[125.61294    71.87438     0.6628967],20.0000,0.0000,[ 1.27783455e+02 -3.03405523e+00  1.23691060e-01],20.0000,0.0000,[1.5202451e+02 2.3737709e+01 1.0965689e-01],20.0000,0.0000,[150.5139      49.754547     0.20223548],20.0000,6.0000,[149.37212     -0.44771293   5.955996  ],20.0000,6.0000,[134.79851   101.36948     0.4693618],20.0000,6.0000,[148.31902   -16.681828    5.9404955],20.0000,6.0000,[148.53123     91.08532      0.21455726],20.0000,4.0000,[189.33891    80.07507     0.5088945],20.0000,4.0000,[180.38687     63.857944     0.49410972],20.0000,4.0000,[157.5727      5.8315635   6.193381 ],20.0000,4.0000,[175.9794    -81.30309     5.4819794],20.0000,4.0000
125,[132.7896    23.0795     6.135098],20.0000,6.0000,[133.59935     42.05524      0.31715977],20.0000,0.0000,[130.11923   13.906691   6.104145],20.0000,6.0000,[126.4855     72.530525    0.3718223],20.0000,6.0000,[128.86836    -2.9129636   6.117451 ],20.0000,6.0000,[153.10675   23.882092   6.060881],20.0000,6.0000,[151.57626     50.00769      0.28942564],20.0000,6.0000,[150.41733     -0.76442343   6.0435095 ],20.0000,6.0000,[135.74567    101.915146     0.70274645],20.0000,0.0000,[149.36221  -17.006222   6.029974],20.0000,6.0000,[149.08636     91.25602      0.22461745],20.0000,3.0000,[189.84413     80.35739      0.50891024],20.0000,4.0000,[180.89624     64.132706     0.49412274],20.0000,4.0000,[158.14667     5.752684    6.2048244],20.0000,5.0000,[176.39337  -81.70784    5.483587],20.0000,4.0000
126,[133.87451   22.954058   6.222612],20.0000,6.0000,[1.3464262e+02 4.2376865e+01 2.6088290e-02],20.0000,6.0000,[131.2029    13.765151   6.195384],20.0000,6.0000,[127.48785     72.96457      0.46027726],20.0000,6.0000,[129.95245    -3.0482402   6.207018 ],20.0000,6.0000,[154.19191    23.731934    6.1430264],20.0000,6.0000,[152.62        50.327374     0.50837654],20.0000,0.0000,[151.47998    -1.0141374   6.262804 ],20.0000,6.0000,[136.56995    102.63085      0.42269236],20.0000,6.0000,[150.42326  -17.263065   6.25161 ],20.0000,6.0000,[1.4964043e+02 9.1429344e+01 1.4231828e-01],20.0000,4.0000,[190.34935     80.63971      0.50892544],20.0000,4.0000,[181.40561     64.40746      0.49413526],20.0000,4.0000,[1.5872124e+02 5.6767454e+00 1.5830178e-02],20.0000,4.0000,[176.80727   -82.11263     5.4850225],20.0000,4.0000
127,[134.96465     22.897648     0.15872177],20.0000,0.0000,[1.3573276e+02 4.2445557e+01 1.1454549e-01],20.0000,6.0000,[132.29237     13.69356      0.13634044],20.0000,0.0000,[128.45995    73.46126     0.6806368],20.0000,0.0000,[131.04216     -3.113858     0.14558336],20.0000,6.0000,[1.5528079e+02 2.3636370e+01 9.2736587e-02],20.0000,0.0000,[153.58673    50.834957    0.2157494],20.0000,6.0000,[152.5704      -1.0803537    0.23773368],20.0000,0.0000,[137.5372    103.14139     0.5163913],20.0000,6.0000,[151.51308    -17.33509      0.22791275],20.0000,0.0000,[1.5020500e+02 9.1569473e+01 1.1689199e-01],20.0000,4.0000,[190.85457     80.92202      0.50894004],20.0000,4.0000,[181.91498     64.68221      0.49414733],20.0000,4.0000,[1.5930067e+02 5.6379128e+00 4.7865529e-02],20.0000,4.0000,[177.22108  -82.51747    5.486311],20.0000,3.0000
128,[136.04662    23.044357    6.1494703],20.0000,6.0000,[136.81564     42.583435     0.33490774],20.0000,0.0000,[133.37569   13.828164   6.130039],20.0000,6.0000,[129.32281     74.130196     0.38880914],20.0000,6.0000,[132.12758    -2.9924076   0.4051417],20.0000,0.0000,[156.36646    23.750288    6.0955324],20.0000,6.0000,[154.6457      51.101788     0.30278465],20.0000,6.0000,[153.65134    -0.9061483   6.233818 ],20.0000,6.0000,[138.46854   103.71182     0.7453572],20.0000,0.0000,[152.59447  -17.166351   6.225518],20.0000,6.0000,[1.5077303e+02 9.1694710e+01 1.1495937e-01],20.0000,4.0000,[191.3598     81.20433     0.5089541],20.0000,4.0000,[182.42436     64.95696      0.49415898],20.0000,4.0000,[1.5988118e+02 5.6152515e+00 5.4650143e-02],20.0000,5.0000,[177.63695  -82.92029    5.395714],20.0000,4.0000
129,[137.13306   22.933334   6.236709],20.0000,6.0000,[1.3785416e+02 4.2920387e+01 4.3081611e-02],20.0000,6.0000,[134.46136    13.706375    6.2195697],20.0000,6.0000,[130.31871     74.57859      0.47663733],20.0000,6.0000,[ 1.33162201e+02 -2.63543963e+00  1.19628966e-01],20.0000,6.0000,[157.45161   23.613886   6.189107],20.0000,6.0000,[155.68524    51.43485     0.5215749],20.0000,0.0000,[ 1.5474078e+02 -9.7564220e-01  2.3874339e-02],20.0000,6.0000,[139.2736     104.44896      0.45914176],20.0000,6.0000,[ 1.5368352e+02 -1.7241201e+01  1.7886817e-02],20.0000,6.0000,[1.51341858e+02 9.18138351e+01 1.21867284e-01],20.0000,4.0000,[191.86502    81.48663     0.5089677],20.0000,4.0000,[182.93373     65.23171      0.49417022],20.0000,4.0000,[1.6046181e+02 5.5964918e+00 1.4312577e-01],20.0000,5.0000,[178.02838   -83.3479      5.3632607],20.0000,4.0000
130,[138.22383     22.891294     0.17252584],20.0000,6.0000,[1.3894308e+02 4.3004761e+01 1.3091120e-01],20.0000,6.0000,[135.55182     13.6543       0.15808785],20.0000,0.0000,[131.28363    75.08903     0.6962766],20.0000,0.0000,[134.24734     -2.5168743    0.19528426],20.0000,6.0000,[1.5854172e+02 2.3547106e+01 1.3473105e-01],20.0000,0.0000,[156.64543     51.954727     0.22886018],20.0000,6.0000,[155.83289     -0.9852322    0.23378564],20.0000,0.0000,[140.22845   104.98057     0.5503102],20.0000,6.0000,[154.77548    -17.25434      0.22889455],20.0000,6.0000,[1.5191060e+02 9.1930916e+01 1.3106367e-01],20.0000,4.0000,[192.37025    81.76893     0.5089808],20.0000,4.0000,[183.44312     65.506454     0.49418104],20.0000,4.0000,[161.04422      5.6126065    0.26146033],20.0000,4.0000,[178.4091    -83.78542     5.3537736],20.0000,4.0000
131,[139.30688     23.034496     0.43047863],20.0000,0.0000,[140.02388     43.15801      0.35055205],20.0000,0.0000,[136.63284   13.806807   6.150251],20.0000,6.0000,[132.13724    75.76982     0.4040336],20.0000,6.0000,[135.32446    -2.3369727   0.4063393],20.0000,0.0000,[159.62398   23.68921    6.131604],20.0000,6.0000,[157.70093     52.235012     0.31579798],20.0000,6.0000,[156.91013    -0.7969481   6.217915 ],20.0000,6.0000,[141.14633   105.57182     0.7743513],20.0000,0.0000,[155.85713   -17.086334    0.4811707],20.0000,0.0000,[1.5247896e+02 9.2047646e+01 1.3987836e-01],20.0000,4.0000,[192.87549     82.05123      0.50899345],20.0000,4.0000,[183.95248     65.7812       0.49419147],20.0000,4.0000,[161.62515      5.680542     0.29407263],20.0000,4.0000,[178.78502 -84.22702   5.35364],20.0000,4.0000
132,[140.33473     23.411875     0.14316495],20.0000,6.0000,[1.4105768e+02 4.3509258e+01 5.8309905e-02],20.0000,6.0000,[137.72012    13.702173    6.2387457],20.0000,0.0000,[133.12688     76.231735     0.49146965],20.0000,6.0000,[ 1.3635239e+02 -1.9641961e+00  1.0809777e-01],20.0000,6.0000,[160.71106   23.576979   6.222734],20.0000,6.0000,[158.73615     52.58124      0.53448844],20.0000,0.0000,[ 1.5799950e+02 -8.6595684e-01  1.1220427e-02],20.0000,0.0000,[141.93651    106.32501      0.48480102],20.0000,6.0000,[156.87807    -16.68328      0.18252578],20.0000,6.0000,[1.5304695e+02 9.2164612e+01 1.4747760e-01],20.0000,4.0000,[193.38072    82.33352     0.5090056],20.0000,4.0000,[184.46187     66.05593      0.49420154],20.0000,4.0000,[162.20241     5.7711954   0.2911129],20.0000,5.0000,[179.15884  -84.67018    5.356986],20.0000,4.0000
133,[141.41742     23.551634     0.21608137],20.0000,6.0000,[142.1453      43.60848      0.14574684],20.0000,6.0000,[138.81198    13.684832    5.9086003],20.0000,6.0000,[134.0848     76.75515     0.7106806],20.0000,0.0000,[137.43713     -1.8424206    0.18554802],20.0000,0.0000,[161.80205    23.534803    0.1635341],20.0000,0.0000,[159.6897     53.11321     0.2417197],20.0000,6.0000,[159.09099    -0.8551485   5.955816 ],20.0000,6.0000,[142.88127    106.8736       0.57429355],20.0000,6.0000,[157.95776    -16.519125     0.23991376],20.0000,0.0000,[153.61462     92.281906     0.15378405],20.0000,4.0000,[193.88596    82.61581     0.5090173],20.0000,4.0000,[184.97125     66.33067      0.49421123],20.0000,4.0000,[162.77786      5.867031     0.36768556],20.0000,5.0000,[179.5318    -85.11386     5.3612957],20.0000,4.0000
134,[142.49132     23.75045      0.42583612],20.0000,0.0000,[143.2239      43.77631      0.36495873],20.0000,0.0000,[139.86365    13.376531    5.9919877],20.0000,6.0000,[134.92932   77.44722    0.418197],20.0000,6.0000,[138.50992   -1.640915   6.130558],20.0000,6.0000,[162.88136   23.698488   6.157134],20.0000,6.0000,[160.74156     53.40679      0.32859612],20.0000,6.0000,[160.1469     -1.1403902   6.0344543],20.0000,6.0000,[143.78836    107.48102      0.79594743],20.0000,0.0000,[159.02562  -16.290693   6.174558],20.0000,6.0000,[154.18205     92.39949      0.15897153],20.0000,4.0000,[194.39119    82.898094    0.5090286],20.0000,4.0000,[185.48064     66.6054       0.49422058],20.0000,4.0000,[163.348        5.996978     0.47597623],20.0000,4.0000,[179.9044    -85.55764     5.3655496],20.0000,4.0000
135,[1.4351295e+02 2.4140598e+01 1.2667067e-01],20.0000,6.0000,[1.4425299e+02 4.4141243e+01 7.2475679e-02],20.0000,6.0000,[140.92677   13.121618   6.227309],20.0000,0.0000,[135.91277    77.922134    0.5053869],20.0000,6.0000,[139.59955    -1.7368602   6.2093787],20.0000,6.0000,[163.96991    23.605879    6.2466054],20.0000,6.0000,[161.77232    53.766033    0.5472243],20.0000,0.0000,[161.21469    -1.3703909   6.2582517],20.0000,6.0000,[144.5661    108.24718     0.5048948],20.0000,6.0000,[160.11552  -16.365156   6.247322],20.0000,6.0000,[154.74931     92.51726      0.16325878],20.0000,4.0000,[194.89642    83.18038     0.5090395],20.0000,4.0000,[185.99002    66.880135    0.4942296],20.0000,4.0000,[163.90623     6.1771617   0.5001226],20.0000,5.0000,[180.27687   -86.00138     5.3693957],20.0000,4.0000
136,[144.5955      24.280443     0.20303762],20.0000,6.0000,[145.33917     44.254795     0.15966609],20.0000,6.0000,[142.01747    13.0758705   5.948563 ],20.0000,6.0000,[136.86374    78.458046    0.7243374],20.0000,0.0000,[140.69116    -1.7764329   0.1504663],20.0000,0.0000,[165.06136     23.58307      0.18504639],20.0000,0.0000,[162.71913     54.309937     0.25442195],20.0000,6.0000,[162.30547     -1.4152712    0.23862258],20.0000,0.0000,[145.50197    108.81044      0.59336644],20.0000,0.0000,[161.20709    -16.384363     0.17966425],20.0000,0.0000,[155.31645     92.63513      0.16683951],20.0000,4.0000,[195.40167  83.46266   0.50905],20.0000,4.0000,[186.4994      67.15486      0.49423832],20.0000,4.0000,[164.45743     6.375407    0.5817367],20.0000,5.0000,[180.64926   -86.44505     5.3727627],20.0000,4.0000
137,[145.66856     24.481485     0.41494724],20.0000,0.0000,[146.4155      44.436737     0.37861723],20.0000,0.0000,[143.07155    12.783727    6.0427485],20.0000,6.0000,[137.69925     79.160995     0.43171012],20.0000,6.0000,[141.77023    -1.6118281   6.1470065],20.0000,6.0000,[166.13791   23.764471   6.177162],20.0000,6.0000,[163.76723     54.616695     0.34125975],20.0000,6.0000,[163.38095    -1.2183169   6.2399163],20.0000,6.0000,[146.38956   109.44657     0.2631939],20.0000,6.0000,[162.28389   -16.204786    6.1703415],20.0000,6.0000,[155.88348     92.753044     0.16986713],20.0000,4.0000,[195.9069      83.74494      0.50906014],20.0000,4.0000,[187.0088     67.42959     0.4942467],20.0000,4.0000,[164.99489     6.6114554   0.6861506],20.0000,4.0000,[181.02159  -86.888664   5.375681],20.0000,3.0000
138,[1.4668849e+02 2.4873835e+01 1.1857109e-01],20.0000,6.0000,[1.4743977e+02 4.4814964e+01 8.5990235e-02],20.0000,6.0000,[144.14058   12.559972   6.2723  ],20.0000,0.0000,[138.67645    79.64855     0.5187452],20.0000,6.0000,[142.85963    -1.7019635   6.238346 ],20.0000,6.0000,[167.22758   23.688969   6.265621],20.0000,6.0000,[164.79341     54.988834     0.55984885],20.0000,0.0000,[ 1.6447151e+02 -1.2647957e+00  3.8713954e-02],20.0000,6.0000,[147.41808  109.82498    0.346562],20.0000,6.0000,[163.37347   -16.28368     6.2589083],20.0000,6.0000,[156.45047    92.87095     0.1724581],20.0000,4.0000,[196.41216    84.027214    0.5090699],20.0000,4.0000,[187.51819    67.70431     0.4942548],20.0000,4.0000,[165.5097      6.8962436   0.7037026],20.0000,5.0000,[181.39621  -87.33042    5.286453],20.0000,4.0000
139,[147.77081     25.016111     0.19966011],20.0000,6.0000,[148.52438     44.942524     0.17302565],20.0000,6.0000,[145.23203   12.544518   5.98644 ],20.0000,6.0000,[139.62047     80.19663      0.73753524],20.0000,0.0000,[143.95135    -1.7226188   0.180523 ],20.0000,0.0000,[168.31921     23.683006     0.20279974],20.0000,0.0000,[165.73334     55.544544     0.26702553],20.0000,6.0000,[165.5631      -1.2443591    0.25255692],20.0000,0.0000,[148.42401   110.25311     0.5818479],20.0000,0.0000,[164.46512    -16.29345      0.19689758],20.0000,0.0000,[157.0174      92.98881      0.17469987],20.0000,4.0000,[196.9174      84.30949      0.50907934],20.0000,4.0000,[188.02757     67.97903      0.49426258],20.0000,4.0000,[166.0135      7.197048    0.7787228],20.0000,4.0000,[181.74416  -87.79463    5.255187],20.0000,4.0000
140,[148.84262     25.223076     0.41389346],20.0000,0.0000,[149.59827     45.13828      0.39181605],20.0000,0.0000,[146.29166    12.277003    6.0777493],20.0000,6.0000,[140.44696    80.910194    0.4448204],20.0000,6.0000,[145.02705    -1.5369631   6.175154 ],20.0000,6.0000,[169.39305   23.880232   6.19416 ],20.0000,6.0000,[166.7775    55.864388   0.353839],20.0000,6.0000,[166.6337     -1.0246286   6.2396793],20.0000,6.0000,[149.32759    110.8657       0.30307794],20.0000,6.0000,[165.5395    -16.099552    6.1888423],20.0000,6.0000,[157.5843      93.10661      0.17665835],20.0000,4.0000,[197.42264    84.59175     0.5090884],20.0000,4.0000,[188.53697     68.253746     0.49427012],20.0000,4.0000,[166.49464     7.533424    0.7867075],20.0000,5.0000,[182.08022   -88.2678      5.2471952],20.0000,4.0000
141,[1.4985950e+02 2.5622236e+01 1.1897668e-01],20.0000,6.0000,[1.5061766e+02 4.5529537e+01 9.9101417e-02],20.0000,6.0000,[1.4736525e+02 1.2078289e+01 1.8804483e-02],20.0000,6.0000,[141.41786     81.41014      0.53175807],20.0000,6.0000,[146.11745    -1.606762    6.2652473],20.0000,6.0000,[170.4836     23.82044     6.2819905],20.0000,6.0000,[167.79895    56.249325    0.5724036],20.0000,0.0000,[ 1.6772470e+02 -1.0611541e+00  3.6996704e-02],20.0000,6.0000,[150.34843    111.25849      0.39725453],20.0000,0.0000,[166.62997   -16.162508    6.2772255],20.0000,6.0000,[158.15118     93.22434      0.17838375],20.0000,4.0000,[197.92789     84.87402      0.50909716],20.0000,4.0000,[189.04636    68.528465    0.4942774],20.0000,4.0000,[166.96658     7.880123    0.8610694],20.0000,5.0000,[182.41098   -88.74454     5.2486086],20.0000,4.0000
142,[150.94093    25.771841    0.2024269],20.0000,6.0000,[151.70055     45.67089      0.18603931],20.0000,6.0000,[148.45721     12.0673065    0.27993235],20.0000,6.0000,[142.35484    81.97016     0.7504484],20.0000,0.0000,[147.20917     -1.6065962    0.20456725],20.0000,6.0000,[171.57516     23.829988     0.21844715],20.0000,0.0000,[168.73187     56.816727     0.27956715],20.0000,6.0000,[168.81593     -1.032522     0.25085092],20.0000,6.0000,[1.5133368e+02 1.1173157e+02 7.6243237e-02],20.0000,6.0000,[167.72159    -16.15595      0.21434394],20.0000,6.0000,[158.71805     93.34199      0.17991495],20.0000,4.0000,[198.43314    85.15629     0.5091056],20.0000,4.0000,[189.55576    68.80318     0.4942844],20.0000,4.0000,[167.41637     8.256713    0.9633146],20.0000,4.0000,[182.73952   -89.222534    5.2533436],20.0000,4.0000
143,[152.01096     25.987608     0.41813678],20.0000,0.0000,[152.77187     45.88026      0.40472987],20.0000,0.0000,[149.5319     12.27974     0.5462941],20.0000,0.0000,[143.17226    82.6941      0.4576796],20.0000,6.0000,[148.28516     -1.4195187    0.46459833],20.0000,0.0000,[172.64622   24.042007   6.209391],20.0000,6.0000,[169.77196    57.14958     0.3663653],20.0000,6.0000,[169.889       -0.82276994   0.50624204],20.0000,0.0000,[152.41321   111.93079     0.1663306],20.0000,6.0000,[168.79689    -15.963886     0.47303966],20.0000,0.0000,[159.28491     93.45954      0.18128245],20.0000,4.0000,[198.93839    85.438545    0.5091138],20.0000,4.0000,[190.06516     69.07789      0.49429113],20.0000,4.0000,[167.83182     8.672762    0.9810332],20.0000,4.0000,[183.0672   -89.700836   5.258795],20.0000,4.0000
144,[1.5302397e+02 2.6395975e+01 1.2395109e-01],20.0000,6.0000,[1.5378624e+02 4.6284370e+01 1.1196116e-01],20.0000,6.0000,[150.53064     12.738198     0.24749291],20.0000,6.0000,[144.13678     83.20626      0.54455596],20.0000,6.0000,[149.29602     -1.0002999    0.17952156],20.0000,6.0000,[1.7373744e+02 2.3997105e+01 1.3643150e-02],20.0000,0.0000,[170.78853    57.547226    0.5849145],20.0000,6.0000,[170.8926      -0.38175243   0.21402103],20.0000,6.0000,[153.4776     112.18353      0.41211453],20.0000,0.0000,[169.80632    -15.540319     0.18664065],20.0000,6.0000,[159.85178     93.577        0.18251057],20.0000,4.0000,[199.44365     85.72081      0.50912166],20.0000,4.0000,[190.57454     69.3526       0.49429765],20.0000,4.0000,[168.23021     9.102539    0.9652778],20.0000,4.0000,[183.39459   -90.17909     5.2639446],20.0000,4.0000
145,[154.1041      26.555372     0.20868361],20.0000,6.0000,[154.86725     46.43938      0.19883767],20.0000,6.0000,[151.59937    12.964272    0.2987875],20.0000,6.0000,[145.06662   83.77804    0.763184],20.0000,0.0000,[150.37195    -0.8158996   0.2558367],20.0000,6.0000,[174.82852   24.039232   5.965489],20.0000,6.0000,[171.72415    58.11135     0.8426217],20.0000,0.0000,[171.96477     -0.17535691   0.27963218],20.0000,0.0000,[1.5446881e+02 1.1264124e+02 1.3989677e-01],20.0000,6.0000,[170.8815     -15.3515005    0.26095375],20.0000,6.0000,[160.41864     93.69437      0.18361898],20.0000,4.0000,[199.9489     86.00307     0.5091292],20.0000,4.0000,[191.08394     69.62731      0.49430394],20.0000,4.0000,[168.62273      9.534706     0.94105464],20.0000,4.0000,[183.72192  -90.65722    5.268482],20.0000,4.0000
146,[155.17197     26.781555     0.42535457],20.0000,0.0000,[155.93584     46.662224     0.41746587],20.0000,0.0000,[152.65892     13.232462     0.49722707],20.0000,6.0000,[145.8749      84.51219      0.47038165],20.0000,6.0000,[151.43596     -0.5702604    0.46719775],20.0000,0.0000,[175.89499   23.788122   6.048053],20.0000,6.0000,[172.51562   58.868095   0.554967],20.0000,6.0000,[1.73021057e+02 1.01066604e-01 6.21840286e+00],20.0000,6.0000,[155.5392     112.86796      0.23647338],20.0000,0.0000,[171.94495    -15.103024     0.47137725],20.0000,0.0000,[160.9855      93.811646     0.18462375],20.0000,4.0000,[200.45415    86.285324    0.5091365],20.0000,4.0000,[191.59334   69.902016   0.49431 ],20.0000,4.0000,[169.01456      9.965284     0.91879356],20.0000,4.0000,[184.04924  -91.13521    5.272382],20.0000,3.0000
147,[1.5618056e+02 2.7200380e+01 1.3157147e-01],20.0000,6.0000,[1.5694505e+02 4.7079044e+01 1.2466357e-01],20.0000,6.0000,[153.66545     13.666227     0.74142843],20.0000,0.0000,[146.8329     85.036415    0.5572194],20.0000,0.0000,[ 1.5243896e+02 -1.3498434e-01  1.6917908e-01],20.0000,6.0000,[176.9702     23.590975    6.2817945],20.0000,0.0000,[173.45227     59.42886      0.62736243],20.0000,6.0000,[1.7411345e+02 7.8694060e-02 9.9142855e-03],20.0000,6.0000,[156.58665  113.18064    6.201031],20.0000,6.0000,[ 1.7294713e+02 -1.4665518e+01  1.7268276e-01],20.0000,6.0000,[161.55237     93.928825     0.18553814],20.0000,4.0000,[200.95941    86.56757     0.5091436],20.0000,4.0000,[192.10274     70.17672      0.49431586],20.0000,4.0000,[169.40738   10.393524   0.901221],20.0000,4.0000,[184.37906  -91.61151    5.183956],20.0000,4.0000
148,[157.25906     27.370905     0.21705721],20.0000,6.0000,[158.02403    47.24761     0.2115014],20.0000,6.0000,[154.55582   14.31021    0.434331],20.0000,6.0000,[147.74606     85.63494      0.22525656],20.0000,6.0000,[1.5351416e+02 5.3326849e-02 2.4690442e-01],20.0000,0.0000,[178.06178    23.603203    6.0019836],20.0000,6.0000,[174.3575     60.039917    0.8368652],20.0000,0.0000,[1.7520473e+02 1.1272668e-01 2.2700186e-01],20.0000,0.0000,[1.5768427e+02 1.1320945e+02 9.3539814e-03],20.0000,6.0000,[174.02193    -14.475028     0.24959116],20.0000,6.0000,[162.11925    94.04591     0.1863733],20.0000,4.0000,[201.46466    86.84983     0.5091504],20.0000,4.0000,[192.61214    70.45142     0.4943215],20.0000,4.0000,[169.80135    10.819789    0.8880399],20.0000,4.0000,[184.68018  -92.10761    5.153349],20.0000,4.0000
149,[158.32446     27.608467     0.43436983],20.0000,0.0000,[159.08974     47.483833     0.43009055],20.0000,0.0000,[155.56284     14.733289     0.48388788],20.0000,6.0000,[148.78932     85.969185     0.30740085],20.0000,6.0000,[154.57246     0.3206941   6.192037 ],20.0000,6.0000,[179.12962   23.366667   6.095773],20.0000,6.0000,[175.13852    60.80543     0.5375246],20.0000,6.0000,[176.27122      0.34560227   6.2185373 ],20.0000,6.0000,[158.77509    113.29402      0.25676832],20.0000,0.0000,[175.08426    -14.223433     0.46173128],20.0000,0.0000,[162.68614     94.16291      0.18713851],20.0000,4.0000,[201.96992     87.13208      0.50915694],20.0000,4.0000,[193.12154     70.72613      0.49432695],20.0000,4.0000,[170.19621    11.244643    0.8782121],20.0000,4.0000,[184.9685    -92.6115      5.1461053],20.0000,4.0000
150,[1.5932829e+02 2.8038406e+01 1.4089102e-01],20.0000,6.0000,[1.6009367e+02 4.7913254e+01 1.3726726e-01],20.0000,6.0000,[156.55368    15.19429     0.6821704],20.0000,0.0000,[149.81232    86.35426     0.5402944],20.0000,0.0000,[155.66597      0.29230475   6.2709    ],20.0000,6.0000,[1.8020885e+02 2.3199064e+01 4.1665468e-02],20.0000,0.0000,[176.07532    61.3657      0.6136955],20.0000,6.0000,[1.7736349e+02 3.2149127e-01 2.4409948e-02],20.0000,6.0000,[159.825    113.593506   6.268629],20.0000,6.0000,[ 1.7608440e+02 -1.3783143e+01  1.6550609e-01],20.0000,6.0000,[163.25304     94.27982      0.18784174],20.0000,4.0000,[202.47517     87.41433      0.50916326],20.0000,4.0000,[193.63094    71.000824    0.4943322],20.0000,4.0000,[170.59164     11.668566     0.87076724],20.0000,3.0000,[185.25117  -93.11839    5.148249],20.0000,4.0000
151,[160.40489     28.22086      0.22685213],20.0000,6.0000,[161.17044     48.0953       0.22408076],20.0000,6.0000,[157.45056     15.821399     0.37639427],20.0000,6.0000,[150.74174    86.926796    0.2599035],20.0000,6.0000,[156.75795      0.32025853   0.2121302 ],20.0000,0.0000,[181.29964   23.240345   6.038704],20.0000,6.0000,[176.97908   61.978153   0.825523],20.0000,0.0000,[178.45428      0.36666033   0.2462018 ],20.0000,0.0000,[1.6091754e+02 1.1365325e+02 8.2328729e-02],20.0000,6.0000,[177.15875    -13.589661     0.24681757],20.0000,6.0000,[163.81993     94.396645     0.18848976],20.0000,4.0000,[202.98044     87.69657      0.50916934],20.0000,4.0000,[194.14034     71.27553      0.49433726],20.0000,4.0000,[170.98515   12.093809   0.773226],20.0000,3.0000,[185.53152  -93.62627    5.153615],20.0000,4.0000
152,[161.46754     28.470423     0.44459432],20.0000,0.0000,[162.23312     48.344826     0.44264537],20.0000,0.0000,[158.46785     16.217188     0.44717643],20.0000,6.0000,[151.77905    87.273445    0.3534773],20.0000,6.0000,[157.82477      0.55130047   6.208779  ],20.0000,6.0000,[182.37167   23.028051   6.1299  ],20.0000,6.0000,[177.75784     62.744812     0.52909285],20.0000,6.0000,[179.51743      0.61473817   6.238521  ],20.0000,6.0000,[162.00203    113.78388      0.31448597],20.0000,0.0000,[178.21947    -13.33191      0.46117705],20.0000,0.0000,[164.38686     94.51339      0.18908839],20.0000,4.0000,[203.4857      87.97882      0.50917524],20.0000,4.0000,[194.64975     71.550224     0.49434215],20.0000,4.0000,[171.40105    12.496287    0.6435442],20.0000,3.0000,[185.81105   -94.1343      5.1595674],20.0000,4.0000
153,[1.6246631e+02 2.8911907e+01 1.5132919e-01],20.0000,6.0000,[1.6323161e+02 4.8786747e+01 1.4980894e-01],20.0000,6.0000,[159.46326     16.665897     0.65684134],20.0000,0.0000,[152.7907     87.685       0.5822862],20.0000,0.0000,[1.5891768e+02 5.2881199e-01 1.6968481e-02],20.0000,0.0000,[1.8345410e+02 2.2885164e+01 7.0794843e-02],20.0000,0.0000,[178.69356    63.30703     0.6101032],20.0000,6.0000,[1.8060974e+02 6.0729623e-01 4.4000413e-02],20.0000,6.0000,[1.6304033e+02 1.1412065e+02 3.0088874e-02],20.0000,6.0000,[ 1.79216156e+02 -1.28847275e+01  1.66327804e-01],20.0000,6.0000,[164.95378     94.63006      0.18964268],20.0000,4.0000,[203.99095     88.26106      0.50918096],20.0000,4.0000,[195.15915    71.82492     0.4943469],20.0000,4.0000,[171.84756     12.865521     0.50520587],20.0000,3.0000,[186.09033   -94.64222     5.1650996],20.0000,4.0000
154,[163.54077     29.106798     0.23759012],20.0000,0.0000,[164.30603     48.98222      0.23660712],20.0000,6.0000,[160.36278     17.286905     0.35910544],20.0000,6.0000,[153.70488    88.28147     0.2959738],20.0000,6.0000,[160.00829      0.59363943   5.9750333 ],20.0000,6.0000,[184.54391    22.948395    6.0644546],20.0000,6.0000,[179.59386    63.924324    0.8242925],20.0000,0.0000,[181.69962      0.669426     0.26463962],20.0000,0.0000,[1.6412970e+02 1.1420965e+02 1.2192529e-01],20.0000,6.0000,[180.28923    -12.683736     0.24989192],20.0000,0.0000,[165.5207      94.74664      0.19015701],20.0000,4.0000,[204.49622     88.543304     0.50918645],20.0000,4.0000,[195.66855     72.09961      0.49435145],20.0000,4.0000,[172.32614    13.196009    0.3662362],20.0000,3.0000,[186.36961   -95.14996     5.1699257],20.0000,4.0000
155,[164.59624   29.386099   6.188247],20.0000,6.0000,[165.36551     49.244987     0.45515633],20.0000,0.0000,[161.38148    17.679071    0.4384705],20.0000,0.0000,[154.73344     88.650734     0.38710308],20.0000,6.0000,[161.08177    0.367362   6.062233],20.0000,0.0000,[185.61926   22.755608   6.153962],20.0000,0.0000,[180.36716     64.695946     0.52935183],20.0000,6.0000,[182.759       0.9333997   6.256166 ],20.0000,6.0000,[165.20996    114.368385     0.34686634],20.0000,0.0000,[181.34332  -12.399856   6.198315],20.0000,6.0000,[166.08766    94.86316     0.1906352],20.0000,4.0000,[205.00148    88.82555     0.5091917],20.0000,4.0000,[196.17796     72.374306     0.49435583],20.0000,4.0000,[172.8364      13.481779     0.23263028],20.0000,3.0000,[186.64891  -95.65754    5.174042],20.0000,3.0000
156,[165.6915     29.373276    6.2700186],20.0000,0.0000,[1.6635841e+02 4.9699318e+01 1.6231164e-01],20.0000,6.0000,[1.6236783e+02 1.8146658e+01 1.0124865e-01],20.0000,6.0000,[155.73524    89.084854    0.6110884],20.0000,0.0000,[162.16583      0.21292746   5.75348   ],20.0000,6.0000,[186.70624    22.64975     5.8250833],20.0000,6.0000,[181.2992     65.26446     0.6127621],20.0000,6.0000,[1.8385118e+02 9.4197315e-01 6.0960773e-02],20.0000,0.0000,[1.6624069e+02 1.1472789e+02 5.7880390e-02],20.0000,6.0000,[182.43803   -12.409099    6.2787147],20.0000,0.0000,[166.65462     94.9796       0.19108061],20.0000,4.0000,[205.50674    89.10778     0.5091968],20.0000,4.0000,[196.68736     72.649        0.49436006],20.0000,4.0000,[1.73375473e+02 1.37168274e+01 1.08495876e-01],20.0000,3.0000,[186.93088  -96.16367    5.085782],20.0000,4.0000
157,[166.78394    29.432991    5.9515777],20.0000,6.0000,[167.43031     49.90817      0.24910016],20.0000,6.0000,[163.44623     18.331512     0.18045431],20.0000,0.0000,[156.6374      89.6995       0.32150277],20.0000,6.0000,[163.1781      -0.21854404   5.855915  ],20.0000,0.0000,[187.72993    22.257652    5.9093657],20.0000,6.0000,[182.19438    65.88908     0.8284442],20.0000,0.0000,[184.93893     1.0376672   6.013405 ],20.0000,6.0000,[1.67327713e+02 1.14837555e+02 1.47695392e-01],20.0000,0.0000,[183.52989  -12.345343   5.957096],20.0000,6.0000,[167.22157     95.09597      0.19149624],20.0000,4.0000,[206.01201     89.390015     0.50920177],20.0000,4.0000,[197.19676     72.92369      0.49436417],20.0000,4.0000,[173.93806   13.896586   6.278369],20.0000,3.0000,[187.18239   -96.68672     5.0553036],20.0000,4.0000
158,[167.85883    29.20194     6.0474405],20.0000,6.0000,[168.48643     50.184116     0.46763965],20.0000,0.0000,[164.50891    18.588463    6.1387396],20.0000,6.0000,[157.65881     90.0871       0.41097406],20.0000,0.0000,[164.21442    -0.5766623   5.5672035],20.0000,6.0000,[188.76918    21.917892    6.1463003],20.0000,0.0000,[182.96048   66.66756    0.534246],20.0000,6.0000,[186.01666      0.83953875   6.096379  ],20.0000,6.0000,[168.40205   115.03407     6.1024055],20.0000,6.0000,[184.60487  -12.573878   6.050584],20.0000,6.0000,[167.78856     95.21227      0.19188467],20.0000,4.0000,[206.51727    89.67226     0.5092065],20.0000,4.0000,[197.70618    73.19838     0.4943681],20.0000,4.0000,[174.51741    14.018834    6.1745563],20.0000,3.0000,[187.42038   -97.21628     5.0481987],20.0000,4.0000
159,[1.6893936e+02 2.9026806e+01 1.9612582e-02],20.0000,0.0000,[169.4736     50.650784    0.1747898],20.0000,6.0000,[165.60684   18.55334    6.229646],20.0000,0.0000,[1.5864551e+02 9.0555222e+01 8.2048431e-02],20.0000,6.0000,[165.1342     -1.1824646   5.681012 ],20.0000,6.0000,[189.8528    21.78541    5.868619],20.0000,6.0000,[183.88742     67.24449      0.61895585],20.0000,6.0000,[1.8710036e+02 6.9570947e-01 4.7734533e-02],20.0000,6.0000,[169.49416  114.93816    6.186975],20.0000,6.0000,[ 1.8568552e+02 -1.2747473e+01  2.0028517e-02],20.0000,0.0000,[168.35555     95.328514     0.19224824],20.0000,4.0000,[207.02254     89.95449      0.50921106],20.0000,4.0000,[198.21558     73.47307      0.49437192],20.0000,4.0000,[175.10663   14.083376   6.077429],20.0000,3.0000,[187.65244   -97.74827     5.0504737],20.0000,4.0000
160,[170.03018    29.075312    6.0363207],20.0000,6.0000,[170.54282     50.872967     0.26157224],20.0000,6.0000,[166.70193   18.590239   5.928486],20.0000,6.0000,[159.72513     90.745285     0.16629703],20.0000,6.0000,[166.08359    -1.7282552   5.951156 ],20.0000,0.0000,[190.88058    21.41097     5.9632006],20.0000,6.0000,[184.77649    67.87778     0.8356085],20.0000,6.0000,[188.19083      0.74448305   0.31901714],20.0000,0.0000,[1.70586792e+02 1.14896866e+02 1.41222581e-01],20.0000,0.0000,[186.77632  -12.699318   6.035307],20.0000,6.0000,[168.92253     95.444695     0.19258904],20.0000,4.0000,[207.5278     90.236725    0.5092155],20.0000,4.0000,[198.72499    73.74776     0.4943756],20.0000,4.0000,[175.69946    14.091088    5.9840765],20.0000,4.0000,[187.88213   -98.28099     5.0559506],20.0000,4.0000
161,[171.10774   28.88439    6.134972],20.0000,6.0000,[171.59541     51.162045     0.48010564],20.0000,6.0000,[167.77547    18.345942    6.0359497],20.0000,0.0000,[160.79117     90.988235     0.40317348],20.0000,0.0000,[167.12463   -2.05765    5.690899],20.0000,6.0000,[191.9287    21.103687   6.193199],20.0000,0.0000,[185.54764    68.652115    1.0923693],20.0000,0.0000,[1.8924332e+02 1.0383112e+00 4.0113967e-02],20.0000,6.0000,[171.66508  115.06737    6.147051],20.0000,6.0000,[187.8536    -12.891703    6.1334796],20.0000,0.0000,[169.48955     95.56081      0.19290893],20.0000,4.0000,[208.03308     90.51895      0.50921977],20.0000,4.0000,[199.2344      74.022446     0.49437913],20.0000,4.0000,[176.28944    14.040305    5.9840927],20.0000,4.0000,[188.11096   -98.8138      5.0619907],20.0000,4.0000
162,[1.7219362e+02 2.8765364e+01 8.5380912e-02],20.0000,0.0000,[172.58495    51.625145    0.7378044],20.0000,0.0000,[168.85962   18.180988   5.75163 ],20.0000,6.0000,[1.6178870e+02 9.1431740e+01 1.2545404e-01],20.0000,6.0000,[168.07349    -2.602785    5.7913065],20.0000,6.0000,[193.01555    21.002584    5.9076076],20.0000,6.0000,[186.13216    69.57859     0.8031097],20.0000,6.0000,[1.9033360e+02 1.0917875e+00 1.2598024e-01],20.0000,0.0000,[172.75624  114.99013    6.241752],20.0000,6.0000,[188.94194  -12.994914   5.816229],20.0000,6.0000,[170.05656     95.67687      0.19320954],20.0000,4.0000,[208.53835    90.801186    0.5092239],20.0000,4.0000,[199.7438      74.29713      0.49438256],20.0000,4.0000,[176.87314    13.96918     6.0164785],20.0000,4.0000,[188.33958  -99.34645    5.067589],20.0000,4.0000
163,[173.28119    28.858587    6.0849066],20.0000,6.0000,[173.45126     52.2949       0.45013753],20.0000,6.0000,[169.87505    17.754372    5.8673344],20.0000,0.0000,[162.86276    91.63899     0.2200211],20.0000,6.0000,[169.0553     -3.0815985   6.0252666],20.0000,0.0000,[194.05101    20.652876    5.9990187],20.0000,0.0000,[186.90492    70.34977     0.8730529],20.0000,6.0000,[191.41603     1.2326778   6.0742636],20.0000,6.0000,[173.84845    114.983086     0.18869697],20.0000,0.0000,[189.97058   -13.379289    5.9084888],20.0000,6.0000,[170.62358    95.79288     0.1934924],20.0000,4.0000,[209.04361    91.08341     0.5092279],20.0000,4.0000,[200.25322     74.571815     0.49438587],20.0000,4.0000,[177.45312   13.896031   6.051851],20.0000,,[188.56822   -99.87893     5.0724635],20.0000,4.0000
164,[174.36258   28.699478   6.176983],20.0000,6.0000,[174.44147    52.75455     0.5225144],20.0000,6.0000,[170.91621   17.409985   5.587752],20.0000,6.0000,[163.91971     91.914276     0.45000434],20.0000,6.0000,[170.11053   -3.360793   5.74151 ],20.0000,6.0000,[195.11075    20.387806    5.6728506],20.0000,6.0000,[187.63647    71.16087     1.0813532],20.0000,0.0000,[192.4991      1.0781962   6.1539693],20.0000,0.0000,[174.92116   115.18502     6.1863675],20.0000,6.0000,[191.01382   -13.709045    6.1566796],20.0000,0.0000,[171.19061     95.90883      0.19375883],20.0000,,[209.54887    91.36564     0.5092317],20.0000,4.0000,[200.76263     74.8465       0.49438906],20.0000,4.0000,[177.45312   13.896031   6.051851],20.0000,,[ 188.79692   -100.41123      5.0766172],20.0000,4.0000
165,[1.75450836e+02 2.86104488e+01 1.19028136e-01],20.0000,6.0000,[175.40569     53.267498     0.73200816],20.0000,0.0000,[171.84776    16.822622    5.7047405],20.0000,6.0000,[164.91167    92.37028     0.7149551],20.0000,0.0000,[171.07478    -3.8754597   5.833517 ],20.0000,0.0000,[196.06659    19.849922    5.7590904],20.0000,6.0000,[188.21089    72.09165     0.7811933],20.0000,6.0000,[193.58939     0.9978622   5.8288164],20.0000,6.0000,[176.01288  115.13386    6.277808],20.0000,6.0000,[192.0996   -13.823661   5.88576 ],20.0000,6.0000,[171.19061     95.90883      0.19375883],20.0000,,[210.05415    91.64787     0.5092354],20.0000,4.0000,[201.27203     75.12118      0.49439216],20.0000,4.0000,[177.45312   13.896031   6.051851],20.0000,,[ 189.02563   -100.94342      5.0801435],20.0000,4.0000
166,[176.53818    28.710657    0.3807706],20.0000,6.0000,[176.26256    53.94705     0.4326613],20.0000,6.0000,[172.80917   16.298508   5.975547],20.0000,6.0000,[165.7793     93.035934    0.4331142],20.0000,6.0000,[172.07692   -4.31035    5.507956],20.0000,6.0000,[197.04524    19.361837    5.9992647],20.0000,6.0000,[188.98593    72.86029     0.8564829],20.0000,6.0000,[194.62389     0.6287016   5.9193454],20.0000,6.0000,[177.10455    115.15292      0.21904704],20.0000,0.0000,[193.1354   -14.176264   5.98278 ],20.0000,0.0000,[171.19061     95.90883      0.19375883],20.0000,,[210.55942     91.9301       0.50923896],20.0000,4.0000,[201.78145    75.39587     0.4943951],20.0000,4.0000,[177.45312   13.896031   6.051851],20.0000,,[ 189.25435  -101.47552     5.083151],20.0000,3.0000
167,[177.58545    29.031647    0.6475645],20.0000,6.0000,[177.25285     54.40617      0.50882536],20.0000,6.0000,[173.85222   15.976581   6.265569],20.0000,6.0000,[166.77087    93.49227     0.5141404],20.0000,0.0000,[172.93217    -4.997154    5.5945826],20.0000,0.0000,[198.09344    19.057243    6.2742076],20.0000,6.0000,[189.71692    73.6712      1.0679489],20.0000,0.0000,[195.6714       0.31225237   6.1681304 ],20.0000,6.0000,[178.17291   115.37714     6.2129245],20.0000,6.0000,[194.19551   -14.442986    5.6644773],20.0000,6.0000,[171.19061     95.90883      0.19375883],20.0000,,[211.0647     92.21232     0.5092424],20.0000,4.0000,[202.29086     75.67055      0.49439797],20.0000,4.0000,[177.45312   13.896031   6.051851],20.0000,,[ 189.48581  -102.00648     4.993977],20.0000,4.0000
168,[178.54282     29.575367     0.90001166],20.0000,6.0000,[178.21576     54.920647     0.72064996],20.0000,0.0000,[174.9425      15.895558     0.25957066],20.0000,6.0000,[167.72447    94.0235      0.1770194],20.0000,6.0000,[173.8294    -5.624681   5.284761],20.0000,6.0000,[199.18436     18.981998     0.26379782],20.0000,6.0000,[190.28986    74.60185     0.7712801],20.0000,6.0000,[1.9675653e+02 1.9385819e-01 1.6544157e-01],20.0000,6.0000,[1.7926498e+02 1.1534614e+02 1.9374080e-02],20.0000,6.0000,[195.15372  -14.979145   5.756145],20.0000,0.0000,[171.19061     95.90883      0.19375883],20.0000,,[211.56996     92.494545     0.50924575],20.0000,4.0000,[202.80028     75.94522      0.49440074],20.0000,4.0000,[177.45312   13.896031   6.051851],20.0000,,[ 189.68527  -102.551254    4.962748],20.0000,4.0000
169,[179.3604     30.320066    1.1238966],20.0000,0.0000,[179.07051     55.601566     0.42421788],20.0000,6.0000,[176.02905    16.05688     0.5239939],20.0000,6.0000,[168.78763     94.27906      0.25565103],20.0000,6.0000,[174.53697    -6.4672937   5.386485 ],20.0000,0.0000,[200.27072    19.146051    0.5261064],20.0000,6.0000,[191.06404    75.37144     0.8519485],20.0000,6.0000,[197.84329      0.31308943   0.4400258 ],20.0000,0.0000,[180.35599    115.38504      0.24121425],20.0000,0.0000,[196.14359   -15.448395    5.4531574],20.0000,6.0000,[171.19061     95.90883      0.19375883],20.0000,,[212.07524   92.77677    0.509249],20.0000,4.0000,[203.3097      76.2199       0.49440342],20.0000,4.0000,[177.45312   13.896031   6.051851],20.0000,,[ 189.87076   -103.1012       4.9547925],20.0000,4.0000
170,[179.98837     31.229544     0.76811594],20.0000,6.0000,[180.05994    56.062737    0.5052254],20.0000,6.0000,[177.05743     16.458914     0.76214236],20.0000,0.0000,[169.83466     94.58971      0.47801095],20.0000,0.0000,[175.29893    -7.2556763   5.0971193],20.0000,6.0000,[201.29866     19.54955      0.76274496],20.0000,0.0000,[191.79086    76.18589     1.0659493],20.0000,0.0000,[1.9887521e+02 6.8384349e-01 1.5333629e-01],20.0000,6.0000,[181.42053  115.62711    6.233461],20.0000,6.0000,[196.98488   -16.158192    5.5589724],20.0000,0.0000,[171.19061     95.90883      0.19375883],20.0000,,[212.5805     93.05899     0.5092521],20.0000,4.0000,[203.81909     76.49458      0.49440598],20.0000,3.0000,[177.45312   13.896031   6.051851],20.0000,,[ 190.05014 -103.65302    4.95624],20.0000,4.0000
171,[180.81226     31.947758     0.77656275],20.0000,6.0000,[181.01991     56.582386     0.71941316],20.0000,0.0000,[177.96455     17.089468     0.41779482],20.0000,6.0000,[170.8053      95.08906      0.18982685],20.0000,6.0000,[175.84448    -8.2124195   5.2106323],20.0000,0.0000,[202.20547    20.180563    0.4174484],20.0000,6.0000,[192.35764    77.11982     0.7709057],20.0000,6.0000,[199.95851      0.8211542    0.21900694],20.0000,0.0000,[1.82512756e+02 1.15613495e+02 3.88335995e-02],20.0000,6.0000,[197.87172  -16.803116   5.272971],20.0000,6.0000,[171.19061     95.90883      0.19375883],20.0000,,[213.08578     93.34122      0.50925505],20.0000,4.0000,[204.3271      76.77188      0.40264985],20.0000,4.0000,[177.45312   13.896031   6.051851],20.0000,,[ 190.22704   -104.2054       4.9610043],20.0000,4.0000
172,[181.6318    32.671104   0.956223],20.0000,0.0000,[181.86975     57.268803     0.42447174],20.0000,6.0000,[178.98544   17.48005    0.431136],20.0000,6.0000,[171.86687     95.34906      0.28057137],20.0000,6.0000,[176.45909    -9.120688    4.9300804],20.0000,6.0000,[203.22643     20.570961     0.43047377],20.0000,6.0000,[193.12698     77.894394     0.85414416],20.0000,6.0000,[201.03033     1.0297538   6.1573205],20.0000,6.0000,[183.60297    115.66946      0.25931603],20.0000,0.0000,[198.57634   -17.649595    5.3878813],20.0000,0.0000,[171.19061     95.90883      0.19375883],20.0000,,[213.59105    93.623436    0.5092579],20.0000,4.0000,[204.8511      77.01854      0.36903438],20.0000,4.0000,[177.45312   13.896031   6.051851],20.0000,,[ 190.40302  -104.75783     4.966479],20.0000,4.0000
173,[182.3258     33.517334    0.6435793],20.0000,6.0000,[182.85619     57.736618     0.50788057],20.0000,6.0000,[180.0024     17.881237    0.6123453],20.0000,0.0000,[172.90869    95.67575     0.5048494],20.0000,0.0000,[176.83772  -10.154875   5.046937],20.0000,0.0000,[204.24355     20.971676     0.61160684],20.0000,6.0000,[193.84727    78.71458     1.0697082],20.0000,0.0000,[202.11897      0.93784857   6.231371  ],20.0000,0.0000,[184.66386  115.92734    6.250746],20.0000,6.0000,[199.34128   -18.435411    5.1078916],20.0000,6.0000,[171.19061     95.90883      0.19375883],20.0000,,[214.09633    93.905655    0.5092607],20.0000,4.0000,[205.38109     77.25262      0.35759836],20.0000,3.0000,[177.45312   13.896031   6.051851],20.0000,,[ 190.57875   -105.31014      4.9716463],20.0000,4.0000
174,[183.20161     34.168846     0.71250683],20.0000,6.0000,[183.81184    58.26408     0.7235617],20.0000,0.0000,[180.94229     18.4422       0.29964122],20.0000,6.0000,[173.87027     96.19249      0.21556897],20.0000,6.0000,[177.29523  -11.151461   4.767402],20.0000,6.0000,[205.19398     21.517508     0.84948707],20.0000,0.0000,[194.40555     79.65335      0.77545667],20.0000,6.0000,[203.21106      0.91993374   5.8970737 ],20.0000,6.0000,[1.8575606e+02 1.1592959e+02 5.5452924e-02],20.0000,6.0000,[199.89658  -19.38644    5.224793],20.0000,0.0000,[171.19061     95.90883      0.19375883],20.0000,,[214.6016     94.187874    0.5092634],20.0000,4.0000,[205.91246     77.484024     0.26341715],20.0000,4.0000,[177.45312   13.896031   6.051851],20.0000,,[ 190.75446   -105.8623       4.9761972],20.0000,4.0000
175,[184.04332     34.864246     0.92157465],20.0000,0.0000,[184.65524    58.95808     0.4293631],20.0000,6.0000,[181.98698     18.758677     0.36779714],20.0000,6.0000,[174.92668     96.47111      0.30525917],20.0000,0.0000,[177.50044  -12.233366   4.884132],20.0000,0.0000,[206.00854    22.254778    0.5406693],20.0000,6.0000,[195.16809    80.43476     0.8600694],20.0000,6.0000,[204.26202     0.6067205   5.980692 ],20.0000,0.0000,[186.84532    116.00115      0.27516404],20.0000,0.0000,[200.523    -20.286465   4.945092],20.0000,6.0000,[171.19061     95.90883      0.19375883],20.0000,,[215.10687   94.47009    0.509266],20.0000,4.0000,[206.45874     77.68111      0.23139222],20.0000,4.0000,[177.45312   13.896031   6.051851],20.0000,,[ 190.93019  -106.414314    4.980107],20.0000,4.0000
176,[184.74759     35.70007      0.62388265],20.0000,6.0000,[185.6375     59.434803    0.5140721],20.0000,6.0000,[183.01468    19.127415    0.5765198],20.0000,0.0000,[175.95695   96.83346    6.259843],20.0000,6.0000,[177.78981  -13.291024   4.604016],20.0000,6.0000,[206.9642      22.783619     0.59059507],20.0000,6.0000,[195.88046    81.26182     1.0766442],20.0000,0.0000,[205.32921    0.362248   5.668756],20.0000,6.0000,[187.90259  116.27374    6.266147],20.0000,6.0000,[200.9161   -21.315088   5.061692],20.0000,0.0000,[171.19061     95.90883      0.19375883],20.0000,,[215.61215    94.75231     0.5092685],20.0000,4.0000,[207.01048     77.86294      0.22462027],20.0000,3.0000,[177.45312   13.896031   6.051851],20.0000,,[ 191.10596  -106.96623     4.983447],20.0000,4.0000
177,[185.6273     36.346363    0.7037347],20.0000,6.0000,[186.58798    59.971523    0.7307241],20.0000,0.0000,[183.9608     19.67474     0.2785593],20.0000,6.0000,[1.7705058e+02 9.6909714e+01 6.1144911e-02],20.0000,6.0000,[177.81606   -14.391873    4.7203627],20.0000,0.0000,[207.89963    23.34855     0.7892651],20.0000,0.0000,[196.42902     82.20618      0.78282267],20.0000,6.0000,[ 2.0630074e+02 -1.5417688e-01  5.7695932e+00],20.0000,0.0000,[1.8899460e+02 1.1629098e+02 7.0438214e-02],20.0000,6.0000,[201.38771   -22.305017    4.7814674],20.0000,6.0000,[171.19061     95.90883      0.19375883],20.0000,,[216.11743    95.03453     0.5092709],20.0000,4.0000,[2.0756346e+02 7.8041054e+01 1.3615696e-01],20.0000,4.0000,[177.45312   13.896031   6.051851],20.0000,,[ 191.28171   -107.518074     4.9863105],20.0000,4.0000
178,[186.46727     37.04357      0.91733557],20.0000,0.0000,[187.42404     60.674152     0.43693283],20.0000,6.0000,[185.00761     19.984192     0.35802358],20.0000,6.0000,[178.13622     97.039986     0.29844347],20.0000,0.0000,[177.92903   -15.48256     4.4399605],20.0000,6.0000,[208.72366    24.068615    0.4838779],20.0000,6.0000,[197.18361     82.99536      0.86823595],20.0000,6.0000,[207.30217     -0.60058355   5.4797444 ],20.0000,6.0000,[190.08276    116.37733      0.28969243],20.0000,0.0000,[201.60786  -23.38395    4.897769],20.0000,6.0000,[171.19061     95.90883      0.19375883],20.0000,,[216.6227     95.31674     0.5092733],20.0000,4.0000,[2.0812814e+02 7.8183189e+01 1.0959122e-01],20.0000,4.0000,[177.45312   13.896031   6.051851],20.0000,,[ 191.45741   -108.06986      4.9887815],20.0000,4.0000
179,[187.16696    37.88261     0.6220886],20.0000,6.0000,[188.40141    61.160976    0.5224042],20.0000,6.0000,[186.03442     20.354763     0.57142395],20.0000,0.0000,[1.7917453e+02 9.7377113e+01 2.1000130e-02],20.0000,6.0000,[177.77515  -16.572916   4.5562  ],20.0000,6.0000,[209.69232    24.571827    0.5550922],20.0000,6.0000,[197.88719    83.8299      1.0854839],20.0000,0.0000,[208.16556    -1.2843767   5.593135 ],20.0000,0.0000,[191.13634   116.66396     6.2804184],20.0000,6.0000,[201.89403  -24.440863   5.167901],20.0000,0.0000,[171.19061     95.90883      0.19375883],20.0000,,[217.12798    95.59896     0.5092755],20.0000,4.0000,[2.08696518e+02 7.83090897e+01 1.08638726e-01],20.0000,3.0000,[177.45312   13.896031   6.051851],20.0000,,[ 191.63307   -108.62162      4.9909315],20.0000,4.0000
180,[188.04318    38.53381     0.7050286],20.0000,6.0000,[189.34613     61.70779      0.73970413],20.0000,0.0000,[186.97754    20.906267    0.2760608],20.0000,6.0000,[1.8026434e+02 9.7471504e+01 1.1566979e-01],20.0000,6.0000,[177.69078   -17.664635    4.8263183],20.0000,0.0000,[210.63332    25.12559     0.7649395],20.0000,0.0000,[198.42528    84.78018     0.7919735],20.0000,6.0000,[209.07481    -1.8975345   5.3126097],20.0000,6.0000,[1.92227982e+02 1.16695656e+02 8.44481066e-02],20.0000,6.0000,[202.39828   -25.409334    4.9070683],20.0000,6.0000,[171.19061     95.90883      0.19375883],20.0000,,[217.63326    95.88117     0.5092777],20.0000,4.0000,[2.0926537e+02 7.8431404e+01 2.5380543e-02],20.0000,4.0000,[177.45312   13.896031   6.051851],20.0000,,[ 191.80867  -109.173355    4.992817],20.0000,4.0000
181,[188.87782     39.237293     0.92039514],20.0000,0.0000,[190.17432     62.419575     0.44621906],20.0000,6.0000,[188.02286     21.221123     0.35881153],20.0000,6.0000,[181.34421     97.63538      0.34576583],20.0000,0.0000,[177.84149   -18.746063    4.5654902],20.0000,6.0000,[211.46028     25.840342     0.46732175],20.0000,6.0000,[199.17119    85.577644    0.8778878],20.0000,6.0000,[209.81216    -2.7156036   5.4295163],20.0000,0.0000,[193.31493    116.79629      0.30342516],20.0000,0.0000,[202.68452   -26.465466    5.0071735],20.0000,0.0000,[171.19061     95.90883      0.19375883],20.0000,,[218.13853    96.16339     0.5092798],20.0000,4.0000,[2.0984212e+02 7.8517136e+01 2.8116140e-03],20.0000,4.0000,[177.45312   13.896031   6.051851],20.0000,,[ 191.98418  -109.725075    4.994483],20.0000,4.0000
182,[189.57011    40.08215     0.6260526],20.0000,6.0000,[191.14629   62.91719    0.532171],20.0000,6.0000,[189.04686   21.599173   0.574054],20.0000,0.0000,[1.8237215e+02 9.8002594e+01 6.0231280e-02],20.0000,6.0000,[177.75743   -19.837063    4.6655993],20.0000,0.0000,[212.43053     26.340544     0.54683596],20.0000,6.0000,[199.86537    86.42004     1.0955868],20.0000,0.0000,[210.60866    -3.4693258   5.150039 ],20.0000,6.0000,[1.9436472e+02 1.1709657e+02 1.0812383e-02],20.0000,6.0000,[203.05794   -27.492844    4.6901836],20.0000,6.0000,[171.19061     95.90883      0.19375883],20.0000,,[218.64381    96.4456      0.5092818],20.0000,4.0000,[2.1042068e+02 7.8586594e+01 5.2766688e-03],20.0000,4.0000,[177.45312   13.896031   6.051851],20.0000,,[ 192.15959   -110.2768       4.9959645],20.0000,4.0000
183,[190.44081    40.740875    0.7105036],20.0000,6.0000,[192.0848      63.474613     0.74990475],20.0000,0.0000,[189.98508     22.158484     0.27965283],20.0000,6.0000,[1.8345844e+02 9.8122772e+01 1.5166435e-01],20.0000,6.0000,[177.76515   -20.930174    4.3486166],20.0000,6.0000,[213.36963    26.89708     0.7602405],20.0000,0.0000,[200.39247     87.376396     0.80229974],20.0000,6.0000,[211.20299   -4.396367   5.266797],20.0000,0.0000,[1.9545583e+02 1.1714238e+02 9.7863384e-02],20.0000,6.0000,[203.15224   -28.58676     4.7821426],20.0000,6.0000,[171.19061     95.90883      0.19375883],20.0000,,[219.1491     96.72782     0.5092838],20.0000,4.0000,[2.109991e+02 7.864991e+01 1.642306e-02],20.0000,3.0000,[177.45312   13.896031   6.051851],20.0000,,[ 192.33493 -110.82853    4.99729],20.0000,4.0000
184,[191.2688      41.45217      0.92695093],20.0000,0.0000,[192.9047      64.19588      0.45663536],20.0000,6.0000,[191.02782    22.482103    0.3639991],20.0000,6.0000,[184.53369   98.31231    0.376078],20.0000,0.0000,[177.4876   -21.992487   4.440581],20.0000,6.0000,[214.1926      27.61566      0.46486342],20.0000,6.0000,[201.12918     88.18242      0.88853115],20.0000,0.0000,[211.86636    -5.2694764   4.9866962],20.0000,6.0000,[196.54138    117.256996     0.31666985],20.0000,0.0000,[203.30226   -29.670492    5.0296144],20.0000,0.0000,[171.19061     95.90883      0.19375883],20.0000,,[219.65436    97.01003     0.5092856],20.0000,4.0000,[211.57686    78.71466     6.2203975],20.0000,4.0000,[177.45312   13.896031   6.051851],20.0000,,[ 192.51016  -111.380264    4.998482],20.0000,4.0000
185,[191.95241    42.303883    0.6330787],20.0000,6.0000,[193.87088     64.704704     0.54289055],20.0000,0.0000,[192.04826    22.869633    0.5803653],20.0000,0.0000,[1.8555385e+02 9.8700821e+01 8.6763613e-02],20.0000,6.0000,[177.26595  -23.063866   4.688059],20.0000,0.0000,[215.16032    28.120964    0.5475672],20.0000,6.0000,[201.79967    89.04408     0.5559747],20.0000,6.0000,[212.30176   -6.280902   5.103047],20.0000,6.0000,[1.9758727e+02 1.1757067e+02 2.3963921e-02],20.0000,6.0000,[203.66443  -30.700464   4.758225],20.0000,6.0000,[171.19061     95.90883      0.19375883],20.0000,,[220.15964    97.292244    0.5092875],20.0000,4.0000,[212.15863   78.74451    6.198121],20.0000,4.0000,[177.45312   13.896031   6.051851],20.0000,,[ 192.6853   -111.932014    4.99956 ],20.0000,4.0000
186,[192.81653    42.971348    0.7183951],20.0000,0.0000,[194.7936      65.28832      0.21035676],20.0000,6.0000,[192.9807      23.43824      0.28646016],20.0000,6.0000,[1.8663733e+02 9.8840965e+01 1.7639476e-01],20.0000,6.0000,[177.2622    -24.155651    4.4166727],20.0000,6.0000,[216.09528     28.684322     0.76277745],20.0000,0.0000,[202.6788     89.69745     0.6377277],20.0000,6.0000,[212.79735    -7.2572966   5.373195 ],20.0000,0.0000,[1.98677689e+02 1.17630379e+02 1.10911615e-01],20.0000,6.0000,[203.78983  -31.787413   4.855069],20.0000,6.0000,[171.19061     95.90883      0.19375883],20.0000,,[220.66492     97.574455     0.50928926],20.0000,4.0000,[212.74072   78.75898    6.199352],20.0000,4.0000,[177.45312   13.896031   6.051851],20.0000,,[ 192.86037  -112.48377     5.000538],20.0000,4.0000
187,[193.62529     43.70469      0.38500577],20.0000,6.0000,[195.84207     65.605286     0.29212445],20.0000,6.0000,[194.02025     23.772213     0.37171423],20.0000,0.0000,[187.70883  99.04998   0.39823],20.0000,0.0000,[177.0163    -25.221817    4.5135183],20.0000,6.0000,[216.91199     29.409626     0.46836036],20.0000,6.0000,[203.52235    90.39248     0.8697994],20.0000,0.0000,[213.48843   -8.102643   5.112363],20.0000,6.0000,[199.76169    117.75878      0.32961217],20.0000,0.0000,[203.9855    -32.86206     5.0871553],20.0000,0.0000,[171.19061     95.90883      0.19375883],20.0000,,[221.1702      97.85667      0.50929093],20.0000,4.0000,[213.32222    78.76757     6.2089405],20.0000,4.0000,[177.45312   13.896031   6.051851],20.0000,,[ 193.03532   -113.03555      5.0014286],20.0000,4.0000
188,[194.60378     44.196465     0.46622452],20.0000,6.0000,[196.87119     65.9735       0.52422774],20.0000,0.0000,[1.9503014e+02 2.4186928e+01 3.8270425e-02],20.0000,6.0000,[1.8872244e+02 9.9455528e+01 1.0728817e-01],20.0000,6.0000,[176.8407    -26.29993     4.7456055],20.0000,0.0000,[217.87555    29.923012    0.5526772],20.0000,6.0000,[204.21721     91.23439      0.58884007],20.0000,6.0000,[213.98395    -9.078251    5.2124662],20.0000,0.0000,[2.00803528e+02 1.18085655e+02 3.68488766e-02],20.0000,6.0000,[204.38411  -33.878227   4.802712],20.0000,6.0000,[171.19061     95.90883      0.19375883],20.0000,,[221.67548    98.13888     0.5092926],20.0000,4.0000,[213.90309    78.77457     6.2201443],20.0000,4.0000,[177.45312   13.896031   6.051851],20.0000,,[ 193.21019  -113.58735     5.002243],20.0000,4.0000
189,[195.55444     44.735603     0.69711655],20.0000,0.0000,[197.81012     66.530304     0.24329038],20.0000,6.0000,[1.9611752e+02 2.4316734e+01 1.1945490e-01],20.0000,6.0000,[189.80336     99.61286      0.19584404],20.0000,6.0000,[176.87593  -27.390915   4.461162],20.0000,6.0000,[218.80525    30.494984    0.7690207],20.0000,0.0000,[205.0873      91.89697      0.68220305],20.0000,0.0000,[214.55894   -10.0079365   4.895472 ],20.0000,6.0000,[2.01893112e+02 1.18159126e+02 1.23731546e-01],20.0000,6.0000,[204.53845   -34.96027     4.8945312],20.0000,0.0000,[171.19061     95.90883      0.19375883],20.0000,,[222.18076     98.42109      0.50929415],20.0000,4.0000,[214.48344   78.78165    6.230356],20.0000,4.0000,[177.45312   13.896031   6.051851],20.0000,,[ 193.38498   -114.13916      5.0029902],20.0000,4.0000
190,[196.38448     45.444584     0.41533062],20.0000,6.0000,[198.85321     66.85903      0.33666152],20.0000,6.0000,[197.19485     24.500559     0.35026848],20.0000,0.0000,[190.8714      99.83859      0.41632375],20.0000,0.0000,[176.65892  -28.462149   4.552982],20.0000,6.0000,[219.61458     31.228312     0.47510627],20.0000,6.0000,[205.90097    92.626526    0.3601889],20.0000,6.0000,[214.87427   -11.059661    4.9874277],20.0000,6.0000,[202.97542  118.301186   0.342366],20.0000,0.0000,[204.77939   -36.025806    4.5688944],20.0000,6.0000,[171.19061     95.90883      0.19375883],20.0000,,[222.68604    98.7033      0.5092957],20.0000,4.0000,[215.0634    78.78929    6.238898],20.0000,4.0000,[177.45312   13.896031   6.051851],20.0000,,[ 193.55966  -114.69099     5.003677],20.0000,4.0000
191,[197.35631     45.946033     0.50838816],20.0000,6.0000,[199.87178    67.25305     0.5652099],20.0000,0.0000,[1.9821649e+02 2.4885075e+01 6.8427101e-02],20.0000,6.0000,[1.9187894e+02 1.0025918e+02 1.2456654e-01],20.0000,6.0000,[176.51144  -29.544006   4.777897],20.0000,6.0000,[220.57309    31.751244    0.5603427],20.0000,6.0000,[206.88191     93.11899      0.44961616],20.0000,0.0000,[215.24203   -12.090059    5.2348957],20.0000,0.0000,[2.0401306e+02 1.1864113e+02 4.9567070e-02],20.0000,6.0000,[204.73022   -37.121593    4.6555033],20.0000,6.0000,[171.19061     95.90883      0.19375883],20.0000,,[223.19131     98.985504     0.50929713],20.0000,4.0000,[215.64308   78.7975     6.245837],20.0000,4.0000,[177.45312   13.896031   6.051851],20.0000,,[ 193.73428   -115.242836     5.0043106],20.0000,4.0000
192,[198.29297    46.507603    0.7365176],20.0000,0.0000,[200.7962      67.83352      0.27873558],20.0000,6.0000,[1.9930093e+02 2.5026167e+01 1.6146424e-01],20.0000,6.0000,[192.95735    100.43218      0.21245761],20.0000,0.0000,[176.55276   -30.635195    5.0394464],20.0000,6.0000,[221.49681     32.332813     0.77743554],20.0000,0.0000,[2.0782582e+02 9.3674538e+01 1.4400904e-01],20.0000,6.0000,[215.80655   -13.024581    4.9635034],20.0000,6.0000,[2.0510164e+02 1.1872829e+02 1.3640881e-01],20.0000,6.0000,[204.73586  -38.215237   4.896238],20.0000,6.0000,[171.19061     95.90883      0.19375883],20.0000,,[223.6966      99.267715     0.50929856],20.0000,4.0000,[216.22256    78.806145    6.2514577],20.0000,4.0000,[177.45312   13.896031   6.051851],20.0000,,[ 193.90881  -115.79471     5.004896],20.0000,4.0000
193,[199.10533     47.236706     0.44977996],20.0000,6.0000,[201.83109     68.1847       0.36979857],20.0000,6.0000,[200.37273     25.235754     0.38956565],20.0000,0.0000,[194.01826   100.690605    6.1648006],20.0000,6.0000,[176.81662  -31.698338   5.306109],20.0000,6.0000,[222.29807  33.07482   0.48385],20.0000,6.0000,[208.88586     93.97053      0.24836178],20.0000,0.0000,[216.1509    -14.063147    5.0603466],20.0000,6.0000,[206.18207    118.8839       0.35500187],20.0000,0.0000,[204.93698   -39.2881      5.1715274],20.0000,6.0000,[171.19061     95.90883      0.19375883],20.0000,,[224.20187     99.54993      0.50929993],20.0000,4.0000,[216.80188   78.81508    6.256048],20.0000,4.0000,[177.45312   13.896031   6.051851],20.0000,,[ 194.08327  -116.34659     5.005439],20.0000,4.0000
194,[200.06555    47.758442    0.5407328],20.0000,6.0000,[202.84033    68.6012      0.5936892],20.0000,6.0000,[2.01384628e+02 2.56451416e+01 1.02810316e-01],20.0000,6.0000,[195.11351  100.657005   6.247704],20.0000,0.0000,[177.30775  -32.683765   5.558347],20.0000,6.0000,[223.25092    33.608112    0.5696508],20.0000,6.0000,[209.91832   94.33982    6.244446],20.0000,6.0000,[216.56151   -15.075349    5.2924323],20.0000,6.0000,[2.0721538e+02 1.1923681e+02 6.2180683e-02],20.0000,6.0000,[205.36229   -40.295494    5.4444137],20.0000,0.0000,[171.19061     95.90883      0.19375883],20.0000,,[224.70715    99.83213     0.5093013],20.0000,4.0000,[217.38109   78.82419    6.259849],20.0000,4.0000,[177.45312   13.896031   6.051851],20.0000,,[ 194.25766   -116.89849      5.0059423],20.0000,4.0000
195,[200.98946    48.34018     0.7644655],20.0000,0.0000,[203.76314    69.185104    0.8545954],20.0000,6.0000,[2.0246504e+02 2.5809229e+01 1.9375560e-01],20.0000,6.0000,[196.20712  100.695816   5.931558],20.0000,6.0000,[178.0071    -33.5405      5.7819896],20.0000,0.0000,[224.16815    34.19987     0.7872458],20.0000,6.0000,[2.1101474e+02 9.4444176e+01 7.5749502e-02],20.0000,6.0000,[217.14397   -15.998701    5.5585403],20.0000,0.0000,[2.08302765e+02 1.19337585e+02 1.48996636e-01],20.0000,6.0000,[206.01237   -41.17884     5.1562724],20.0000,6.0000,[171.19061     95.90883      0.19375883],20.0000,,[225.21243    100.11434      0.50930256],20.0000,4.0000,[217.9602     78.833374    6.2630415],20.0000,4.0000,[177.45312   13.896031   6.051851],20.0000,,[ 194.43196  -117.45042     5.006411],20.0000,4.0000
196,[201.7875      49.08505      0.47471958],20.0000,6.0000,[204.5502     69.94717     1.1207898],20.0000,6.0000,[203.53172    26.04209     0.4174775],20.0000,6.0000,[197.27794   100.445366    6.0290623],20.0000,6.0000,[178.88113   -34.216938    5.4260297],20.0000,6.0000,[224.97351    34.93833     1.0444585],20.0000,0.0000,[212.09651     94.6144       0.34617817],20.0000,6.0000,[217.91846  -16.770596   5.27721 ],20.0000,6.0000,[209.38116   119.5067      0.3675637],20.0000,0.0000,[206.45284  -42.178074   5.220334],20.0000,0.0000,[171.19061     95.90883      0.19375883],20.0000,,[225.71771   100.396545    0.5093038],20.0000,4.0000,[218.53926  78.84258   6.26576],20.0000,4.0000,[177.45312   13.896031   6.051851],20.0000,,[ 194.6062   -118.00236     5.006848],20.0000,4.0000
197,[202.738      49.623573    0.5640932],20.0000,6.0000,[205.15591    70.866806    1.3722662],20.0000,6.0000,[204.54274     26.454851     0.67827666],20.0000,0.0000,[1.9835535e+02 1.0025147e+02 2.9891806e-03],20.0000,0.0000,[179.55345   -35.078682    5.4344096],20.0000,0.0000,[225.5994     35.8371      0.7560346],20.0000,6.0000,[213.11993     94.99414      0.63651145],20.0000,0.0000,[218.50204   -17.693045    5.3588405],20.0000,0.0000,[2.1041000e+02 1.1987248e+02 7.4728601e-02],20.0000,6.0000,[206.95721   -43.14658     4.8746657],20.0000,6.0000,[171.19061     95.90883      0.19375883],20.0000,,[226.223    100.67876    0.509305],20.0000,4.0000,[219.11826   78.85177    6.268102],20.0000,4.0000,[177.45312   13.896031   6.051851],20.0000,,[ 194.78038  -118.55431     5.007255],20.0000,4.0000
198,[203.6515      50.22132      0.78559285],20.0000,0.0000,[205.54596   71.90176    1.595028],20.0000,0.0000,[205.44028     27.080694     0.39383626],20.0000,6.0000,[199.44681   100.28226     6.0205793],20.0000,6.0000,[180.24445   -35.924637    5.0634995],20.0000,6.0000,[226.40637    36.57238     0.8272545],20.0000,6.0000,[214.02339     95.60823      0.36330515],20.0000,6.0000,[219.15523  -18.567617   5.021965],20.0000,6.0000,[2.1149605e+02 1.1998682e+02 1.6152832e-01],20.0000,6.0000,[207.1777   -44.216568   4.948347],20.0000,0.0000,[171.19061     95.90883      0.19375883],20.0000,,[226.72829    100.96096      0.50930613],20.0000,4.0000,[219.6972    78.86091    6.270142],20.0000,4.0000,[177.45312   13.896031   6.051851],20.0000,,[ 194.95448   -119.106285     5.0076365],20.0000,4.0000
199,[204.43741     50.97911      0.49444622],20.0000,6.0000,[205.69287    72.99719     1.2384197],20.0000,6.0000,[206.45174     27.491219     0.47110346],20.0000,6.0000,[200.52129  100.074554   6.119518],20.0000,6.0000,[180.65979  -36.93498    5.129583],20.0000,0.0000,[227.17325    37.35009     1.0361838],20.0000,0.0000,[215.03836     96.01017      0.45246893],20.0000,6.0000,[219.5499  -19.58741   5.10073],20.0000,0.0000,[212.57225    120.16938      0.38007906],20.0000,0.0000,[207.4699   -45.268974   4.613764],20.0000,6.0000,[171.19061     95.90883      0.19375883],20.0000,,[227.23357    101.24317      0.50930727],20.0000,4.0000,[220.27612    78.86999     6.2719345],20.0000,4.0000,[177.45312   13.896031   6.051851],20.0000,,[ 195.12852  -119.65827     5.007993],20.0000,4.0000
200,[205.37926     51.532276     0.58284515],20.0000,6.0000,[206.1017     74.010826    1.2465618],20.0000,6.0000,[207.43811    27.95969     0.6829001],20.0000,0.0000,[2.0160521e+02 9.9938828e+01 7.0080675e-02],20.0000,0.0000,[181.1366    -37.91761     4.7918363],20.0000,6.0000,[227.78816     38.254543     0.73644936],20.0000,6.0000,[216.02434    96.47861     0.6696798],20.0000,0.0000,[220.01347   -20.57712     4.7728252],20.0000,6.0000,[2.13596436e+02 1.20547966e+02 8.72352198e-02],20.0000,6.0000,[207.46709  -46.365578   4.697213],20.0000,6.0000,[171.19061     95.90883      0.19375883],20.0000,,[227.73885    101.525375     0.50930834],20.0000,4.0000,[220.85501    78.87898     6.2735214],20.0000,4.0000,[177.45312   13.896031   6.051851],20.0000,,[ 195.30252  -120.21028     5.008328],20.0000,4.0000
201,[206.28345     52.14391      0.80313843],20.0000,0.0000,[206.50462    75.026955    1.4261376],20.0000,0.0000,[208.32399     28.600431     0.38520187],20.0000,6.0000,[202.69408  100.01543    6.069664],20.0000,6.0000,[181.32861   -38.99733     4.8745008],20.0000,6.0000,[228.59628     38.98832      0.81218946],20.0000,6.0000,[216.90761     97.121475     0.37561682],20.0000,6.0000,[220.19673  -21.65958    4.861111],20.0000,6.0000,[2.14680969e+02 1.20675835e+02 1.74024701e-01],20.0000,6.0000,[207.51692  -47.458015   4.935576],20.0000,0.0000,[171.19061     95.90883      0.19375883],20.0000,,[228.24413    101.80758      0.50930935],20.0000,4.0000,[221.43387   78.88789    6.274936],20.0000,4.0000,[177.45312   13.896031   6.051851],20.0000,,[ 195.47644  -120.76231     5.008642],20.0000,4.0000
202,[207.05824    52.913147    0.5112721],20.0000,6.0000,[206.74005    76.09573     1.1135119],20.0000,6.0000,[209.33351     29.015608     0.46333307],20.0000,6.0000,[203.77292   99.83986    6.161756],20.0000,6.0000,[181.57089  -40.063763   5.112809],20.0000,0.0000,[229.36198    39.766518    1.0238388],20.0000,0.0000,[217.91597     97.539894     0.45912504],20.0000,6.0000,[220.43187  -22.728088   5.106782],20.0000,0.0000,[215.75482   120.87179     0.3925652],20.0000,0.0000,[207.77695   -48.518314    4.6592274],20.0000,6.0000,[171.19061     95.90883      0.19375883],20.0000,,[228.7494     102.08979      0.50931036],20.0000,4.0000,[222.01271    78.89672     6.2762046],20.0000,4.0000,[177.45312   13.896031   6.051851],20.0000,,[ 195.65031  -121.31434     5.008938],20.0000,4.0000
203,[207.99199    53.479706    0.5990653],20.0000,6.0000,[207.22578    77.07327     1.1825031],20.0000,6.0000,[210.31735     29.488691     0.67601603],20.0000,0.0000,[2.0485968e+02 9.9734268e+01 1.0380786e-01],20.0000,0.0000,[182.01419  -41.061428   4.83661 ],20.0000,6.0000,[229.97491     40.671288     0.72729105],20.0000,6.0000,[218.8965      98.01955      0.67476636],20.0000,0.0000,[220.87283  -23.72688    4.834915],20.0000,6.0000,[2.1677422e+02 1.2126310e+02 9.9715844e-02],20.0000,6.0000,[207.79189   -49.612206    4.7543654],20.0000,6.0000,[171.19061     95.90883      0.19375883],20.0000,,[229.25468   102.371994    0.5093113],20.0000,4.0000,[222.59154    78.90545     6.2773476],20.0000,4.0000,[177.45312   13.896031   6.051851],20.0000,,[ 195.82413  -121.866394    5.009216],20.0000,4.0000
204,[208.88742    54.10405     0.8186657],20.0000,0.0000,[207.6612     78.07451     1.3915987],20.0000,0.0000,[211.19984    30.133015    0.3801406],20.0000,6.0000,[205.94658   99.835655   6.098186],20.0000,6.0000,[182.2223   -42.13547    4.931833],20.0000,6.0000,[230.7819      41.406418     0.80813175],20.0000,0.0000,[219.77315     98.671074     0.38052776],20.0000,6.0000,[221.08173   -24.800953    4.9316926],20.0000,6.0000,[2.1785707e+02 1.2140447e+02 1.8649890e-01],20.0000,6.0000,[207.87695   -50.70115     4.9850984],20.0000,6.0000,[171.19061     95.90883      0.19375883],20.0000,,[229.75998   102.6542      0.5093123],20.0000,4.0000,[223.17035   78.914085   6.278383],20.0000,4.0000,[177.45312   13.896031   6.051851],20.0000,,[ 195.9979   -122.41846     5.009478],20.0000,4.0000
205,[209.65161    54.883884    0.5264006],20.0000,6.0000,[207.91045    79.13867     1.0939274],20.0000,6.0000,[212.20781     30.55223      0.46198168],20.0000,6.0000,[207.02817   99.6811     6.188096],20.0000,6.0000,[182.49858  -43.19223    5.162717],20.0000,6.0000,[231.53055     42.20083      0.47167507],20.0000,6.0000,[220.77771    99.09876     0.4650995],20.0000,6.0000,[221.35954  -25.857368   5.163942],20.0000,6.0000,[218.92839   121.613785    0.4050329],20.0000,0.0000,[208.1518    -51.75772     5.2505155],20.0000,6.0000,[171.19061     95.90883      0.19375883],20.0000,,[230.26526    102.9364       0.50931317],20.0000,4.0000,[223.74915    78.92263     6.2793236],20.0000,4.0000,[177.45312   13.896031   6.051851],20.0000,,[ 196.17162  -122.970535    5.009725],20.0000,4.0000
206,[210.57751    55.463066    0.6138147],20.0000,6.0000,[208.40198   80.11336    1.173809],20.0000,6.0000,[213.18849    31.031628    0.6766507],20.0000,6.0000,[2.0811658e+02 9.9596184e+01 1.2711179e-01],20.0000,0.0000,[182.95598   -44.18352     5.4282346],20.0000,6.0000,[232.46767    42.76589     0.5512084],20.0000,6.0000,[221.75354    99.58788     0.6816358],20.0000,0.0000,[221.81923  -26.847578   5.430192],20.0000,6.0000,[2.1994284e+02 1.2201776e+02 1.1218011e-01],20.0000,6.0000,[208.63982   -52.73764     5.5194516],20.0000,0.0000,[171.19061     95.90883      0.19375883],20.0000,,[230.77054  103.218605   0.509314],20.0000,4.0000,[224.32793   78.93108    6.280182],20.0000,4.0000,[177.45312   13.896031   6.051851],20.0000,,[ 196.34529   -123.52263      5.0099583],20.0000,4.0000
207,[211.46445     56.099407     0.83300227],20.0000,0.0000,[208.83496    81.115425    1.3874254],20.0000,0.0000,[214.07697    31.668535    0.9325152],20.0000,0.0000,[209.20164  99.71635   6.11958],20.0000,6.0000,[183.60968   -45.061607    5.6972194],20.0000,0.0000,[233.37334     43.376953     0.77781594],20.0000,0.0000,[222.62335    100.24831      0.38779846],20.0000,6.0000,[222.47536  -27.723776   5.699488],20.0000,0.0000,[2.2102385e+02 1.2217259e+02 1.9895910e-01],20.0000,6.0000,[209.34496  -53.579517   5.22476 ],20.0000,6.0000,[171.19061     95.90883      0.19375883],20.0000,,[231.27582    103.50081      0.50931484],20.0000,4.0000,[224.90671   78.939445   6.280967],20.0000,4.0000,[177.45312   13.896031   6.051851],20.0000,,[ 196.5189   -124.07474     5.010179],20.0000,4.0000
208,[212.21828     56.889305     0.54050565],20.0000,6.0000,[209.07864    82.1804      1.0921873],20.0000,6.0000,[214.80621     32.486668     0.64130056],20.0000,6.0000,[210.28537    99.579445    6.2083006],20.0000,6.0000,[184.45265   -45.76542     5.4026027],20.0000,6.0000,[234.14755     44.146435     0.49292964],20.0000,6.0000,[223.6236    100.686195    0.4731786],20.0000,6.0000,[223.32028   -28.425129    5.4052663],20.0000,6.0000,[222.09248    122.395226     0.41748905],20.0000,0.0000,[209.846    -54.55007    5.280633],20.0000,0.0000,[171.19061     95.90883      0.19375883],20.0000,,[231.7811     103.78302      0.50931567],20.0000,4.0000,[225.48547    78.94772     6.2816887],20.0000,4.0000,[177.45312   13.896031   6.051851],20.0000,,[ 196.69249   -124.626854     5.0103874],20.0000,4.0000
209,[213.13644     57.4806       0.62768173],20.0000,6.0000,[209.5648     83.15789     1.1751417],20.0000,0.0000,[215.69543     33.1202       0.70833284],20.0000,6.0000,[2.1137492e+02 9.9511948e+01 1.4579381e-01],20.0000,0.0000,[185.11754   -46.631985    5.4585614],20.0000,0.0000,[235.07983    44.717552    0.5848683],20.0000,6.0000,[224.59422   101.18558     0.6903969],20.0000,0.0000,[223.98773  -29.2897     5.461656],20.0000,0.0000,[2.2310182e+02 1.2281179e+02 1.2463408e-01],20.0000,6.0000,[210.40341  -55.489243   4.930805],20.0000,6.0000,[171.19061     95.90883      0.19375883],20.0000,,[232.28639    104.06522      0.50931644],20.0000,4.0000,[226.06424   78.95591    6.282353],20.0000,3.0000,[177.45312   13.896031   6.051851],20.0000,,[ 196.86603  -125.178986    5.010585],20.0000,4.0000
210,[214.01498    58.12848     0.8466179],20.0000,0.0000,[209.97374   84.17003    0.839966],20.0000,6.0000,[216.55199    33.798134    0.9151821],20.0000,0.0000,[212.45813   99.64851    6.137339],20.0000,6.0000,[185.83241  -47.457638   5.108776],20.0000,6.0000,[235.97285    45.346012    0.8113112],20.0000,0.0000,[225.45667    101.85546      0.39687195],20.0000,6.0000,[224.70532  -30.11299    5.112086],20.0000,6.0000,[2.24180832e+02 1.22980064e+02 2.11410508e-01],20.0000,6.0000,[210.68015  -56.545937   5.00259 ],20.0000,0.0000,[171.19061     95.90883      0.19375883],20.0000,,[232.79167   104.34743     0.5093172],20.0000,4.0000,[226.64299    78.96699     6.1912074],20.0000,4.0000,[177.45312   13.896031   6.051851],20.0000,,[ 197.03952  -125.73113     5.010772],20.0000,4.0000
211,[214.75854    58.928066    0.5539827],20.0000,6.0000,[210.64117     85.03765      0.92013997],20.0000,0.0000,[217.27423     34.61971      0.61407137],20.0000,6.0000,[213.54364    99.5276      6.2253327],20.0000,6.0000,[186.29187   -48.448643    5.1805797],20.0000,0.0000,[236.73051    46.131832    0.5234814],20.0000,6.0000,[226.45209    102.3043       0.48276448],20.0000,6.0000,[225.16818  -31.102415   5.183979],20.0000,0.0000,[225.24661   123.21598     0.4299379],20.0000,0.0000,[211.02641   -57.581715    4.6666536],20.0000,6.0000,[171.19061     95.90883      0.19375883],20.0000,,[233.29695    104.62963      0.50931793],20.0000,4.0000,[227.22202  78.94333   6.15824],20.0000,4.0000,[177.45312   13.896031   6.051851],20.0000,,[ 197.21298   -126.28329      5.0109496],20.0000,4.0000
212,[215.669      59.531136    0.6410091],20.0000,6.0000,[211.24858    85.94711     0.5979482],20.0000,6.0000,[218.16722    35.247456    0.6884072],20.0000,6.0000,[2.1463403e+02 9.9475937e+01 1.6197243e-01],20.0000,0.0000,[186.81609   -49.406742    4.8446546],20.0000,6.0000,[237.6509    46.72079    0.613941],20.0000,0.0000,[227.41707   102.814514    0.7004434],20.0000,0.0000,[225.69572   -32.05868     4.8481107],20.0000,6.0000,[2.2625069e+02 1.2364507e+02 1.3708156e-01],20.0000,6.0000,[211.07956  -58.67684    4.749346],20.0000,6.0000,[171.19061     95.90883      0.19375883],20.0000,,[233.80223    104.91183      0.50931865],20.0000,4.0000,[227.80054    78.90529     6.1480017],20.0000,4.0000,[177.45312   13.896031   6.051851],20.0000,,[ 197.3864   -126.83546     5.011118],20.0000,4.0000
213,[216.53914    60.190235    0.8597902],20.0000,6.0000,[212.07916    86.66668     0.6909947],20.0000,0.0000,[219.0244      35.92365      0.89949507],20.0000,0.0000,[215.71526    99.62768     6.1530204],20.0000,6.0000,[187.0623   -50.47515    4.927353],20.0000,6.0000,[238.52061     47.381546     0.28641397],20.0000,6.0000,[228.27174    103.494225     0.40714633],20.0000,6.0000,[225.94571   -33.12623     4.9308376],20.0000,6.0000,[2.2732751e+02 1.2382676e+02 2.2385639e-01],20.0000,6.0000,[211.18495  -59.765244   4.986581],20.0000,0.0000,[171.19061     95.90883      0.19375883],20.0000,,[234.30753   105.19403     0.5093193],20.0000,4.0000,[228.3786    78.86105    6.147034],20.0000,4.0000,[177.45312   13.896031   6.051851],20.0000,,[ 197.55977   -127.38763      5.0112777],20.0000,4.0000
214,[217.28598    60.987602    1.1176224],20.0000,0.0000,[212.85812     87.437546     0.39254072],20.0000,6.0000,[219.74611    36.744377    0.6025766],20.0000,6.0000,[216.80226  99.52181   6.24056],20.0000,6.0000,[187.35876  -51.527695   5.164596],20.0000,0.0000,[239.53825     47.78991      0.37167674],20.0000,6.0000,[229.26198    103.95448      0.49336395],20.0000,6.0000,[226.24588  -34.17772    5.168122],20.0000,0.0000,[228.39027    124.07591      0.44238216],20.0000,0.0000,[211.49792   -60.811127    4.7095265],20.0000,6.0000,[171.19061     95.90883      0.19375883],20.0000,,[234.8128     105.476234     0.50931996],20.0000,4.0000,[228.95633   78.814224   6.1496  ],20.0000,4.0000,[177.45312   13.896031   6.051851],20.0000,,[ 197.73312 -127.93982    5.01143],20.0000,4.0000
215,[217.84169    61.93109     0.8301442],20.0000,6.0000,[213.8113     87.98881     0.5015196],20.0000,0.0000,[220.63902     37.372337     0.68289787],20.0000,6.0000,[2.1789325e+02 9.9485069e+01 1.7669749e-01],20.0000,6.0000,[187.85199  -52.501625   4.887547],20.0000,6.0000,[240.53156     48.247204     0.61028683],20.0000,0.0000,[230.22098   104.47588     0.7113463],20.0000,0.0000,[226.74257   -35.14989     4.8910975],20.0000,6.0000,[2.29388947e+02 1.24517456e+02 1.49524957e-01],20.0000,6.0000,[211.56728  -61.90288    4.804405],20.0000,0.0000,[171.19061     95.90883      0.19375883],20.0000,,[235.31808   105.75844     0.5093206],20.0000,4.0000,[229.53386   78.76636    6.153244],20.0000,4.0000,[177.45312   13.896031   6.051851],20.0000,,[ 197.90643   -128.49202      5.0115743],20.0000,4.0000
216,[218.59042    62.725536    0.9028094],20.0000,0.0000,[214.71764     88.606224     0.21828085],20.0000,6.0000,[221.49298     38.05232      0.89671236],20.0000,0.0000,[218.97552     99.63373      0.43482795],20.0000,0.0000,[188.11359   -53.563843    4.9824276],20.0000,0.0000,[241.41579     48.887478     0.33368912],20.0000,6.0000,[231.06754   105.16563     0.4182039],20.0000,6.0000,[227.00795  -36.21117    4.985987],20.0000,0.0000,[230.46342    124.712524     0.23629877],20.0000,6.0000,[211.72408  -62.984604   4.484323],20.0000,6.0000,[171.19061     95.90883      0.19375883],20.0000,,[235.82336   106.04064     0.5093212],20.0000,4.0000,[230.11122    78.71811     6.1569576],20.0000,4.0000,[177.45312   13.896031   6.051851],20.0000,,[ 198.07971   -129.04422      5.0117116],20.0000,4.0000
217,[219.28108     63.571007     0.56189084],20.0000,6.0000,[215.75148    88.985985    0.3343744],20.0000,0.0000,[222.20947    38.877037    0.6015649],20.0000,6.0000,[2.2000137e+02 1.0001629e+02 1.4774725e-01],20.0000,6.0000,[188.45946   -54.6007      4.6623473],20.0000,6.0000,[242.42348   49.31324    0.428672],20.0000,6.0000,[232.05228   105.63758     0.5046266],20.0000,6.0000,[227.35753   -37.246788    4.6659164],20.0000,6.0000,[231.52301    124.97488      0.45482352],20.0000,0.0000,[211.59184   -64.07448     4.5750318],20.0000,6.0000,[171.19061     95.90883      0.19375883],20.0000,,[236.32866   106.322845    0.5093218],20.0000,4.0000,[230.68848   78.66975    6.160375],20.0000,4.0000,[177.45312   13.896031   6.051851],20.0000,,[ 198.25296   -129.59644      5.0118427],20.0000,4.0000
218,[220.17598    64.198364    0.6384107],20.0000,0.0000,[2.1674799e+02 8.9443794e+01 5.4885410e-02],20.0000,6.0000,[223.09866     39.510418     0.68463236],20.0000,6.0000,[2.21083344e+02 1.00161545e+02 2.21019343e-01],20.0000,6.0000,[188.52231   -55.69677     4.7530575],20.0000,6.0000,[243.40018   49.80214    0.659102],20.0000,0.0000,[233.00499    106.17038      0.72280544],20.0000,0.0000,[227.4243   -38.34263    4.756632],20.0000,6.0000,[2.3251611e+02 1.2542882e+02 1.6196579e-01],20.0000,6.0000,[211.5154   -65.16585    4.821596],20.0000,6.0000,[171.19061     95.90883      0.19375883],20.0000,,[236.83394   106.60505     0.5093224],20.0000,3.0000,[231.26564    78.62133     6.1634035],20.0000,4.0000,[177.45312   13.896031   6.051851],20.0000,,[ 198.42618  -130.14867     5.011967],20.0000,4.0000
219,[221.02542     64.8854       0.30687207],20.0000,6.0000,[2.178299e+02 8.964923e+01 1.718420e-01],20.0000,0.0000,[223.94728    40.19698     0.9000811],20.0000,0.0000,[222.15614    100.36609      0.43094537],20.0000,0.0000,[188.64035   -56.784424    4.9996233],20.0000,6.0000,[244.26465    50.468616    0.3737625],20.0000,6.0000,[233.84315    106.87025      0.42976496],20.0000,6.0000,[227.54623   -39.42985     5.0032043],20.0000,6.0000,[233.58807    125.63723      0.24873896],20.0000,6.0000,[211.63922   -66.25037     5.1003733],20.0000,6.0000,[171.19061     95.90883      0.19375883],20.0000,,[237.33777    106.88985      0.41756427],20.0000,3.0000,[231.84273    78.57288     6.1660533],20.0000,4.0000,[177.45312   13.896031   6.051851],20.0000,,[ 198.59937  -130.7009      5.012086],20.0000,4.0000
220,[222.03247    65.320885    0.3924113],20.0000,0.0000,[218.8875     89.938896    6.1752005],20.0000,6.0000,[224.65636     41.027775     0.60577637],20.0000,6.0000,[2.23175629e+02 1.00761765e+02 1.31899670e-01],20.0000,6.0000,[188.95428  -57.829872   5.278401],20.0000,6.0000,[245.2608      50.918266     0.46526816],20.0000,0.0000,[234.82216   107.35404     0.5163169],20.0000,6.0000,[227.8639    -40.474167    5.2819858],20.0000,6.0000,[234.64432    125.91274      0.46726307],20.0000,0.0000,[211.99396  -67.284584   5.374365],20.0000,0.0000,[171.19061     95.90883      0.19375883],20.0000,,[237.85684    107.146965     0.29218772],20.0000,4.0000,[232.41977    78.5244      6.1683683],20.0000,4.0000,[177.45312   13.896031   6.051851],20.0000,,[ 198.77254  -131.25313     5.012199],20.0000,4.0000
221,[2.2300742e+02 6.5819588e+01 8.3493933e-02],20.0000,6.0000,[2.1998834e+02 8.9965614e+01 8.5113896e-03],20.0000,0.0000,[225.5401     41.668907    0.6902933],20.0000,0.0000,[2.2425740e+02 1.0090752e+02 2.0840222e-01],20.0000,6.0000,[189.48654  -58.784927   5.552393],20.0000,0.0000,[2.4621703e+02 5.1446426e+01 1.3923004e-01],20.0000,6.0000,[235.76836   107.89834     0.7346217],20.0000,0.0000,[228.3996   -41.42731    5.555979],20.0000,0.0000,[2.3563168e+02 1.2637900e+02 1.7440499e-01],20.0000,6.0000,[212.58188  -68.21027    5.087121],20.0000,6.0000,[171.19061     95.90883      0.19375883],20.0000,,[238.39693    107.36067      0.24885124],20.0000,3.0000,[232.99675   78.47586    6.170398],20.0000,4.0000,[177.45312   13.896031   6.051851],20.0000,,[ 198.94566  -131.80539     5.012307],20.0000,3.0000
222,[2.2408350e+02 6.6050125e+01 1.8626553e-01],20.0000,0.0000,[221.07896    90.07919     6.0113807],20.0000,6.0000,[226.3708      42.37723      0.35624036],20.0000,6.0000,[225.32932    101.11452      0.42036906],20.0000,0.0000,[190.22911  -59.591873   5.265149],20.0000,6.0000,[2.4728313e+02 5.1704185e+01 2.2556189e-01],20.0000,6.0000,[236.59793    108.60836      0.44164723],20.0000,6.0000,[229.14505   -42.231586    5.2687354],20.0000,6.0000,[236.70099    126.60072      0.26117778],20.0000,0.0000,[212.9531    -69.23722     5.1521425],20.0000,0.0000,[171.19061     95.90883      0.19375883],20.0000,,[2.3894391e+02 1.0755806e+02 1.4634490e-01],20.0000,3.0000,[233.5737     78.42726     6.1721873],20.0000,4.0000,[177.45312   13.896031   6.051851],20.0000,,[ 199.12161   -132.35677      4.9206514],20.0000,4.0000
223,[225.1369     66.35446     6.1813364],20.0000,6.0000,[222.1694    89.92596    6.127644],20.0000,0.0000,[227.36382     42.838554     0.43705106],20.0000,0.0000,[2.26347031e+02 1.01512566e+02 1.24030486e-01],20.0000,6.0000,[190.77632  -60.53685    5.330171],20.0000,0.0000,[248.33197    52.01395     0.4658787],20.0000,0.0000,[237.57097   109.104065    0.5282806],20.0000,0.0000,[229.69565  -43.17459    5.333758],20.0000,0.0000,[237.74911  126.906586   6.212335],20.0000,6.0000,[213.3909    -70.23757     4.8069468],20.0000,6.0000,[171.19061     95.90883      0.19375883],20.0000,,[2.3950549e+02 1.0771699e+02 2.4582399e-02],20.0000,3.0000,[234.1506     78.37858     6.1737747],20.0000,4.0000,[177.45312   13.896031   6.051851],20.0000,,[ 199.26443   -132.9181       4.8871555],20.0000,4.0000
224,[2.2623773e+02 6.6389587e+01 1.2311984e-02],20.0000,0.0000,[223.26395   89.8599     5.847208],20.0000,6.0000,[2.2832295e+02 4.3364403e+01 1.1643876e-01],20.0000,6.0000,[2.2742854e+02 1.0166089e+02 2.0517454e-01],20.0000,0.0000,[191.38435   -61.44386     4.9849753],20.0000,6.0000,[2.4929858e+02 5.2521393e+01 1.9035794e-01],20.0000,6.0000,[2.38501450e+02 1.09675285e+02 1.96113721e-01],20.0000,6.0000,[230.30693   -44.07942     4.9885626],20.0000,6.0000,[2.3884448e+02 1.2692167e+02 1.1250418e-02],20.0000,0.0000,[213.5389   -71.319984   4.880844],20.0000,0.0000,[171.19061     95.90883      0.19375883],20.0000,,[240.08173   107.8261      6.1846666],20.0000,3.0000,[234.72748    78.32981     6.1751904],20.0000,4.0000,[177.45312   13.896031   6.051851],20.0000,,[ 199.39363  -133.483       4.875986],20.0000,4.0000
225,[227.3279    66.50888    6.015333],20.0000,6.0000,[224.3147     89.53054     5.9634447],20.0000,0.0000,[2.2939211e+02 4.3619434e+01 2.1069157e-01],20.0000,0.0000,[228.49553   101.89134     6.1520724],20.0000,6.0000,[191.72171  -62.482956   5.058872],20.0000,0.0000,[250.3566      52.799698     0.28573734],20.0000,6.0000,[239.55412    109.978386     0.27812254],20.0000,0.0000,[230.648    -45.117294   5.06246 ],20.0000,0.0000,[239.93512   127.009125    5.9766874],20.0000,6.0000,[213.75978  -72.38965    4.546425],20.0000,6.0000,[171.19061     95.90883      0.19375883],20.0000,,[240.66853  107.8791     6.067884],20.0000,3.0000,[235.30432    78.28096     6.1764603],20.0000,4.0000,[177.45312   13.896031   6.051851],20.0000,,[ 199.51695  -134.04922     4.873905],20.0000,4.0000
226,[228.41924   66.36103    6.132301],20.0000,0.0000,[225.38371   89.28648    5.683021],20.0000,6.0000,[230.43889    43.944202    6.1968584],20.0000,6.0000,[229.58794   101.82612     6.2316837],20.0000,0.0000,[192.12851   -63.496597    4.7244534],20.0000,6.0000,[251.39282    53.14506     0.5165698],20.0000,0.0000,[240.58316   110.35008     6.2433686],20.0000,6.0000,[231.05846  -46.12947    4.728041],20.0000,6.0000,[241.01569   126.8058      6.0730524],20.0000,6.0000,[213.68344 -73.48362   4.62997],20.0000,6.0000,[171.19061     95.90883      0.19375883],20.0000,,[241.25967  107.87324    5.959586],20.0000,3.0000,[235.88113    78.23202     6.1776047],20.0000,4.0000,[177.45312   13.896031   6.051851],20.0000,,[ 199.63773   -134.61592      4.8753843],20.0000,4.0000
227,[229.51414   66.30062    5.852761],20.0000,6.0000,[226.36652   88.789825   5.799273],20.0000,6.0000,[2.3153889e+02 4.3994690e+01 2.3426807e-02],20.0000,0.0000,[230.68137  101.83438    5.907963],20.0000,6.0000,[192.24712  -64.5868     4.807998],20.0000,6.0000,[2.5234297e+02 5.3682358e+01 2.3146069e-01],20.0000,6.0000,[2.41679108e+02 1.10438515e+02 5.64103350e-02],20.0000,6.0000,[231.18095   -47.21924     4.8115864],20.0000,6.0000,[2.4210042e+02 1.2665874e+02 4.5771867e-02],20.0000,0.0000,[213.65993  -74.57695    4.868476],20.0000,0.0000,[171.19061     95.90883      0.19375883],20.0000,,[241.84842 107.80858   5.85877],20.0000,3.0000,[236.45793   78.18299    6.178641],20.0000,4.0000,[177.45312   13.896031   6.051851],20.0000,,[ 199.75743   -135.18277      4.8780684],20.0000,4.0000
228,[230.56679   65.977264   5.969458],20.0000,6.0000,[227.37299    88.35856     6.0694175],20.0000,0.0000,[232.62767    44.12598     6.0238953],20.0000,6.0000,[231.7428   101.5507     5.999811],20.0000,6.0000,[192.41759   -65.66701     5.0465045],20.0000,0.0000,[253.39275     53.98653      0.32305044],20.0000,6.0000,[242.76428   110.582275    0.3121655],20.0000,0.0000,[231.35532  -48.298832   5.050092],20.0000,0.0000,[243.18958   126.7359      6.0627584],20.0000,6.0000,[213.84836  -75.65228    4.592216],20.0000,6.0000,[171.19061     95.90883      0.19375883],20.0000,,[242.42853  107.6869     5.763089],20.0000,3.0000,[237.0347     78.133865    6.1795826],20.0000,4.0000,[177.45312   13.896031   6.051851],20.0000,,[ 199.87666  -135.7496      4.880981],20.0000,4.0000
229,[231.63176   65.72269    6.239853],20.0000,0.0000,[228.44539    88.1532      5.8086047],20.0000,6.0000,[233.72037   43.988018   6.140165],20.0000,6.0000,[232.81279  101.320984   6.25042 ],20.0000,0.0000,[192.79347   -66.69198     4.7702446],20.0000,6.0000,[254.41975    54.35718     0.5476782],20.0000,0.0000,[2.43794724e+02 1.10943405e+02 4.58911173e-02],20.0000,6.0000,[231.73486   -49.322445    4.7738323],20.0000,6.0000,[244.27184   126.573586    6.1615014],20.0000,0.0000,[213.79008  -76.74473    4.687387],20.0000,6.0000,[171.19061     95.90883      0.19375883],20.0000,,[242.99454   107.51064     5.6702085],20.0000,3.0000,[237.61145   78.08465    6.180442],20.0000,4.0000,[177.45312   13.896031   6.051851],20.0000,,[ 199.99568   -136.31642      4.8837466],20.0000,4.0000
230,[232.72345    65.70213     5.9791093],20.0000,6.0000,[229.45128   87.72247    5.908719],20.0000,6.0000,[2.3481326e+02 4.3919064e+01 1.2807149e-01],20.0000,0.0000,[233.9046  101.31079   5.98141],20.0000,6.0000,[192.92958   -67.77747     4.8654156],20.0000,6.0000,[255.35837     54.914547     0.25849843],20.0000,6.0000,[2.44881546e+02 1.11071625e+02 1.44609183e-01],20.0000,0.0000,[231.87488   -50.407448    4.8690033],20.0000,6.0000,[245.36266   126.50113     5.8445945],20.0000,6.0000,[213.80214  -77.83692    4.918153],20.0000,0.0000,[171.19061     95.90883      0.19375883],20.0000,,[243.54153  107.28235    5.578456],20.0000,3.0000,[238.18819   78.03535    6.181228],20.0000,4.0000,[177.45312   13.896031   6.051851],20.0000,,[ 200.1146    -136.8832       4.8862486],20.0000,4.0000
231,[233.78783    65.44827     6.0792346],20.0000,6.0000,[230.4822     87.361374    6.1422915],20.0000,0.0000,[235.89238    44.085606    6.1510835],20.0000,6.0000,[234.96983  101.06029    6.079203],20.0000,0.0000,[193.13486   -68.85027     5.0961814],20.0000,0.0000,[256.4019     55.238144    0.3482064],20.0000,6.0000,[245.95299   111.28877     6.1108737],20.0000,6.0000,[232.084    -51.479504   5.099769],20.0000,0.0000,[246.40182  126.14618    5.936994],20.0000,0.0000,[214.02318   -78.90586     4.6330366],20.0000,6.0000,[171.19061     95.90883      0.19375883],20.0000,,[244.06499  107.004524   5.486903],20.0000,3.0000,[238.76491    77.985954    6.1819506],20.0000,4.0000,[177.45312   13.896031   6.051851],20.0000,,[ 200.23341   -137.44994      4.8884716],20.0000,4.0000
232,[2.3486505e+02 6.5267288e+01 2.9602643e-02],20.0000,0.0000,[231.56274    87.20685     5.8582973],20.0000,6.0000,[236.98454   44.018032   6.251437],20.0000,6.0000,[236.05092  100.897964   5.761695],20.0000,6.0000,[193.5417   -69.86318    4.811065],20.0000,6.0000,[257.42175    55.627552    0.5701427],20.0000,0.0000,[247.04893   111.21978     6.2032685],20.0000,0.0000,[232.49448   -52.49094     4.8146534],20.0000,6.0000,[247.46011   125.8631      5.6347313],20.0000,6.0000,[213.99179  -79.99837    4.724629],20.0000,6.0000,[171.19061     95.90883      0.19375883],20.0000,,[244.5606    106.67975     5.3951716],20.0000,3.0000,[239.3416     77.936485    6.1826153],20.0000,4.0000,[177.45312   13.896031   6.051851],20.0000,,[ 200.35216   -138.01665      4.8904386],20.0000,4.0000
233,[235.95616    65.298294    6.0287766],20.0000,6.0000,[232.58023   86.80769    5.950219],20.0000,6.0000,[2.3807686e+02 4.4024582e+01 2.0201512e-01],20.0000,0.0000,[237.05702   100.45799     5.8538365],20.0000,6.0000,[193.70428   -70.94397     4.9026575],20.0000,6.0000,[258.35092     56.200726     0.27926278],20.0000,6.0000,[248.14441  111.22516    5.901003],20.0000,6.0000,[232.66092  -53.571144   4.906245],20.0000,6.0000,[248.41588   125.317055    5.7409163],20.0000,0.0000,[214.03064  -81.08952    4.949274],20.0000,0.0000,[171.19061     95.90883      0.19375883],20.0000,,[245.0242    106.3108      5.3031893],20.0000,3.0000,[239.91829    77.886925    6.1832294],20.0000,4.0000,[177.45312   13.896031   6.051851],20.0000,,[ 200.47083   -138.58333      4.8921814],20.0000,4.0000
234,[237.02661   65.077515   6.120692],20.0000,6.0000,[233.62027    86.47531     6.1750884],20.0000,6.0000,[239.14644   44.242496   6.201303],20.0000,6.0000,[238.08067  100.071686   6.101927],20.0000,0.0000,[193.93576  -72.011      5.127302],20.0000,0.0000,[259.38892     56.540916     0.36786494],20.0000,6.0000,[249.21019  110.94985    6.007187],20.0000,0.0000,[232.89622   -54.637337    5.1308904],20.0000,0.0000,[249.4048   124.843285   5.455162],20.0000,6.0000,[214.2743   -82.15361    4.660107],20.0000,6.0000,[171.19061     95.90883      0.19375883],20.0000,,[245.45186   105.90077     5.2110105],20.0000,3.0000,[240.49496   77.83729    6.183797],20.0000,4.0000,[177.45312   13.896031   6.051851],20.0000,,[ 200.5894   -139.15001     4.893732],20.0000,4.0000
235,[2.3810796e+02 6.4926353e+01 6.2363774e-02],20.0000,0.0000,[2.3470216e+02 8.6327271e+01 1.5339619e-01],20.0000,0.0000,[2.4023891e+02 4.4208904e+01 1.0071356e-02],20.0000,6.0000,[239.15854   99.897804   5.83096 ],20.0000,6.0000,[194.36401   -73.01512     4.8381357],20.0000,6.0000,[260.4025     56.946304    0.5884001],20.0000,0.0000,[250.28893  110.753      5.721433],20.0000,6.0000,[233.32808   -55.63991     4.8417234],20.0000,6.0000,[250.25111  124.138466   5.570156],20.0000,0.0000,[214.26334  -83.246086   4.749823],20.0000,6.0000,[171.19061     95.90883      0.19375883],20.0000,,[245.83995  105.4531     5.118716],20.0000,3.0000,[241.07162   77.787575   6.184324],20.0000,4.0000,[177.45312   13.896031   6.051851],20.0000,,[ 200.70789   -139.71669      4.8951178],20.0000,4.0000
236,[239.19817    64.98176     6.0564823],20.0000,6.0000,[235.79222    86.42086     6.1526403],20.0000,6.0000,[2.4133014e+02 4.4245789e+01 2.3497829e-01],20.0000,0.0000,[240.17348   99.48898    5.927965],20.0000,0.0000,[194.54668   -74.09227     4.9278517],20.0000,6.0000,[261.32303    57.53332     0.2966756],20.0000,6.0000,[251.29086  110.295715   5.836427],20.0000,0.0000,[233.51462  -56.716396   4.93144 ],20.0000,6.0000,[251.1458    123.5043      5.2901816],20.0000,6.0000,[214.32225  -84.3362     4.971771],20.0000,0.0000,[171.19061     95.90883      0.19375883],20.0000,,[246.18513   104.97158     5.0263686],20.0000,3.0000,[241.64827   77.737785   6.184813],20.0000,3.0000,[177.45312   13.896031   6.051851],20.0000,,[ 200.82628   -140.28336      4.8963623],20.0000,4.0000
237,[240.2722    64.781525   6.146243],20.0000,6.0000,[236.87347   86.27107    6.230629],20.0000,0.0000,[242.39462    44.487713    6.2291274],20.0000,6.0000,[241.21738   99.16458    5.609655],20.0000,6.0000,[194.79771   -75.15472     5.1497993],20.0000,0.0000,[262.35587     57.88858      0.38459548],20.0000,0.0000,[252.32089  109.91932    5.556453],20.0000,6.0000,[233.76945  -57.77794    5.153387],20.0000,0.0000,[251.86427  122.66968    5.407072],20.0000,0.0000,[214.58388   -85.3961      4.6808977],20.0000,6.0000,[171.19061     95.90883      0.19375883],20.0000,,[246.48447  104.46028    4.934008],20.0000,7.0000,[242.2252     77.69088     6.0935097],20.0000,3.0000,[177.45312   13.896031   6.051851],20.0000,,[ 200.94456   -140.85002      4.8974853],20.0000,4.0000
238,[2.4135602e+02 6.4650551e+01 8.5054196e-02],20.0000,0.0000,[237.96292   86.20239    5.892198],20.0000,6.0000,[2.4348709e+02 4.4475044e+01 3.5719804e-02],20.0000,0.0000,[242.14478  98.57672   5.70132],20.0000,6.0000,[195.2429    -76.15154     4.8589263],20.0000,6.0000,[2.6335678e+02 5.8325008e+01 5.3785443e-02],20.0000,6.0000,[253.23367   109.30317     5.6733437],20.0000,0.0000,[234.21822   -58.77316     4.8625145],20.0000,6.0000,[252.64346  121.89811    5.127351],20.0000,6.0000,[214.59041  -86.4884     4.769505],20.0000,6.0000,[171.19061     95.90883      0.19375883],20.0000,,[246.72377   103.920944    5.2086854],20.0000,7.0000,[242.79945    77.612335    5.9686275],20.0000,3.0000,[177.45312   13.896031   6.051851],20.0000,,[ 201.06277  -141.4167      4.898503],20.0000,4.0000
239,[242.44522   64.72448    6.077395],20.0000,6.0000,[238.995     85.84194    5.970091],20.0000,6.0000,[244.57664    44.550102    5.9903717],20.0000,6.0000,[243.09763   98.03904    5.948883],20.0000,0.0000,[195.44276   -77.22542     4.9475336],20.0000,6.0000,[2.6444159e+02 5.8479637e+01 1.3671134e-01],20.0000,0.0000,[254.18843   108.763824    5.3936224],20.0000,6.0000,[234.42194  -59.846313   4.951122],20.0000,6.0000,[253.21649   120.95777     5.2439394],20.0000,6.0000,[214.66647  -87.577385   4.990047],20.0000,0.0000,[171.19061     95.90883      0.19375883],20.0000,,[247.02185  103.4242     5.603573],20.0000,6.0000,[243.36772  77.48839   5.83455],20.0000,3.0000,[177.45312   13.896031   6.051851],20.0000,,[ 201.18088   -141.98338      4.8994284],20.0000,4.0000
240,[243.52213   64.54157    6.166023],20.0000,0.0000,[240.04347    85.53657     6.1910563],20.0000,0.0000,[245.65115   44.332558   6.074898],20.0000,0.0000,[244.13632    97.70268     5.6776333],20.0000,6.0000,[195.71048  -78.28372    5.168075],20.0000,0.0000,[265.5124     58.705315    6.1037936],20.0000,6.0000,[254.98871   108.00741     5.5102105],20.0000,6.0000,[234.69344   -60.90365     5.1716633],20.0000,0.0000,[253.84433  120.06067    5.514258],20.0000,6.0000,[214.94392  -88.63333    4.698326],20.0000,6.0000,[171.19061     95.90883      0.19375883],20.0000,,[247.42554  103.002945   5.906878],20.0000,6.0000,[243.92535   77.312454   5.70262 ],20.0000,3.0000,[177.45312   13.896031   6.051851],20.0000,,[ 201.2989    -142.55006      4.9002733],20.0000,4.0000
241,[244.6099    64.44544    5.836036],20.0000,6.0000,[241.12985    85.43039     5.9018884],20.0000,6.0000,[246.73598   44.18667    5.761702],20.0000,6.0000,[245.07686    97.14356     5.7745423],20.0000,6.0000,[196.17053   -79.27385     4.8763547],20.0000,6.0000,[266.61026    58.642124    6.2013273],20.0000,0.0000,[255.83047   107.30713     5.7805295],20.0000,0.0000,[235.15704   -61.892117    4.8799424],20.0000,6.0000,[254.635     119.30806     5.8040395],20.0000,6.0000,[214.96638  -89.72531    4.786249],20.0000,0.0000,[171.19061     95.90883      0.19375883],20.0000,,[247.91255  102.66061    6.174435],20.0000,6.0000,[244.46603   77.08153    5.578773],20.0000,3.0000,[177.45312   13.896031   6.051851],20.0000,,[ 201.41682  -143.11676     4.901047],20.0000,4.0000
242,[245.63663    64.06208     5.9195347],20.0000,0.0000,[242.16264   85.07316    5.992206],20.0000,0.0000,[247.75024   43.760914   5.861229],20.0000,0.0000,[246.0502    96.647804   6.006715],20.0000,0.0000,[196.38602   -80.34459     4.9642777],20.0000,0.0000,[267.70642    58.653576    5.9079194],20.0000,6.0000,[256.7999    106.80472     5.5197587],20.0000,6.0000,[235.37637   -62.962074    4.9678655],20.0000,0.0000,[255.57512   118.749954    6.0811567],20.0000,0.0000,[215.07588  -90.811745   4.455443],20.0000,6.0000,[171.19061     95.90883      0.19375883],20.0000,,[2.48468536e+02 1.02420532e+02 1.21637024e-01],20.0000,6.0000,[244.9828     76.795906    5.4651546],20.0000,3.0000,[177.45312   13.896031   6.051851],20.0000,,[ 201.53467  -143.68347     4.901758],20.0000,4.0000
243,[246.68497    63.74781     5.6045094],20.0000,6.0000,[243.2202     84.799706    5.6652503],20.0000,6.0000,[248.7879     43.40709     5.5698204],20.0000,6.0000,[247.10005    96.34897     5.7223244],20.0000,6.0000,[196.68619   -81.39446     4.6334715],20.0000,6.0000,[268.77554    58.389343    6.0195303],20.0000,6.0000,[257.6414   106.10527    5.619878],20.0000,0.0000,[235.68031  -64.010864   4.637059],20.0000,6.0000,[256.62338  118.42793    5.795002],20.0000,6.0000,[214.89143  -91.891884   4.538371],20.0000,6.0000,[171.19061     95.90883      0.19375883],20.0000,,[249.06644   102.29911     0.3176798],20.0000,6.0000,[245.46938  76.45869   5.36088],20.0000,3.0000,[177.45312   13.896031   6.051851],20.0000,,[ 201.65242   -144.25018      4.9024134],20.0000,4.0000
244,[247.61916   63.167393   5.702793],20.0000,6.0000,[244.17142   84.25385    5.751076],20.0000,6.0000,[249.70908    42.80346     5.6823983],20.0000,6.0000,[248.05426    95.81594     5.8141627],20.0000,0.0000,[196.69592   -82.49019     4.7163997],20.0000,6.0000,[2.6985233e+02 5.8189884e+01 5.3355093e-03],20.0000,0.0000,[258.5377    105.4795      5.3028812],20.0000,6.0000,[235.69398  -65.10655    4.719988],20.0000,6.0000,[257.57306  117.88892    5.860365],20.0000,6.0000,[214.76135  -92.9773     4.772825],20.0000,6.0000,[171.19061     95.90883      0.19375883],20.0000,,[249.67654   102.296425    0.4931877],20.0000,6.0000,[245.92079    76.07462     5.2633605],20.0000,3.0000,[177.45312   13.896031   6.051851],20.0000,,[ 201.7701   -144.81691     4.903018],20.0000,4.0000
245,[248.57785    62.6388      5.9607058],20.0000,0.0000,[245.14586    83.75748     5.9907246],20.0000,0.0000,[250.65926    42.259052    5.9519286],20.0000,0.0000,[249.04782    95.3618      5.4885535],20.0000,6.0000,[196.76012   -83.5815      4.9508533],20.0000,0.0000,[270.9437   58.22399   6.02798],20.0000,6.0000,[259.2439    104.63879     5.3948307],20.0000,6.0000,[235.76208   -66.197624    4.9544415],20.0000,6.0000,[258.54886   117.39743     6.0658164],20.0000,0.0000,[214.82388  -94.06707    5.044049],20.0000,0.0000,[171.19061     95.90883      0.19375883],20.0000,,[250.27553   102.40446     0.6625364],20.0000,6.0000,[246.33334    75.64884     5.1697583],20.0000,3.0000,[177.45312   13.896031   6.051851],20.0000,,[ 201.88768  -145.38364     4.903578],20.0000,4.0000
246,[249.6219    62.319126   5.695502],20.0000,6.0000,[246.19647   83.46072    5.714804],20.0000,6.0000,[251.70062    41.93066     5.6915345],20.0000,6.0000,[249.88965    94.658585    5.5751824],20.0000,0.0000,[197.03198   -84.63875     4.6715255],20.0000,6.0000,[272.01956    58.02372     6.1283584],20.0000,0.0000,[259.98984   103.83844     5.6422873],20.0000,0.0000,[236.02043  -67.25816    5.225665],20.0000,0.0000,[259.59833   117.08781     5.7632394],20.0000,6.0000,[215.13094   -95.1158      4.7651267],20.0000,6.0000,[171.19061     95.90883      0.19375883],20.0000,,[250.84532    102.615        0.83350694],20.0000,6.0000,[246.70403   75.18623    5.077893],20.0000,3.0000,[177.45312   13.896031   6.051851],20.0000,,[ 202.0052    -145.95038      4.9040976],20.0000,4.0000
247,[250.57379   61.779182   5.794565],20.0000,0.0000,[247.1556     82.93453     5.8100395],20.0000,0.0000,[252.64995   41.38632    5.791934],20.0000,0.0000,[250.77458    94.01381     5.2653956],20.0000,6.0000,[197.05695   -85.73224     4.7654943],20.0000,6.0000,[273.10727    57.914467    5.8118806],20.0000,6.0000,[260.87842   103.20406     5.3708887],20.0000,6.0000,[236.51184   -68.234184    4.9467435],20.0000,6.0000,[260.54337  116.541534   5.835759],20.0000,6.0000,[215.19812  -96.20532    4.850972],20.0000,6.0000,[171.19061     95.90883      0.19375883],20.0000,,[251.36967   102.92061     1.0078346],20.0000,6.0000,[247.03017    74.69137     4.9864707],20.0000,3.0000,[177.45312   13.896031   6.051851],20.0000,,[ 202.12263 -146.51714    4.90458],20.0000,4.0000
248,[251.56604   61.32026    5.477823],20.0000,6.0000,[248.15317   82.48779    5.490184],20.0000,6.0000,[253.64056   40.924004   5.475413],20.0000,6.0000,[251.46573    93.15768     5.3671474],20.0000,0.0000,[197.15164   -86.8203      4.9947896],20.0000,0.0000,[274.13394   57.52509    5.904204],20.0000,6.0000,[261.60608  102.386925   5.467729],20.0000,0.0000,[236.77472  -69.293655   5.032589],20.0000,6.0000,[261.51666   116.04676     6.0460963],20.0000,6.0000,[215.33493   -97.28836     5.0666113],20.0000,0.0000,[171.19061     95.90883      0.19375883],20.0000,,[251.83287   103.31265     1.1844652],20.0000,6.0000,[247.30931    74.16866     4.8949113],20.0000,3.0000,[177.45312   13.896031   6.051851],20.0000,,[ 202.24    -147.08391    4.90503],20.0000,4.0000
249,[252.40881    60.616264    5.5702763],20.0000,6.0000,[249.00298    81.792694    5.5809917],20.0000,0.0000,[254.48105   40.21743    5.567693],20.0000,6.0000,[252.21231  92.35471   5.07781],20.0000,6.0000,[197.45207   -87.8697      4.7087755],20.0000,6.0000,[275.17563    57.190468    6.1521306],20.0000,0.0000,[262.3971    101.63247     5.1492605],20.0000,6.0000,[237.1049   -70.33417    5.248228],20.0000,0.0000,[2.6256015e+02 1.1571781e+02 1.6028434e-02],20.0000,0.0000,[215.66855  -98.32879    4.771789],20.0000,6.0000,[171.19061     95.90883      0.19375883],20.0000,,[252.22034   103.77983     1.3619554],20.0000,5.0000,[247.53918  73.62257   4.80306],20.0000,3.0000,[177.45312   13.896031   6.051851],20.0000,,[ 202.3573   -147.65068     4.905449],20.0000,4.0000
250,[253.28357   59.959064   5.818588],20.0000,0.0000,[249.89546    81.1576      5.2770877],20.0000,6.0000,[255.35376   39.55758    5.815558],20.0000,0.0000,[252.73929    91.38762     5.1913366],20.0000,0.0000,[197.50188   -88.96144     4.8000245],20.0000,6.0000,[276.26083   57.070644   5.880996],20.0000,6.0000,[262.9666   100.69371    5.240834],20.0000,0.0000,[237.62094   -71.29723     4.9534054],20.0000,6.0000,[263.65332  115.62557    6.003092],20.0000,6.0000,[215.74965  -99.41745    4.854264],20.0000,6.0000,[171.19061     95.90883      0.19375883],20.0000,,[252.51674   104.30862     1.4476619],20.0000,5.0000,[247.71786   73.05768    4.710957],20.0000,3.0000,[177.45312   13.896031   6.051851],20.0000,,[ 202.47453  -148.21747     4.905841],20.0000,4.0000
251,[254.26985    59.490795    5.5477114],20.0000,6.0000,[250.59917    80.31125     5.3824143],20.0000,0.0000,[256.3385     39.086056    5.5443873],20.0000,6.0000,[253.33624    90.46766     4.9107924],20.0000,6.0000,[197.62157   -90.04668     5.0241795],20.0000,0.0000,[277.29486   56.71293    5.977929],20.0000,6.0000,[263.59662   99.797554   4.937745],20.0000,6.0000,[237.89735   -72.35333     5.0358806],20.0000,6.0000,[264.69366   115.29368     6.0637355],20.0000,0.0000,[ 215.89694   -100.49904      5.0692506],20.0000,0.0000,[171.19061     95.90883      0.19375883],20.0000,,[252.74538   104.86349     1.5054488],20.0000,5.0000,[247.84378    72.478745    4.6186957],20.0000,3.0000,[177.45312   13.896031   6.051851],20.0000,,[ 202.5917    -148.78426      4.9062076],20.0000,4.0000
252,[255.13008   58.814613   5.644743],20.0000,0.0000,[251.35887   79.52052    5.096067],20.0000,6.0000,[257.19635    38.406868    5.6413074],20.0000,0.0000,[253.69485   89.42636    5.027651],20.0000,0.0000,[197.94322  -91.08986    4.734701],20.0000,6.0000,[278.34827   56.423923   6.210085],20.0000,0.0000,[263.97873   98.76529    5.043506],20.0000,0.0000,[238.23758  -73.39053    5.250867],20.0000,0.0000,[265.7526    115.02711     5.7168384],20.0000,6.0000,[ 216.23965   -101.536224     4.7747006],20.0000,6.0000,[171.19061     95.90883      0.19375883],20.0000,,[252.92313   105.43184     1.5677115],20.0000,5.0000,[247.91583   71.89068    4.526357],20.0000,3.0000,[177.45312   13.896031   6.051851],20.0000,,[ 202.7088    -149.35107      4.9065514],20.0000,4.0000
253,[256.04175    58.211407    5.3264394],20.0000,6.0000,[251.90355   78.56326    5.210852],20.0000,0.0000,[258.10583    37.800423    5.3229003],20.0000,6.0000,[254.13306   88.42114    4.748115],20.0000,6.0000,[198.01285  -92.18013    4.824237],20.0000,6.0000,[279.43683   56.34323    5.925676],20.0000,6.0000,[264.43243    97.767       4.7574663],20.0000,6.0000,[238.76198  -74.348755   4.956317],20.0000,6.0000,[266.6982   114.47995    5.790355],20.0000,0.0000,[ 216.32965   -102.62428      4.8587284],20.0000,6.0000,[171.19061     95.90883      0.19375883],20.0000,,[253.05441   106.010185    1.6424222],20.0000,5.0000,[247.93336    71.29847     4.4339933],20.0000,3.0000,[177.45312   13.896031   6.051851],20.0000,,[ 202.82584  -149.91788     4.906874],20.0000,4.0000
254,[256.7679    57.387802   5.418103],20.0000,6.0000,[252.51819   77.65504    4.930831],20.0000,6.0000,[258.829      36.974205    5.4145055],20.0000,6.0000,[254.31737    87.33548     4.8648443],20.0000,0.0000,[198.15195   -93.262924    5.0459466],20.0000,0.0000,[280.479      56.013844    6.0175066],20.0000,6.0000,[264.62817    96.68317     4.8723626],20.0000,0.0000,[239.04703   -75.402664    5.0403447],20.0000,6.0000,[267.67828   113.9978      5.4558997],20.0000,6.0000,[ 216.4867   -103.70448     5.074849],20.0000,0.0000,[171.19061     95.90883      0.19375883],20.0000,,[253.13762   106.59639     1.7272662],20.0000,5.0000,[247.89622    70.70716     4.3416305],20.0000,3.0000,[177.45312   13.896031   6.051851],20.0000,,[ 202.94283  -150.48471     4.907177],20.0000,4.0000
255,[257.53253    56.605263    5.6656604],20.0000,0.0000,[252.89732    76.62108     5.0477414],20.0000,0.0000,[259.5908     36.18889     5.6619987],20.0000,0.0000,[254.5863     86.27243     4.5847273],20.0000,6.0000,[198.49084  -94.30072    4.754928],20.0000,6.0000,[281.53912   55.752464   6.242435],20.0000,6.0000,[264.9063     95.622375    4.5923696],20.0000,6.0000,[239.39659   -76.43673     5.2564654],20.0000,0.0000,[268.4951    113.26599     5.5395255],20.0000,0.0000,[ 216.83943   -104.73812      4.7808414],20.0000,6.0000,[171.19061     95.90883      0.19375883],20.0000,,[253.16985   107.187386    1.8179498],20.0000,5.0000,[247.80472    70.121796    4.2492766],20.0000,4.0000,[177.45312   13.896031   6.051851],20.0000,,[ 203.05975  -151.05154     4.907462],20.0000,4.0000
256,[258.43585   55.992043   5.394406],20.0000,6.0000,[253.35547    75.6248      4.7680664],20.0000,6.0000,[260.49182   35.572342   5.390711],20.0000,6.0000,[254.5913    85.17128    4.701074],20.0000,0.0000,[198.57764  -95.389565   4.843426],20.0000,6.0000,[2.8262854e+02 5.5677853e+01 2.2080706e-01],20.0000,0.0000,[264.9206    94.52119    4.709272],20.0000,0.0000,[239.93022  -77.38966    4.962458],20.0000,6.0000,[269.3558    112.58939     5.2277074],20.0000,6.0000,[ 216.9399    -105.82535      4.8659005],20.0000,6.0000,[171.19061     95.90883      0.19375883],20.0000,,[253.14897   107.779       1.9111416],20.0000,5.0000,[247.65697    69.54868     4.2486906],20.0000,3.0000,[177.45312   13.896031   6.051851],20.0000,,[ 203.17664   -151.6184       4.9077306],20.0000,4.0000
257,[259.18265    55.19236     5.4913135],20.0000,6.0000,[253.5613    74.54302    4.884682],20.0000,0.0000,[261.23566   34.769897   5.487607],20.0000,6.0000,[254.68323   84.07862    4.420671],20.0000,6.0000,[198.7335    -96.47002     5.0638366],20.0000,0.0000,[283.70975    55.844894    6.2201085],20.0000,6.0000,[265.0219    93.42931    4.429574],20.0000,6.0000,[240.22542  -78.440865   5.047517],20.0000,6.0000,[270.01404  111.70771    5.328639],20.0000,0.0000,[ 217.1079   -106.90389     5.082841],20.0000,0.0000,[171.19061     95.90883      0.19375883],20.0000,,[253.07397   108.36641     2.0049257],20.0000,5.0000,[247.493      68.9836      4.1883545],20.0000,3.0000,[177.45312   13.896031   6.051851],20.0000,,[ 203.29346  -152.18524     4.907984],20.0000,4.0000
258,[259.97867    54.444344    5.7234845],20.0000,0.0000,[253.85121    73.48552     4.6044683],20.0000,6.0000,[262.0289     34.018932    5.7197695],20.0000,0.0000,[254.50833    82.99143     4.5369105],20.0000,0.0000,[199.08772  -97.502754   4.772039],20.0000,6.0000,[2.8479868e+02 5.5768524e+01 1.5007640e-02],20.0000,0.0000,[264.85684   92.340576   4.546176],20.0000,0.0000,[240.58545  -79.47133    5.264457],20.0000,0.0000,[270.7292    110.876625    5.0388904],20.0000,6.0000,[ 217.47163  -107.93362     4.789183],20.0000,6.0000,[171.19061     95.90883      0.19375883],20.0000,,[252.94499   108.944534    2.0984623],20.0000,4.0000,[247.29471    68.42975     4.0976667],20.0000,4.0000,[177.45312   13.896031   6.051851],20.0000,,[ 203.41023   -152.7521       4.9082227],20.0000,4.0000
259,[260.9032    53.864025   5.439093],20.0000,0.0000,[253.87794   72.38468    4.720774],20.0000,0.0000,[262.95123    33.435177    5.4353743],20.0000,6.0000,[254.42047   81.89844    4.256477],20.0000,6.0000,[199.19023  -98.590126   4.859894],20.0000,6.0000,[285.89026   55.773705   5.959805],20.0000,0.0000,[264.77914   91.24681    4.265952],20.0000,6.0000,[241.1292    -80.41842     4.9707994],20.0000,6.0000,[271.21826 109.8898    5.15233],20.0000,0.0000,[ 217.58365  -109.019775    4.874871],20.0000,6.0000,[171.19061     95.90883      0.19375883],20.0000,,[252.7604   109.50682    2.099781],20.0000,4.0000,[247.04945    67.89445     4.0877995],20.0000,3.0000,[177.45312   13.896031   6.051851],20.0000,,[ 203.52696   -153.31897      4.9084487],20.0000,4.0000
260,[261.68375    53.097412    4.9803796],20.0000,6.0000,[253.9914    71.294044   4.440355],20.0000,6.0000,[263.71558   32.653866   5.527211],20.0000,0.0000,[254.07025   80.85445    4.372721],20.0000,0.0000,[199.36148   -99.66822     5.0795627],20.0000,0.0000,[286.95004    55.500828    5.4871707],20.0000,6.0000,[264.43878   90.19957    4.382254],20.0000,0.0000,[241.43556   -81.46648     5.0564876],20.0000,6.0000,[271.77896  108.9473     4.871832],20.0000,0.0000,[ 217.76341  -110.09643     5.092364],20.0000,0.0000,[171.19061     95.90883      0.19375883],20.0000,,[252.55736  110.05851    2.068737],20.0000,4.0000,[246.78967    67.36828     4.0167804],20.0000,4.0000,[177.45312   13.896031   6.051851],20.0000,,[ 203.64365   -153.88585      4.9086623],20.0000,4.0000
261,[262.1358    52.089584   5.047402],20.0000,0.0000,[253.83794   70.20362    4.556593],20.0000,6.0000,[264.53998    31.937086    5.2016006],20.0000,6.0000,[253.80495   79.7905     4.092307],20.0000,0.0000,[ 199.72995  -100.696014    4.787337],20.0000,6.0000,[287.83954   54.844086   5.553109],20.0000,0.0000,[264.1836     89.13315     4.1018343],20.0000,6.0000,[241.80682 -82.49295   5.27398],20.0000,0.0000,[272.11444  107.89567    4.438194],20.0000,6.0000,[ 218.13872  -111.12193     4.798974],20.0000,6.0000,[171.19061     95.90883      0.19375883],20.0000,,[252.3529   110.606094   2.034254],20.0000,4.0000,[246.49396    66.86124     4.0103335],20.0000,3.0000,[177.45312   13.896031   6.051851],20.0000,,[ 203.76028  -154.45274     4.908864],20.0000,4.0000
262,[262.6172    51.101364   4.764083],20.0000,0.0000,[253.754     69.11187    4.826716],20.0000,0.0000,[265.14835   31.024363   5.288228],20.0000,0.0000,[253.30333    78.80742     3.6580124],20.0000,6.0000,[ 199.84732  -101.78182     4.874789],20.0000,0.0000,[288.7423     54.215996    5.2742395],20.0000,6.0000,[263.67673    88.15558     4.2180724],20.0000,0.0000,[242.36118   -83.43381     4.9805903],20.0000,6.0000,[272.03577  106.78388    4.552908],20.0000,0.0000,[ 218.26299  -112.2068      4.885062],20.0000,6.0000,[171.19061     95.90883      0.19375883],20.0000,,[252.15239   111.152885    2.0063932],20.0000,4.0000,[246.18782    66.36215     3.9363303],20.0000,4.0000,[177.45312   13.896031   6.051851],20.0000,,[ 203.87688   -155.01964      4.9090557],20.0000,4.0000
263,[262.855     50.020657   4.340939],20.0000,6.0000,[253.90515    68.0305      4.5658917],20.0000,6.0000,[265.8146   30.15549   4.97844],20.0000,0.0000,[252.46512    78.07296     3.7718334],20.0000,0.0000,[ 200.05074   -102.8546       4.5434666],20.0000,6.0000,[289.46402    53.38051     5.4050627],20.0000,0.0000,[263.25067    87.145195    3.9376445],20.0000,6.0000,[242.67935  -84.478386   5.066679],20.0000,0.0000,[272.00888  105.682625   4.33061 ],20.0000,0.0000,[ 218.45506   -113.281334     5.1029234],20.0000,0.0000,[171.19061     95.90883      0.19375883],20.0000,,[251.95613   111.699905    1.9861462],20.0000,4.0000,[245.8482     65.88456     3.9257033],20.0000,3.0000,[177.45312   13.896031   6.051851],20.0000,,[ 203.99342  -155.58653     4.909237],20.0000,3.0000
264,[262.6755     48.91914     4.4694977],20.0000,0.0000,[253.82153    66.93947     4.6660023],20.0000,0.0000,[266.25238    29.14343     4.5296383],20.0000,0.0000,[251.67065   77.309875   3.548744],20.0000,6.0000,[ 199.96053   -103.94653      4.6260414],20.0000,0.0000,[290.2485    52.61304    5.142393],20.0000,0.0000,[262.59085   86.2636     4.053893],20.0000,0.0000,[243.07909  -85.49436    4.733988],20.0000,6.0000,[271.76837   104.602936    3.9340587],20.0000,6.0000,[ 218.8423    -114.30235      4.8097186],20.0000,6.0000,[171.19061     95.90883      0.19375883],20.0000,,[251.76308   112.2473      1.9718236],20.0000,4.0000,[245.49849    65.415634    3.8479068],20.0000,4.0000,[177.45312   13.896031   6.051851],20.0000,,[ 204.11285   -156.15286      4.8176503],20.0000,4.0000
265,[262.55698   47.823948   4.258568],20.0000,0.0000,[253.8297     65.84636     4.3490205],20.0000,6.0000,[266.2925     28.025974    4.0860376],20.0000,0.0000,[250.73225   76.7294     3.702499],20.0000,0.0000,[ 199.94275  -105.04063     4.309253],20.0000,6.0000,[290.85385    51.689793    4.7167506],20.0000,6.0000,[262.00543    85.33643     3.7734826],20.0000,6.0000,[243.19319   -86.5837      4.8156533],20.0000,0.0000,[271.1614    103.6685      4.0659213],20.0000,0.0000,[ 218.97925   -115.38572      4.8960595],20.0000,0.0000,[171.19061     95.90883      0.19375883],20.0000,,[251.57211   112.79495     1.9615753],20.0000,4.0000,[245.11676    64.971375    3.8347063],20.0000,4.0000,[177.45312   13.896031   6.051851],20.0000,,[ 204.19829  -156.72581     4.784231],20.0000,4.0000
266,[262.237      46.76554     3.8652685],20.0000,6.0000,[253.55257   64.783936   4.440985],20.0000,0.0000,[265.88422    26.974077    3.7108266],20.0000,6.0000,[249.86423    76.05918     3.4448016],20.0000,6.0000,[ 199.63695  -106.096886    4.406304],20.0000,0.0000,[291.0824     50.599228    4.8336782],20.0000,0.0000,[261.21042    84.574524    3.8897412],20.0000,0.0000,[243.37904   -87.66184     4.4969845],20.0000,6.0000,[270.6186    102.71064     3.8483593],20.0000,6.0000,[ 219.20152  -116.45466     4.563608],20.0000,6.0000,[171.19061     95.90883      0.19375883],20.0000,,[251.38243   113.34274     1.9540212],20.0000,4.0000,[244.72336    64.539215    3.8469741],20.0000,4.0000,[177.45312   13.896031   6.051851],20.0000,,[ 204.26976   -157.3009       4.7732162],20.0000,4.0000
267,[261.56564    45.876823    3.9959211],20.0000,0.0000,[253.34853    63.707687    4.1379123],20.0000,6.0000,[265.10785    26.162169    3.9437137],20.0000,0.0000,[248.86447    75.599       3.5675943],20.0000,0.0000,[ 199.40408  -107.16806     4.112389],20.0000,6.0000,[291.3605     49.533493    4.6108227],20.0000,0.0000,[260.48132    83.755486    3.6093369],20.0000,6.0000,[243.27394   -88.756226    4.5926814],20.0000,6.0000,[269.89056   101.882286    4.0010395],20.0000,0.0000,[ 219.13002   -117.54768      4.6454296],20.0000,6.0000,[171.19061     95.90883      0.19375883],20.0000,,[251.1935    113.89059     1.9482512],20.0000,4.0000,[244.32742    64.11151     3.8659923],20.0000,3.0000,[177.45312   13.896031   6.051851],20.0000,,[ 204.33522   -157.87674      4.7713284],20.0000,4.0000
268,[260.95654    44.959816    3.7758484],20.0000,6.0000,[252.87425   62.714413   4.243578],20.0000,0.0000,[264.44687    25.282887    3.7992094],20.0000,0.0000,[247.91177    75.0569      3.2868645],20.0000,6.0000,[ 198.90817  -108.151344    4.223748],20.0000,6.0000,[291.42737   48.429474   4.213414],20.0000,6.0000,[259.5725     83.13373     3.7255976],20.0000,0.0000,[243.22496  -89.849754   4.847855],20.0000,6.0000,[269.25632   100.9879      3.7402835],20.0000,6.0000,[ 219.11328  -118.640564    4.877648],20.0000,0.0000,[171.19061     95.90883      0.19375883],20.0000,,[251.005     114.43843     1.9436909],20.0000,4.0000,[243.93431    63.68243     3.7921543],20.0000,4.0000,[177.45312   13.896031   6.051851],20.0000,,[ 204.39809 -158.45279    4.773  ],20.0000,4.0000
269,[260.17047    44.18632     3.9273543],20.0000,0.0000,[252.47418   61.69347    3.957387],20.0000,6.0000,[263.6767     24.494337    3.4191816],20.0000,6.0000,[246.8523     74.75833     3.4012415],20.0000,6.0000,[ 198.47351  -109.15649     4.492591],20.0000,0.0000,[291.10147   47.363956   4.344661],20.0000,0.0000,[258.7194     82.44483     3.4451935],20.0000,6.0000,[243.38152  -90.93006    5.131836],20.0000,0.0000,[268.43338  100.25731    3.861295],20.0000,0.0000,[ 219.30487   -119.71525      4.5967903],20.0000,6.0000,[171.19061     95.90883      0.19375883],20.0000,,[250.81674   114.986244    1.9399792],20.0000,4.0000,[243.51608    63.27633     3.7731206],20.0000,4.0000,[177.45312   13.896031   6.051851],20.0000,,[ 204.45987  -159.02885     4.775857],20.0000,4.0000
270,[259.47232   43.340836   3.666249],20.0000,6.0000,[251.83298    60.798008    4.0721984],20.0000,6.0000,[262.68286    23.998915    3.5375252],20.0000,0.0000,[245.81912    74.39602     3.6689208],20.0000,0.0000,[ 198.26315  -110.22795     4.232006],20.0000,6.0000,[290.84323    46.293686    4.1267734],20.0000,0.0000,[257.72116    81.97994     3.5614538],20.0000,6.0000,[243.78745  -91.944214   4.856946],20.0000,6.0000,[267.67828    99.46278     3.5794194],20.0000,6.0000,[ 219.24638  -120.80734     4.690191],20.0000,0.0000,[171.19061     95.90883      0.19375883],20.0000,,[250.62862   115.534004    1.9368858],20.0000,4.0000,[243.08801   62.88126    3.776572],20.0000,4.0000,[177.45312   13.896031   6.051851],20.0000,,[ 204.5212    -159.60487      4.7789154],20.0000,4.0000
271,[258.59772    42.672848    3.7872984],20.0000,0.0000,[251.25131   59.87018    4.342701],20.0000,0.0000,[261.72873    23.451204    3.2986214],20.0000,6.0000,[244.88904    73.82407     3.4068472],20.0000,6.0000,[ 197.82776  -111.23193     4.332377],20.0000,6.0000,[290.38586    45.287212    3.7288573],20.0000,6.0000,[256.75967    81.456       3.8316014],20.0000,0.0000,[243.96074   -93.02204     4.9458528],20.0000,0.0000,[266.74997    98.87123     3.6934187],20.0000,0.0000,[ 219.27547  -121.89981     4.368226],20.0000,6.0000,[171.19061     95.90883      0.19375883],20.0000,,[250.44052   116.08172     1.9342594],20.0000,4.0000,[242.65688   62.490723   3.787643],20.0000,3.0000,[177.45312   13.896031   6.051851],20.0000,,[ 204.58234  -160.18083     4.781802],20.0000,4.0000
272,[257.78607    41.93616     3.5056126],20.0000,6.0000,[250.88272    58.842365    4.0824594],20.0000,6.0000,[260.67532   23.12433    3.441813],20.0000,0.0000,[243.85567    73.46429     3.5065503],20.0000,0.0000,[ 197.46185  -112.261185    4.566461],20.0000,6.0000,[289.6002     44.49762     3.8576994],20.0000,0.0000,[255.93489    80.7405      3.5707886],20.0000,6.0000,[244.22226   -94.08185     4.6125293],20.0000,6.0000,[265.8744     98.21136     3.4104872],20.0000,6.0000,[ 219.01561   -122.96622      4.4576864],20.0000,6.0000,[171.19061     95.90883      0.19375883],20.0000,,[250.25241   116.62937     1.9319967],20.0000,4.0000,[242.22723    62.099224    3.7080119],20.0000,4.0000,[177.45312   13.896031   6.051851],20.0000,,[ 204.64336   -160.75673      4.7844024],20.0000,4.0000
273,[256.8167     41.414577    3.6197395],20.0000,0.0000,[250.30208    57.914845    4.1828384],20.0000,0.0000,[259.664     22.700043   3.178473],20.0000,6.0000,[242.85698    73.01983     3.1893501],20.0000,6.0000,[ 197.28496   -113.33847      4.8333607],20.0000,0.0000,[288.87097    43.672787    3.6374395],20.0000,6.0000,[254.9742     80.21667     3.6709027],20.0000,0.0000,[244.19139  -95.17577    4.692889],20.0000,6.0000,[264.8605     97.78179     3.5255065],20.0000,0.0000,[ 218.81055  -124.04077     4.702674],20.0000,6.0000,[171.19061     95.90883      0.19375883],20.0000,,[250.06429   117.17697     1.9300244],20.0000,4.0000,[241.7739     61.73358     3.6852887],20.0000,4.0000,[177.45312   13.896031   6.051851],20.0000,,[ 204.70432  -161.3326      4.786706],20.0000,4.0000
274,[255.89494    40.82092     3.3369086],20.0000,6.0000,[249.80186    56.942844    3.8661606],20.0000,6.0000,[258.57846   22.5175     3.299967],20.0000,0.0000,[241.77232    72.849304    3.2812374],20.0000,6.0000,[ 197.35286  -114.4298      4.552287],20.0000,6.0000,[287.98593    43.014732    3.7892628],20.0000,0.0000,[254.06172    79.614716    3.3539226],20.0000,6.0000,[244.2168   -96.26803    4.920051],20.0000,0.0000,[263.8875    97.27621    3.244423],20.0000,0.0000,[ 218.8041    -125.13232      4.9805527],20.0000,0.0000,[171.19061     95.90883      0.19375883],20.0000,,[249.8761   117.72452    1.928289],20.0000,4.0000,[241.31126    61.380173    3.6860747],20.0000,4.0000,[177.45312   13.896031   6.051851],20.0000,,[ 204.7652   -161.9084      4.788739],20.0000,4.0000
275,[254.85225   40.46705    3.451968],20.0000,0.0000,[249.06332   56.13033    3.958313],20.0000,6.0000,[257.51654   22.245253   3.019761],20.0000,6.0000,[240.70172    72.62397     3.5286748],20.0000,6.0000,[ 197.17819   -115.507286     4.6340613],20.0000,6.0000,[287.17816    42.27323     3.5285573],20.0000,6.0000,[253.01967    79.26877     3.4458876],20.0000,6.0000,[244.44691  -97.33506    4.635423],20.0000,6.0000,[262.81845    97.00181     2.8099608],20.0000,6.0000,[ 219.0494   -126.19692     4.703711],20.0000,6.0000,[171.19061     95.90883      0.19375883],20.0000,,[249.68785   118.272       1.9267502],20.0000,4.0000,[240.84558    61.03188     3.6952913],20.0000,4.0000,[177.45312   13.896031   6.051851],20.0000,,[ 204.826     -162.48419      4.7905374],20.0000,4.0000
276,[253.84471   40.034325   3.170899],20.0000,6.0000,[248.3702     55.283825    4.2060065],20.0000,0.0000,[256.4157     22.236012    3.1348393],20.0000,0.0000,[239.69281    72.2073      3.8078284],20.0000,0.0000,[ 197.06972   -116.59368      4.8477917],20.0000,0.0000,[286.22018    41.731556    3.6498003],20.0000,0.0000,[252.00047    78.870995    3.6933665],20.0000,6.0000,[244.42494   -98.42816     4.7274394],20.0000,6.0000,[261.71313    97.144516    2.9238625],20.0000,0.0000,[ 219.05382  -127.28856     4.791402],20.0000,6.0000,[171.19061     95.90883      0.19375883],20.0000,,[249.49953   118.81944     1.9253764],20.0000,4.0000,[240.37944    60.685287    3.7062232],20.0000,3.0000,[177.45312   13.896031   6.051851],20.0000,,[ 204.88673  -163.05995     4.792134],20.0000,4.0000
277,[252.75789    39.857037    3.2869887],20.0000,0.0000,[247.8608     54.318146    3.9347374],20.0000,6.0000,[255.32349   22.140219   2.852729],20.0000,6.0000,[238.80682    71.56811     3.5313728],20.0000,6.0000,[ 197.16162   -117.6828       4.5515513],20.0000,6.0000,[285.31525    41.113075    3.3682132],20.0000,6.0000,[251.07353    78.294556    3.9725325],20.0000,0.0000,[244.47247  -99.51912    4.953957],20.0000,0.0000,[260.61533   97.23548    2.700934],20.0000,0.0000,[ 219.1295   -128.37753     5.008003],20.0000,0.0000,[171.19061     95.90883      0.19375883],20.0000,,[249.31113  119.36683    1.924143],20.0000,4.0000,[239.91531    60.336452    3.6244917],20.0000,4.0000,[177.45312   13.896031   6.051851],20.0000,,[ 204.94737   -163.63571      4.7935586],20.0000,4.0000
278,[251.693      39.595512    3.0066204],20.0000,6.0000,[247.14876   53.487362   4.031623],20.0000,0.0000,[254.23592    22.312395    2.9680655],20.0000,0.0000,[237.80255    71.14018     3.6192727],20.0000,0.0000,[ 196.9967   -118.76187     4.631702],20.0000,6.0000,[284.28354    40.72921     3.4823625],20.0000,0.0000,[250.30434    77.51876     3.6960797],20.0000,6.0000,[ 244.72557  -100.580956    4.66617 ],20.0000,6.0000,[259.5516     97.53895     2.3042114],20.0000,6.0000,[ 219.40463   -129.4348       4.7137175],20.0000,6.0000,[171.19061     95.90883      0.19375883],20.0000,,[249.12265   119.91417     1.9230301],20.0000,4.0000,[239.43022    60.0153      3.5994153],20.0000,4.0000,[177.45312   13.896031   6.051851],20.0000,,[ 205.00792   -164.21144      4.7948365],20.0000,4.0000
279,[250.59181    39.59842     3.1229494],20.0000,0.0000,[246.5074     52.60216     3.7131882],20.0000,6.0000,[253.14276    22.398163    2.6870854],20.0000,6.0000,[236.83667    70.63164     3.2854216],20.0000,6.0000,[ 196.89621  -119.84886     4.845367],20.0000,0.0000,[283.28915    40.2674      3.1995223],20.0000,6.0000,[249.3838     76.93197     3.7839777],20.0000,0.0000,[ 244.72516  -101.67366     4.756649],20.0000,6.0000,[258.6545     98.19992     2.4361498],20.0000,0.0000,[ 219.42499   -130.52632      4.7970457],20.0000,6.0000,[171.19061     95.90883      0.19375883],20.0000,,[248.93408   120.461464    1.9220215],20.0000,4.0000,[238.93694    59.706993    3.5977485],20.0000,4.0000,[177.45312   13.896031   6.051851],20.0000,,[ 205.06836  -164.78717     4.795988],20.0000,4.0000
280,[249.4985     39.51441     2.8426244],20.0000,6.0000,[245.65366    51.911694    3.8047786],20.0000,0.0000,[252.09824    22.746836    2.8031683],20.0000,0.0000,[235.76741  70.39908   3.36556],20.0000,6.0000,[ 196.99527  -120.93688     4.550093],20.0000,6.0000,[282.20782    40.05968     3.3145695],20.0000,0.0000,[248.51437    76.27195     3.4501252],20.0000,6.0000,[ 244.79472   -102.7632       4.9796987],20.0000,0.0000,[257.7303    98.79822    2.218732],20.0000,6.0000,[ 219.51239   -131.61438      5.0125804],20.0000,0.0000,[171.19061     95.90883      0.19375883],20.0000,,[248.74544   121.00872     1.9211037],20.0000,4.0000,[238.44087   59.404144   3.604854],20.0000,4.0000,[177.45312   13.896031   6.051851],20.0000,,[ 205.12872   -165.36288      4.7970304],20.0000,4.0000
281,[248.4126     39.697136    2.9589238],20.0000,0.0000,[244.85025    51.16702     3.5017054],20.0000,6.0000,[251.03394    23.010723    2.5227544],20.0000,6.0000,[234.71324   70.112175   3.592177],20.0000,0.0000,[ 196.83675   -122.01701      4.6328907],20.0000,6.0000,[281.1505     39.76904     3.0334873],20.0000,6.0000,[247.49771   75.867226   3.530263],20.0000,6.0000,[ 245.06732 -103.82029    4.68952],20.0000,6.0000,[256.94617    99.573685    2.3714783],20.0000,0.0000,[ 219.7977    -132.66872      4.7182956],20.0000,6.0000,[171.19061     95.90883      0.19375883],20.0000,,[248.5567    121.55593     1.9202657],20.0000,4.0000,[237.94424    59.103233    3.6141894],20.0000,4.0000,[177.45312   13.896031   6.051851],20.0000,,[ 205.18898  -165.9386      4.797978],20.0000,4.0000
282,[247.32025    39.79282     2.6785407],20.0000,6.0000,[243.8787     50.64967     3.6074746],20.0000,0.0000,[250.06053    23.525589    2.6390529],20.0000,0.0000,[233.73254    69.63287     3.3071537],20.0000,6.0000,[ 196.7445    -123.104675     4.8481565],20.0000,0.0000,[280.04965    39.7423      3.1495707],20.0000,6.0000,[246.50485   75.41138    3.756877],20.0000,0.0000,[ 245.08556  -104.912544    4.778617],20.0000,6.0000,[256.09058   100.259384    2.1107404],20.0000,6.0000,[ 219.82787  -133.76012     4.802793],20.0000,6.0000,[171.19061     95.90883      0.19375883],20.0000,,[248.36789   122.1031      1.9194978],20.0000,4.0000,[237.44788    58.802753    3.6230974],20.0000,3.0000,[177.45312   13.896031   6.051851],20.0000,,[ 205.24915  -166.51431     4.798842],20.0000,4.0000
283,[246.2788     40.150494    2.7948062],20.0000,0.0000,[242.95041    50.065968    3.3214397],20.0000,6.0000,[249.05367    23.95987     2.3587043],20.0000,6.0000,[232.66605    69.39236     3.3990328],20.0000,6.0000,[ 196.85283   -124.19157      4.5537643],20.0000,6.0000,[278.95883   39.646946   3.419751],20.0000,0.0000,[245.61601    74.77777     3.4718516],20.0000,6.0000,[ 245.17343   -106.00067      4.9997635],20.0000,0.0000,[255.40959  101.123825   2.231749],20.0000,0.0000,[ 219.92569   -134.84727      5.0192714],20.0000,0.0000,[171.19061     95.90883      0.19375883],20.0000,,[248.179     122.65024     1.9187922],20.0000,4.0000,[236.95332    58.499535    3.5389998],20.0000,3.0000,[177.45312   13.896031   6.051851],20.0000,,[ 205.30923  -167.09003     4.799633],20.0000,4.0000
284,[245.21677    40.423367    2.5144002],20.0000,6.0000,[241.90271   49.72636    3.436338],20.0000,0.0000,[248.17746    24.626835    2.4749947],20.0000,0.0000,[231.61826    69.08488     3.6253233],20.0000,0.0000,[ 196.70338  -125.273094    4.638122],20.0000,6.0000,[277.91663    39.321342    3.1590004],20.0000,6.0000,[244.60338    74.365654    3.5637298],20.0000,0.0000,[ 245.46268   -107.05341      4.7084036],20.0000,6.0000,[254.66078   101.92427     1.9498619],20.0000,6.0000,[ 220.2217   -135.89851     4.725411],20.0000,6.0000,[171.19061     95.90883      0.19375883],20.0000,,[247.99002   123.19734     1.9181422],20.0000,4.0000,[236.44168    58.22312     3.4201076],20.0000,3.0000,[177.45312   13.896031   6.051851],20.0000,,[ 205.36922   -167.66574      4.8003592],20.0000,4.0000
285,[244.24774    40.946407    2.6306577],20.0000,0.0000,[240.8889     49.308216    3.1563454],20.0000,6.0000,[247.25507   25.219757   2.194609],20.0000,6.0000,[230.64789    68.5849      3.3373861],20.0000,6.0000,[ 196.62128  -126.36156     4.854497],20.0000,0.0000,[276.82657   39.225742   3.259144],20.0000,0.0000,[243.62747    73.874275    3.2394674],20.0000,6.0000,[ 245.49751  -108.14511     4.796632],20.0000,0.0000,[254.12477  102.88572    2.063854],20.0000,0.0000,[ 220.26286   -136.98962      4.8107476],20.0000,6.0000,[171.19061     95.90883      0.19375883],20.0000,,[247.80098   123.74441     1.9175417],20.0000,4.0000,[235.90697    57.98796     3.2929022],20.0000,3.0000,[177.45312   13.896031   6.051851],20.0000,,[ 205.42912   -168.24146      4.8010273],20.0000,4.0000
286,[243.24457    41.38916     2.3502505],20.0000,6.0000,[239.79962    49.146103    3.2732472],20.0000,0.0000,[246.4996     26.02091     2.3108745],20.0000,0.0000,[229.58687    68.323784    3.4277923],20.0000,6.0000,[ 196.74048  -127.44717     4.560595],20.0000,6.0000,[275.74945    39.039238    2.9421988],20.0000,6.0000,[242.55205    73.65659     3.3273005],20.0000,0.0000,[ 245.61943  -109.230255    4.466174],20.0000,6.0000,[253.51747   103.79855     1.7809166],20.0000,6.0000,[ 220.37207   -138.07571      5.0279274],20.0000,0.0000,[171.19061     95.90883      0.19375883],20.0000,,[247.61186   124.29144     1.9169858],20.0000,4.0000,[235.34978   57.802765   3.169194],20.0000,3.0000,[177.45312   13.896031   6.051851],20.0000,,[ 205.48894   -168.81717      4.8016443],20.0000,4.0000
287,[242.37405   42.06352    2.466509],20.0000,0.0000,[238.73126   48.899      2.993549],20.0000,6.0000,[245.68648   26.756575   2.03047 ],20.0000,6.0000,[228.54564    67.99548     3.6507387],20.0000,0.0000,[ 196.60176   -128.5302       4.6458554],20.0000,6.0000,[274.65604    39.139183    3.0341854],20.0000,0.0000,[241.4955     73.36866     3.0194855],20.0000,6.0000,[ 245.4475    -110.31254      4.5493436],20.0000,0.0000,[253.1482    104.8359      1.8959336],20.0000,0.0000,[ 220.67953  -139.12358     4.734384],20.0000,6.0000,[171.19061     95.90883      0.19375883],20.0000,,[247.42267   124.838455    1.9164699],20.0000,4.0000,[234.77438    57.673103    3.0538416],20.0000,3.0000,[177.45312   13.896031   6.051851],20.0000,,[ 205.54868  -169.39288     4.802215],20.0000,4.0000
288,[241.45673    42.66425     2.1861036],20.0000,6.0000,[237.63022    48.91629     3.1101506],20.0000,0.0000,[245.07207    27.670403    2.1467285],20.0000,0.0000,[227.58449    67.47786     3.3604949],20.0000,6.0000,[ 196.53098  -129.61946     4.862969],20.0000,0.0000,[273.5609     39.16475     2.7311378],20.0000,6.0000,[240.39505    73.36298     3.1225052],20.0000,0.0000,[ 245.34756  -111.40233     4.233705],20.0000,6.0000,[252.70064   105.83693     1.6148493],20.0000,6.0000,[ 220.7326    -140.21423      4.8202486],20.0000,6.0000,[171.19061     95.90883      0.19375883],20.0000,,[247.23341   125.38543     1.9159904],20.0000,4.0000,[234.18712    57.601692    2.9474823],20.0000,3.0000,[177.45312   13.896031   6.051851],20.0000,,[ 205.60834  -169.9686      4.802744],20.0000,4.0000
289,[240.7081     43.471798    2.3023634],20.0000,0.0000,[236.53592    48.84633     2.8299265],20.0000,6.0000,[244.39009   28.52905    1.866322],20.0000,6.0000,[226.52832    67.198845    3.4495485],20.0000,0.0000,[ 196.66196   -130.70363      4.5693936],20.0000,6.0000,[272.5035    39.47047    2.836817],20.0000,0.0000,[239.30173    73.2801      2.8342988],20.0000,6.0000,[ 244.96384  -112.432976    4.331564],20.0000,6.0000,[252.50734   106.92103     1.7309391],20.0000,0.0000,[ 220.85393  -141.29903     5.037902],20.0000,0.0000,[171.19061     95.90883      0.19375883],20.0000,,[247.04408   125.93237     1.9155437],20.0000,4.0000,[233.59476    57.588802    2.8483021],20.0000,3.0000,[177.45312   13.896031   6.051851],20.0000,,[ 205.66792   -170.54431      4.8032355],20.0000,4.0000
290,[239.90126    44.21435     2.0219588],20.0000,6.0000,[235.45245    49.042892    2.9462287],20.0000,0.0000,[243.93329   29.530994   1.982581],20.0000,0.0000,[225.49821    66.83622     3.1200886],20.0000,6.0000,[ 196.53499   -131.78816      4.6552095],20.0000,6.0000,[271.43094    39.69844     2.5506363],20.0000,6.0000,[238.21693    73.47045     2.9483263],20.0000,0.0000,[ 244.63556   -113.47733      4.5890427],20.0000,0.0000,[252.23013   107.98195     1.4505767],20.0000,6.0000,[ 221.17336   -142.34326      4.7445917],20.0000,6.0000,[171.19061     95.90883      0.19375883],20.0000,,[246.85469   126.4793      1.9151269],20.0000,4.0000,[233.00362   57.633266   2.753679],20.0000,3.0000,[177.45312   13.896031   6.051851],20.0000,,[ 205.72743   -171.12004      4.8036933],20.0000,4.0000
291,[239.29466    45.133377    2.1382186],20.0000,0.0000,[234.3614     49.15248     2.6658087],20.0000,6.0000,[243.40077    30.489544    1.7021756],20.0000,6.0000,[224.40479   66.76008    3.203958],20.0000,0.0000,[ 196.47626   -132.87813      4.8728185],20.0000,0.0000,[270.44278    40.184807    2.6654513],20.0000,0.0000,[237.12538    73.57629     2.6680152],20.0000,6.0000,[ 244.52866  -114.56399     4.323628],20.0000,6.0000,[252.21678   109.08305     1.5669101],20.0000,0.0000,[ 221.23892  -143.43327     4.830792],20.0000,6.0000,[171.19061     95.90883      0.19375883],20.0000,,[246.66524   127.02619     1.9147375],20.0000,4.0000,[232.41933    57.733383    2.6613305],20.0000,3.0000,[177.45312   13.896031   6.051851],20.0000,,[ 205.78687 -171.69577    4.80412],20.0000,4.0000
292,[238.62001    45.997795    1.8578141],20.0000,6.0000,[233.3246    49.5234     2.782047],20.0000,0.0000,[243.11383    31.552668    1.8184354],20.0000,0.0000,[223.32034    66.61213     2.8896096],20.0000,6.0000,[ 196.6196   -133.9607      4.579486],20.0000,6.0000,[269.42426    40.591274    2.3854034],20.0000,6.0000,[236.08727   73.94397    2.784912],20.0000,0.0000,[ 244.18744  -115.6038      4.422624],20.0000,6.0000,[252.11665   110.175       1.2865887],20.0000,6.0000,[ 221.37282   -144.5166       5.0487576],20.0000,0.0000,[171.19061     95.90883      0.19375883],20.0000,,[246.47572   127.57307     1.9143729],20.0000,4.0000,[231.84698    57.887383    2.5697622],20.0000,3.0000,[177.45312   13.896031   6.051851],20.0000,,[ 205.84624  -172.2715      4.804518],20.0000,4.0000
293,[238.17174    47.00359     1.9740741],20.0000,0.0000,[232.26614    49.80981     2.5016189],20.0000,6.0000,[242.74513    32.585346    1.5380306],20.0000,6.0000,[222.22955    66.753334    2.9883573],20.0000,0.0000,[ 196.50499   -135.04663      4.6656556],20.0000,6.0000,[268.53       41.234013    2.5022871],20.0000,0.0000,[235.0278     74.22685     2.5053349],20.0000,6.0000,[ 243.91647  -116.66204     4.656401],20.0000,0.0000,[252.28333   111.26348     1.4028894],20.0000,6.0000,[ 221.70453   -145.55696      4.7556067],20.0000,6.0000,[171.19061     95.90883      0.19375883],20.0000,,[246.28615   128.11992     1.9140313],20.0000,4.0000,[231.29138    58.09349     2.4782174],20.0000,3.0000,[177.45312   13.896031   6.051851],20.0000,,[ 205.90555  -172.84723     4.804891],20.0000,4.0000
294,[237.6474     47.966633    1.6936694],20.0000,6.0000,[231.30388    50.345192    2.6178677],20.0000,6.0000,[242.63576    33.681072    1.6542907],20.0000,0.0000,[221.13525    66.819374    2.6961837],20.0000,6.0000,[ 196.45888  -136.13722     4.883592],20.0000,0.0000,[267.59152    41.80123     2.2225864],20.0000,6.0000,[234.06346    74.758514    2.6220243],20.0000,0.0000,[ 243.85556  -117.75189     4.372809],20.0000,6.0000,[252.38046   112.35414     1.6730587],20.0000,0.0000,[ 221.78296  -146.64615     4.842018],20.0000,6.0000,[171.19061     95.90883      0.19375883],20.0000,,[246.09651   128.66675     1.9137106],20.0000,4.0000,[230.75716    58.349792    2.3864312],20.0000,3.0000,[177.45312   13.896031   6.051851],20.0000,,[ 205.96478   -173.42297      4.8052406],20.0000,4.0000
295,[237.3695     49.03216     1.8099294],20.0000,0.0000,[230.31538    50.81618     2.8880088],20.0000,0.0000,[242.44075   34.76012    1.373886],20.0000,6.0000,[220.0872    67.157684   2.808397],20.0000,6.0000,[ 196.61493  -137.21799     4.590426],20.0000,6.0000,[266.81384   42.580868   2.339191],20.0000,6.0000,[233.06415    75.20989     2.3418708],20.0000,6.0000,[ 243.54575   -118.80011      4.4649034],20.0000,6.0000,[252.24237   113.437256    1.4122517],20.0000,6.0000,[ 221.92975   -147.7278       5.0601864],20.0000,0.0000,[171.19061     95.90883      0.19375883],20.0000,,[245.90683   129.21355     1.9134092],20.0000,4.0000,[230.24881    58.654114    2.2943897],20.0000,3.0000,[177.45312   13.896031   6.051851],20.0000,,[ 206.02397  -173.99872     4.805568],20.0000,4.0000
296,[237.0096     50.06794     1.5295246],20.0000,6.0000,[229.252      51.064068    2.6271946],20.0000,6.0000,[242.51192    35.858986    1.4901459],20.0000,0.0000,[219.02687    67.43148     3.0777295],20.0000,0.0000,[ 196.51314   -138.30524      4.6768184],20.0000,6.0000,[265.99304    43.30561     2.6095235],20.0000,0.0000,[232.19934   75.891556   2.458201],20.0000,0.0000,[ 243.30437   -119.864975     4.6901407],20.0000,0.0000,[252.33913   114.5272      1.5123667],20.0000,6.0000,[ 222.27394 -148.76408    4.76714],20.0000,6.0000,[171.19061     95.90883      0.19375883],20.0000,,[245.71709   129.76033     1.9131258],20.0000,4.0000,[229.77063    59.003918    2.2021692],20.0000,3.0000,[177.45312   13.896031   6.051851],20.0000,,[ 206.08308  -174.57446     4.805876],20.0000,4.0000
297,[236.90956    51.164555    1.6457845],20.0000,0.0000,[228.26405    51.53449     2.7273088],20.0000,0.0000,[242.49586    36.9554      1.2097412],20.0000,6.0000,[217.93575   67.47299    2.817284],20.0000,6.0000,[ 196.47997  -139.3963      4.894968],20.0000,0.0000,[265.03882   43.83631    2.348759],20.0000,6.0000,[231.28706    76.49993     2.1777909],20.0000,6.0000,[ 243.2683    -120.956        4.4013333],20.0000,6.0000,[252.36194   115.619286    1.7459366],20.0000,0.0000,[ 222.3655   -149.85226     4.853685],20.0000,6.0000,[171.19061     95.90883      0.19375883],20.0000,,[245.5273    130.3071      1.9128587],20.0000,4.0000,[229.3267     59.39628     2.1098516],20.0000,3.0000,[177.45312   13.896031   6.051851],20.0000,,[ 206.14215  -175.1502      4.806165],20.0000,4.0000
298,[236.72374    52.24522     1.3653798],20.0000,6.0000,[227.24115   51.920013   2.410329],20.0000,6.0000,[242.74562    38.027866    1.3260012],20.0000,0.0000,[216.87633    67.74716     2.9176772],20.0000,6.0000,[ 196.64899  -140.4751      4.601912],20.0000,6.0000,[264.21826    44.560196    2.4488795],20.0000,0.0000,[230.5452     77.31369     2.2940292],20.0000,0.0000,[ 242.97899   -122.00957      4.4912434],20.0000,6.0000,[252.17299   116.69436     1.4619405],20.0000,6.0000,[ 222.52534  -150.93207     5.071983],20.0000,0.0000,[171.19061     95.90883      0.19375883],20.0000,,[245.33746   130.85385     1.9126068],20.0000,4.0000,[228.92082    59.827885    2.0174956],20.0000,3.0000,[177.45312   13.896031   6.051851],20.0000,,[ 206.20116  -175.72595     4.806438],20.0000,4.0000
299,[236.80424    53.343445    1.4816397],20.0000,0.0000,[226.34949    52.560703    2.5022948],20.0000,0.0000,[242.90895    39.112164    1.0455965],20.0000,6.0000,[215.80273    67.94871     3.1517253],20.0000,0.0000,[ 196.56026   -141.5635       4.6884446],20.0000,6.0000,[263.34073   45.21205    2.131883],20.0000,6.0000,[229.7446    78.06296    2.013597],20.0000,6.0000,[ 242.7579    -123.07866      4.7134438],20.0000,0.0000,[252.23615   117.78551     1.5538613],20.0000,0.0000,[ 222.88213  -151.96408     4.779005],20.0000,6.0000,[171.19061     95.90883      0.19375883],20.0000,,[245.14758   131.40057     1.9123691],20.0000,4.0000,[228.55647    60.295074    1.9251335],20.0000,4.0000,[177.45312   13.896031   6.051851],20.0000,,[ 206.26012  -176.30171     4.806695],20.0000,3.0000
300,[236.79752   54.43995    1.201235],20.0000,6.0000,[225.41864    53.13816     2.1992223],20.0000,6.0000,[243.3306     40.129402    1.1618564],20.0000,0.0000,[214.71123    67.93827     2.8680403],20.0000,6.0000,[ 196.54028   -142.65489      4.9067307],20.0000,0.0000,[262.65955    46.073166    2.2238321],20.0000,6.0000,[229.1457     78.98702     2.1298428],20.0000,0.0000,[ 242.74069  -124.17023     4.422726],20.0000,6.0000,[252.211     118.87765     1.2281775],20.0000,6.0000,[ 222.98694  -153.05107     4.865634],20.0000,0.0000,[171.19061     95.90883      0.19375883],20.0000,,[244.95764   131.94728     1.9121445],20.0000,4.0000,[228.23953    60.794907    1.9245363],20.0000,4.0000,[177.45312   13.896031   6.051851],20.0000,,[ 206.32198   -176.8772       4.7151785],20.0000,4.0000
301,[237.0564    55.510254   1.317495],20.0000,0.0000,[224.6624    53.93794    2.304888],20.0000,6.0000,[243.66891    41.172436    0.8814517],20.0000,6.0000,[213.64505   68.178955   2.960075],20.0000,0.0000,[ 196.7224   -143.73154     4.613746],20.0000,6.0000,[261.93747    46.8951      2.4712884],20.0000,0.0000,[228.47832    79.85706     1.8494297],20.0000,6.0000,[ 242.46863   -125.22815      4.5114465],20.0000,0.0000,[252.4762   119.94196    1.314716],20.0000,6.0000,[ 223.1776    -154.12611      4.5334625],20.0000,6.0000,[171.19061     95.90883      0.19375883],20.0000,,[244.76767   132.49399     1.9119322],20.0000,4.0000,[227.94232    61.3021      1.9559501],20.0000,3.0000,[177.45312   13.896031   6.051851],20.0000,,[ 206.34933  -177.45587     4.681835],20.0000,4.0000
302,[237.22893    56.593124    1.0370903],20.0000,6.0000,[223.8669     54.690365    2.5692494],20.0000,0.0000,[244.25113     42.107098     0.99771166],20.0000,0.0000,[212.56348    68.332664    2.6345613],20.0000,6.0000,[ 196.64693   -144.82095      4.7003675],20.0000,6.0000,[261.0679     47.555325    2.1998892],20.0000,6.0000,[228.0385     80.86658     1.9656874],20.0000,0.0000,[ 242.28215  -126.30413     4.181573],20.0000,6.0000,[252.68724   121.01505     1.5553128],20.0000,0.0000,[ 223.07402   -155.21664      4.6154685],20.0000,6.0000,[171.19061     95.90883      0.19375883],20.0000,,[244.57765   133.04066     1.9117312],20.0000,4.0000,[227.64629    61.80659     1.8988117],20.0000,3.0000,[177.45312   13.896031   6.051851],20.0000,,[ 206.36253   -178.0353       4.6709642],20.0000,4.0000
303,[237.65923    57.60674     1.1533502],20.0000,6.0000,[222.93398    55.257767    2.3068826],20.0000,6.0000,[244.75533    43.08083     0.7173069],20.0000,6.0000,[211.55676    68.768196    2.7212222],20.0000,0.0000,[ 196.64027   -145.9125       4.9187407],20.0000,0.0000,[260.36462    48.393513    2.2967298],20.0000,0.0000,[227.52226   81.833984   1.685283],20.0000,6.0000,[ 241.81458 -127.29538    4.26515],20.0000,6.0000,[252.68483   122.10677     1.2799602],20.0000,6.0000,[ 223.02518  -156.3086      4.848075],20.0000,0.0000,[171.19061     95.90883      0.19375883],20.0000,,[244.3876    133.58733     1.9115407],20.0000,4.0000,[227.37585    62.325905    1.8011173],20.0000,3.0000,[177.45312   13.896031   6.051851],20.0000,,[ 206.36964   -178.61484      4.6692524],20.0000,4.0000
304,[238.0227     58.63963     1.4234973],20.0000,0.0000,[222.14311    56.014168    2.4067779],20.0000,0.0000,[245.48245     43.90779      0.83356684],20.0000,0.0000,[210.52527    69.13544     2.4114552],20.0000,6.0000,[ 196.83557  -146.98685     4.625802],20.0000,6.0000,[259.5961     49.1709      1.9782614],20.0000,6.0000,[227.25331    82.9018      1.8015436],20.0000,6.0000,[ 241.39798   -128.30618      4.5008225],20.0000,0.0000,[252.9277    123.17348     1.3754002],20.0000,6.0000,[ 223.1853    -157.38841      4.5674863],20.0000,6.0000,[171.19061     95.90883      0.19375883],20.0000,,[244.19751   134.13397     1.9113603],20.0000,4.0000,[227.14613    62.866486    1.6905614],20.0000,4.0000,[177.45312   13.896031   6.051851],20.0000,,[ 206.37415   -179.19432      4.6710978],20.0000,4.0000
305,[238.15639    59.723297    1.1626846],20.0000,6.0000,[221.29283    56.701294    2.0902815],20.0000,6.0000,[246.13899     44.78604      0.55316216],20.0000,6.0000,[209.61963    69.760315    2.5132136],20.0000,0.0000,[ 196.77347  -148.0771      4.712479],20.0000,6.0000,[259.05444   50.12599    2.069835],20.0000,0.0000,[226.91946    83.94464     2.0716918],20.0000,0.0000,[ 241.18396 -129.37666    4.22231],20.0000,6.0000,[253.10101   124.25191     1.6062901],20.0000,0.0000,[ 223.09517  -158.47836     4.660987],20.0000,6.0000,[171.19061     95.90883      0.19375883],20.0000,,[244.00737   134.68062     1.9111891],20.0000,4.0000,[226.96901    63.428093    1.6717958],20.0000,4.0000,[177.45312   13.896031   6.051851],20.0000,,[ 206.37756 -179.7737     4.67411],20.0000,4.0000
306,[238.51935    60.755577    1.2627988],20.0000,6.0000,[220.64708   57.589447   2.18272 ],20.0000,6.0000,[246.99149    45.48307     0.6694221],20.0000,6.0000,[208.67592    70.318474    2.2238786],20.0000,6.0000,[ 196.78024   -149.16866      4.9309077],20.0000,0.0000,[258.45108    51.040283    1.7667457],20.0000,6.0000,[226.37177    84.88923     1.8108793],20.0000,6.0000,[ 240.73235  -130.37291     4.316582],20.0000,6.0000,[253.06432  125.34284    1.321213],20.0000,6.0000,[ 223.07477   -159.57031      4.8897023],20.0000,0.0000,[171.19061     95.90883      0.19375883],20.0000,,[243.81721   135.22723     1.9110265],20.0000,4.0000,[226.81512   63.99421    1.689324],20.0000,3.0000,[177.45312   13.896031   6.051851],20.0000,,[ 206.38055  -180.35298     4.677299],20.0000,4.0000
307,[238.81117    61.808197    1.4963706],20.0000,6.0000,[219.95885    58.439987    2.4308786],20.0000,0.0000,[247.79378     46.22825      0.93956923],20.0000,0.0000,[207.89622    71.09632     2.3374057],20.0000,0.0000,[ 196.98877   -150.2405       4.6379986],20.0000,6.0000,[258.09946    52.08334     1.8725065],20.0000,6.0000,[226.03787    85.931274    1.9109937],20.0000,6.0000,[ 240.34602  -131.39449     4.546233],20.0000,0.0000,[253.28035   126.41423     1.4128141],20.0000,6.0000,[ 223.2627   -160.64558     4.603332],20.0000,6.0000,[171.19061     95.90883      0.19375883],20.0000,,[243.627    135.77385    1.910872],20.0000,5.0000,[226.6649     64.55916     1.6239767],20.0000,3.0000,[177.45312   13.896031   6.051851],20.0000,,[ 206.38336   -180.93219      4.6802926],20.0000,4.0000
308,[238.91138   62.89531    1.762928],20.0000,6.0000,[219.11646    59.134537    2.1598916],20.0000,6.0000,[248.41629    47.125286    0.6787565],20.0000,6.0000,[207.06279    71.80912     2.0568602],20.0000,6.0000,[ 196.94012  -151.33145     4.724711],20.0000,6.0000,[257.69235    53.099834    2.1370184],20.0000,0.0000,[225.635      86.94659     2.1445656],20.0000,0.0000,[ 240.1621    -132.47044      4.2604346],20.0000,6.0000,[253.42691   127.4962      1.6374569],20.0000,6.0000,[ 223.19667   -161.73643      4.6944375],20.0000,6.0000,[171.19061     95.90883      0.19375883],20.0000,,[243.43958   136.32144     2.0024838],20.0000,4.0000,[226.54576    65.132385    1.5225129],20.0000,3.0000,[177.45312   13.896031   6.051851],20.0000,,[ 206.38608 -181.51132    4.68298],20.0000,4.0000
309,[238.78413    63.98257     2.0322452],20.0000,6.0000,[218.44707    60.000053    2.2568793],20.0000,6.0000,[249.21785     47.870163     0.77887064],20.0000,0.0000,[206.42348   72.70589    2.173718],20.0000,0.0000,[ 196.96036  -152.42284     4.943174],20.0000,0.0000,[257.08286    54.005825    1.8747348],20.0000,6.0000,[225.04355    87.86402     1.8605711],20.0000,6.0000,[ 239.73407   -133.47604      4.3517666],20.0000,6.0000,[253.38484   128.58737     1.8988385],20.0000,0.0000,[ 223.20079   -162.82823      4.9183893],20.0000,0.0000,[171.19061     95.90883      0.19375883],20.0000,,[243.21956   136.85728     2.0359309],20.0000,4.0000,[226.47293    65.71533     1.4105961],20.0000,4.0000,[177.45312   13.896031   6.051851],20.0000,,[ 206.38873  -182.0904      4.685354],20.0000,4.0000
310,[238.42163    65.02137     2.2883625],20.0000,0.0000,[217.72382    60.818645    2.4890838],20.0000,0.0000,[249.95338     48.67883      0.46189058],20.0000,6.0000,[205.7181     73.54549     1.8941817],20.0000,6.0000,[ 197.18213   -153.492        4.6502833],20.0000,6.0000,[256.6815     55.02392     1.9746585],20.0000,0.0000,[224.6782     88.89413     1.9524926],20.0000,6.0000,[ 239.37189 -134.50604    4.57604],20.0000,0.0000,[253.10345   129.64464     1.6148328],20.0000,6.0000,[ 223.41008   -163.89963      4.6287823],20.0000,6.0000,[171.19061     95.90883      0.19375883],20.0000,,[242.98648   137.38786     2.0470004],20.0000,4.0000,[226.45712    66.30414     1.3916327],20.0000,4.0000,[177.45312   13.896031   6.051851],20.0000,,[ 206.39133   -182.66943      4.6874456],20.0000,4.0000
311,[237.82195   65.9468     1.965998],20.0000,6.0000,[216.85709    61.482155    2.2047012],20.0000,6.0000,[250.87772    49.271423    0.5538556],20.0000,0.0000,[205.23335    74.53425     2.0109103],20.0000,0.0000,[ 197.14697   -154.58348      4.7370176],20.0000,6.0000,[256.1971     56.00397     1.6581796],20.0000,6.0000,[224.24767   89.897514   2.177362],20.0000,0.0000,[ 239.21004  -135.58562     4.286637],20.0000,6.0000,[253.0633    130.73549     1.6927408],20.0000,6.0000,[ 223.36368   -164.99112      4.7182407],20.0000,6.0000,[171.19061     95.90883      0.19375883],20.0000,,[242.74786   137.91599     2.0489562],20.0000,5.0000,[226.4652     66.89084     1.4094198],20.0000,4.0000,[177.45312   13.896031   6.051851],20.0000,,[ 206.39384  -183.24841     4.689292],20.0000,4.0000
312,[237.45265    66.975464    1.9938682],20.0000,6.0000,[216.1653     62.328373    2.2965412],20.0000,0.0000,[2.5175772e+02 4.9923759e+01 2.5078255e-01],20.0000,6.0000,[204.67387    75.47731     1.7307935],20.0000,6.0000,[ 197.18073  -155.67455     4.955503],20.0000,0.0000,[255.98267    57.080917    1.7506253],20.0000,0.0000,[223.6358     90.801544    1.8883028],20.0000,6.0000,[ 238.80064   -136.59851      4.3762164],20.0000,6.0000,[252.9596   131.8225     1.904826],20.0000,0.0000,[ 223.38715   -166.08255      4.9398503],20.0000,0.0000,[171.19061     95.90883      0.19375883],20.0000,,[242.50955   138.44434     2.1391108],20.0000,4.0000,[226.47943    67.47489     1.4361628],20.0000,5.0000,[177.45312   13.896031   6.051851],20.0000,,[ 206.39629   -183.82738      4.6909285],20.0000,4.0000
313,[237.06075    67.9961      2.1810474],20.0000,0.0000,[215.40793    63.115654    1.9709291],20.0000,6.0000,[252.77998     50.331802     0.35644776],20.0000,0.0000,[204.35667    76.5318      1.8471401],20.0000,0.0000,[ 197.41573   -156.74088      4.6626244],20.0000,6.0000,[255.69632    58.138306    1.4482374],20.0000,6.0000,[223.251      91.82407     1.9780684],20.0000,6.0000,[ 238.45712  -137.63475     4.597984],20.0000,0.0000,[252.65953   132.87378     1.6073424],20.0000,6.0000,[ 223.61398   -167.15045      4.6487703],20.0000,6.0000,[171.19061     95.90883      0.19375883],20.0000,,[242.23842   138.95787     2.1696389],20.0000,4.0000,[226.49567    68.056725    1.5521212],20.0000,5.0000,[177.45312   13.896031   6.051851],20.0000,,[ 206.39865  -184.40631     4.692387],20.0000,4.0000
314,[236.50368    68.938515    1.8698429],20.0000,6.0000,[214.88318   64.07888    2.057555],20.0000,0.0000,[2.5376651e+02 5.0810524e+01 7.0256785e-02],20.0000,6.0000,[203.95853    77.55348     1.5667374],20.0000,6.0000,[ 197.3941   -157.8327      4.749373],20.0000,6.0000,[255.68892    59.23902     1.5543109],20.0000,0.0000,[222.80191    92.81913     2.2000709],20.0000,0.0000,[ 238.31322   -138.71695      4.3070006],20.0000,6.0000,[252.61362   133.96439     1.6857524],20.0000,6.0000,[ 223.58472   -168.24236      4.7372212],20.0000,6.0000,[171.19061     95.90883      0.19375883],20.0000,,[241.95348   139.4641      2.1758864],20.0000,5.0000,[226.47772    68.63591     1.6951315],20.0000,6.0000,[177.45312   13.896031   6.051851],20.0000,,[ 206.40092  -184.98523     4.693694],20.0000,4.0000
315,[236.18991    69.98404     1.9375224],20.0000,6.0000,[214.29688    65.003586    1.7477628],20.0000,6.0000,[2.5484506e+02 5.1033463e+01 1.8506782e-01],20.0000,0.0000,[203.8178     78.64562     1.6829767],20.0000,0.0000,[ 197.44138  -158.92326     4.967872],20.0000,0.0000,[255.60243   60.332146   1.268443],20.0000,6.0000,[222.17471    93.71269     1.9092301],20.0000,6.0000,[ 237.92     -139.73602     4.395525],20.0000,6.0000,[252.50432   135.05057     1.8985641],20.0000,0.0000,[ 223.62498  -169.33325     4.957576],20.0000,0.0000,[171.19061     95.90883      0.19375883],20.0000,,[241.66539  139.96852    2.264242],20.0000,4.0000,[226.41478    69.211296    1.9320552],20.0000,6.0000,[177.45312   13.896031   6.051851],20.0000,,[ 206.40309  -185.56412     4.694871],20.0000,4.0000
316,[235.82414    71.01285     2.1459656],20.0000,6.0000,[213.96843    66.05372     1.8495109],20.0000,0.0000,[255.89854    51.338116    6.1882043],20.0000,6.0000,[203.59195    79.718636    1.4025432],20.0000,6.0000,[ 197.68959   -159.9866       4.6750007],20.0000,6.0000,[255.78743   61.417862   1.383383],20.0000,6.0000,[221.7736     94.728714    1.9978606],20.0000,0.0000,[ 237.59267   -140.77742      4.6159673],20.0000,0.0000,[252.1994    136.09982     1.6027701],20.0000,6.0000,[ 223.86752   -170.39777      4.6657453],20.0000,6.0000,[171.19061     95.90883      0.19375883],20.0000,,[241.34447   140.45435     2.2908738],20.0000,5.0000,[226.27191    69.77599     2.1941614],20.0000,5.0000,[177.45312   13.896031   6.051851],20.0000,,[ 206.40518  -186.14299     4.695935],20.0000,4.0000
317,[235.29454    71.970375    2.3982248],20.0000,0.0000,[213.5689   67.07475   1.56017],20.0000,6.0000,[2.5699902e+02 5.1379971e+01 2.1902733e-02],20.0000,6.0000,[203.63159    80.819084    1.5187876],20.0000,0.0000,[ 197.68152  -161.07861     4.761758],20.0000,6.0000,[255.90462    62.50665     1.6539323],20.0000,6.0000,[221.29263    95.7091      1.6678776],20.0000,6.0000,[ 237.4648   -141.86171     4.324188],20.0000,6.0000,[252.14886   137.1903      1.6847373],20.0000,6.0000,[ 223.85396  -171.48988     4.753571],20.0000,6.0000,[171.19061     95.90883      0.19375883],20.0000,,[241.01213   140.9327      2.3837256],20.0000,4.0000,[226.03125    70.31577     2.3617754],20.0000,5.0000,[177.45312   13.896031   6.051851],20.0000,,[ 206.40717  -186.72185     4.696901],20.0000,4.0000
318,[234.56606    72.79082     2.1013067],20.0000,6.0000,[213.4339     68.1678      1.6736954],20.0000,0.0000,[258.0884      51.49075      0.29275465],20.0000,6.0000,[203.58415    81.91459     1.2383735],20.0000,6.0000,[ 197.74232   -162.16849      4.9802656],20.0000,0.0000,[255.80418    63.593616    1.9442449],20.0000,0.0000,[221.089     96.78599    1.751378],20.0000,6.0000,[ 237.08641 -142.88626    4.41206],20.0000,6.0000,[252.03238  138.27567    1.899482],20.0000,6.0000,[ 223.90973   -172.58006      4.9732075],20.0000,0.0000,[171.19061     95.90883      0.19375883],20.0000,,[240.64528   141.38702     2.4081373],20.0000,5.0000,[225.71706    70.82114     2.4821024],20.0000,5.0000,[177.45312   13.896031   6.051851],20.0000,,[ 206.40907   -187.30069      4.6977816],20.0000,4.0000
319,[234.0414     73.74854     2.1611617],20.0000,6.0000,[213.2165     69.24271     1.3931504],20.0000,6.0000,[259.1309      51.81448      0.58283114],20.0000,0.0000,[203.8031     82.99377     1.3546306],20.0000,0.0000,[ 198.00372   -163.22867      4.6873994],20.0000,6.0000,[255.44627    64.62573     1.6710212],20.0000,6.0000,[220.83263    97.84877     1.9869093],20.0000,0.0000,[ 236.774     -143.93222      4.6317477],20.0000,0.0000,[251.73634   139.32799     2.1553853],20.0000,0.0000,[ 224.16692  -173.64117     4.680963],20.0000,6.0000,[171.19061     95.90883      0.19375883],20.0000,,[240.26662   141.83136     2.4960778],20.0000,4.0000,[225.34583    71.28686     2.5777807],20.0000,5.0000,[177.45312   13.896031   6.051851],20.0000,,[ 206.41087  -187.87953     4.698587],20.0000,3.0000
320,[233.47359    74.68202     2.3644361],20.0000,0.0000,[213.26537    70.34294     1.5100087],20.0000,0.0000,[260.0664      52.378593     0.30948636],20.0000,6.0000,[203.93532    84.0823      1.0742259],20.0000,6.0000,[ 198.00922  -164.3207      4.774162],20.0000,0.0000,[255.3222     65.71031     1.7601545],20.0000,6.0000,[220.3773     98.84094     1.7083027],20.0000,0.0000,[ 236.66116  -145.0182      4.339532],20.0000,6.0000,[251.21568   140.29236     1.8642498],20.0000,6.0000,[ 224.16826   -174.73332      4.7683973],20.0000,6.0000,[171.19061     95.90883      0.19375883],20.0000,,[239.85588   142.24799     2.5155869],20.0000,4.0000,[224.92972    71.71172     2.6639764],20.0000,6.0000,[177.45312   13.896031   6.051851],20.0000,,[ 206.41557   -188.4584       4.6075673],20.0000,4.0000
321,[232.74844    75.501396    2.0611944],20.0000,6.0000,[213.22696    71.43885     1.2304732],20.0000,6.0000,[261.1017      52.724792     0.39845735],20.0000,6.0000,[204.32768    85.11119     1.1904864],20.0000,0.0000,[ 198.10136   -165.40865      4.4421234],20.0000,6.0000,[255.12642    66.78421     1.9773458],20.0000,0.0000,[220.1403     99.9101      1.2519882],20.0000,6.0000,[ 236.29686   -146.04779      4.4269953],20.0000,6.0000,[250.92307   141.34422     1.9313952],20.0000,6.0000,[ 224.23874   -175.82263      4.9876065],20.0000,0.0000,[171.19061     95.90883      0.19375883],20.0000,,[239.43306   142.65097     2.5073166],20.0000,5.0000,[224.47786    72.097786    2.8407857],20.0000,6.0000,[177.45312   13.896031   6.051851],20.0000,,[ 206.38551  -189.03719     4.574721],20.0000,4.0000
322,[232.23795    76.466225    2.1336758],20.0000,6.0000,[213.45422    72.51634     1.3472022],20.0000,6.0000,[262.11176    53.138836    0.6155496],20.0000,6.0000,[204.636       86.163475     0.91008276],20.0000,6.0000,[ 197.89912   -166.48528      4.5242176],20.0000,0.0000,[254.73549    67.80432     1.6832716],20.0000,6.0000,[220.31194   101.00293     1.3241936],20.0000,0.0000,[ 235.99866   -147.09787      4.6462355],20.0000,0.0000,[250.5775    142.38051     2.1383011],20.0000,6.0000,[ 224.50996  -176.88028     4.695122],20.0000,6.0000,[171.19061     95.90883      0.19375883],20.0000,,[239.00893   143.05109     2.5823529],20.0000,5.0000,[223.97073   72.41636    3.047872],20.0000,6.0000,[177.45312   13.896031   6.051851],20.0000,,[ 206.341     -189.6153       4.5646696],20.0000,4.0000
323,[231.6762     77.40245     2.3440182],20.0000,6.0000,[213.6119     73.59991     1.6176373],20.0000,6.0000,[263.03906     53.71804      0.87197155],20.0000,6.0000,[205.19122    87.114426    1.0263431],20.0000,6.0000,[ 197.76878   -167.57162      4.2064557],20.0000,6.0000,[254.59383    68.88681     1.7667598],20.0000,6.0000,[220.44788  102.09432    1.050017],20.0000,6.0000,[ 235.90025   -148.18529      4.3537683],20.0000,6.0000,[250.06613   143.349       2.3877783],20.0000,0.0000,[ 224.52571  -177.97226     4.782311],20.0000,6.0000,[171.19061     95.90883      0.19375883],20.0000,,[238.56152   143.42714     2.6908183],20.0000,4.0000,[223.41074    72.6429      3.2531679],20.0000,6.0000,[177.45312   13.896031   6.051851],20.0000,,[ 206.2903   -190.19287     4.563913],20.0000,4.0000
324,[230.96693    78.23549     2.5971925],20.0000,6.0000,[213.55185    74.68984     1.9074659],20.0000,6.0000,[263.832      54.47751     1.1307454],20.0000,6.0000,[205.6826     88.09296     1.2964907],20.0000,0.0000,[ 197.3554    -168.59048      4.3028107],20.0000,6.0000,[254.38582    69.958374    1.9823873],20.0000,6.0000,[220.84796   103.1232      1.1823308],20.0000,6.0000,[ 235.5496   -149.21957     4.440975],20.0000,6.0000,[249.35274   144.18388     2.0857298],20.0000,6.0000,[ 224.61044   -179.06056      5.0012603],20.0000,0.0000,[171.19061     95.90883      0.19375883],20.0000,,[238.08148   143.76378     2.7157876],20.0000,4.0000,[222.81508    72.76151     3.4456537],20.0000,6.0000,[177.45312   13.896031   6.051851],20.0000,,[ 206.237    -190.77008     4.566679],20.0000,4.0000
325,[230.09909    78.90967     2.8517683],20.0000,6.0000,[213.24963    75.74055     2.1845958],20.0000,0.0000,[264.4435     55.39608     1.3695579],20.0000,6.0000,[205.95247    89.15096     1.0356779],20.0000,6.0000,[ 196.99632   -169.62457      4.5587044],20.0000,0.0000,[254.00117    70.98148     2.2386942],20.0000,6.0000,[221.17355   104.16938     1.4701965],20.0000,0.0000,[ 235.26521   -150.27347      4.6599436],20.0000,0.0000,[248.84761   145.15225     2.1396484],20.0000,6.0000,[ 224.89534   -180.11462      4.7086325],20.0000,6.0000,[171.19061     95.90883      0.19375883],20.0000,,[237.59003  144.08134    2.706617],20.0000,5.0000,[222.20674   72.76712    3.626658],20.0000,6.0000,[177.45312   13.896031   6.051851],20.0000,,[ 206.18268   -191.34706      4.5704956],20.0000,4.0000
326,[229.10078    79.38165     3.0851672],20.0000,0.0000,[212.70688    76.69342     1.8984418],20.0000,6.0000,[264.84348    56.42852     1.5788499],20.0000,6.0000,[206.44325    90.12895     1.1357921],20.0000,0.0000,[ 196.85616 -170.70744    4.2925 ],20.0000,6.0000,[253.41435    71.908875    2.4988863],20.0000,6.0000,[221.25465   105.25829     1.2174076],20.0000,6.0000,[ 235.18091   -151.36209      4.3673263],20.0000,6.0000,[248.30292   146.0996      2.3399723],20.0000,0.0000,[ 224.92519   -181.2063       4.7956667],20.0000,0.0000,[171.19061     95.90883      0.19375883],20.0000,,[237.09743   144.39465     2.7788346],20.0000,5.0000,[221.60773    72.66238     3.8018594],20.0000,5.0000,[177.45312   13.896031   6.051851],20.0000,,[ 206.12799 -191.92387    4.57435],20.0000,4.0000
327,[228.02052    79.61235     2.7391505],20.0000,6.0000,[212.3846   77.73676   1.9638 ],20.0000,6.0000,[265.0268    57.521587   1.763796],20.0000,6.0000,[206.84988    91.14365     0.8188121],20.0000,6.0000,[ 196.48262  -171.73607     4.391241],20.0000,0.0000,[252.6358     72.69028     2.7403264],20.0000,0.0000,[221.56085   106.30879     1.3199171],20.0000,0.0000,[ 234.84366  -152.4008      4.454372],20.0000,0.0000,[247.59967   146.93805     2.0351288],20.0000,6.0000,[ 225.04166   -182.29193      4.4639044],20.0000,6.0000,[171.19061     95.90883      0.19375883],20.0000,,[236.58662   144.6798      2.8846145],20.0000,4.0000,[221.03906    72.451065    3.8841639],20.0000,5.0000,[177.45312   13.896031   6.051851],20.0000,,[ 206.0732    -192.50056      4.5778804],20.0000,4.0000
328,[227.03824    80.091705    2.7526486],20.0000,6.0000,[212.01074    78.763405    2.1692488],20.0000,0.0000,[265.00394    58.629326    1.9367391],20.0000,0.0000,[207.50891     92.02184      0.91077703],20.0000,0.0000,[ 196.19547  -172.79091     4.074333],20.0000,6.0000,[251.69597   73.269844   2.401735],20.0000,6.0000,[221.77553   107.3806      1.0036907],20.0000,6.0000,[ 234.5901   -153.46281     4.122621],20.0000,6.0000,[247.11572   147.91647     2.1064246],20.0000,6.0000,[ 224.86372   -183.37291      4.5461826],20.0000,6.0000,[171.19061     95.90883      0.19375883],20.0000,,[236.05138   144.92009     2.9073505],20.0000,5.0000,[220.50525    72.17679     3.9396794],20.0000,5.0000,[177.45312   13.896031   6.051851],20.0000,,[ 206.01837   -193.07716      4.5809984],20.0000,4.0000
329,[226.05087    80.56094     2.9341326],20.0000,0.0000,[211.4586     79.70808     1.8666701],20.0000,6.0000,[264.77057    59.708847    1.5570548],20.0000,6.0000,[208.10555   92.94053    0.607704],20.0000,6.0000,[ 195.64163   -173.73915      4.1667323],20.0000,6.0000,[250.92796   74.04756    2.419095],20.0000,6.0000,[222.26257   108.36455     1.0956563],20.0000,0.0000,[ 234.06064   -154.42192      4.2049074],20.0000,6.0000,[246.58063   148.8682      2.3162892],20.0000,6.0000,[ 224.74023   -184.45901      4.7793503],20.0000,0.0000,[171.19061     95.90883      0.19375883],20.0000,,[235.50948  145.14258    2.988148],20.0000,4.0000,[220.00107   71.86004    4.001032],20.0000,5.0000,[177.45312   13.896031   6.051851],20.0000,,[ 205.96353   -193.6537       4.5837197],20.0000,4.0000
330,[224.99934    80.8647      2.6216972],20.0000,6.0000,[211.14468    80.75353     1.9391876],20.0000,0.0000,[264.83212    60.799656    1.5633678],20.0000,6.0000,[208.92082    93.68003     0.7133692],20.0000,0.0000,[ 195.13924   -174.7111       4.4150214],20.0000,0.0000,[250.14932    74.814964    2.6019804],20.0000,6.0000,[222.68063   109.377       0.7922022],20.0000,6.0000,[ 233.58081  -155.40405     4.438091],20.0000,0.0000,[245.89537  149.72118    2.569195],20.0000,6.0000,[ 224.82642  -185.54723     4.499148],20.0000,6.0000,[171.19061     95.90883      0.19375883],20.0000,,[234.95207   145.32509     3.0004158],20.0000,5.0000,[219.52545    71.50592     4.0756245],20.0000,5.0000,[177.45312   13.896031   6.051851],20.0000,,[ 205.90865   -194.23016      4.5860925],20.0000,4.0000
331,[224.05481    81.411865    2.6901174],20.0000,6.0000,[210.75827    81.77442     1.5989722],20.0000,6.0000,[264.89026    61.89081     1.7442086],20.0000,6.0000,[209.6779     94.47326     0.4271782],20.0000,6.0000,[ 194.84167   -175.76158      4.1441417],20.0000,6.0000,[249.26407    75.461296    2.8402655],20.0000,6.0000,[223.34665    110.25328      0.89756525],20.0000,6.0000,[ 233.29784   -156.45837      4.1578994],20.0000,6.0000,[245.04707  150.41992    2.823429],20.0000,0.0000,[ 224.6625    -186.62859      4.5927916],20.0000,6.0000,[171.19061     95.90883      0.19375883],20.0000,,[234.3914    145.4933      3.0777106],20.0000,5.0000,[219.08115    71.114685    4.1606483],20.0000,5.0000,[177.45312   13.896031   6.051851],20.0000,,[ 205.85371  -194.8066      4.588169],20.0000,4.0000
332,[223.0836     81.910736    2.8989506],20.0000,6.0000,[210.66307    82.86372     1.6768315],20.0000,0.0000,[264.79062    62.98153     1.9843982],20.0000,6.0000,[210.6106     95.05899     0.5419892],20.0000,6.0000,[ 194.31813   -176.72237      4.2411733],20.0000,6.0000,[248.26424    75.92215     3.0817857],20.0000,6.0000,[223.9597    111.160545    1.1616322],20.0000,0.0000,[ 232.7815   -157.42253     4.251547],20.0000,6.0000,[244.05708  150.9034     2.505861],20.0000,6.0000,[ 224.5681   -187.71664     4.821688],20.0000,0.0000,[171.19061     95.90883      0.19375883],20.0000,,[233.81992   145.62515     3.1815844],20.0000,4.0000,[218.6724     70.68669     4.2515516],20.0000,5.0000,[177.45312   13.896031   6.051851],20.0000,,[ 205.79872  -195.38297     4.589998],20.0000,4.0000
333,[222.04193   82.2453     3.151609],20.0000,6.0000,[210.49396    83.94344     1.3483958],20.0000,6.0000,[264.47696   64.03592    2.230125],20.0000,6.0000,[211.50044     95.69724      0.81249213],20.0000,0.0000,[ 193.85919   -177.71361      4.4734254],20.0000,0.0000,[247.18507    76.16162     3.3030162],20.0000,6.0000,[224.36804    112.17324      0.89913017],20.0000,6.0000,[ 232.3284   -158.41626     4.480449],20.0000,0.0000,[243.20972  151.59346    2.539477],20.0000,6.0000,[ 224.68275   -188.80217      4.5354304],20.0000,6.0000,[171.19061     95.90883      0.19375883],20.0000,,[233.23749   145.7054      3.2001145],20.0000,4.0000,[218.30359    70.22364     4.3449078],20.0000,4.0000,[177.45312   13.896031   6.051851],20.0000,,[ 205.74365  -195.9593      4.591617],20.0000,4.0000
334,[220.94916    82.36169     3.4059713],20.0000,6.0000,[210.6203    85.03399    1.436459],20.0000,0.0000,[263.9435     65.00351     2.4562695],20.0000,6.0000,[212.23099    96.50875     0.5522505],20.0000,6.0000,[ 193.59998   -178.77394      4.1890707],20.0000,6.0000,[246.07738    76.172485    3.4990978],20.0000,6.0000,[224.98604   113.0764      0.9989844],20.0000,6.0000,[ 232.07318   -159.47757      4.1941943],20.0000,6.0000,[242.34422   152.2613      2.7294996],20.0000,6.0000,[ 224.54308   -189.88606      4.6265817],20.0000,6.0000,[171.19061     95.90883      0.19375883],20.0000,,[232.65434   145.7635      3.1847332],20.0000,5.0000,[217.98143    69.72751     4.3470287],20.0000,4.0000,[177.45312   13.896031   6.051851],20.0000,,[ 205.68849   -196.5356       4.5930605],20.0000,4.0000
335,[219.85188   82.23765    3.639278],20.0000,6.0000,[210.67538    86.12802     1.1313914],20.0000,6.0000,[263.21738    65.83988     2.6560595],20.0000,6.0000,[213.11978    97.1471      0.6526293],20.0000,6.0000,[ 193.10315 -179.7475     4.28092],20.0000,6.0000,[244.98807    75.96925     3.6778395],20.0000,6.0000,[225.54105  114.01727    1.233025],20.0000,0.0000,[ 231.57883  -160.45222     4.285347],20.0000,6.0000,[241.38443   152.79088     2.9700773],20.0000,0.0000,[ 224.47333   -190.97565      4.8505983],20.0000,0.0000,[171.19061     95.90883      0.19375883],20.0000,,[232.0727    145.8183      3.2523992],20.0000,5.0000,[217.67899   69.22355    4.316894],20.0000,4.0000,[177.45312   13.896031   6.051851],20.0000,,[ 205.63326   -197.11188      4.5943537],20.0000,4.0000
336,[218.80338  81.88106   3.84379],20.0000,6.0000,[211.01117    87.17632     1.2365578],20.0000,0.0000,[262.34122    66.51841     2.8364928],20.0000,6.0000,[213.96184    97.84292     0.8865034],20.0000,0.0000,[ 192.67046   -180.74997      4.5058737],20.0000,6.0000,[243.95372    75.57311     3.8499005],20.0000,0.0000,[225.90291    115.0471       0.94945115],20.0000,6.0000,[ 231.14848   -161.45564      4.5093656],20.0000,0.0000,[240.33055   153.10223     2.6612093],20.0000,6.0000,[ 224.6097   -192.05875     4.561033],20.0000,6.0000,[171.19061     95.90883      0.19375883],20.0000,,[231.48787   145.84076     3.3555217],20.0000,4.0000,[217.38074   68.72091    4.283049],20.0000,4.0000,[177.45312   13.896031   6.051851],20.0000,,[ 205.57793  -197.68811     4.595518],20.0000,4.0000
337,[217.84608    81.322556    4.0261173],20.0000,0.0000,[211.27023    88.24185     0.9504636],20.0000,6.0000,[261.35672   67.02612    3.008755],20.0000,6.0000,[214.65256    98.68814     0.6026866],20.0000,6.0000,[ 192.41714  -181.81215     4.767446],20.0000,6.0000,[243.01608   74.98984    3.471516],20.0000,6.0000,[226.4922    115.96766     1.0415387],20.0000,6.0000,[ 230.91454  -162.52193     4.219801],20.0000,6.0000,[239.38098   153.64203     2.7100098],20.0000,6.0000,[ 224.48964  -193.1446      4.650516],20.0000,6.0000,[171.19061     95.90883      0.19375883],20.0000,,[230.9017    145.81276     3.3767798],20.0000,4.0000,[217.08076    68.221725    4.2555404],20.0000,4.0000,[177.45312   13.896031   6.051851],20.0000,,[ 205.5225   -198.26433     4.596572],20.0000,4.0000
338,[217.02173    80.5868      3.6478639],20.0000,6.0000,[211.78519    89.21546     1.0654765],20.0000,0.0000,[260.29932    67.35428     3.1805358],20.0000,6.0000,[215.52003   99.35305    0.694671],20.0000,6.0000,[ 192.38574   -182.90709      5.0341253],20.0000,6.0000,[241.96844    74.67987     3.4790597],20.0000,6.0000,[227.02037   116.923294    1.2667015],20.0000,0.0000,[ 230.43802  -163.505       4.309285],20.0000,6.0000,[238.41154   154.14647     2.9080298],20.0000,6.0000,[ 224.43929  -194.23514     4.872158],20.0000,0.0000,[171.19061     95.90883      0.19375883],20.0000,,[230.3184    145.76338     3.3649833],20.0000,5.0000,[216.77803    67.72565     4.2354617],20.0000,4.0000,[177.45312   13.896031   6.051851],20.0000,,[ 205.467    -198.84053     4.597529],20.0000,4.0000
339,[216.04346    80.10011     3.6522946],20.0000,6.0000,[212.22107    90.22177     0.7856652],20.0000,6.0000,[259.20145    67.494934    3.3545907],20.0000,6.0000,[216.34198   100.07178     0.9196269],20.0000,0.0000,[ 192.59413   -183.98822      5.2863894],20.0000,0.0000,[240.92194    74.36554     3.6604557],20.0000,0.0000,[227.35866   117.961174    0.9778371],20.0000,6.0000,[ 230.02562   -164.51581      4.5309277],20.0000,0.0000,[237.37192   154.49278     3.1527781],20.0000,0.0000,[ 224.59344  -195.31592     4.581098],20.0000,6.0000,[171.19061     95.90883      0.19375883],20.0000,,[229.73691   145.71057     3.4355772],20.0000,5.0000,[216.47304    67.23179     4.2212114],20.0000,4.0000,[177.45312   13.896031   6.051851],20.0000,,[ 205.4114    -199.4167       4.5984015],20.0000,4.0000
340,[215.066      79.61153     3.8319697],20.0000,6.0000,[212.88939     91.097084     0.90266734],20.0000,0.0000,[258.09592    67.44281     3.5307221],20.0000,0.0000,[217.01349   100.93243     0.6306224],20.0000,6.0000,[ 193.05263   -184.99162      4.9595103],20.0000,6.0000,[239.93822    73.886986    3.3502872],20.0000,6.0000,[227.92978  118.89257    1.067713],20.0000,6.0000,[ 229.80922  -165.58588     4.239868],20.0000,6.0000,[236.27904   154.60512     2.8468473],20.0000,6.0000,[ 224.49048  -196.40335     4.669564],20.0000,6.0000,[171.19061     95.90883      0.19375883],20.0000,,[229.15819   145.62482     3.5405385],20.0000,4.0000,[216.16656    66.73938     4.2109895],20.0000,4.0000,[177.45312   13.896031   6.051851],20.0000,,[ 205.35571 -199.99286    4.5992 ],20.0000,4.0000
341,[214.1664     78.986626    4.0714774],20.0000,6.0000,[213.48343     92.018814     0.62303185],20.0000,6.0000,[257.02335    67.181435    3.1573231],20.0000,6.0000,[217.8677     101.61359      0.72041833],20.0000,6.0000,[ 193.26546  -186.06369     4.984207],20.0000,6.0000,[238.87042   73.66049    3.422135],20.0000,6.0000,[228.4397    119.85788     1.2898651],20.0000,0.0000,[ 229.34828  -166.57614     4.328335],20.0000,6.0000,[235.2459   154.95958    2.897651],20.0000,6.0000,[ 224.45697   -197.49448      4.8899364],20.0000,0.0000,[171.19061     95.90883      0.19375883],20.0000,,[228.58743 145.48885   3.5629 ],20.0000,4.0000,[215.85919    66.24787     4.2034426],20.0000,5.0000,[177.45312   13.896031   6.051851],20.0000,,[ 205.29994  -200.56898     4.599932],20.0000,4.0000
342,[213.40378   78.19372    4.316637],20.0000,6.0000,[214.28511    92.773735    0.7396529],20.0000,0.0000,[255.9312     67.21068     3.1673236],20.0000,6.0000,[218.67593  102.347466   0.942461],20.0000,6.0000,[ 193.49916   -187.1317       5.1700397],20.0000,0.0000,[237.816    73.37756   3.63239],20.0000,6.0000,[228.7601   120.90151    0.999117],20.0000,6.0000,[ 228.95157  -167.59314     4.548708],20.0000,0.0000,[234.19931   155.27402     3.0965443],20.0000,0.0000,[ 224.62704   -198.57294      4.5981164],20.0000,6.0000,[171.19061     95.90883      0.19375883],20.0000,,[228.02345   145.33212     3.5517807],20.0000,5.0000,[215.5487     65.75837     4.2894306],20.0000,4.0000,[177.45312   13.896031   6.051851],20.0000,,[ 205.24408   -201.14511      4.6006064],20.0000,4.0000
343,[212.82483   77.2526     4.542287],20.0000,0.0000,[215.02113    93.58653     0.4594297],20.0000,0.0000,[254.8387     67.23318     3.3496108],20.0000,6.0000,[219.34715  103.20903    1.202197],20.0000,0.0000,[ 193.90683   -188.14769      4.8584476],20.0000,6.0000,[236.82022    72.924934    3.8860252],20.0000,0.0000,[229.31592   121.84187     1.0878155],20.0000,6.0000,[ 228.75093  -168.66635     4.256888],20.0000,6.0000,[233.11238  155.40147    2.791071],20.0000,6.0000,[ 224.53975   -199.66164      4.6859517],20.0000,6.0000,[171.19061     95.90883      0.19375883],20.0000,,[227.46191  145.17216    3.622742],20.0000,4.0000,[215.26743   65.250305   4.318357],20.0000,4.0000,[177.45312   13.896031   6.051851],20.0000,,[ 205.18814   -201.7212       4.6012287],20.0000,4.0000
344,[212.47237   76.205605   4.1912  ],20.0000,6.0000,[2.1592723e+02 9.4216644e+01 2.5175808e-02],20.0000,0.0000,[253.7519     67.09669     3.5901113],20.0000,0.0000,[219.81425   104.19875     0.9168494],20.0000,6.0000,[ 194.05798  -189.22876     4.926164],20.0000,6.0000,[235.94545   72.263466   3.591399],20.0000,6.0000,[229.81035   122.815125    1.3084667],20.0000,0.0000,[ 228.30435  -169.66307     4.344723],20.0000,6.0000,[232.08916   155.78162     2.8620427],20.0000,6.0000,[ 224.52177   -200.7531       4.9055986],20.0000,0.0000,[171.19061     95.90883      0.19375883],20.0000,,[226.91063  144.97757    3.636102],20.0000,4.0000,[214.99928   64.73501    4.323987],20.0000,4.0000,[177.45312   13.896031   6.051851],20.0000,,[ 205.13211   -202.2973       4.6018043],20.0000,4.0000
345,[211.88084    75.28655     4.2029624],20.0000,0.0000,[217.01233    94.486626    5.8715982],20.0000,0.0000,[252.71654   66.73098    3.285063],20.0000,6.0000,[220.4873    105.05819     0.9927531],20.0000,6.0000,[ 194.26308   -190.30121      5.1346407],20.0000,0.0000,[234.94977  71.81519   3.65405],20.0000,6.0000,[230.11497   123.86355     1.0168105],20.0000,6.0000,[ 227.92215   -170.68558      4.5643706],20.0000,0.0000,[231.04707   156.10751     3.0717828],20.0000,6.0000,[ 224.70671 -201.82916    4.61336],20.0000,6.0000,[171.19061     95.90883      0.19375883],20.0000,,[226.36551  144.76913    3.626532],20.0000,5.0000,[214.73691   64.21705    4.320398],20.0000,4.0000,[177.45312   13.896031   6.051851],20.0000,,[ 205.07602   -202.87338      4.6023374],20.0000,4.0000
346,[211.3129     74.3535      3.8334534],20.0000,6.0000,[218.12631   94.310165   5.497637],20.0000,0.0000,[251.63107   66.61035    3.338712],20.0000,6.0000,[221.11067   105.95482     1.2039237],20.0000,6.0000,[ 194.65721   -191.32079      4.8364034],20.0000,6.0000,[233.97588   71.32006    3.858719],20.0000,0.0000,[230.65685   124.81187     1.1047901],20.0000,6.0000,[ 227.73633   -171.76149      4.2721324],20.0000,6.0000,[229.96342   156.25868     3.3246367],20.0000,0.0000,[ 224.6343    -202.9189       4.7008004],20.0000,6.0000,[171.19061     95.90883      0.19375883],20.0000,,[225.82187   144.55934     3.7021863],20.0000,4.0000,[214.47678    63.698334    4.3138485],20.0000,4.0000,[177.45312   13.896031   6.051851],20.0000,,[ 205.01984  -203.44945     4.602833],20.0000,4.0000
347,[210.49907    73.62486     3.8997848],20.0000,6.0000,[219.0977   93.7378    5.17815],20.0000,0.0000,[250.55086    66.44565     3.5391726],20.0000,0.0000,[221.5782    106.94453     1.4563178],20.0000,6.0000,[ 194.80072 -192.4029     4.91541],20.0000,6.0000,[233.10439   70.65864    3.556282],20.0000,6.0000,[231.13712   125.79215     1.3245993],20.0000,0.0000,[ 227.30342  -172.76416     4.359573],20.0000,6.0000,[228.87006  156.16827    3.028276],20.0000,6.0000,[ 224.63106  -204.01048     4.920016],20.0000,0.0000,[171.19061     95.90883      0.19375883],20.0000,,[225.29129   144.31601     3.7200017],20.0000,4.0000,[214.21738    63.1796      4.3069906],20.0000,5.0000,[177.45312   13.896031   6.051851],20.0000,,[ 204.9636   -204.0255      4.603294],20.0000,4.0000
348,[209.7198    72.86026    4.112564],20.0000,0.0000,[219.82703    92.882706    4.8689384],20.0000,6.0000,[249.51472    66.0938      3.2346632],20.0000,6.0000,[221.8348    108.01377     1.7083876],20.0000,6.0000,[ 195.00739  -193.4748      5.128577],20.0000,0.0000,[232.10405    70.22178     3.6294248],20.0000,6.0000,[231.42705  126.84478    1.032453],20.0000,6.0000,[ 226.93509   -173.79173      4.5787883],20.0000,0.0000,[227.78908  156.32306    3.088685],20.0000,6.0000,[ 224.83026  -205.08403     4.627535],20.0000,6.0000,[171.19061     95.90883      0.19375883],20.0000,,[224.76794  144.05894    3.714258],20.0000,4.0000,[213.95537   62.662247   4.392546],20.0000,4.0000,[177.45312   13.896031   6.051851],20.0000,,[ 204.90727   -204.60153      4.6037235],20.0000,4.0000
349,[209.09071    71.96809     3.8191864],20.0000,6.0000,[220.23631   91.84224    5.097042],20.0000,0.0000,[248.42746    65.997       3.3064313],20.0000,6.0000,[221.8536    109.11834     1.9382629],20.0000,0.0000,[ 195.40565   -194.49219      4.8330736],20.0000,6.0000,[231.12868    69.73118     3.8400342],20.0000,6.0000,[231.95573   127.800446    1.1199839],20.0000,6.0000,[ 226.76353   -174.87006      4.2863073],20.0000,6.0000,[226.70157   156.42834     3.2922266],20.0000,6.0000,[ 224.77223   -206.17459      4.7147274],20.0000,0.0000,[171.19061     95.90883      0.19375883],20.0000,,[224.24788   143.79752     3.7009587],20.0000,4.0000,[213.72446    62.12906     4.4206867],20.0000,4.0000,[177.45312   13.896031   6.051851],20.0000,,[ 204.85088  -205.17757     4.604125],20.0000,4.0000
350,[208.26826    71.24902     3.9075432],20.0000,6.0000,[220.76492  90.87863   4.92768],20.0000,0.0000,[247.3466     65.84246     3.5164974],20.0000,6.0000,[221.6205    110.19824     1.5891999],20.0000,6.0000,[ 195.55426  -195.57372     4.915594],20.0000,0.0000,[230.24535    69.08569     4.0933676],20.0000,0.0000,[232.42255   128.78719     1.3392969],20.0000,0.0000,[ 226.34392   -175.87831      4.3735003],20.0000,6.0000,[225.60838   156.35674     3.5396795],20.0000,0.0000,[ 224.80113  -207.26608     4.383129],20.0000,6.0000,[171.19061     95.90883      0.19375883],20.0000,,[223.72902   143.53563     3.6871114],20.0000,4.0000,[213.50757    61.589912    4.4252677],20.0000,4.0000,[177.45312   13.896031   6.051851],20.0000,,[ 204.79442  -205.75359     4.604501],20.0000,4.0000
351,[207.49336    70.48006     4.1287036],20.0000,0.0000,[221.14828    89.845116    4.5358243],20.0000,6.0000,[246.30357    65.51212     3.7695425],20.0000,0.0000,[221.65648   111.29064     1.6012634],20.0000,6.0000,[ 195.78592  -196.64047     4.580137],20.0000,6.0000,[229.52322    68.259926    3.7976122],20.0000,6.0000,[232.69838   129.84364     1.0468702],20.0000,6.0000,[ 225.98906   -176.91061      4.5924535],20.0000,0.0000,[224.55453   156.04688     3.2356505],20.0000,6.0000,[ 224.537     -208.32935      4.4655175],20.0000,6.0000,[171.19061     95.90883      0.19375883],20.0000,,[223.21045   143.2746      3.6751537],20.0000,4.0000,[213.29668   61.04873    4.420643],20.0000,4.0000,[177.45312   13.896031   6.051851],20.0000,,[ 204.7379   -206.3296      4.604852],20.0000,4.0000
352,[206.87534    69.5801      3.8374918],20.0000,6.0000,[221.16084    88.734085    4.6519756],20.0000,0.0000,[245.35583   64.95957    3.473436],20.0000,6.0000,[221.68248   112.38349     1.7822587],20.0000,6.0000,[ 195.72243  -197.73318     4.660162],20.0000,0.0000,[228.63939   67.618614   3.858702],20.0000,6.0000,[233.2143    130.80621     1.1341196],20.0000,6.0000,[ 225.8315   -177.99107     4.299828],20.0000,6.0000,[223.4642    155.98262     3.2877994],20.0000,6.0000,[ 224.32674   -209.40204      4.6989083],20.0000,0.0000,[171.19061     95.90883      0.19375883],20.0000,,[222.69185   143.0146      3.6654952],20.0000,4.0000,[213.08806    60.507095    4.4132214],20.0000,4.0000,[177.45312   13.896031   6.051851],20.0000,,[ 204.68132  -206.90561     4.605182],20.0000,5.0000
353,[206.06343    68.8494      3.9259183],20.0000,6.0000,[221.23424    87.63609     4.4150553],20.0000,6.0000,[244.31364    64.633545    3.5341341],20.0000,6.0000,[221.54915   113.47129     2.0203512],20.0000,0.0000,[ 195.73216   -198.82674      4.3375797],20.0000,0.0000,[227.78566   66.936806   4.062579],20.0000,6.0000,[233.66805   131.79903     1.3531327],20.0000,0.0000,[ 225.42493   -179.00465      4.3868647],20.0000,6.0000,[222.37671   155.8751      3.4872873],20.0000,0.0000,[ 224.32542   -210.49368      4.4188585],20.0000,6.0000,[171.19061     95.90883      0.19375883],20.0000,,[222.17317   142.75546     3.6578412],20.0000,4.0000,[212.88008   59.96559    4.405693],20.0000,4.0000,[177.45312   13.896031   6.051851],20.0000,,[ 204.62173  -207.48128     4.697251],20.0000,5.0000
354,[205.30014   68.068985   4.146283],20.0000,0.0000,[221.06656    86.54583     4.5599957],20.0000,0.0000,[243.28697    64.25982     3.7378187],20.0000,6.0000,[221.18666  114.50837    1.711941],20.0000,6.0000,[ 195.46698   -199.8954       3.8797712],20.0000,6.0000,[227.05122    66.12395     4.3102202],20.0000,6.0000,[233.93011   132.859       1.0605396],20.0000,6.0000,[ 225.08337   -180.04143      4.6056566],20.0000,0.0000,[221.32321 155.57889   3.18205],20.0000,6.0000,[ 224.07547  -211.55846     4.512559],20.0000,6.0000,[171.19061     95.90883      0.19375883],20.0000,,[221.65442   142.49695     3.6517553],20.0000,4.0000,[212.67212   59.424374   4.398997],20.0000,4.0000,[177.45312   13.896031   6.051851],20.0000,,[ 204.59354  -208.05966     4.822905],20.0000,4.0000
355,[204.69524    67.16008     3.8544645],20.0000,6.0000,[221.00603   85.450775   4.297858],20.0000,6.0000,[242.33147    63.723934    3.9853516],20.0000,0.0000,[221.0709    115.59444     1.7622877],20.0000,6.0000,[ 194.80748  -200.79253     3.978099],20.0000,6.0000,[226.49464   65.1745     4.556908],20.0000,0.0000,[234.43347   133.82816     1.1476122],20.0000,6.0000,[ 224.93959  -181.12383     4.312943],20.0000,6.0000,[220.23232  155.54039    3.253115],20.0000,6.0000,[ 223.89429  -212.63547     4.741527],20.0000,0.0000,[171.19061     95.90883      0.19375883],20.0000,,[221.13567 142.23885   3.64685],20.0000,4.0000,[212.46402   58.883434   4.393321],20.0000,4.0000,[177.45312   13.896031   6.051851],20.0000,,[ 204.6132  -208.63979    4.86688],20.0000,4.0000
356,[203.89398   66.417854   3.942305],20.0000,6.0000,[220.69658   84.39439    4.419747],20.0000,0.0000,[241.51419   62.99002    3.681393],20.0000,6.0000,[220.91368  116.675835   1.961162],20.0000,6.0000,[ 194.1738   -201.69101     4.295618],20.0000,6.0000,[226.17136    64.12029     4.2305646],20.0000,6.0000,[234.87437   134.82674     1.3664409],20.0000,0.0000,[ 224.54596  -182.14249     4.399882],20.0000,6.0000,[219.14468  155.44447    3.462889],20.0000,0.0000,[ 223.92175   -213.72668      4.4553127],20.0000,6.0000,[171.19061     95.90883      0.19375883],20.0000,,[220.6169    141.98099     3.6428285],20.0000,4.0000,[212.25575   58.342724   4.388579],20.0000,4.0000,[177.45312   13.896031   6.051851],20.0000,,[ 204.65314  -209.2193      4.878787],20.0000,4.0000
357,[203.14188    65.62669     4.1619596],20.0000,0.0000,[220.47856   83.32005    4.139585],20.0000,6.0000,[240.5581     62.46194     3.7336004],20.0000,6.0000,[220.58661   117.721596    2.2064269],20.0000,0.0000,[ 193.75832  -202.70082     4.618603],20.0000,6.0000,[225.61784   63.177948   4.257796],20.0000,6.0000,[235.12286  135.88998    1.073747],20.0000,6.0000,[ 224.21759  -183.1835      4.618573],20.0000,0.0000,[218.09087   155.1542      3.1651998],20.0000,6.0000,[ 223.69585   -214.79594      4.5464816],20.0000,6.0000,[171.19061     95.90883      0.19375883],20.0000,,[220.09818   141.72328     3.6394746],20.0000,4.0000,[212.0474    57.80218    4.384614],20.0000,4.0000,[177.45312   13.896031   6.051851],20.0000,,[ 204.70175   -209.79797      4.8776126],20.0000,5.0000
358,[202.54955    64.70949     3.8697255],20.0000,6.0000,[220.00696    82.32533     4.2545958],20.0000,0.0000,[239.62326    61.89601     3.9331155],20.0000,0.0000,[220.03839   118.673615    1.9009546],20.0000,6.0000,[ 193.6043   -203.7827      4.906377],20.0000,0.0000,[225.08429    62.223766    4.4450526],20.0000,0.0000,[235.6138    136.86548     1.1607083],20.0000,0.0000,[ 224.0875   -184.26764     4.325805],20.0000,6.0000,[216.99983 155.11925   3.2446 ],20.0000,6.0000,[ 223.53922   -215.87646      4.7705235],20.0000,0.0000,[171.19061     95.90883      0.19375883],20.0000,,[219.5795    141.46564     3.6366343],20.0000,,[211.83899   57.261753   4.381273],20.0000,4.0000,[177.45312   13.896031   6.051851],20.0000,,[ 204.75085  -210.37653     4.963527],20.0000,5.0000
359,[201.75854    63.956436    3.9571705],20.0000,0.0000,[219.61699    81.30061     3.9723744],20.0000,6.0000,[238.80048    61.174465    3.6278903],20.0000,6.0000,[219.72127   119.71881     1.9521335],20.0000,0.0000,[ 193.71706  -204.87296     4.625314],20.0000,0.0000,[224.7164     61.192776    4.1342053],20.0000,6.0000,[236.02559    137.87671      0.82887083],20.0000,0.0000,[ 223.70676  -185.29117     4.412682],20.0000,6.0000,[215.91272   155.02013     3.4579463],20.0000,0.0000,[ 223.58856   -216.967        4.4809737],20.0000,6.0000,[171.19061     95.90883      0.19375883],20.0000,,[219.5795    141.46564     3.6366343],20.0000,,[211.63057    56.721405    4.3784275],20.0000,4.0000,[177.45312   13.896031   6.051851],20.0000,,[ 204.8333   -210.95288     5.081743],20.0000,4.0000
360,[201.0302     63.142963    3.6258392],20.0000,6.0000,[218.98784    80.39696     4.0876474],20.0000,0.0000,[237.83282   60.66931    3.698962],20.0000,6.0000,[219.34695   120.74475     1.6006479],20.0000,6.0000,[ 193.61217  -205.9595      4.143926],20.0000,6.0000,[224.11362    60.28272     4.2023664],20.0000,6.0000,[236.68134    138.75636      0.36054695],20.0000,0.0000,[ 223.39154  -186.33624     4.631311],20.0000,0.0000,[214.86084   154.72481     3.1625345],20.0000,0.0000,[ 223.38208   -218.0398       4.5704665],20.0000,6.0000,[171.19061     95.90883      0.19375883],20.0000,,[219.5795    141.46564     3.6366343],20.0000,,[211.4222     56.18111     4.3759794],20.0000,4.0000,[177.45312   13.896031   6.051851],20.0000,,[ 204.9663   -211.52199     5.115329],20.0000,5.0000
361,[200.1082     62.551056    3.7084086],20.0000,6.0000,[218.43396    79.45061     3.8066258],20.0000,6.0000,[236.89288    60.113754    3.9087384],20.0000,6.0000,[219.27171   121.83455     1.6722811],20.0000,0.0000,[ 193.10907   -206.9334       4.1936784],20.0000,6.0000,[223.5573   59.34319   4.41102],20.0000,6.0000,[237.62589   139.34521     6.1725874],20.0000,6.0000,[ 223.27507   -187.42194      4.3385086],20.0000,6.0000,[213.77026   154.66644     2.6946292],20.0000,0.0000,[ 223.24472   -219.1228       4.7921205],20.0000,0.0000,[171.19061     95.90883      0.19375883],20.0000,,[219.5795    141.46564     3.6366343],20.0000,,[211.21388   55.640846   4.373852],20.0000,4.0000,[177.45312   13.896031   6.051851],20.0000,,[ 205.11847  -212.08626     5.205536],20.0000,5.0000
362,[199.21892   61.91535    3.942161],20.0000,6.0000,[217.66469   78.66269    3.922695],20.0000,6.0000,[236.05487   59.410275   4.161602],20.0000,6.0000,[219.12459   122.91676     1.3365686],20.0000,0.0000,[ 192.62872  -207.91606     4.417629],20.0000,6.0000,[223.16074   58.323387   4.663417],20.0000,0.0000,[2.3873997e+02 1.3948775e+02 3.7788860e-02],20.0000,0.0000,[ 222.90721  -188.45016     4.425347],20.0000,6.0000,[212.71817   154.99684     2.2004082],20.0000,0.0000,[ 223.31203  -220.21246     4.501068],20.0000,6.0000,[171.19061     95.90883      0.19375883],20.0000,,[219.5795    141.46564     3.6366343],20.0000,,[211.00563    55.100594    4.3719864],20.0000,4.0000,[177.45312   13.896031   6.051851],20.0000,,[ 205.31065   -212.64001      5.3160806],20.0000,4.0000
363,[198.45595    61.134727    4.2129097],20.0000,0.0000,[216.95052   77.83267    4.192831],20.0000,0.0000,[235.37456   58.54712    4.415793],20.0000,0.0000,[219.25914    124.00685      0.86897916],20.0000,0.0000,[ 192.31871  -208.96269     4.688774],20.0000,6.0000,[222.99681    57.238556    4.3666916],20.0000,6.0000,[239.82484   139.68538     6.1481686],20.0000,0.0000,[ 222.60512   -189.49911      4.6439366],20.0000,6.0000,[211.8687    155.7285      1.7496352],20.0000,0.0000,[ 223.12247 -221.28818    4.58954],20.0000,6.0000,[171.19061     95.90883      0.19375883],20.0000,,[219.5795    141.46564     3.6366343],20.0000,,[210.79745   54.56035    4.370338],20.0000,4.0000,[177.45312   13.896031   6.051851],20.0000,,[ 205.55423  -213.17505     5.337708],20.0000,
364,[197.88774    60.201286    3.9338357],20.0000,6.0000,[216.4319     76.8718      3.9320538],20.0000,6.0000,[234.9125     57.546936    4.0981765],20.0000,6.0000,[219.79169    124.98598      0.40318814],20.0000,0.0000,[ 192.23431  -210.05255     4.960959],20.0000,6.0000,[222.59698   56.222366   4.426767],20.0000,0.0000,[240.9297    139.70961     5.7710648],20.0000,6.0000,[ 222.48445  -190.58495     4.901665],20.0000,6.0000,[211.38602  156.75049    1.385989],20.0000,0.0000,[ 223.00186   -222.37312      4.8099194],20.0000,6.0000,[171.19061     95.90883      0.19375883],20.0000,,[219.5795    141.46564     3.6366343],20.0000,,[210.58939   54.020096   4.368871],20.0000,4.0000,[177.45312   13.896031   6.051851],20.0000,,[ 205.55423  -213.17505     5.337708],20.0000,
365,[197.12778    59.417686    4.0195107],20.0000,6.0000,[215.71841   76.042175   4.032188],20.0000,0.0000,[234.24083   56.684925   4.131757],20.0000,6.0000,[2.2068408e+02 1.2567597e+02 8.5487459e-03],20.0000,0.0000,[ 192.38745   -211.13986      5.2248926],20.0000,6.0000,[222.26068    55.18348     4.0795984],20.0000,6.0000,[241.98657  139.36212    5.902498],20.0000,0.0000,[ 222.58684  -191.67674     5.164593],20.0000,6.0000,[211.3089    157.87537     1.0790042],20.0000,0.0000,[ 223.06746   -223.46347      5.0686555],20.0000,6.0000,[171.19061     95.90883      0.19375883],20.0000,,[219.5795    141.46564     3.6366343],20.0000,,[210.3814     53.479836    4.3675585],20.0000,3.0000,[177.45312   13.896031   6.051851],20.0000,,[ 205.55423  -213.17505     5.337708],20.0000,
366,[196.41942   58.58707    4.235063],20.0000,6.0000,[215.07767   75.15651    3.715236],20.0000,6.0000,[233.59172   55.805286   4.321763],20.0000,0.0000,[221.77313   125.973335    5.9686875],20.0000,0.0000,[ 192.7801    -212.1714       5.4647894],20.0000,6.0000,[221.65178   54.276398   4.153002],20.0000,6.0000,[243.05188   139.08623     5.6771545],20.0000,0.0000,[ 222.92603  -192.7255      5.410612],20.0000,6.0000,[211.5912     158.96245      0.77295804],20.0000,0.0000,[ 223.35396  -224.52155     5.332849],20.0000,6.0000,[171.19061     95.90883      0.19375883],20.0000,,[219.5795    141.46564     3.6366343],20.0000,,[210.17628    52.938553    4.2746186],20.0000,3.0000,[177.45312   13.896031   6.051851],20.0000,,[ 205.55423  -213.17505     5.337708],20.0000,
367,[195.8592     57.647907    4.4907393],20.0000,0.0000,[214.2252     74.46451     3.8072195],20.0000,6.0000,[233.09938    54.82755     4.0117836],20.0000,6.0000,[222.89478   125.89278     5.6649613],20.0000,0.0000,[ 193.3897    -213.09593      5.6733074],20.0000,6.0000,[221.09029    53.340103    4.3690176],20.0000,0.0000,[244.0483  138.60768   5.27483],20.0000,6.0000,[ 223.48843   -193.67853      5.6273184],20.0000,6.0000,[212.19246    159.90929      0.44805762],20.0000,0.0000,[ 223.86632   -225.49702      5.5809903],20.0000,6.0000,[171.19061     95.90883      0.19375883],20.0000,,[219.5795    141.46564     3.6366343],20.0000,,[209.94205    52.409184    4.1482434],20.0000,3.0000,[177.45312   13.896031   6.051851],20.0000,,[ 205.55423  -213.17505     5.337708],20.0000,
368,[195.51834   56.605797   4.197795],20.0000,6.0000,[213.41246   73.73209    4.054721],20.0000,0.0000,[232.38951   53.9983     4.079985],20.0000,0.0000,[223.93471   125.471596    5.3467054],20.0000,0.0000,[ 194.17413  -213.87904     5.857109],20.0000,6.0000,[220.70872   52.3173     4.076771],20.0000,6.0000,[244.81871  137.803      5.402175],20.0000,0.0000,[ 224.23653   -194.49625      5.8170114],20.0000,6.0000,[2.13063507e+02 1.60616760e+02 1.12082876e-01],20.0000,0.0000,[ 224.58301  -226.3399      5.799997],20.0000,6.0000,[171.19061     95.90883      0.19375883],20.0000,,[219.5795    141.46564     3.6366343],20.0000,,[209.66711   51.898273   4.01167 ],20.0000,4.0000,[177.45312   13.896031   6.051851],20.0000,,[ 205.55423  -213.17505     5.337708],20.0000,
369,[194.957      55.669228    4.2621226],20.0000,6.0000,[212.76329    72.85426     3.7833471],20.0000,6.0000,[231.73659    53.123512    3.7380698],20.0000,6.0000,[224.79034  124.74597    5.013836],20.0000,0.0000,[ 195.08954  -214.50325     6.029324],20.0000,6.0000,[220.0969     51.41222     4.1654906],20.0000,6.0000,[245.62457   137.05275     5.1819773],20.0000,0.0000,[ 225.12575   -195.15747      5.9915805],20.0000,6.0000,[214.11868  161.0012     6.059097],20.0000,0.0000,[ 225.46056  -227.01675     5.991261],20.0000,6.0000,[171.19061     95.90883      0.19375883],20.0000,,[219.5795    141.46564     3.6366343],20.0000,,[209.34456   51.413208   3.967084],20.0000,4.0000,[177.45312   13.896031   6.051851],20.0000,,[ 205.55423  -213.17505     5.337708],20.0000,
370,[194.44153   54.706013   4.467597],20.0000,0.0000,[211.93408    72.1404      3.8801968],20.0000,6.0000,[230.8687    52.45855    3.815326],20.0000,6.0000,[225.36539   123.78167     4.6772575],20.0000,6.0000,[ 196.09938  -214.95746     6.199961],20.0000,6.0000,[219.544     50.470894   4.386853],20.0000,6.0000,[246.27542   136.15897     4.7836375],20.0000,6.0000,[ 226.11745   -195.65045      6.1622424],20.0000,6.0000,[215.24194   161.01749     5.7266836],20.0000,0.0000,[ 226.4509    -227.51407      6.1664324],20.0000,6.0000,[171.19061     95.90883      0.19375883],20.0000,,[219.5795    141.46564     3.6366343],20.0000,,[209.00223    50.941586    3.9599903],20.0000,3.0000,[177.45312   13.896031   6.051851],20.0000,,[ 205.55423  -213.17505     5.337708],20.0000,
371,[194.10567   53.664818   4.165607],20.0000,6.0000,[211.1545     71.37529     4.1122875],20.0000,0.0000,[230.03726   51.75044    4.036727],20.0000,0.0000,[225.57419   122.6821      4.8940554],20.0000,0.0000,[ 1.9717191e+02 -2.1523105e+02  8.9889057e-02],20.0000,6.0000,[219.15948   49.448627   4.646277],20.0000,0.0000,[246.5751    135.08603     4.9129534],20.0000,0.0000,[ 2.2717882e+02 -1.9596486e+02  5.1423300e-02],20.0000,6.0000,[216.30879   160.66597     5.3966193],20.0000,0.0000,[ 2.2751318e+02 -2.2782729e+02  5.3894423e-02],20.0000,6.0000,[171.19061     95.90883      0.19375883],20.0000,,[219.5795    141.46564     3.6366343],20.0000,,[208.65453    50.47432     3.8757925],20.0000,3.0000,[177.45312   13.896031   6.051851],20.0000,,[ 205.55423  -213.17505     5.337708],20.0000,
372,[193.53578    52.733833    4.2391095],20.0000,0.0000,[210.53723    70.47503     3.8278458],20.0000,6.0000,[229.35155    50.90115     3.7480664],20.0000,6.0000,[225.90254   121.6326      4.7262664],20.0000,0.0000,[ 198.27545   -215.31496      0.2655988],20.0000,6.0000,[219.00777    48.36473     4.3607116],20.0000,6.0000,[246.93338   134.04498     4.6933637],20.0000,0.0000,[ 2.2827832e+02 -1.9609129e+02  2.2649379e-01],20.0000,6.0000,[217.20354  159.98717    5.066648],20.0000,0.0000,[ 2.2861308e+02 -2.2795242e+02  2.2605157e-01],20.0000,6.0000,[171.19061     95.90883      0.19375883],20.0000,,[219.5795    141.46564     3.6366343],20.0000,,[208.27771    50.028023    3.7625844],20.0000,4.0000,[177.45312   13.896031   6.051851],20.0000,,[ 205.55423  -213.17505     5.337708],20.0000,
373,[193.03328    51.764812    3.8993108],20.0000,6.0000,[209.72832    69.73997     3.9196658],20.0000,0.0000,[228.48567    50.234283    3.8386412],20.0000,6.0000,[226.07437   120.54333     4.3374524],20.0000,6.0000,[ 199.3767    -215.2048       0.4427018],20.0000,6.0000,[218.62065   47.344055   4.436333],20.0000,6.0000,[247.08807  132.95029    4.294913],20.0000,6.0000,[ 229.38303    -196.0242        0.40329742],20.0000,6.0000,[217.82977  159.05496    4.735914],20.0000,0.0000,[ 229.71783  -227.88594     0.400951],20.0000,6.0000,[171.19061     95.90883      0.19375883],20.0000,,[219.5795    141.46564     3.6366343],20.0000,,[207.86107    49.61573     3.7351944],20.0000,3.0000,[177.45312   13.896031   6.051851],20.0000,,[ 205.55423  -213.17505     5.337708],20.0000,
374,[192.2856     50.966812    3.9773886],20.0000,6.0000,[208.98169    68.9425      3.5940297],20.0000,6.0000,[227.66475   49.51442    4.062714],20.0000,0.0000,[225.86868   119.45123     4.4560466],20.0000,0.0000,[ 200.44148    -214.90268       0.62013954],20.0000,6.0000,[218.29182   46.302704   4.647374],20.0000,0.0000,[246.84871  131.86235    4.423886],20.0000,0.0000,[ 230.45885 -195.76418    0.58069],20.0000,6.0000,[218.11943  157.96992    4.404692],20.0000,6.0000,[ 230.79411   -227.62811      0.5776776],20.0000,6.0000,[171.19061     95.90883      0.19375883],20.0000,,[219.5795    141.46564     3.6366343],20.0000,,[207.43106   49.218296   3.651329],20.0000,4.0000,[177.45312   13.896031   6.051851],20.0000,,[ 205.55423  -213.17505     5.337708],20.0000,
375,[191.58115    50.132175    4.1999555],20.0000,0.0000,[208.0472     68.36815     3.6806393],20.0000,0.0000,[226.99393   48.653225   3.773308],20.0000,6.0000,[225.72687  118.35998    4.220828],20.0000,6.0000,[ 201.43639   -214.4176       0.7974026],20.0000,6.0000,[218.15717   45.217606   4.349125],20.0000,6.0000,[246.67587   130.77504     4.2039695],20.0000,6.0000,[ 231.47206   -195.31866      0.7580137],20.0000,6.0000,[218.02365   156.85503     4.6239944],20.0000,0.0000,[ 231.80849   -227.18535      0.7550608],20.0000,6.0000,[171.19061     95.90883      0.19375883],20.0000,,[219.5795    141.46564     3.6366343],20.0000,,[206.972     48.853413   3.637373],20.0000,3.0000,[177.45312   13.896031   6.051851],20.0000,,[ 205.55423  -213.17505     5.337708],20.0000,
376,[191.0442     49.181816    3.9120712],20.0000,6.0000,[207.15439   67.73434    3.370823],20.0000,6.0000,[226.14012    47.971615    3.8629282],20.0000,0.0000,[225.3515    117.322784    4.3662086],20.0000,0.0000,[ 202.33025    -213.76479       0.97440445],20.0000,6.0000,[217.77307    44.195858    4.4265685],20.0000,0.0000,[246.28227  129.74477    4.355962],20.0000,0.0000,[ 232.39093    -194.70152       0.93508255],20.0000,6.0000,[218.05913   155.75604     4.4560933],20.0000,6.0000,[ 232.72905    -226.57079       0.93240196],20.0000,6.0000,[171.19061     95.90883      0.19375883],20.0000,,[219.5795    141.46564     3.6366343],20.0000,,[206.50455    48.50115     3.5591815],20.0000,4.0000,[177.45312   13.896031   6.051851],20.0000,,[ 205.55423  -213.17505     5.337708],20.0000,
377,[190.29994    48.38138     4.0029583],20.0000,6.0000,[206.12285    67.351494    3.4725556],20.0000,0.0000,[225.34401   47.223965   3.534235],20.0000,6.0000,[225.08089  116.26001    4.103938],20.0000,6.0000,[ 203.09521 -212.96477    1.15124],20.0000,6.0000,[217.46542    43.148552    4.0883904],20.0000,6.0000,[245.99883  128.68555    4.095313],20.0000,6.0000,[ 233.18675   -193.9322       1.1119555],20.0000,6.0000,[217.91612  154.6651     4.617277],20.0000,0.0000,[ 233.52689  -225.80359     1.109489],20.0000,6.0000,[171.19061     95.90883      0.19375883],20.0000,,[219.5795    141.46564     3.6366343],20.0000,,[206.01292   48.182167   3.546691],20.0000,3.0000,[177.45312   13.896031   6.051851],20.0000,,[ 205.55423  -213.17505     5.337708],20.0000,
378,[189.60881    47.53609     4.2275243],20.0000,0.0000,[205.12407    66.899185    3.1832013],20.0000,6.0000,[224.37437    46.712482    3.6186574],20.0000,6.0000,[224.57347   115.28319     4.2256346],20.0000,0.0000,[ 203.70747   -212.04265      1.3280196],20.0000,6.0000,[216.88513  42.22132   4.16721],20.0000,0.0000,[245.48143   127.714264    4.2165546],20.0000,0.0000,[ 233.83476   -193.03485      1.2887449],20.0000,6.0000,[217.90166  153.56998    4.348059],20.0000,0.0000,[ 234.17714   -224.90784      1.2863717],20.0000,6.0000,[171.19061     95.90883      0.19375883],20.0000,,[219.5795    141.46564     3.6366343],20.0000,,[205.51468    47.875565    3.4681928],20.0000,3.0000,[177.45312   13.896031   6.051851],20.0000,,[ 205.55423  -213.17505     5.337708],20.0000,
379,[189.0893     46.576023    3.9384391],20.0000,6.0000,[204.03955    66.70731     3.2967207],20.0000,0.0000,[223.43388    46.154823    3.8558438],20.0000,0.0000,[224.1522   114.27114    3.945272],20.0000,6.0000,[ 204.14801   -211.02722      1.5048064],20.0000,6.0000,[216.3694    41.25749    3.840928],20.0000,6.0000,[245.04999   126.70663     3.9349434],20.0000,6.0000,[ 234.31483   -192.03749      1.4655278],20.0000,6.0000,[217.6521    152.49692     3.9108698],20.0000,0.0000,[ 234.6596    -223.91164      1.4631635],20.0000,6.0000,[171.19061     95.90883      0.19375883],20.0000,,[219.5795    141.46564     3.6366343],20.0000,,[204.99657   47.6012     3.363121],20.0000,3.0000,[177.45312   13.896031   6.051851],20.0000,,[ 205.55423  -213.17505     5.337708],20.0000,
380,[188.35977    45.762714    4.0282426],20.0000,6.0000,[202.97746   66.4341     3.016173],20.0000,6.0000,[222.62015    45.427082    3.5783274],20.0000,6.0000,[223.49739  113.38622    4.060187],20.0000,0.0000,[ 204.40306  -209.95015     1.681618],20.0000,6.0000,[215.61194   40.46227    3.930692],20.0000,0.0000,[244.38568   125.828896    4.0490756],20.0000,0.0000,[ 234.612     -190.97127      1.6423327],20.0000,6.0000,[217.03131   151.56886     3.4650476],20.0000,6.0000,[ 234.95932   -222.84612      1.6399451],20.0000,6.0000,[171.19061     95.90883      0.19375883],20.0000,,[219.5795    141.46564     3.6366343],20.0000,,[204.45515    47.37103     3.2518697],20.0000,4.0000,[177.45312   13.896031   6.051851],20.0000,,[ 205.55423  -213.17505     5.337708],20.0000,
381,[187.6843     44.90506     4.2503476],20.0000,0.0000,[201.87617    66.42545     3.1330307],20.0000,6.0000,[221.66125   44.900658   3.67297 ],20.0000,0.0000,[222.91681   112.45615     3.7779143],20.0000,6.0000,[ 204.4647    -208.845        1.8584483],20.0000,6.0000,[214.90974    39.621284    3.6279845],20.0000,6.0000,[243.79466   124.90543     3.7662213],20.0000,6.0000,[ 234.717     -189.86938      1.8191586],20.0000,6.0000,[216.08069   150.97035     3.6328683],20.0000,0.0000,[ 235.06696   -221.74449      1.8167481],20.0000,6.0000,[171.19061     95.90883      0.19375883],20.0000,,[219.5795    141.46564     3.6366343],20.0000,,[203.89235    47.19516     3.2350743],20.0000,3.0000,[177.45312   13.896031   6.051851],20.0000,,[ 205.55423  -213.17505     5.337708],20.0000,
382,[187.1811    43.936226   3.959578],20.0000,6.0000,[200.78392    66.34772     3.4040477],20.0000,0.0000,[220.74857    44.299316    3.3524847],20.0000,6.0000,[222.12491   111.691086    3.8931751],20.0000,6.0000,[ 204.33098   -207.74623      2.0352864],20.0000,6.0000,[214.01167    38.98452     3.7345495],20.0000,6.0000,[242.99387   124.149666    3.8812628],20.0000,6.0000,[ 234.62653   -188.76622      1.9959953],20.0000,6.0000,[215.19      150.32127     3.4674013],20.0000,6.0000,[ 234.97914  -220.64111     1.993573],20.0000,6.0000,[171.19061     95.90883      0.19375883],20.0000,,[219.5795    141.46564     3.6366343],20.0000,,[203.3256     47.040024    3.1633935],20.0000,3.0000,[177.45312   13.896031   6.051851],20.0000,,[ 205.55423  -213.17505     5.337708],20.0000,
383,[186.46497   43.111412   4.048264],20.0000,6.0000,[199.73676  66.0384    3.14369],20.0000,6.0000,[219.70569    43.956387    3.4429054],20.0000,0.0000,[221.38643   110.88263     4.1627088],20.0000,0.0000,[ 204.00604   -206.68814      2.2121253],20.0000,6.0000,[213.15527   38.30211    4.000103],20.0000,0.0000,[242.24585 123.35002   4.15073],20.0000,0.0000,[ 234.3434    -187.69618      2.1728342],20.0000,0.0000,[214.20406   149.8293      3.6404417],20.0000,6.0000,[ 234.69861   -219.57039      2.1704092],20.0000,6.0000,[171.19061     95.90883      0.19375883],20.0000,,[219.5795    141.46564     3.6366343],20.0000,,[202.74927    46.922966    3.0667858],20.0000,3.0000,[177.45312   13.896031   6.051851],20.0000,,[ 205.55423  -213.17505     5.337708],20.0000,
384,[185.80325    42.24318     4.2689023],20.0000,0.0000,[198.64537   65.95947    3.243955],20.0000,6.0000,[218.69038    43.54534     3.1385438],20.0000,6.0000,[220.83913  109.937805   3.901705],20.0000,6.0000,[ 203.50005  -205.7037      2.388962],20.0000,6.0000,[212.46352    37.457253    3.7383583],20.0000,6.0000,[241.68733   122.41179     3.8897307],20.0000,6.0000,[ 233.86177   -186.70273      1.7991196],20.0000,6.0000,[213.28226  149.23965    3.932779],20.0000,0.0000,[ 234.2341    -218.5657       2.3472483],20.0000,6.0000,[171.19061     95.90883      0.19375883],20.0000,,[219.5795    141.46564     3.6366343],20.0000,,[202.16379    46.85466     2.9627151],20.0000,3.0000,[177.45312   13.896031   6.051851],20.0000,,[ 205.55423  -213.17505     5.337708],20.0000,
385,[185.31468   41.266815   3.977239],20.0000,6.0000,[197.56372  65.8071    3.47761],20.0000,0.0000,[217.5984     43.407326    3.2436147],20.0000,0.0000,[220.10085   109.13015     4.0017815],20.0000,0.0000,[ 202.82875   -204.82362      2.5657966],20.0000,6.0000,[211.60469    36.77899     3.8384593],20.0000,6.0000,[240.93947   121.61299     3.9898164],20.0000,6.0000,[ 233.66014  -185.62894     1.808657],20.0000,6.0000,[212.52466  148.4537     3.674377],20.0000,6.0000,[ 233.6001    -217.65842      2.5240858],20.0000,6.0000,[171.19061     95.90883      0.19375883],20.0000,,[219.5795    141.46564     3.6366343],20.0000,,[201.57312   46.840687   2.859304],20.0000,4.0000,[177.45312   13.896031   6.051851],20.0000,,[ 205.55423  -213.17505     5.337708],20.0000,
386,[184.6108     40.431664    4.0652122],20.0000,6.0000,[196.5328     65.44835     3.1936483],20.0000,6.0000,[216.52316    43.192337    2.9570744],20.0000,6.0000,[219.43352  108.264336   3.684833],20.0000,6.0000,[ 202.0131    -204.07536      2.7426302],20.0000,6.0000,[210.79488   36.04584    4.072627],20.0000,0.0000,[240.24849  120.76698    4.223441],20.0000,0.0000,[ 233.45226   -184.55617      1.9907187],20.0000,0.0000,[211.6168    147.8443      3.7737842],20.0000,0.0000,[ 232.81636   -216.8768       2.7009208],20.0000,6.0000,[171.19061     95.90883      0.19375883],20.0000,,[219.5795    141.46564     3.6366343],20.0000,,[200.98367    46.885998    2.8510742],20.0000,3.0000,[177.45312   13.896031   6.051851],20.0000,,[ 205.55423  -213.17505     5.337708],20.0000,
387,[183.96175    39.55397     4.2850146],20.0000,0.0000,[195.44563   65.33586    3.285579],20.0000,6.0000,[215.42322    43.248356    3.0717857],20.0000,0.0000,[218.56046   107.59851     3.7768354],20.0000,6.0000,[ 201.07857   -203.48227      2.9194636],20.0000,6.0000,[210.14311    35.170235    3.7890983],20.0000,6.0000,[239.7348   119.80386    3.939494],20.0000,6.0000,[ 233.074     -183.52965      1.6805731],20.0000,6.0000,[210.765     147.15999     3.4527867],20.0000,6.0000,[ 231.90736   -216.24524      2.8777547],20.0000,6.0000,[171.19061     95.90883      0.19375883],20.0000,,[219.5795    141.46564     3.6366343],20.0000,,[200.39899    46.950806    2.7862732],20.0000,4.0000,[177.45312   13.896031   6.051851],20.0000,,[ 205.55423  -213.17505     5.337708],20.0000,
388,[183.48686    38.57082     3.9928644],20.0000,,[194.36908    65.15369     3.5104537],20.0000,,[214.32695    43.21909     2.7917411],20.0000,,[217.72585   106.8911      4.0243716],20.0000,,[ 200.05424   -203.0628       3.0962973],20.0000,,[209.30672    34.466564    3.8811977],20.0000,,[239.01266  118.98342    4.031434],20.0000,,[ 232.95474   -182.44463      1.7521446],20.0000,,[209.75986   146.7201      3.5414598],20.0000,,[ 230.90143   -215.78343      3.0545883],20.0000,,[171.19061     95.90883      0.19375883],20.0000,,[219.5795    141.46564     3.6366343],20.0000,,[199.82059    47.055676    2.7854533],20.0000,,[177.45312   13.896031   6.051851],20.0000,,[ 205.55423  -213.17505     5.337708],20.0000,
